-0.99992554895591668 4.8989110605103228e-19 0 3.7234517429703335e-05
-0.99952143447348218 0.017209148359447972 0 0.00016520319281727552
-0.9988169281264313 0.034529930933562832 0 0.0002931411466522978
-0.9982663197545999 0.044659176519707661 0 0.00036754957001292884
-0.99707479656055809 0.062142732782788652 0 0.00049512500393119891
-0.99556822049148852 0.079719988140758785 0 0.00062226657714899354
-0.9945442442290271 0.089989943855735513 0 0.00069602334475903289
-0.99252839443646279 0.10770006954876811 0 0.00082216259570337875
-0.99018407685433441 0.12548403803665101 0 0.00094746325967906943
-0.98866658694181364 0.13586486968929126 0 0.0010199588010615804
-0.98579292268251528 0.15374882001537754 0 0.0011435894261681194
-0.98257889112092389 0.17168491351398127 0 0.0012659426096585204
-0.98055001892696292 0.18214401894562166 0 0.0013365183730535376
-0.97678917805452858 0.20014437652777073 0 0.0014564963683939812
-0.97267785395957251 0.2181734540671745 0 0.0015747453140377348
-0.97012241065072435 0.22867564314473462 0 0.0016427227414360748
-0.96544984403469603 0.24673066138611663 0 0.0017578725326312288
-0.96041872178516441 0.26478941599862632 0 0.0018708307342586174
-0.95732458853360458 0.27529715590087483 0 0.0019355151763010643
-0.95172121993287551 0.29334121513421563 0 0.0020446405273055607
-0.94575351066878555 0.3113626737846461 0 0.0021511105641207882
-0.94211200473336476 0.32183640000536212 0 0.0022118055399771861
-0.93556484286002806 0.33980057599646368 0 0.0023137138909849562
-0.92865006239101533 0.35771471062448967 0 0.0024125106564563473
-0.92445626689965954 0.3681132018195532 0 0.002468530926988447
-0.91695894866065064 0.3859259421172514 0 0.0025620565509296735
-0.90909342843450569 0.4036603856162343 0 0.0026520314499414097
-0.90434647368755716 0.41394119791904632 0 0.00270271752443213
-0.89589971786587641 0.43152909717475285 0 0.0027867466778992043
-0.88708701863041461 0.44900995370326102 0 0.0028668129265075654
-0.88179030330375552 0.45912990754230226 0 0.0029115458226329893
-0.87240225521682246 0.47641856847283065 0 0.0029850421228892494
-0.86265346468758852 0.49357130308078956 0 0.003054200069451867
-0.85681480647892516 0.5034870129958553 0 0.0030924159811965587
-0.84650125647398256 0.52040197538565869 0 0.003154445328737284
-0.83583515504558525 0.53715236379858367 0 0.0032118069248495088
-0.8294668620758251 0.54682079942404738 0 0.00324301121244041
-0.81825132406677459 0.56328851572873695 0 0.003292765245818118
-0.80669440632298828 0.5795636315442223 0 0.0033375766684378316
-0.79981326293209876 0.58894269596730975 0 0.0033613565983504185
-0.78772690344721708 0.60489152895896459 0 0.0033981737202821096
-0.77531324780274058 0.62062074273210732 0 0.0034298352170591732
-0.76794041117550271 0.62966985298973088 0 0.0034458709283135165
-0.75502182439290166 0.64503106872007376 0 0.0034692540150436835
-0.74179280843156725 0.6601470316764172 0 0.0034873361020777314
-0.73395361562089578 0.66882768534917181 0 0.0034954093036256581
-0.72024844537130372 0.68353641369378848 0 0.0035050392912959211
-0.70625231006171585 0.69797599827927004 0 0.0035092945612221838
-0.6979759982792697 0.70625231006171607 0 0.003509294560765533
-0.68353641369378804 0.72024844537130395 0 0.0035050392898809198
-0.66882768534917147 0.733953615620896 0 0.003495409302198695
-0.66014703167641708 0.74179280843156781 0 0.0034873361010108973
-0.64503106872007354 0.75502182439290211 0 0.003469254014185802
-0.62966985298973066 0.76794041117550305 0 0.0034458709269993139
-0.62062074273210699 0.7753132478027408 0 0.0034298352152222016
-0.60489152895896414 0.78772690344721752 0 0.003398173717842051
-0.5889426959673093 0.79981326293209887 0 0.003361356595784226
-0.57956363154422208 0.8066944063229885 0 0.0033375766659916634
-0.56328851572873673 0.81825132406677481 0 0.0032927652435223885
-0.54682079942404715 0.82946686207582532 0 0.0032430112101698274
-0.53715236379858333 0.83583515504558537 0 0.0032118069225236115
-0.52040197538565847 0.84650125647398267 0 0.0031544453260061154
-0.50348701299585508 0.85681480647892516 0 0.0030924159776432535
-0.49357130308078945 0.86265346468758863 0 0.0030542000652707532
-0.47641856847283048 0.8724022552168228 0 0.0029850421180018204
-0.4591299075423021 0.88179030330375574 0 0.0029115458175962053
-0.44900995370326086 0.88708701863041506 0 0.0028668129216185187
-0.43152909717475274 0.89589971786587663 0 0.0027867466733612974
-0.41394119791904621 0.90434647368755749 0 0.0027027175203241964
-0.4036603856162343 0.90909342843450591 0 0.0026520314460844103
-0.38592594211725134 0.91695894866065064 0 0.0025620565469702187
-0.36811320181955315 0.92445626689965965 0 0.0024685309221824086
-0.3577147106244894 0.92865006239101522 0 0.0024125106508968742
-0.33980057599646357 0.93556484286002828 0 0.0023137138848773591
-0.32183640000536196 0.94211200473336454 0 0.00221180553442424
-0.31136267378464583 0.94575351066878532 0 0.0021511105593300045
-0.29334121513421552 0.9517212199328754 0 0.0020446405236186791
-0.27529715590087467 0.95732458853360458 0 0.0019355151733256009
-0.2647894159986261 0.96041872178516385 0 0.0018708307315098028
-0.24673066138611646 0.9654498440346958 0 0.0017578725298216808
-0.22867564314473451 0.97012241065072413 0 0.0016427227379852349
-0.21817345406717434 0.97267785395957229 0 0.0015747453100004719
-0.20014437652777062 0.97678917805452847 0 0.0014564963637532283
-0.18214401894562152 0.9805500189269627 0 0.0013365183684218844
-0.17168491351398121 0.98257889112092367 0 0.0012659426052927341
-0.15374882001537749 0.98579292268251528 0 0.0011435894224352172
-0.13586486968929126 0.98866658694181364 0 0.0010199587981430214
-0.12548403803665092 0.99018407685433452 0 0.00094746325729352747
-0.10770006954876805 0.99252839443646279 0 0.00082216259398430237
-0.089989943855735513 0.99454424422902687 0 0.00069602334334636082
-0.079719988140758744 0.99556822049148863 0 0.00062226657577213657
-0.062142732782788625 0.99707479656055797 0 0.00049512500268814421
-0.044659176519707654 0.9982663197545999 0 0.00036754956903778678
-0.034529930933562783 0.99881692812643152 0 0.00029314114588707268
-0.017209148359447951 0.99952143447348218 0 0.00016520319240308348
-1.5785380083866594e-17 0.99992554895591657 0 3.7234517340142957e-05
-0.99952143447348241 -0.017209148359447965 0 0.00016520319287761497
-0.99853360243440614 4.4138995541523871e-18 0 0.0007325991630042774
-0.99724754714278829 0.017315984980563075 0 0.0012992720043344297
-0.99635971105753696 0.027440305217570706 0 0.00162857993818284
-0.99459125349322663 0.044911876114919244 0 0.0021927618929036188
-0.99251141601463544 0.062472890915162851 0 0.002754493092532586
-0.99115573231379717 0.072731534099536768 0 0.003080118522834427
-0.98857363633635165 0.090419207388299505 0 0.0036365984780547217
-0.98566827000784341 0.10817716030722739 0 0.00418886932306025
-0.98382688242632577 0.11854133218347268 0 0.0045081661803782966
-0.98040159546223427 0.13639426902857685 0 0.0050523073098516311
-0.97664265518016868 0.15429662820991541 0 0.0055903614036055642
-0.97429997254399037 0.16473499219989363 0 0.0059005106663374152
-0.9700060234838892 0.18269806712102341 0 0.0064274206267809237
-0.96536978325050027 0.20068812999070895 0 0.006946314751272744
-0.96251283627974549 0.21116698145159818 0 0.0072444186829660178
-0.95732944240916629 0.22918111202872696 0 0.0077490861792969797
-0.95179709232243948 0.24719837355113125 0 0.0082437743535780303
-0.94841587547582684 0.25768187190837938 0 0.0085268840089770693
-0.94232751844465734 0.27568444824900584 0 0.009004237611234445
-0.93588572396048786 0.29366506894044048 0 0.0094696515787811453
-0.93197351216502389 0.30411552768183231 0 0.0097348226966330435
-0.92497046532723259 0.32204094062330973 0 0.010179827444078565
-0.91761187093665908 0.33991831198273936 0 0.010610971621536574
-0.91316550076429881 0.35029654452838344 0 0.010855319234362474
-0.90524428994987938 0.36807680806639154 0 0.01126307269003181
-0.89696794942890068 0.38578220949946745 0 0.011655123314527987
-0.89198805442724283 0.39604792683938994 0 0.011875880693899298
-0.88315183470061598 0.41361338657864943 0 0.012241715008621168
-0.87396355089833377 0.43107672416028725 0 0.012590122748613415
-0.86845474140140522 0.44118897797473705 0 0.012784701236734685
-0.85871357368345436 0.45846909366950656 0 0.013104285808341975
-0.84862613246749341 0.47561970740271509 0 0.013404877918463034
-0.84259711132706072 0.48553737026570692 0 0.013570925983459001
-0.83196812493254801 0.5024615569605122 0 0.013840367645137887
-0.82100141040897079 0.51922907975683852 0 0.014089446161752344
-0.81446501768647128 0.52891135209636531 0 0.014224905459214015
-0.80297244781973875 0.54540986120962931 0 0.014440842355528991
-0.79115342922981868 0.56172510985789226 0 0.014635274507574188
-0.78412661092935898 0.57113204173304977 0 0.014738430740096701
-0.77180170389375069 0.58713686086192474 0 0.014898116175234646
-0.75916428854358253 0.6029327369746873 0 0.015035413418599564
-0.75166798686807845 0.61202575154761207 0 0.015104939965238413
-0.73854877002449504 0.62747150000356544 0 0.015206312806093414
-0.72513352105045503 0.64268387751383471 0 0.015284695159945686
-0.71719248631484722 0.65142628243971901 0 0.015319687598597219
-0.70332340446691577 0.66625107870355582 0 0.015361426174019831
-0.68917712695835687 0.68081965405986755 0 0.01537986903603511
-0.68081965405986744 0.68917712695835709 0 0.015379869034550405
-0.6662510787035556 0.70332340446691588 0 0.015361426169252207
-0.65142628243971867 0.71719248631484767 0 0.015319687593365088
-0.6426838775138346 0.72513352105045559 0 0.015284695155541142
-0.62747150000356533 0.73854877002449559 0 0.015206312801967783
-0.61202575154761185 0.75166798686807879 0 0.015104939959518083
-0.60293273697468708 0.75916428854358298 0 0.015035413411222904
-0.5871368608619244 0.77180170389375102 0 0.014898116165778023
-0.57113204173304954 0.7841266109293592 0 0.014738430729813115
-0.56172510985789192 0.79115342922981913 0 0.014635274497320876
-0.54540986120962909 0.80297244781973887 0 0.014440842345235894
-0.52891135209636519 0.81446501768647128 0 0.01422490544862803
-0.51922907975683819 0.82100141040897112 0 0.014089446150823247
-0.50246155696051198 0.83196812493254801 0 0.013840367632461369
-0.48553737026570654 0.84259711132706083 0 0.013570925967457367
-0.47561970740271481 0.84862613246749341 0 0.01340487789996481
-0.45846909366950628 0.85871357368345458 0 0.013104285787030075
-0.44118897797473688 0.86845474140140544 0 0.012784701214809896
-0.43107672416028714 0.87396355089833411 0 0.012590122727252365
-0.41361338657864932 0.88315183470061653 0 0.012241714988493364
-0.39604792683938983 0.89198805442724316 0 0.011875880675150732
-0.3857822094994674 0.89696794942890101 0 0.011655123296553589
-0.36807680806639143 0.90524428994987982 0 0.01126307267189685
-0.35029654452838332 0.91316550076429903 0 0.010855319213994526
-0.33991831198273909 0.91761187093665897 0 0.010610971599146852
-0.32204094062330951 0.9249704653272327 0 0.01017982742036779
-0.30411552768183209 0.93197351216502367 0 0.0097348226747758938
-0.29366506894044025 0.93588572396048764 0 0.0094696515592674006
-0.27568444824900573 0.94232751844465723 0 0.0090042375951416478
-0.25768187190837932 0.94841587547582673 0 0.0085268839951559428
-0.24719837355113106 0.95179709232243914 0 0.0082437743405239777
-0.22918111202872687 0.95732944240916629 0 0.0077490861661405697
-0.21116698145159807 0.96251283627974538 0 0.0072444186678657348
-0.20068812999070881 0.96536978325050027 0 0.0069463147343720635
-0.18269806712102335 0.97000602348388898 0 0.0064274206081974469
-0.16473499219989352 0.97429997254399003 0 0.005900510648192565
-0.15429662820991535 0.97664265518016868 0 0.005590361386608538
-0.13639426902857682 0.98040159546223415 0 0.0050523072952636562
-0.11854133218347263 0.98382688242632566 0 0.0045081661685904299
-0.10817716030722732 0.98566827000784374 0 0.0041888693130209854
-0.09041920738829945 0.98857363633635165 0 0.0036365984703426654
-0.07273153409953674 0.99115573231379728 0 0.0030801185164808205
-0.062472890915162789 0.99251141601463533 0 0.00275449308658271
-0.044911876114919209 0.99459125349322675 0 0.0021927618877895013
-0.027440305217570689 0.99635971105753707 0 0.0016285799341936552
-0.017315984980563023 0.99724754714278829 0 0.0012992720011204251
1.5890038394948593e-17 0.99853360243440614 0 0.00073259916116972807
0.017209148359447951 0.99952143447348241 0 0.00016520319245895681
-0.9988169281264313 -0.034529930933562832 0 0.00029314114686791206
-0.99724754714278852 -0.017315984980563064 0 0.0012992720048157545
-0.99538279592569001 8.9407831886683082e-18 0 0.0023030803403664354
-0.99415969950978633 0.010122187898938411 0 0.00288594444841914
-0.99181820020540801 0.027586574900432707 0 0.0038837738423421779
-0.98916962056815483 0.045136153997773161 0 0.0048763280265299051
-0.98748513778288127 0.055386282416703396 0 0.0054512634722133201
-0.98434225204822023 0.073056311985055716 0 0.0064330855081662815
-0.98088184856604332 0.090793057736118343 0 0.0074065813989264897
-0.9787203053313136 0.10114336680457665 0 0.0079690010660412244
-0.97475022138126222 0.11897009048781124 0 0.0089268104359964979
-0.97045366954608914 0.13684350384104904 0 0.0098730864236414619
-0.96780162643855805 0.14726390518603788 0 0.010418173990851367
-0.96298253949955637 0.16519445301699895 0 0.011343619751609559
-0.95782973088504519 0.18315022503657413 0 0.012254243473212663
-0.95467629704365919 0.19360846956608627 0 0.012777058885388045
-0.94899094145527352 0.2115863651511439 0 0.013661613286059878
-0.94296650473864485 0.22956672613071466 0 0.014528018787304003
-0.93930363510736736 0.24002862289904348 0 0.015023565174050244
-0.93273978323056417 0.25799418637421762 0 0.015858646643448708
-0.92583356618121981 0.27593834258990735 0 0.016672271733334298
-0.92165633332317598 0.28636802839626591 0 0.01713558145452165
-0.91420724607684845 0.30425886579285205 0 0.017912705851049728
-0.90641474325931215 0.32210352131697617 0 0.018665146351443417
-0.90172157486689064 0.33246377900721041 0 0.019091372033858845
-0.89338638870805798 0.35021535360916445 0 0.019802311553313353
-0.88470909988074919 0.36789531157350436 0 0.020485483061882068
-0.87950197335676539 0.37814793322383611 0 0.020869992847072558
-0.87028600915253751 0.39569421139201705 0 0.021506940748705457
-0.86073171423756445 0.41314304596348211 0 0.022113244210441346
-0.85501630036470366 0.42324923530651148 0 0.022451718268469131
-0.84493128091880032 0.44052339613738872 0 0.023007454118646815
-0.83451421900027867 0.45767418340506055 0 0.02352993977935753
-0.82829996775950532 0.46759499010537103 0 0.023818464881906632
-0.81736413275703756 0.48453018534954939 0 0.02428651474335353
-0.80610507482387994 0.50131627849045335 0 0.024719038858015022
-0.79940523785210738 0.51101305529045382 0 0.024954197718248576
-0.78764334763329924 0.52754320335298421 0 0.025328983563870328
-0.77556955565886077 0.54389903501787262 0 0.025666352076721972
-0.76840114160974426 0.55333390745402589 0 0.025845304080329753
-0.75584436438961644 0.56939450320286256 0 0.026122276737336015
-0.7429894327306128 0.5852563962062356 0 0.026360370415727512
-0.73537309385119143 0.59439273363326239 0 0.026480920623608191
-0.72205877463685164 0.60992165430481549 0 0.026656671032478554
-0.70846235349081244 0.62522862055486272 0 0.026792547043979952
-0.70042220395868238 0.63403149668631709 0 0.026853200659347678
-0.68639351730963971 0.64896978351616963 0 0.026925544865829862
-0.67210092191256665 0.66366429078294698 0 0.026957510551795669
-0.66366429078294675 0.67210092191256687 0 0.026957510550121369
-0.64896978351616919 0.68639351730964016 0 0.026925544860048955
-0.63403149668631698 0.70042220395868271 0 0.026853200652012413
-0.62522862055486261 0.70846235349081299 0 0.026792547036746585
-0.60992165430481515 0.7220587746368522 0 0.02665667102458991
-0.59439273363326217 0.73537309385119198 0 0.026480920613652394
-0.58525639620623549 0.74298943273061313 0 0.026360370404009206
-0.56939450320286222 0.755844364389617 0 0.026122276722984207
-0.55333390745402578 0.76840114160974449 0 0.025845304064036029
-0.54389903501787251 0.7755695556588611 0 0.025666352059590392
-0.5275432033529841 0.78764334763329946 0 0.025328983545412419
-0.51101305529045349 0.7994052378521076 0 0.024954197698552495
-0.5013162784904529 0.80610507482388016 0 0.0247190388375364
-0.48453018534954928 0.81736413275703756 0 0.024286514719863653
-0.46759499010537064 0.82829996775950543 0 0.02381846485308876
-0.45767418340506039 0.83451421900027878 0 0.023529939746622409
-0.4405233961373885 0.84493128091880054 0 0.023007454081487508
-0.42324923530651132 0.85501630036470366 0 0.02245171823031096
-0.41314304596348206 0.86073171423756467 0 0.022113244173120671
-0.39569421139201683 0.87028600915253762 0 0.021506940712996039
-0.37814793322383605 0.87950197335676561 0 0.020869992812870452
-0.3678953115735043 0.88470909988074942 0 0.02048548302844699
-0.35021535360916434 0.89338638870805831 0 0.019802311520059467
-0.3324637790072103 0.90172157486689075 0 0.01909137199922651
-0.32210352131697589 0.90641474325931237 0 0.018665146315479959
-0.30425886579285194 0.91420724607684845 0 0.017912705814672265
-0.28636802839626563 0.92165633332317554 0 0.017135581420469365
-0.27593834258990707 0.92583356618121959 0 0.016672271701721971
-0.25799418637421745 0.93273978323056395 0 0.015858646615424962
-0.24002862289904336 0.93930363510736725 0 0.015023565148510477
-0.22956672613071444 0.94296650473864474 0 0.014528018762669312
-0.21158636515114379 0.94899094145527352 0 0.013661613261498525
-0.19360846956608616 0.95467629704365919 0 0.012777058858968546
-0.18315022503657402 0.95782973088504508 0 0.012254243445029865
-0.16519445301699889 0.96298253949955626 0 0.011343619722220361
-0.14726390518603782 0.96780162643855794 0 0.010418173962954953
-0.13684350384104896 0.97045366954608892 0 0.0098730863977263775
-0.11897009048781115 0.97475022138126188 0 0.0089268104136443899
-0.1011433668045766 0.97872030533131338 0 0.0079690010472036159
-0.09079305773611826 0.98088184856604332 0 0.0074065813820881768
-0.073056311985055675 0.98434225204822012 0 0.0064330854943291634
-0.055386282416703368 0.98748513778288138 0 0.0054512634607849541
-0.045136153997773099 0.98916962056815483 0 0.0048763280162572378
-0.027586574900432658 0.9918182002054079 0 0.0038837738339874144
-0.010122187898938394 0.99415969950978633 0 0.0028859444419464769
4.6492072581075205e-17 0.99538279592569012 0 0.0023030803349888733
0.017315984980563085 0.99724754714278852 0 0.0012992720015661196
0.034529930933562818 0.9988169281264313 0 0.00029314114608672672
-0.99826631975460012 -0.044659176519707654 0 0.00036754957035340491
-0.99635971105753707 -0.027440305217570692 0 0.0016285799391083291
-0.994159699509786 -0.01012218789893839 0 0.002885944449010293
-0.99274251552795123 1.1198596787937211e-17 0 0.0036156923584484257
-0.99006951091644912 0.017462338809176574 0 0.0048644301865557616
-0.98709220696031752 0.035007395908386349 0 0.006105882419707066
-0.98521781547677478 0.045253810723981075 0 0.0068246788912771196
-0.98175124853651752 0.062915705722240881 0 0.0080516527499662933
-0.97797075637907604 0.080642242067346201 0 0.0092675690532814537
-0.97562470211136065 0.09098572343739976 0 0.0099697457298943189
-0.97134084590382963 0.10879931933805392 0 0.011165086330324391
-0.9667349090072519 0.12665800837418828 0 0.012345439755980302
-0.96390494592804576 0.13706918653774353 0 0.01302509423982527
-0.95878402466242396 0.15498290967232331 0 0.014178573165241039
-0.95333453101321597 0.17292081539723198 0 0.015313039742476825
-0.95001091269371496 0.18336827491723992 0 0.015964126075281707
-0.94403759286698063 0.20132713945102068 0 0.01706531750566383
-0.93773105458749606 0.21928805420560304 0 0.01814343945827019
-0.93390680720681207 0.22973854509566277 0 0.018759863722536147
-0.92707065477727746 0.24768454068623677 0 0.019798310448367096
-0.9198986484327446 0.26560940405724331 0 0.020809664228317145
-0.91556981844108687 0.2760280998105123 0 0.021385383392813963
-0.90786570819836143 0.29390065906414242 0 0.022350772465874278
-0.89982526194085888 0.31172805523519559 0 0.023285152034999181
-0.89499113033306199 0.3220788557248308 0 0.023814283783471613
-0.88641959373902157 0.33981539712038983 0 0.024696637389032831
-0.87751350775782488 0.35748212526320877 0 0.025544246950670438
-0.87217676320737358 0.367728000866197 0 0.026021182514537795
-0.86274426166778551 0.3852645400149981 0 0.026811052969654546
-0.85298134933298397 0.40270624950013351 0 0.027562702940110127
-0.84714821307883259 0.4128096211625335 0 0.027982221311104911
-0.83686732489551996 0.43008144048485297 0 0.028670886362232147
-0.8262625635076859 0.44723331994773352 0 0.0293181868075835
-0.81994285988180793 0.45715646834182438 0 0.029675566171207205
-0.80883237102780348 0.47409883261308866 0 0.030255217560995046
-0.79740695320346433 0.49089633938595473 0 0.03079076245712728
-0.79061412101911932 0.50060183489639187 0 0.031081885148832044
-0.77869901233289363 0.51715073779949339 0 0.031545804016127901
-0.7664802917068374 0.53353035206391985 0 0.031963339764778942
-0.75923133335592463 0.54298149616776858 0 0.032184786889301584
-0.7465426596843292 0.55907442112947325 0 0.032527499477315765
-0.73356398769922448 0.57497440749928463 0 0.032822071340264838
-0.72587935466908493 0.58413567525308197 0 0.032971203466192388
-0.71245401478345571 0.59971235257197464 0 0.033188611171722684
-0.69875446873305025 0.61507351080283013 0 0.033356681936387987
-0.69065788426636521 0.62391098368365006 0 0.033431702699005285
-0.6765382838818782 0.638914125376428 0 0.033521181287977098
-0.6621622899157813 0.6536805116044262 0 0.033560717353952635
-0.65368051160442597 0.66216228991578163 0 0.03356071735250335
-0.63891412537642778 0.67653828388187853 0 0.033521181282541827
-0.62391098368364994 0.69065788426636554 0 0.033431702691125484
-0.61507351080283001 0.69875446873305069 0 0.033356681927709332
-0.59971235257197453 0.71245401478345616 0 0.033188611161435427
-0.58413567525308174 0.72587935466908549 0 0.032971203453813276
-0.57497440749928441 0.73356398769922504 0 0.032822071326460818
-0.55907442112947303 0.74654265968432965 0 0.032527499460924023
-0.54298149616776836 0.75923133335592485 0 0.032184786870178207
-0.53353035206391952 0.76648029170683785 0 0.031963339744024565
-0.51715073779949317 0.77869901233289374 0 0.031545803992871053
-0.50060183489639165 0.79061412101911921 0 0.031081885123504148
-0.49089633938595439 0.79740695320346433 0 0.030790762430667497
-0.47409883261308849 0.80883237102780348 0 0.030255217530817814
-0.45715646834182416 0.81994285988180793 0 0.029675566134814483
-0.44723331994773319 0.82626256350768612 0 0.029318186766700519
-0.43008144048485286 0.83686732489552018 0 0.028670886316248045
-0.41280962116253339 0.84714821307883281 0 0.027982221263889755
-0.4027062495001334 0.85298134933298431 0 0.027562702893773498
-0.38526454001499805 0.86274426166778584 0 0.026811052924880396
-0.36772800086619689 0.8721767632073737 0 0.026021182471012833
-0.35748212526320872 0.87751350775782488 0 0.025544246907719077
-0.33981539712038977 0.8864195937390219 0 0.024696637346653026
-0.32207885572483069 0.8949911303330621 0 0.023814283741122426
-0.31172805523519537 0.89982526194085899 0 0.023285151992506647
-0.29390065906414231 0.90786570819836165 0 0.022350772424163654
-0.27602809981051202 0.91556981844108654 0 0.021385383353357556
-0.26560940405724315 0.91989864843274449 0 0.020809664190750053
-0.2476845406862366 0.92707065477727724 0 0.019798310413607537
-0.22973854509566269 0.93390680720681207 0 0.01875986368983246
-0.21928805420560288 0.93773105458749617 0 0.018143439426387152
-0.2013271394510206 0.94403759286698075 0 0.017065317474049772
-0.18336827491723984 0.95001091269371485 0 0.015964126042438975
-0.17292081539723181 0.95333453101321586 0 0.015313039708413178
-0.1549829096723232 0.95878402466242363 0 0.014178573130883587
-0.13706918653774341 0.96390494592804554 0 0.013025094207804452
-0.1266580083741882 0.96673490900725156 0 0.012345439726382619
-0.10879931933805387 0.97134084590382963 0 0.011165086304687313
-0.090985723437399718 0.97562470211136043 0 0.0099697457076788239
-0.080642242067346104 0.97797075637907582 0 0.009267569032834341
-0.062915705722240853 0.98175124853651741 0 0.0080516527325208594
-0.04525381072398104 0.98521781547677478 0 0.0068246788768346741
-0.035007395908386287 0.98709220696031763 0 0.0061058824069954746
-0.017462338809176525 0.99006951091644912 0 0.0048644301765327965
1.0579578875036159e-17 0.99274251552795112 0 0.0036156923507212752
0.010122187898938449 0.99415969950978633 0 0.0028859444424827697
0.027440305217570713 0.99635971105753707 0 0.0016285799350474861
0.044659176519707647 0.99826631975460012 0 0.0003675495693530422
-0.99707479656055809 -0.062142732782788652 0 0.00049512500439369343
-0.99459125349322663 -0.044911876114919223 0 0.0021927618943728923
-0.9918182002054079 -0.027586574900432675 0 0.003883773843903184
-0.99006951091644935 -0.017462338809176546 0 0.0048644301877527251
-0.98683068815640196 1.4572396667144191e-17 0 0.0065412708028792562
-0.98329280545041053 0.017540806791497519 0 0.0082067666407980768
-0.98109478125392779 0.027782889107713329 0 0.0091703700572404977
-0.9770769839421295 0.045434325848733789 0 0.010814053878704741
-0.97275183485187511 0.063146836388593613 0 0.012441460755397787
-0.97009202397353111 0.073480630484257917 0 0.013380601986674519
-0.96527494500100608 0.091275176385465062 0 0.014978261947584894
-0.96014365590634942 0.10911206095269846 0 0.016554554759501725
-0.9570117603053846 0.11950941864075311 0 0.017461587109925843
-0.95137892851588624 0.13739769983455352 0 0.018999991049848747
-0.94542662979184922 0.15530834762856935 0 0.020511835312410864
-0.94181475746798049 0.1657392633000413 0 0.021378959654870917
-0.93535396289074801 0.18366881128693616 0 0.02284467945325824
-0.928570202160372 0.20159964855885826 0 0.024278632509418661
-0.92447310145318851 0.21203245704072446 0 0.025098027516141489
-0.91717678601912056 0.22994807037275541 0 0.026477660062783261
-0.90955590234938077 0.24784294930988307 0 0.027820384404849401
-0.90497117141510053 0.25824456455704381 0 0.028584327758842482
-0.89683677343945134 0.27608873986704546 0 0.029864710523202102
-0.88837822081098095 0.29388939549677007 0 0.031103200026066768
-0.88330648553388336 0.30422558812311734 0 0.03180420447278523
-0.87433672651092142 0.32193901636689803 0 0.03297265125672913
-0.86504533533396333 0.33958558644676151 0 0.034094468154470967
-0.85949038927133858 0.34982129674911056 0 0.03472541977036419
-0.84969349226086111 0.3673434181942592 0 0.035769959142898364
-0.83957965863299888 0.38477501872040742 0 0.036763473054514835
-0.83354855921700233 0.39487470049655016 0 0.037317770287605433
-0.82293838932556174 0.41214430968977522 0 0.038227382911206094
-0.81201818313756091 0.42929965639737694 0 0.039082005391028483
-0.80552129926365912 0.43922764557189603 0 0.03955369395177092
-0.7941174184237606 0.45618353536283202 0 0.040318540476066707
-0.78241260329587614 0.47300159952749338 0 0.041024947259728828
-0.77546361059714475 0.48272250044569648 0 0.041408846522656591
-0.76329124098462231 0.49930413225843223 0 0.042020478566914758
-0.75082920130422437 0.51572481735578535 0 0.042570811977944926
-0.7434450228075844 0.52520389865524397 0 0.042862628502457999
-0.73053491573966622 0.5413520846938622 0 0.043314175267154108
-0.71734848868963552 0.5573169091454433 0 0.043702219477571663
-0.70954918012121038 0.56652050042770719 0 0.043898643487376238
-0.69593739004642508 0.582178082479474 0 0.044184967118357489
-0.68206460335382568 0.59763085289967266 0 0.04440628977675902
-0.67387318403870122 0.606526733051859 0 0.04450507101436936
-0.65960075014272657 0.62163924208966204 0 0.044622884869269505
-0.64508446920969653 0.63652670121853483 0 0.044674939656878257
-0.63652670121853472 0.64508446920969664 0 0.044674939655620194
-0.62163924208966181 0.65960075014272679 0 0.044622884863876375
-0.60652673305185878 0.67387318403870167 0 0.044505071005134192
-0.59763085289967244 0.68206460335382602 0 0.044406289765435585
-0.58217808247947389 0.69593739004642552 0 0.044184967103886592
-0.56652050042770707 0.70954918012121082 0 0.043898643470341857
-0.55731690914544318 0.71734848868963597 0 0.043702219459254635
-0.54135208469386198 0.73053491573966645 0 0.043314175246084809
-0.52520389865524375 0.74344502280758462 0 0.042862628477816883
-0.51572481735578513 0.7508292013042247 0 0.042570811950891685
-0.49930413225843212 0.76329124098462242 0 0.042020478535787886
-0.48272250044569631 0.77546361059714475 0 0.041408846487638498
-0.47300159952749299 0.78241260329587625 0 0.041024947222456358
-0.45618353536283179 0.79411741842376071 0 0.040318540433811556
-0.43922764557189575 0.80552129926365912 0 0.039553693902979331
-0.42929965639737655 0.81201818313756091 0 0.039082005337916885
-0.41214430968977506 0.82293838932556207 0 0.038227382852751422
-0.39487470049654999 0.83354855921700244 0 0.037317770226844564
-0.38477501872040737 0.83957965863299888 0 0.036763472993694979
-0.36734341819425914 0.84969349226086122 0 0.035769959082543448
-0.3498212967491105 0.85949038927133836 0 0.034725419710954233
-0.33958558644676146 0.86504533533396333 0 0.034094468095829236
-0.32193901636689792 0.87433672651092154 0 0.03297265119976403
-0.30422558812311729 0.88330648553388369 0 0.031804204417941295
-0.2938893954967699 0.88837822081098106 0 0.031103199972632542
-0.27608873986704535 0.89683677343945167 0 0.029864710472072276
-0.25824456455704364 0.90497117141510064 0 0.028584327709809437
-0.2478429493098829 0.90955590234938066 0 0.027820384356939631
-0.22994807037275519 0.91717678601912034 0 0.026477660016608694
-0.21203245704072429 0.92447310145318828 0 0.025098027471453319
-0.20159964855885812 0.92857020216037212 0 0.024278632465458191
-0.1836688112869361 0.93535396289074779 0 0.022844679409954299
-0.16573926330004124 0.9418147574679806 0 0.021378959611429486
-0.15530834762856918 0.94542662979184922 0 0.020511835268656804
-0.13739769983455341 0.95137892851588624 0 0.018999991007118879
-0.11950941864075304 0.95701176030538426 0 0.017461587070448155
-0.1091120609526984 0.9601436559063492 0 0.016554554722805124
-0.091275176385465034 0.96527494500100564 0 0.014978261915283455
-0.073480630484257875 0.97009202397353089 0 0.013380601958019865
-0.063146836388593544 0.972751834851875 0 0.012441460728572353
-0.045434325848733734 0.97707698394212938 0 0.01081405385524665
-0.027782889107713288 0.98109478125392768 0 0.0091703700375306025
-0.017540806791497447 0.98329280545041065 0 0.008206766623407493
3.8252541251253504e-17 0.98683068815640196 0 0.006541270789184833
0.01746233880917657 0.99006951091644935 0 0.004864430177318968
0.027586574900432734 0.9918182002054079 0 0.0038837738352131379
0.044911876114919258 0.99459125349322663 0 0.0021927618890877011
0.062142732782788639 0.99707479656055831 0 0.0004951250031160646
-0.99556822049148874 -0.079719988140758785 0 0.00062226657759257772
-0.99251141601463544 -0.062472890915162844 0 0.0027544930941910111
-0.98916962056815483 -0.04513615399777314 0 0.0048763280289170876
-0.98709220696031752 -0.035007395908386328 0 0.0061058824222599431
-0.98329280545041053 -0.017540806791497492 0 0.0082067666427051138
-0.97920014231616714 1.4729202116692735e-17 0 0.01029149621905031
-0.97668210578427017 0.010240223300937518 0 0.011496770106267826
-0.97211970052502306 0.027885450684148345 0 0.013551247838889837
-0.96725699759268224 0.045588180878276915 0 0.015583584537452969
-0.96428777235423901 0.055914755664199178 0 0.016755584779967664
-0.95894526663396784 0.073694484384132591 0 0.018748062505906344
-0.9532968148792007 0.091513782992505316 0 0.020712250957948042
-0.9498679200244976 0.1018997663044863 0 0.021841741779514225
-0.94373191650684807 0.11976678814445151 0 0.023756266565833933
-0.9372858510623564 0.13765432769208727 0 0.025636267527066527
-0.93339110793797642 0.14807109581075042 0 0.026713884262652313
-0.9264522736285089 0.16597540548925632 0 0.028534354620624792
-0.91920092666669584 0.18388018436083539 0 0.030314075730201197
-0.91483665809870396 0.19429761749758062 0 0.031330467449228197
-0.90709005508112017 0.21218674886561578 0 0.033040881002260894
-0.89903027064163821 0.23005545106955633 0 0.034704425641608555
-0.89419547625738005 0.24044215343734179 0 0.035650400577917407
-0.88564084837278512 0.25826157564891417 0 0.03723510882836422
-0.87677424940302662 0.27603898927626186 0 0.038767037179499426
-0.87147075145329744 0.28636254261759536 0 0.039633717231014456
-0.86211275745489668 0.30405611238350894 0 0.04107769354626066
-0.85244595583727523 0.32168560212435748 0 0.042463292964876012
-0.84667851028366115 0.33191284965275281 0 0.043242271821756412
-0.83652689474234787 0.34942331375658564 0 0.044531383272973929
-0.82607163597672406 0.36684734091151916 0 0.04575693954450654
-0.81984800419916148 0.37694469751011661 0 0.046440439943031944
-0.80891769856844109 0.39421423787658005 0 0.047561715324201059
-0.79769093405909741 0.41137491945266869 0 0.048614777146234307
-0.79102191135103084 0.42130870292259126 0 0.049195802792365635
-0.7793330591070069 0.43827951477379107 0 0.050137688873249875
-0.76735694064673865 0.45511921157717383 0 0.051007317235547779
-0.76025633868132003 0.46485598879293683 0 0.051479794413070365
-0.74783424029649603 0.48147088090091766 0 0.052232392024317474
-0.73513603329818422 0.49793280312325594 0 0.052909386380706309
-0.72762061493714947 0.50743974418603222 0 0.053268290664392287
-0.71449559056436773 0.52364274901894037 0 0.05382356278338872
-0.7011075047933879 0.53967156674798744 0 0.054300656232863898
-0.69319687092640836 0.5489167996771106 0 0.054542119828741888
-0.67940404097973917 0.56465378041862124 0 0.054894064293599026
-0.6653629799001517 0.58019622585500741 0 0.055166080867895366
-0.65707940939222653 0.58914918406206618 0 0.055287476790585967
-0.64265839561697835 0.60436842511911348 0 0.055432257479777008
-0.62800562787770131 0.61937387310363456 0 0.055496225836968484
-0.61937387310363423 0.62800562787770153 0 0.055496225835544616
-0.60436842511911348 0.64265839561697846 0 0.055432257473420884
-0.58914918406206607 0.65707940939222687 0 0.055287476779238613
-0.58019622585500719 0.66536297990015203 0 0.055166080853650906
-0.56465378041862102 0.67940404097973972 0 0.05489406427490804
-0.54891679967711049 0.6931968709264088 0 0.054542119806350618
-0.53967156674798733 0.70110750479338835 0 0.054300656208618264
-0.52364274901894026 0.71449559056436796 0 0.053823562755793634
-0.5074397441860321 0.7276206149371498 0 0.053268290633146892
-0.49793280312325572 0.73513603329818455 0 0.052909386347156882
-0.48147088090091744 0.74783424029649614 0 0.052232391985861416
-0.4648559887929366 0.76025633868131992 0 0.051479794368424425
-0.45511921157717361 0.76735694064673865 0 0.051007317186812444
-0.43827951477379085 0.77933305910700668 0 0.050137688818186435
-0.42130870292259104 0.79102191135103084 0 0.049195802732073066
-0.41137491945266846 0.79769093405909741 0 0.048614777083357263
-0.39421423787657989 0.80891769856844131 0 0.047561715256974522
-0.3769446975101165 0.81984800419916171 0 0.046440439871473657
-0.36684734091151899 0.82607163597672406 0 0.04575693947055974
-0.34942331375658559 0.8365268947423482 0 0.044531383197030976
-0.33191284965275275 0.84667851028366126 0 0.043242271746732855
-0.32168560212435743 0.85244595583727534 0 0.042463292891605955
-0.30405611238350894 0.86211275745489713 0 0.041077693476338981
-0.28636254261759531 0.87147075145329767 0 0.039633717164613336
-0.27603898927626164 0.87677424940302673 0 0.038767037115178142
-0.25826157564891405 0.88564084837278534 0 0.037235108766952338
-0.24044215343734157 0.89419547625738016 0 0.035650400518479453
-0.23005545106955611 0.89903027064163799 0 0.03470442558293238
-0.21218674886561559 0.90709005508112006 0 0.033040880944846418
-0.19429761749758054 0.91483665809870396 0 0.031330467393102621
-0.18388018436083528 0.91920092666669584 0 0.030314075674825212
-0.16597540548925627 0.92645227362850913 0 0.028534354566343057
-0.14807109581075037 0.93339110793797642 0 0.026713884209194627
-0.13765432769208713 0.9372858510623564 0 0.025636267474041914
-0.11976678814445145 0.94373191650684807 0 0.023756266514639034
-0.10189976630448623 0.94986792002449738 0 0.021841741731670791
-0.091513782992505247 0.95329681487920059 0 0.020712250912684207
-0.073694484384132536 0.95894526663396773 0 0.01874806246518592
-0.055914755664199144 0.96428777235423879 0 0.016755584743792046
-0.045588180878276832 0.96725699759268202 0 0.015583584503911823
-0.027885450684148293 0.97211970052502306 0 0.013551247809698387
-0.010240223300937478 0.97668210578427017 0 0.011496770081181188
6.0757958731357538e-17 0.97920014231616725 0 0.01029149619626727
0.017540806791497547 0.98329280545041053 0 0.0082067666241381967
0.035007395908386349 0.98709220696031752 0 0.0061058824082865929
0.04513615399777321 0.98916962056815516 0 0.0048763280177716592
0.062472890915162872 0.99251141601463544 0 0.0027544930879209351
0.079719988140758785 0.99556822049148885 0 0.00062226657618181234
-0.99454424422902687 -0.089989943855735513 0 0.00069602334512866549
-0.99115573231379728 -0.072731534099536754 0 0.003080118524414649
-0.98748513778288149 -0.055386282416703361 0 0.0054512634749594993
-0.98521781547677489 -0.045253810723981061 0 0.0068246788946183254
-0.98109478125392791 -0.027782889107713298 0 0.0091703700605000934
-0.9766821057842705 -0.010240223300937483 0 0.011496770107894185
-0.97397960001448836 1.9561939350547533e-17 0 0.012841192763817962
-0.96910346323295038 0.017643472210844384 0 0.015131933751704518
-0.96393134325166352 0.035342367538579438 0 0.017396833120384946
-0.96078413066580359 0.045665820402639862 0 0.018702421457721639
-0.95513956512878617 0.06343877736645763 0 0.020921158993844207
-0.94919403188499474 0.081249686482674638 0 0.023107339336467136
-0.94559462854700804 0.091630119982568758 0 0.024364005961310935
-0.9391699194142803 0.10948659843248501 0 0.026493336043617446
-0.9324407477098362 0.12736250383467448 0 0.028583325534371144
-0.9283839075877347 0.13777208590181628 0 0.029780880927950122
-0.92117128383863001 0.15566348975469801 0 0.031803297105183509
-0.91365231248168388 0.17355485900079803 0 0.033779614746831305
-0.90913520788838487 0.18396435152961782 0 0.034907908181775388
-0.90113114104195779 0.20183977351729093 0 0.036806053261893748
-0.89282055611225553 0.21969490248566464 0 0.038651474071253897
-0.88784293492790067 0.2300738709086268 0 0.039700553504126768
-0.87904839519090994 0.247880469193546 0 0.041457496296417318
-0.86994896740109984 0.26564587908580051 0 0.043155328995549302
-0.86451328207627254 0.27596293255244159 0 0.044115603038470001
-0.85493394348462859 0.29364635859447336 0 0.045715119747181204
-0.84505321144667578 0.31126724227948066 0 0.047249491883186362
-0.83916471515194546 0.3214903015698618 0 0.048111897032774333
-0.82881110200485897 0.33899517378665622 0 0.049538758157703276
-0.8181614940768327 0.35641588536849494 0 0.050894901460660454
-0.81182829992889061 0.36651247468148446 0 0.051651067133311378
-0.80071586788874904 0.38378289076658728 0 0.052891318528912865
-0.78931475647925764 0.40094747061985297 0 0.054055846060685003
-0.78254785653108971 0.41088502844542513 0 0.054698253699315948
-0.77069700315898226 0.42786510765567343 0 0.055739484686635372
-0.75856668687981621 0.44471783368947954 0 0.056700651433907602
-0.75137992849407109 0.45446403714882688 0 0.057222782341219386
-0.7388159296743223 0.47109848252628872 0 0.058054372001237482
-0.7259835405123487 0.48758443719276029 0 0.058802310634448844
-0.71839355881427125 0.49710753355590792 0 0.059198777974232307
-0.70514642943575812 0.51334220298570532 0 0.059812111791569166
-0.69164376410030226 0.52940784461266399 0 0.060339035726022984
-0.68366987038991889 0.53867698322097179 0 0.060605696134242631
-0.66977414972476101 0.55445945751078096 0 0.060994345496704801
-0.65563742643840761 0.5700531839723455 0 0.061294712261704097
-0.64730145368317549 0.5790387415354119 0 0.061428753238103234
-0.63279591804871571 0.59431887738609446 0 0.06158861158808996
-0.61806546219773772 0.60939156997278288 0 0.061659240794600591
-0.60939156997278243 0.61806546219773806 0 0.061659240792934882
-0.59431887738609435 0.63279591804871593 0 0.061588611580759747
-0.57903874153541179 0.64730145368317582 0 0.061428753225203109
-0.57005318397234528 0.65563742643840817 0 0.061294712245622607
-0.55445945751078074 0.66977414972476168 0 0.06099434547550147
-0.53867698322097157 0.68366987038991922 0 0.060605696108388611
-0.52940784461266377 0.69164376410030282 0 0.060339035697679164
-0.5133422029857051 0.70514642943575834 0 0.059812111759312774
-0.49710753355590787 0.71839355881427169 0 0.05919877793852469
-0.48758443719276007 0.72598354051234892 0 0.05880231059681737
-0.4710984825262885 0.73881592967432275 0 0.05805437195850089
-0.45446403714882672 0.75137992849407109 0 0.057222782290835807
-0.44471783368947926 0.7585666868798161 0 0.056700651378152257
-0.4278651076556732 0.77069700315898226 0 0.05573948462377943
-0.41088502844542479 0.7825478565310896 0 0.054698253632569034
-0.40094747061985281 0.78931475647925753 0 0.054055845992903737
-0.38378289076658711 0.80071586788874927 0 0.052891318457786211
-0.36651247468148423 0.81182829992889061 0 0.051651067056346769
-0.35641588536849478 0.81816149407683281 0 0.050894901379472841
-0.33899517378665617 0.82881110200485919 0 0.049538758072638009
-0.3214903015698618 0.83916471515194568 0 0.048111896948757255
-0.31126724227948066 0.845053211446676 0 0.047249491801805134
-0.2936463585944733 0.85493394348462903 0 0.045715119670335091
-0.27596293255244153 0.86451328207627276 0 0.044115602965674947
-0.26564587908580034 0.86994896740109984 0 0.043155328924868494
-0.24788046919354589 0.87904839519091016 0 0.041457496228625781
-0.2300738709086266 0.88784293492790067 0 0.039700553438244607
-0.21969490248566445 0.8928205561122553 0 0.03865147400608105
-0.20183977351729074 0.90113114104195779 0 0.036806053197949787
-0.18396435152961774 0.90913520788838476 0 0.034907908119171153
-0.17355485900079787 0.91365231248168399 0 0.033779614685050294
-0.15566348975469788 0.92117128383863001 0 0.031803297044787196
-0.13777208590181622 0.92838390758773448 0 0.029780880868885966
-0.12736250383467435 0.9324407477098362 0 0.02858332547610341
-0.10948659843248496 0.93916991941428007 0 0.026493335987441555
-0.091630119982568675 0.94559462854700793 0 0.024364005908228382
-0.081249686482674541 0.9491940318849944 0 0.023107339285632723
-0.063438777366457574 0.95513956512878573 0 0.020921158947516779
-0.045665820402639834 0.96078413066580337 0 0.018702421416688052
-0.035342367538579361 0.96393134325166363 0 0.017396833082716095
-0.017643472210844332 0.96910346323295027 0 0.01513193371918465
1.7652045863659756e-17 0.97397960001448824 0 0.012841192735497739
0.010240223300937558 0.97668210578427039 0 0.011496770081674724
0.027782889107713354 0.98109478125392791 0 0.0091703700386549791
0.045253810723981075 0.98521781547677489 0 0.0068246788782912364
0.055386282416703431 0.98748513778288161 0 0.0054512634622889689
0.072731534099536782 0.99115573231379728 0 0.0030801185176651466
0.089989943855735513 0.9945442442290271 0 0.00069602334368902368
-0.99252839443646268 -0.10770006954876805 0 0.00082216259588239007
-0.98857363633635165 -0.090419207388299477 0 0.0036365984788290793
-0.98434225204822023 -0.073056311985055702 0 0.006433085510480766
-0.98175124853651752 -0.062915705722240867 0 0.0080516527535131489
-0.97707698394212972 -0.045434325848733755 0 0.010814053883353427
-0.97211970052502283 -0.027885450684148307 0 0.013551247843110488
-0.96910346323295038 -0.017643472210844349 0 0.01513193375494452
-0.96369409639719072 2.0567426190417353e-17 0 0.017823402331885865
-0.95799649729309089 0.017695320367029439 0 0.020482219089101986
-0.95454719773194507 0.028015161601075804 0 0.022013837917723652
-0.94839027460734548 0.045779489336507183 0 0.024615019140937607
-0.94194120594474084 0.063578979683251907 0 0.027175949215491834
-0.93805296897235158 0.073951614731755613 0 0.028647086544448801
-0.93113948316478146 0.091792947748646603 0 0.031138320371901673
-0.92393135091383982 0.10965180952903786 0 0.033581670006380258
-0.91960042318252444 0.12005074534650678 0 0.034980859589918575
-0.91192509690285695 0.13792286789130018 0 0.037342472649529453
-0.90395413613789388 0.15579404636883895 0 0.039648629226429359
-0.89917903697879431 0.16619153005507561 0 0.040964497102836152
-0.8907405695392393 0.18404615799028545 0 0.043177065683607067
-0.88200707839033154 0.20188065794875215 0 0.045326784654642509
-0.87678872884786641 0.21224786889428057 0 0.046548225907839108
-0.86759000541755638 0.23003499398645225 0 0.048592879197657528
-0.85809853656022184 0.24778224143541838 0 0.050567583667092041
-0.85244036249246291 0.25808950961420529 0 0.051683935205921128
-0.8424886162556271 0.27575778753718022 0 0.053542655209088241
-0.83224811932042109 0.29336603341769285 0 0.055324739977054754
-0.82615612483964107 0.30358308125039585 0 0.056325958895767018
-0.81546304639858924 0.32108025844651567 0 0.057981885729049797
-0.80448695548577309 0.33849701894275019 0 0.059555019971293012
-0.79796976352848958 0.34859322334814913 0 0.060431858178393208
-0.7865515523589951 0.36586659652757297 0 0.061869586981091608
-0.77485781390798059 0.3830391232633249 0 0.063219006470909583
-0.7679266713876669 0.39298379376343762 0 0.063963178203622267
-0.75580402536824132 0.40998069457032726 0 0.065169041008853984
-0.74341506293372916 0.42685646677763728 0 0.066281821590641582
-0.73608380872566093 0.43661913485974596 0 0.066886158340468752
-0.72328184919211136 0.45328743115586745 0 0.067848481873992006
-0.71022446318062904 0.46981466090792035 0 0.068713785871914818
-0.70250945809240339 0.47936537530912188 0 0.069172374192591313
-0.68905758946846563 0.49565397967851671 0 0.069881705834913335
-0.67536279153887102 0.51178212053565308 0 0.070490993607431218
-0.66728281039985715 0.52109174273342218 0 0.070799291292100802
-0.65321451516492179 0.53695111824626207 0 0.071248585774730505
-0.63891729873173098 0.55263136721840955 0 0.071595785466898126
-0.63049338575197766 0.56167186120860768 0 0.071750712285305246
-0.61584595726001756 0.57705451423642229 0 0.071935472985171237
-0.6009850072884958 0.59224029685029322 0 0.072017102884567086
-0.59224029685029289 0.60098500728849613 0 0.072017102882525094
-0.57705451423642218 0.61584595726001778 0 0.071935472976204978
-0.56167186120860757 0.63049338575197789 0 0.071750712269560993
-0.55263136721840933 0.63891729873173142 0 0.071595785447274712
-0.53695111824626196 0.65321451516492246 0 0.071248585748510826
-0.52109174273342196 0.66728281039985782 0 0.070799291259368125
-0.51178212053565286 0.67536279153887158 0 0.070490993570994365
-0.4956539796785166 0.68905758946846585 0 0.069881705792977297
-0.47936537530912177 0.70250945809240373 0 0.069172374146351565
-0.46981466090792007 0.71022446318062948 0 0.068713785823540152
-0.45328743115586728 0.72328184919211147 0 0.067848481819843945
-0.43661913485974568 0.7360838087256607 0 0.066886158277506866
-0.42685646677763694 0.74341506293372894 0 0.066281821521473328
-0.4099806945703271 0.75580402536824121 0 0.065169040932001265
-0.39298379376343723 0.76792667138766657 0 0.063963178123524728
-0.38303912326332457 0.77485781390798047 0 0.063219006390592886
-0.36586659652757275 0.78655155235899521 0 0.061869586897682183
-0.34859322334814896 0.7979697635284897 0 0.060431858087683532
-0.33849701894275014 0.80448695548577343 0 0.059555019874879114
-0.32108025844651555 0.81546304639858935 0 0.057981885627499521
-0.30358308125039585 0.82615612483964129 0 0.05632595879596073
-0.29336603341769274 0.83224811932042109 0 0.055324739881071887
-0.27575778753718011 0.84248861625562732 0 0.053542655119310743
-0.25808950961420518 0.85244036249246324 0 0.051683935121156793
-0.24778224143541824 0.85809853656022206 0 0.050567583584692426
-0.23003499398645214 0.86759000541755693 0 0.048592879118268366
-0.21224786889428043 0.87678872884786663 0 0.046548225830123344
-0.2018806579487519 0.88200707839033132 0 0.045326784577369203
-0.18404615799028534 0.89074056953923919 0 0.04317706560739553
-0.16619153005507553 0.89917903697879409 0 0.040964497028235305
-0.15579404636883881 0.90395413613789388 0 0.039648629152998209
-0.13792286789130012 0.91192509690285695 0 0.037342472578230729
-0.12005074534650673 0.91960042318252433 0 0.034980859520866346
-0.10965180952903776 0.92393135091383982 0 0.033581669938700077
-0.091792947748646561 0.93113948316478112 0 0.031138320306885278
-0.073951614731755516 0.93805296897235146 0 0.028647086482506412
-0.063578979683251824 0.94194120594474084 0 0.02717594915556187
-0.04577948933650712 0.94839027460734526 0 0.024615019085405834
-0.028015161601075762 0.95454719773194496 0 0.022013837867843968
-0.017695320367029359 0.95799649729309078 0 0.020482219042995912
3.2720905302936703e-17 0.9636940963971905 0 0.017823402291782666
0.017643472210844384 0.96910346323295027 0 0.015131933720056411
0.027885450684148383 0.97211970052502295 0 0.013551247810989132
0.045434325848733824 0.97707698394212972 0 0.010814053856906971
0.062915705722240894 0.98175124853651752 0 0.0080516527340848323
0.073056311985055772 0.98434225204822023 0 0.0064330854956414878
0.090419207388299519 0.98857363633635165 0 0.0036365984711368179
0.10770006954876807 0.99252839443646279 0 0.00082216259418826031
-0.99018407685433441 -0.12548403803665095 0 0.00094746325959254511
-0.98566827000784363 -0.10817716030722736 0 0.0041888693221179109
-0.98088184856604332 -0.090793057736118288 0 0.0074065813993445407
-0.97797075637907616 -0.080642242067346159 0 0.0092675690553962325
-0.97275183485187533 -0.063146836388593586 0 0.012441460760042506
-0.96725699759268224 -0.045588180878276881 0 0.01558358454385325
-0.96393134325166374 -0.035342367538579396 0 0.01739683312732963
-0.957996497293091 -0.01769532036702939 0 0.020482219094370872
-0.95178156875724484 2.8295287182444089e-17 0 0.023527593602728391
-0.94803509563879473 0.010318308968032892 0 0.025280717519288218
-0.94137452704523872 0.028077575480529863 0 0.028256204757670548
-0.93443094627439571 0.045869204624419929 0 0.031183314538554364
-0.93025925653767561 0.056236104563002973 0 0.032863747363921877
-0.92286643798354817 0.074065820602476545 0 0.035707722431223429
-0.9151890090828475 0.09191113921158349 0 0.038494954416412271
-0.91058970508773163 0.1023014497102113 0 0.040090129465810309
-0.90246161491067578 0.12015772894020833 0 0.042781061482129179
-0.89404873066181356 0.13801210212692516 0 0.045406989527297867
-0.88902153960175734 0.14839951868363563 0 0.046904498219357577
-0.88015886587139147 0.16623663160388871 0 0.049421222403463035
-0.87101269828861128 0.18405369814085185 0 0.05186490836692214
-0.8655595765247861 0.1944109676616346 0 0.053252682622906417
-0.85596688444980507 0.21218165518912532 0 0.05557471461465377
-0.84609353647681274 0.22991365588676302 0 0.057816021655216057
-0.84021875027532655 0.24021277439841612 0 0.059082515668264779
-0.82990460743860894 0.25786859852544541 0 0.061190365359822543
-0.81931422050173652 0.27546674015874129 0 0.063210273470689013
-0.8130244002148419 0.28567917043999258 0 0.064344647726591236
-0.80200145477376505 0.30317089767746047 0 0.066220133981255827
-0.79070826763546753 0.32058574773652909 0 0.068001051929236611
-0.78401243282854483 0.33068265392154195 0 0.068993353119255002
-0.77229744067134998 0.34796066613769455 0 0.070619909044127405
-0.76031979595749821 0.36514257261049887 0 0.072145973982090564
-0.75322934955810394 0.37509506821578747 0 0.072987306392246015
-0.74084314744951207 0.39210979447935573 0 0.074350267376833465
-0.72820344333238995 0.40900932392386991 0 0.075607623917120392
-0.72073213355129206 0.41878872922210658 0 0.07629030735686787
-0.70769955650342098 0.43549109140154707 0 0.077377173540891617
-0.69442414227759319 0.4520594777753823 0 0.078354224225306288
-0.68658799180390617 0.46163758201400718 0 0.078871933934841487
-0.67293773423365166 0.47797944621545707 0 0.079672599412757977
-0.65905674988211449 0.49416904234526776 0 0.080360219082917406
-0.65087395265953873 0.50351836600740929 0 0.080708103363780676
-0.63663837429403325 0.5194529914905901 0 0.081215045075345826
-0.62218553555768874 0.53521771471586299 0 0.081606752458551507
-0.61367632227644064 0.54431176686423943 0 0.081781524323772919
-0.59889120119080619 0.55979424388641841 0 0.08198994469529533
-0.5839035330702772 0.57509000732691729 0 0.082082025849460338
-0.57509000732691706 0.58390353307027743 0 0.082082025847132978
-0.55979424388641819 0.5988912011908063 0 0.081989944684847188
-0.5443117668642391 0.61367632227644076 0 0.081781524305016062
-0.53521771471586277 0.62218553555768907 0 0.081606752434877541
-0.51945299149058977 0.63663837429403369 0 0.081215045043139492
-0.50351836600740907 0.65087395265953918 0 0.08070810332294702
-0.49416904234526754 0.65905674988211493 0 0.080360219037066902
-0.4779794462154569 0.672937734233652 0 0.079672599359003199
-0.46163758201400706 0.68658799180390639 0 0.078871933874188921
-0.45205947777538219 0.69442414227759364 0 0.078354224161013286
-0.43549109140154679 0.70769955650342131 0 0.07737717346962511
-0.41878872922210636 0.72073213355129218 0 0.076290307277531291
-0.40900932392386963 0.72820344333238973 0 0.075607623832722778
-0.39210979447935546 0.74084314744951196 0 0.074350267285211907
-0.3750950682157872 0.75322934955810361 0 0.072987306295554832
-0.36514257261049871 0.76031979595749821 0 0.072145973883258066
-0.34796066613769439 0.7722974406713502 0 0.070619908940273049
-0.33068265392154178 0.78401243282854471 0 0.068993353008303338
-0.32058574773652904 0.79070826763546775 0 0.068001051813572244
-0.30317089767746042 0.80200145477376539 0 0.066220133862090719
-0.28567917043999252 0.81302440021484224 0 0.064344647610499794
-0.27546674015874117 0.81931422050173675 0 0.063210273359068814
-0.25786859852544536 0.82990460743860917 0 0.06119036525550408
-0.24021277439841604 0.84021875027532666 0 0.059082515570062354
-0.22991365588676285 0.84609353647681296 0 0.057816021559986393
-0.21218165518912516 0.85596688444980518 0 0.055574714522867351
-0.19441096766163449 0.86555957652478643 0 0.053252682532378852
-0.18405369814085168 0.87101269828861128 0 0.051864908276281228
-0.16623663160388857 0.88015886587139136 0 0.049421222313499692
-0.14839951868363549 0.88902153960175712 0 0.046904498131494179
-0.13801210212692502 0.89404873066181356 0 0.045406989441246763
-0.12015772894020825 0.90246161491067578 0 0.042781061399301198
-0.10230144971021121 0.91058970508773163 0 0.040090129386214077
-0.091911139211583393 0.9151890090828475 0 0.038494954338711931
-0.07406582060247649 0.92286643798354806 0 0.035707722356982073
-0.056236104563002903 0.93025925653767549 0 0.032863747293415561
-0.045869204624419846 0.93443094627439549 0 0.031183314470352032
-0.028077575480529797 0.9413745270452385 0 0.0282562046937231
-0.010318308968032852 0.94803509563879462 0 0.025280717459975385
4.7158811970740144e-17 0.95178156875724462 0 0.023527593546330182
0.017695320367029442 0.95799649729309089 0 0.020482219044032652
0.035342367538579431 0.96393134325166363 0 0.017396833084461636
0.04558818087827695 0.96725699759268224 0 0.015583584505910131
0.063146836388593655 0.97275183485187544 0 0.012441460730576177
0.080642242067346187 0.97797075637907604 0 0.0092675690342856245
0.090793057736118371 0.98088184856604332 0 0.0074065813830055793
0.10817716030722739 0.98566827000784363 0 0.0041888693132900029
0.12548403803665095 0.99018407685433441 0 0.00094746325733931387
-0.98866658694181375 -0.13586486968929126 0 0.0010199588008125884
-0.98382688242632588 -0.11854133218347265 0 0.0045081661781557958
-0.97872030533131349 -0.1011433668045766 0 0.0079690010648212385
-0.97562470211136065 -0.090985723437399746 0 0.0099697457305154055
-0.97009202397353123 -0.073480630484257875 0 0.013380601990669667
-0.96428777235423901 -0.055914755664199151 0 0.016755584787322586
-0.96078413066580337 -0.045665820402639827 0 0.01870242146683997
-0.95454719773194507 -0.028015161601075745 0 0.022013837926708232
-0.94803509563879484 -0.010318308968032831 0 0.02528071752369053
-0.94411801668886175 3.5066318030250773e-17 0 0.027160630552400214
-0.93716847661392699 0.017757851943342087 0 0.030350151374018232
-0.92994137018538181 0.035546433405424058 0 0.03348637693312561
-0.92560725572198732 0.045910881842239126 0 0.035286209890912655
-0.91793991933573804 0.063735353030469719 0 0.038331223733296803
-0.90999390249181278 0.081574294238157555 0 0.04131420402830336
-0.90524108184045604 0.091960453698496133 0 0.043020830613664747
-0.89685413344656817 0.10980899043059264 0 0.045898866841912231
-0.88818874738771669 0.12765503866924033 0 0.048706264771395204
-0.88301758826185772 0.13803743098847626 0 0.050306759622198043
-0.87391276639087379 0.15586575965633534 0 0.052995787140400312
-0.86453116747703729 0.17367405292464588 0 0.055605825772844578
-0.85894416744989444 0.18402631639855582 0 0.057087645577407566
-0.8491269108126952 0.20178873994680371 0 0.059566387261336569
-0.8390360017132712 0.21951311683615946 0 0.061958167584727185
-0.83303785745470571 0.22980819254743143 0 0.063309337171637045
-0.82251741127185751 0.24745792052824994 0 0.065557589678345365
-0.81172793077762051 0.26505126227406228 0 0.067711409642068066
-0.80532558248390063 0.27526159842785114 0 0.068920707015841978
-0.79411506097889195 0.29275110667094956 0 0.070919657239367453
-0.78264162854925112 0.31016570701460466 0 0.072817325688572868
-0.7758442774220673 0.32026347857283938 0 0.073874463191655457
-0.76396067905548293 0.33754489352583072 0 0.075606995247915268
-0.75182179102783919 0.3547328510903115 0 0.077232132628247741
-0.74464088818402752 0.3646901914659913 0 0.078127928703242741
-0.73210506115446039 0.38171569338406297 0 0.079578912410749519
-0.71932303654662599 0.39862932043521937 0 0.080917230086477221
-0.71177224234832814 0.4084185615474476 0 0.081643767261224187
-0.69860879896867889 0.42514079996379184 0 0.082800320505818703
-0.68520967393141319 0.44173304074202135 0 0.083839870884694065
-0.67730478739947553 0.45132695736241318 0 0.084390635380949736
-0.66354196714028268 0.46769947168968051 0 0.085242352719115982
-0.64955533832809675 0.4839243229888377 0 0.08597374293984289
-0.64131419701676706 0.49329637704980273 0 0.086343741878280589
-0.62698367925045095 0.50927401477954248 0 0.086882882664677655
-0.6124424976319004 0.52508694115018173 0 0.08729944539829175
-0.60388484907429807 0.53421152155086948 0 0.087485297991431343
-0.58902151780973455 0.54975084635649185 0 0.08770692826271273
-0.57396183568607684 0.5651091822394898 0 0.087804844452852984
-0.56510918223948969 0.57396183568607706 0 0.087804844450363323
-0.54975084635649163 0.58902151780973466 0 0.08770692825136836
-0.53421152155086915 0.60388484907429818 0 0.087485297970771689
-0.52508694115018162 0.61244249763190084 0 0.087299445372013271
-0.50927401477954215 0.62698367925045118 0 0.086882882628606814
-0.49329637704980256 0.64131419701676751 0 0.086343741832274792
-0.48392432298883759 0.6495553383280972 0 0.085973742888020538
-0.4676994716896804 0.66354196714028313 0 0.085242352657691353
-0.45132695736241302 0.67730478739947575 0 0.084390635310484519
-0.44173304074202124 0.68520967393141352 0 0.083839870809241712
-0.42514079996379162 0.69860879896867922 0 0.082800320422497811
-0.40841856154744743 0.71177224234832803 0 0.081643767170953077
-0.39862932043521909 0.7193230365466261 0 0.080917229992523668
-0.38171569338406275 0.73210506115446028 0 0.079578912310178274
-0.36469019146599108 0.74464088818402729 0 0.078127928595560364
-0.35473285109031133 0.75182179102783908 0 0.077232132516252161
-0.33754489352583061 0.76396067905548315 0 0.075606995128980392
-0.32026347857283916 0.7758442774220673 0 0.07387446306648679
-0.3101657070146045 0.78264162854925123 0 0.072817325560302917
-0.29275110667094939 0.79411506097889195 0 0.070919657109753634
-0.27526159842785108 0.80532558248390074 0 0.068920706890333389
-0.26505126227406212 0.81172793077762062 0 0.067711409521174853
-0.24745792052824991 0.82251741127185773 0 0.065557589565113525
-0.22980819254743132 0.83303785745470604 0 0.063309337065147755
-0.21951311683615929 0.83903600171327142 0 0.061958167481659381
-0.20178873994680355 0.84912691081269565 0 0.059566387162052738
-0.18402631639855571 0.85894416744989477 0 0.057087645479100904
-0.17367405292464569 0.86453116747703718 0 0.055605825674028816
-0.15586575965633517 0.87391276639087367 0 0.052995787041990178
-0.13803743098847618 0.88301758826185772 0 0.050306759526242251
-0.12765503866924019 0.88818874738771669 0 0.048706264677711254
-0.10980899043059254 0.89685413344656795 0 0.04589886675217416
-0.091960453698496036 0.90524108184045604 0 0.043020830527726282
-0.081574294238157444 0.90999390249181278 0 0.041314203944532016
-0.063735353030469691 0.91793991933573804 0 0.038331223653523976
-0.045910881842239064 0.9256072557219871 0 0.0352862098155311
-0.035546433405423968 0.92994137018538159 0 0.033486376860434895
-0.017757851943342021 0.93716847661392677 0 0.030350151305522492
3.1393832020325859e-18 0.94411801668886164 0 0.027160630487468425
0.010318308968032909 0.94803509563879462 0 0.025280717460718923
0.0280151616010758 0.95454719773194474 0 0.022013837869552619
0.045665820402639862 0.96078413066580348 0 0.018702421418934894
0.055914755664199234 0.96428777235423913 0 0.016755584746151925
0.073480630484257972 0.97009202397353123 0 0.01338060196014714
0.09098572343739976 0.97562470211136054 0 0.0099697457090277761
0.10114336680457667 0.97872030533131338 0 0.0079690010479019965
0.11854133218347268 0.98382688242632588 0 0.0045081661686037795
0.13586486968929126 0.98866658694181386 0 0.0010199587981210097
-0.98579292268251517 -0.15374882001537754 0 0.0011435894260410926
-0.98040159546223427 -0.13639426902857682 0 0.0050523073071522418
-0.97475022138126199 -0.11897009048781114 0 0.0089268104333218821
-0.97134084590382985 -0.10879931933805392 0 0.011165086328825062
-0.96527494500100586 -0.091275176385465048 0 0.014978261949378751
-0.95894526663396795 -0.07369448438413255 0 0.018748062512514253
-0.95513956512878595 -0.063438777366457574 0 0.020921159003688055
-0.94839027460734548 -0.045779489336507134 0 0.024615019152916875
-0.94137452704523872 -0.028077575480529793 0 0.028256204766812367
-0.93716847661392688 -0.01775785194334201 0 0.030350151379482
-0.929729757300084 4.7756477154419905e-17 0 0.033900634917893774
-0.92202303035363142 0.017785772016454926 0 0.037389097055714873
-0.91741430421917336 0.028147417444188215 0 0.039389852735313091
-0.90928308873311126 0.045965288851467313 0 0.042772859894794547
-0.9008835136474066 0.063795667377624043 0 0.046084558584393538
-0.89587158571942238 0.074176077967996731 0 0.047978172757719255
-0.88704795063567032 0.092013665840289555 0 0.051169854328171387
-0.87795686218095137 0.10984772884197133 0 0.054281122831922123
-0.87254309649346418 0.1202228182254555 0 0.056053918952777192
-0.86303040716193136 0.13803829846771348 0 0.059030990629438909
-0.85325247671722837 0.15583370320340123 0 0.061918846307307401
-0.84744019923538561 0.1661786061780563 0 0.063557601415817941
-0.83724522305753002 0.18392890193144429 0 0.06629765735206071
-0.82678855862185008 0.20164216457364842 0 0.06894012216334916
-0.82058310912470478 0.21193140486326245 0 0.070432256010260819
-0.80971609348532469 0.22957248305317832 0 0.072914092309630169
-0.79859230301249362 0.24715928527421091 0 0.075290513036316148
-0.79200106505281798 0.25736695835570911 0 0.076624272755713596
-0.78047577665571366 0.27485415098045501 0 0.078828202982403214
-0.76869999170979031 0.29226966972327451 0 0.080919564054612744
-0.76173239902533652 0.302369638387046 0 0.08208420459437181
-0.74956612206230222 0.31965798430433606 0 0.08399236496380233
-0.73715697951975234 0.33685724021681346 0 0.085781586667811924
-0.72982449771588931 0.34682334010515647 0 0.086767540805546495
-0.71703798909826899 0.36386794238116549 0 0.088364175386242971
-0.70401756946332761 0.38080616173707327 0 0.089836389622111851
-0.69633365229325017 0.39061241374375161 0 0.090635423767025616
-0.68295105307215231 0.40736880704264627 0 0.091907142917846116
-0.66934477489928712 0.42400179143454314 0 0.09304993921491006
-0.66132479502009711 0.43362261755921194 0 0.093655290565818963
-0.64737349808811762 0.45004713959788417 0 0.094591295331128464
-0.63320996899087434 0.4663316372921299 0 0.095394930382991266
-0.62487112365393216 0.47574207634167393 0 0.095801421763508796
-0.61038159882575582 0.49179223713812287 0 0.096393688074460332
-0.59569242456108518 0.50768630975188789 0 0.096851252840460769
-0.58705361728298744 0.51686222917788804 0 0.097055381860353701
-0.5720591958591883 0.53249707170000959 0 0.097298799180176865
-0.55687874997431097 0.54796044980929326 0 0.097406338737932738
-0.54796044980929304 0.55687874997431108 0 0.097406338734589828
-0.53249707170000926 0.5720591958591883 0 0.097298799165637023
-0.51686222917788771 0.58705361728298766 0 0.097055381835070578
-0.50768630975188767 0.59569242456108562 0 0.096851252809084298
-0.49179223713812253 0.61038159882575616 0 0.096393688032108724
-0.4757420763416737 0.6248711236539326 0 0.095801421709436202
-0.46633163729212973 0.63320996899087489 0 0.09539493032181269
-0.45004713959788395 0.64737349808811806 0 0.09459129525811738
-0.43362261755921183 0.66132479502009722 0 0.093655290481578043
-0.42400179143454308 0.66934477489928745 0 0.093049939124480147
-0.40736880704264616 0.68295105307215243 0 0.091907142818416179
-0.39061241374375144 0.69633365229325017 0 0.090635423660806652
-0.38080616173707293 0.7040175694633275 0 0.08983638951274979
-0.36386794238116527 0.7170379890982691 0 0.088364175269703277
-0.34682334010515636 0.7298244977158892 0 0.086767540679142857
-0.33685724021681329 0.73715697951975223 0 0.085781586534743728
-0.31965798430433595 0.74956612206230255 0 0.083992364822373516
-0.30236963838704584 0.76173239902533652 0 0.0820842044491394
-0.29226966972327445 0.76869999170979075 0 0.080919563909206627
-0.27485415098045479 0.78047577665571366 0 0.078828202839441641
-0.25736695835570905 0.7920010650528182 0 0.076624272618539838
-0.24715928527421072 0.79859230301249362 0 0.075290512903856924
-0.22957248305317829 0.80971609348532492 0 0.072914092184770449
-0.21193140486326234 0.82058310912470489 0 0.070432255891970358
-0.20164216457364828 0.82678855862185008 0 0.068940122048341532
-0.18392890193144412 0.83724522305753024 0 0.066297657240733443
-0.16617860617805622 0.84744019923538572 0 0.063557601305560804
-0.15583370320340104 0.85325247671722848 0 0.061918846196676605
-0.13803829846771337 0.86303040716193125 0 0.059030990519462402
-0.12022281822545541 0.87254309649346407 0 0.056053918845507089
-0.10984772884197123 0.87795686218095137 0 0.054281122727075387
-0.092013665840289444 0.88704795063567021 0 0.051169854227581815
-0.074176077967996634 0.89587158571942216 0 0.047978172661310457
-0.063795667377623919 0.9008835136474066 0 0.046084558490414144
-0.045965288851467258 0.90928308873311126 0 0.042772859805463505
-0.028147417444188153 0.91741430421917314 0 0.039389852651291288
-0.017785772016454839 0.9220230303536312 0 0.037389096974997656
1.8147461318679562e-17 0.92972975730008389 0 0.033900634841909694
0.017757851943342052 0.93716847661392688 0 0.030350151306860557
0.02807757548052987 0.9413745270452385 0 0.028256204695798696
0.04577948933650719 0.94839027460734537 0 0.024615019088263274
0.063438777366457602 0.95513956512878606 0 0.020921158950489471
0.073694484384132633 0.95894526663396795 0 0.018748062467952468
0.091275176385465132 0.96527494500100608 0 0.014978261917694802
0.10879931933805394 0.97134084590382974 0 0.011165086306808032
0.11897009048781125 0.97475022138126199 0 0.0089268104156050715
0.13639426902857685 0.98040159546223427 0 0.0050523072966563738
0.15374882001537754 0.98579292268251539 0 0.00114358942285018
-0.98257889112092389 -0.17168491351398127 0 0.0012659426102276704
-0.97664265518016902 -0.15429662820991541 0 0.0055903614029560005
-0.97045366954608914 -0.13684350384104901 0 0.0098730864215839514
-0.96673490900725212 -0.12665800837418828 0 0.012345439753161533
-0.96014365590634931 -0.10911206095269844 0 0.016554554757711532
-0.9532968148792007 -0.091513782992505302 0 0.02071225096049073
-0.9491940318849944 -0.081249686482674568 0 0.023107339342751675
-0.94194120594474084 -0.063578979683251838 0 0.027175949225484781
-0.9344309462743956 -0.045869204624419853 0 0.031183314548089192
-0.9299413701853817 -0.035546433405423968 0 0.033486376940637316
-0.92202303035363131 -0.017785772016454822 0 0.03738909705945908
-0.9138464677459095 5.9641883222683302e-17 0 0.041220744575622713
-0.90896891553210024 0.010360475222214335 0 0.043417016932962529
-0.90038389553833775 0.028174544035232642 0 0.047128542127073535
-0.89154097696405921 0.045999140073102546 0 0.050759273499395692
-0.88627593801532001 0.056375408764982989 0 0.052834152829907596
-0.87702598513909669 0.074204783786025533 0 0.056329549744957109
-0.86751961834502811 0.092029557292474168 0 0.059734660715481738
-0.86186932537449057 0.10239888993267865 0 0.061673888160878876
-0.85195921424398524 0.12020413182842571 0 0.064928909312282387
-0.84179537097017032 0.13798918883787478 0 0.068084501269466913
-0.83576385502352912 0.14832817317858543 0 0.069874342395364969
-0.82520147312232861 0.16606874633441193 0 0.072865739275974381
-0.81438926283517854 0.18377319673716061 0 0.075749036843681783
-0.80798239061596033 0.19405788822777431 0 0.077376468049171934
-0.79677879254887873 0.2116924261210619 0 0.08008230992955101
-0.78533050391443815 0.22927465737809721 0 0.082671976748125764
-0.77855599589608837 0.23948074211224904 0 0.084124867425618907
-0.76672542394517118 0.25696733321230775 0 0.086524851754251009
-0.75465653178705994 0.27438530326501825 0 0.088801297095490339
-0.74752395990309328 0.28448827145082145 0 0.090068585991721489
-0.73508382898475944 0.3017847620290427 0 0.092144336359034296
-0.72241296508643749 0.31899630756858954 0 0.094090005933292378
-0.71493372916328923 0.32897163519349976 0 0.095161866791571501
-0.70190457496394709 0.34603594488490258 0 0.096897210403049397
-0.68865346177035691 0.36299910063419116 0 0.098496854148430624
-0.68084074428455321 0.37282243671347132 0 0.099364846794109674
-0.66724613408742983 0.38961288221419588 0 0.10074606483296406
-0.6534394811176405 0.40628620645771252 0 0.10198697496241892
-0.64530818030757175 0.41593356303146134 0 0.10264417789628993
-0.63117458680636829 0.43240918496653064 0 0.10366022224911912
-0.61683995038355111 0.44875208625909063 0 0.10453243538481286
-0.60840659221258642 0.45820002814788041 0 0.10497355646163116
-0.59376323141307163 0.47432091591683595 0 0.10561622714866151
-0.57893083912527432 0.49029397572713312 0 0.10611268517464933
-0.57021346906179593 0.4995198069787522 0 0.10633414738667829
-0.55509210417367338 0.51524741629637572 0 0.10659822587823095
-0.53979464627091334 0.53081270230594557 0 0.10671489109774797
-0.53081270230594546 0.53979464627091345 0 0.10671489109274285
-0.51524741629637538 0.55509210417367361 0 0.10659822585817495
-0.49951980697875192 0.57021346906179615 0 0.10633414735490362
-0.49029397572713285 0.57893083912527465 0 0.10611268513735922
-0.47432091591683556 0.59376323141307186 0 0.10561622710062789
-0.45820002814788013 0.60840659221258675 0 0.10497355640075798
-0.44875208625909047 0.61683995038355155 0 0.10453243531567218
-0.43240918496653052 0.63117458680636873 0 0.10366022216695621
-0.41593356303146112 0.64530818030757198 0 0.1026441778029642
-0.40628620645771235 0.65343948111764105 0 0.1019869748633833
-0.38961288221419571 0.66724613408743028 0 0.10074606472441845
-0.37282243671347109 0.6808407442845531 0 0.099364846676286797
-0.36299910063419089 0.68865346177035702 0 0.098496854025253808
-0.34603594488490236 0.70190457496394698 0 0.096897210269796891
-0.3289716351934997 0.71493372916328912 0 0.095161866647005988
-0.31899630756858938 0.72241296508643726 0 0.094090005781914912
-0.30178476202904259 0.73508382898475955 0 0.092144336200710886
-0.28448827145082128 0.74752395990309306 0 0.090068585833177811
-0.27438530326501814 0.75465653178705994 0 0.088801296939671148
-0.25696733321230758 0.76672542394517129 0 0.08652485160448653
-0.23948074211224896 0.77855599589608848 0 0.084124867283136853
-0.22927465737809707 0.78533050391443837 0 0.08267197661030623
-0.21169242612106179 0.79677879254887884 0 0.080082309798380338
-0.19405788822777417 0.80798239061596056 0 0.077376467922638512
-0.18377319673716047 0.81438926283517876 0 0.075749036718985002
-0.16606874633441174 0.82520147312232861 0 0.072865739153860049
-0.14832817317858532 0.83576385502352923 0 0.069874342275239851
-0.13798918883787459 0.84179537097017032 0 0.068084501150274659
-0.12020413182842558 0.85195921424398513 0 0.06492890919501898
-0.10239888993267859 0.86186932537449057 0 0.061673888046053928
-0.092029557292474029 0.867519618345028 0 0.059734660602308386
-0.074204783786025436 0.87702598513909646 0 0.056329549635014305
-0.056375408764982912 0.88627593801532001 0 0.052834152723686689
-0.045999140073102435 0.89154097696405932 0 0.050759273395586252
-0.028174544035232587 0.90038389553833775 0 0.047128542028150464
-0.010360475222214276 0.90896891553210024 0 0.043417016839902012
2.501111231918977e-17 0.9138464677459095 0 0.041220744486354079
0.017785772016454888 0.92202303035363109 0 0.037389096976365728
0.035546433405424009 0.92994137018538137 0 0.033486376863151375
0.045869204624419929 0.93443094627439527 0 0.031183314473801852
0.063578979683251893 0.94194120594474073 0 0.027175949159542592
0.08124968648267461 0.94919403188499418 0 0.023107339289140081
0.091513782992505385 0.95329681487920082 0 0.020712250915564449
0.10911206095269856 0.96014365590634931 0 0.016554554725621933
0.12665800837418828 0.9667349090072519 0 0.012345439730633765
0.13684350384104907 0.97045366954608914 0 0.0098730864032811234
0.15429662820991547 0.97664265518016902 0 0.0055903613919606595
0.1716849135139813 0.98257889112092411 0 0.0012659426069280514
-0.98055001892696281 -0.1821440189456216 0 0.001336518374241625
-0.97429997254399037 -0.16473499219989363 0 0.0059005106678686027
-0.96780162643855805 -0.14726390518603788 0 0.010418173990020525
-0.96390494592804599 -0.1370691865377435 0 0.013025094236659611
-0.95701176030538448 -0.11950941864075304 0 0.017461587105643207
-0.94986792002449771 -0.10189976630448629 0 0.02184174177846377
-0.94559462854700815 -0.091630119982568717 0 0.024364005963845838
-0.93805296897235169 -0.073951614731755516 0 0.028647086551243036
-0.93025925653767594 -0.056236104563002896 0 0.032863747371853574
-0.92560725572198743 -0.045910881842239043 0 0.035286209898150546
-0.91741430421917369 -0.028147417444188111 0 0.039389852740460592
-0.90896891553210046 -0.010360475222214215 0 0.043417016935082167
-0.90393763019561701 6.6391526666329997e-17 0 0.045724567085567797
-0.89509322734939389 0.01781302389537422 0 0.049622894695613706
-0.88599706649170806 0.035635417211538491 0 0.053434821586711929
-0.88058751914480138 0.046009947972976133 0 0.055612554371395256
-0.87109428550708046 0.063835689204041951 0 0.059280135312790562
-0.86135107738579086 0.081656186215598198 0 0.062851648392465667
-0.85556594957457477 0.092022816775470057 0 0.06488504199662698
-0.84542938351999908 0.10982319452569557 0 0.06829719831220106
-0.83504576181181989 0.12760329450164914 0 0.071603995405038937
-0.82888944057349734 0.13793943851726942 0 0.073479092712408864
-0.81811798972770045 0.15567536047926511 0 0.076612212795779552
-0.8071035573710944 0.17337564498847041 0 0.079631179585602729
-0.80058216526313108 0.18365822640628621 0 0.08133477067104937
-0.78918726897734293 0.20128983705587042 0 0.084166621916328191
-0.77755462884623372 0.21887022570551448 0 0.086876142805911494
-0.77067603625158176 0.22907583085898242 0 0.088395944716086305
-0.75867213703852643 0.24656277807987359 0 0.090905979198917727
-0.74643689090644949 0.26398280139206698 0 0.093286238218564688
-0.73921070960813484 0.27408784048526247 0 0.094611067611228991
-0.72661523197868005 0.2913895572596617 0 0.096780713646805447
-0.713795946435966 0.30860864321210574 0 0.098813978966886665
-0.70623350378935457 0.31858951908385091 0 0.099933914142641855
-0.69306679952540873 0.33566551649556753 0 0.10174684746439577
-0.67968493813173858 0.35264328681080476 0 0.10341773277769072
-0.67179923153345078 0.36247656863077893 0 0.10432426100794692
-0.65808449108466838 0.37928673603464752 0 0.10576664877697797
-0.64416431270828067 0.39598330794355607 0 0.10706234517307943
-0.63596994445658384 0.40564590729964695 0 0.10774849179757588
-0.62173307483787699 0.42215081521088954 0 0.10880920349393622
-0.60730149883097484 0.43852710415593193 0 0.10971967600424873
-0.59881459188166919 0.44799645085985246 0 0.1101801119866814
-0.58408406215403963 0.46415765192398595 0 0.11085089178025229
-0.56917050171963779 0.48017567051919519 0 0.1113690355932872
-0.56040859725082692 0.48942988539199606 0 0.11160016081113798
-0.54521525336678311 0.50521020872042499 0 0.11187575695872017
-0.52985141916203504 0.52083335725711455 0 0.11199750913921468
-0.52083335725711444 0.52985141916203526 0 0.11199750913299447
-0.50521020872042477 0.54521525336678334 0 0.1118757569347463
-0.48942988539199594 0.56040859725082726 0 0.11160016077502451
-0.48017567051919485 0.56917050171963812 0 0.11136903555232451
-0.46415765192398556 0.58408406215403996 0 0.11085089172913963
-0.44799645085985229 0.59881459188166952 0 0.11018011192232512
-0.43852710415593171 0.60730149883097517 0 0.10971967593102351
-0.42215081521088937 0.62173307483787732 0 0.1088092034074358
-0.40564590729964678 0.63596994445658417 0 0.10774849170084516
-0.39598330794355585 0.64416431270828101 0 0.10706234507157428
-0.37928673603464724 0.6580844910846686 0 0.10576664866592786
-0.36247656863077882 0.67179923153345078 0 0.10432426088518437
-0.35264328681080437 0.67968493813173858 0 0.10341773264725242
-0.33566551649556725 0.69306679952540873 0 0.10174684732134649
-0.31858951908385069 0.70623350378935434 0 0.099933913988004663
-0.30860864321210563 0.71379594643596589 0 0.098813978806241168
-0.29138955725966159 0.72661523197868005 0 0.096780713481130598
-0.2740878404852623 0.73921070960813473 0 0.094611067447766733
-0.26398280139206692 0.74643689090644949 0 0.093286238059407209
-0.24656277807987348 0.75867213703852676 0 0.090905979047707516
-0.22907583085898239 0.77067603625158199 0 0.088395944572858612
-0.21887022570551437 0.77755462884623383 0 0.086876142667220227
-0.20128983705587031 0.78918726897734293 0 0.084166621783352019
-0.1836582264062861 0.8005821652631312 0 0.081334770540902532
-0.1733756449884703 0.80710355737109463 0 0.079631179455956588
-0.15567536047926497 0.81811798972770056 0 0.076612212667706223
-0.13793943851726931 0.82888944057349756 0 0.073479092587182757
-0.12760329450164898 0.83504576181182 0 0.071603995281957461
-0.10982319452569544 0.84542938351999875 0 0.068297198192191169
-0.092022816775469973 0.85556594957457477 0 0.064885041878712066
-0.081656186215598073 0.86135107738579086 0 0.062851648275408331
-0.063835689204041868 0.87109428550708035 0 0.05928013519788284
-0.046009947972976063 0.88058751914480138 0 0.055612554259668712
-0.035635417211538387 0.88599706649170806 0 0.053434821477313932
-0.017813023895374158 0.89509322734939378 0 0.049622894591123949
-4.1645593999788813e-18 0.90393763019561679 0 0.04572456698713618
0.010360475222214302 0.90896891553210035 0 0.043417016840675282
0.02814741744418818 0.91741430421917336 0 0.039389852653433463
0.045910881842239085 0.92560725572198721 0 0.035286209819028497
0.056236104563002973 0.93025925653767561 0 0.032863747297643485
0.073951614731755586 0.93805296897235158 0 0.028647086487103689
0.091630119982568745 0.94559462854700815 0 0.024364005911973647
0.10189976630448634 0.9498679200244976 0 0.021841741734525719
0.11950941864075314 0.9570117603053846 0 0.017461587073569321
0.1370691865377435 0.96390494592804599 0 0.013025094213790176
0.14726390518603796 0.96780162643855827 0 0.010418173971424739
0.16473499219989365 0.97429997254399037 0 0.0059005106567473781
0.18214401894562163 0.98055001892696303 0 0.0013365183710376133
-0.97678917805452881 -0.20014437652777076 0 0.0014564963701842531
-0.97000602348388909 -0.18269806712102341 0 0.0064274206308419755
-0.96298253949955659 -0.16519445301699892 0 0.011343619752877544
-0.95878402466242396 -0.15498290967232328 0 0.014178573162934374
-0.95137892851588635 -0.13739769983455347 0 0.018999991044213543
-0.9437319165068484 -0.11976678814445152 0 0.02375626656134739
-0.93916991941428019 -0.10948659843248496 0 0.026493336041645495
-0.93113948316478168 -0.091792947748646575 0 0.03113832037386895
-0.92286643798354817 -0.074065820602476476 0 0.035707722436130372
-0.91793991933573826 -0.063735353030469649 0 0.038331223739403952
-0.90928308873311148 -0.045965288851467209 0 0.042772859901373278
-0.90038389553833786 -0.028174544035232521 0 0.047128542131995146
-0.89509322734939401 -0.017813023895374081 0 0.049622894698689274
-0.88581140598202224 7.1904698021868047e-17 0 0.053834537052824413
-0.87628844688525298 0.017820398910446088 0 0.057950040317731134
-0.87063547121394458 0.028192980645454883 0 0.060299943562999767
-0.86073261543240387 0.046014247175978441 0 0.064255516254689712
-0.85059085653193578 0.063829142134496294 0 0.06810506333163438
-0.84457893236048454 0.074192132220686671 0 0.070295665736260199
-0.8340616251069034 0.09198584491324853 0 0.073969958579862952
-0.82330868153592118 0.10975907499638335 0 0.077528757805626361
-0.8169427184585818 0.120091272863667 0 0.07954583660241718
-0.80582021978306007 0.13782075908638358 0 0.082914812200465968
-0.79446639666474517 0.15551537071900548 0 0.086159361119965666
-0.78775287421520657 0.16579515391574118 0 0.087989497355384486
-0.77603714656962419 0.18342308551380712 0 0.0910305913265404
-0.76409545410763491 0.20100155923425544 0 0.093938976081256967
-0.75704242576165015 0.21120701807456743 0 0.095569728093096815
-0.74474813253751626 0.22869564704881715 0 0.098262143227607068
-0.73223427387095985 0.24612013829081425 0 0.1008143269100657
-0.72485135500456932 0.25622921816375904 0 0.10223439524930586
-0.71199583121832222 0.27354062462368639 0 0.10455937975177543
-0.69892816212801934 0.29077321560039704 0 0.1067374736774326
-0.69122650148711573 0.30076386518038883 0 0.10793685548531783
-0.67782969600374943 0.31786021444175988 0 0.10987796098834934
-0.66422915606054478 0.33486317387761516 0 0.11166647293330087
-0.65622139059762552 0.34471349728864376 0 0.11263660166382532
-0.64230577980944148 0.36155730268472469 0 0.1141799144268867
-0.62819579509234214 0.37829334986637164 0 0.11556596809293085
-0.61989598834305015 0.38798176070599588 0 0.11629983559900067
-0.60548646177023047 0.40453614845317831 0 0.1174341757650819
-0.59089281983708952 0.42096871787379231 0 0.11840769626442568
-0.58231638433344624 0.43047409290304961 0 0.11889995420920903
-0.5674401031709384 0.44670306521653086 0 0.11961703823920815
-0.55239080152068543 0.46279656797697927 0 0.12017089921398337
-0.54355440605994154 0.47209839823410749 0 0.12041793747426746
-0.52824063624371453 0.48796709083479489 0 0.12071249989006586
-0.51276570604944005 0.50368716894710097 0 0.12084262855158735
-0.50368716894710086 0.51276570604944038 0 0.12084262854475428
-0.48796709083479456 0.52824063624371465 0 0.12071249986364588
-0.47209839823410732 0.54355440605994187 0 0.12041793743429766
-0.4627965679769791 0.55239080152068576 0 0.12017089916851773
-0.44670306521653058 0.56744010317093885 0 0.11961703818246648
-0.43047409290304928 0.58231638433344657 0 0.11889995413803357
-0.4209687178737922 0.59089281983708997 0 0.11840769618371293
-0.4045361484531782 0.60548646177023069 0 0.11743417567080602
-0.38798176070599577 0.61989598834305037 0 0.11629983549540979
-0.37829334986637136 0.62819579509234236 0 0.11556596798550088
-0.36155730268472447 0.64230577980944181 0 0.11417991430992347
-0.34471349728864359 0.65622139059762563 0 0.11263660153282291
-0.33486317387761488 0.66422915606054456 0 0.11166647279239246
-0.31786021444175971 0.67782969600374965 0 0.10987796083250626
-0.30076386518038872 0.69122650148711551 0 0.10793685531789315
-0.29077321560039693 0.69892816212801923 0 0.10673747350497706
-0.27354062462368622 0.71199583121832211 0 0.10455937957618255
-0.25622921816375893 0.72485135500456954 0 0.10223439507787954
-0.24612013829081419 0.73223427387096007 0 0.10081432674405129
-0.22869564704881709 0.74474813253751648 0 0.098262143070492705
-0.21120701807456738 0.75704242576165026 0 0.09556972794359464
-0.20100155923425539 0.76409545410763513 0 0.093938975935503446
-0.18342308551380693 0.77603714656962397 0 0.0910305911846854
-0.16579515391574104 0.78775287421520657 0 0.087989497214033111
-0.15551537071900531 0.79446639666474539 0 0.086159360977640917
-0.13782075908638347 0.80582021978306018 0 0.082914812058693124
-0.12009127286366689 0.8169427184585818 0 0.079545836464615938
-0.1097590749963832 0.82330868153592107 0 0.077528757671446638
-0.091985844913248418 0.83406162510690307 0 0.073969958450270198
-0.074192132220686602 0.84457893236048442 0 0.070295665608648056
-0.063829142134496183 0.85059085653193578 0 0.068105063204177696
-0.046014247175978365 0.86073261543240387 0 0.064255516128765969
-0.028192980645454811 0.87063547121394458 0 0.06029994344061939
-0.017820398910445984 0.87628844688525298 0 0.057950040198288227
-1.7490331951265199e-17 0.88581140598202213 0 0.053834536939262378
0.017813023895374144 0.89509322734939378 0 0.049622894591958934
0.028174544035232611 0.90038389553833775 0 0.047128542029724399
0.045965288851467272 0.90928308873311103 0 0.042772859808348551
0.063735353030469719 0.91793991933573815 0 0.0383312236577164
0.074065820602476559 0.92286643798354784 0 0.035707722361880252
0.091792947748646644 0.93113948316478146 0 0.03113832031209272
0.109486598432485 0.93916991941427996 0 0.026493335991711123
0.1197667881444516 0.9437319165068484 0 0.023756266517981118
0.13739769983455355 0.95137892851588635 0 0.018999991011063522
0.15498290967232328 0.95878402466242407 0 0.0141785731385854
0.16519445301699898 0.96298253949955659 0 0.011343619733084757
0.18269806712102343 0.97000602348388909 0 0.0064274206191356504
0.20014437652777076 0.97678917805452881 0 0.0014564963670585978
-0.9726778539595724 -0.21817345406717445 0 0.0015747453157190369
-0.9653697832505006 -0.20068812999070895 0 0.0069463147558822573
-0.95782973088504519 -0.1831502250365741 0 0.012254243476349772
-0.95333453101321608 -0.17292081539723192 0 0.015313039742994824
-0.94542662979184933 -0.15530834762856929 0 0.02051183530969266
-0.9372858510623564 -0.13765432769208724 0 0.025636267523342558
-0.93244074770983632 -0.12736250383467443 0 0.028583325531062468
-0.92393135091384015 -0.10965180952903784 0 0.033581670004980149
-0.91518900908284773 -0.091911139211583434 0 0.038494954418366562
-0.90999390249181289 -0.081574294238157471 0 0.041314204032706678
-0.90088351364740693 -0.063795667377623946 0 0.046084558591205173
-0.89154097696405954 -0.045999140073102421 0 0.050759273505942108
-0.88599706649170806 -0.035635417211538352 0 0.053434821591970785
-0.87628844688525298 -0.017820398910445935 0 0.057950040320451243
-0.86634937149662805 7.4264463809956321e-17 0 0.062359272130222923
-0.86045920086727978 0.010371790246739825 0 0.0648755743535845
-0.85015744194282317 0.028190559567717467 0 0.069109196932827688
-0.83962783727509116 0.046001807331251622 0 0.073226826490858127
-0.83339532929243754 0.056362280231911935 0 0.075568851437092938
-0.82250790637946036 0.074151225863040848 0 0.07949538921828242
-0.81139618116951084 0.091919433700432124 0 0.083296383942328134
-0.80482666086856214 0.10224873284473296 0 0.085449785366766201
-0.79336346655802026 0.11997352669305722 0 0.089045015519560664
-0.78168045395083774 0.13766412643134768 0 0.092505720016198778
-0.77478065931510665 0.14794203487855118 0 0.094457004278619749
-0.76275401506855189 0.16556779060224475 0 0.097698256197489106
-0.7505129754818447 0.18314573480012594 0 0.1007966768716084
-0.7432910550265962 0.19335179372164982 0 0.10253336742742415
-0.73071569991881491 0.2108432740917788 0 0.10539980134411633
-0.71793230070954128 0.22827324753117231 0 0.10811587921135571
-0.71039779743348486 0.23838688105375558 0 0.10962667250124036
-0.69729085328778562 0.25570871522840727 0 0.11209954206890382
-0.68398312462858291 0.27295535534520365 0 0.11441540822019747
-0.67614694605991632 0.28295600013301342 0 0.11569031881712463
-0.66252785862911201 0.30007290825261201 0 0.11775321343905473
-0.64871612540769596 0.31710103182076854 0 0.11965342189839608
-0.64059049971068838 0.32696826979282329 0 0.12068391344673314
-0.62648095597636821 0.34384529207712633 0 0.12232297472257053
-0.61218774595756853 0.36062012525297571 0 0.12379470764521582
-0.60378616431670706 0.37033381772174184 0 0.12457380689713313
-0.58920998641358835 0.38693654507736103 0 0.12577791459367643
-0.57445991534034702 0.40342395376333112 0 0.12681115521554556
-0.56579706109361039 0.4129643752058601 0 0.12733354651789827
-0.55078007780253879 0.42925917824543186 0 0.12809446982084294
-0.53559971254662442 0.4454258956509643 0 0.12868213934886588
-0.52669137779042308 0.45477386528893676 0 0.12894423755388373
-0.5112612749703529 0.47072811862457464 0 0.12925674823629285
-0.49567897626296842 0.48654196689128226 0 0.12939480344361684
-0.48654196689128199 0.4956789762629687 0 0.12939480343830634
-0.47072811862457448 0.51126127497035312 0 0.12925674821362881
-0.45477386528893654 0.52669137779042341 0 0.12894423751525758
-0.44542589565096424 0.53559971254662475 0 0.1286821393014968
-0.42925917824543158 0.55078007780253924 0 0.12809446975794031
-0.41296437520585982 0.56579706109361061 0 0.12733354643861355
-0.40342395376333084 0.57445991534034724 0 0.12681115512655036
-0.38693654507736092 0.58920998641358868 0 0.12577791449092943
-0.37033381772174168 0.6037861643167074 0 0.12457380678480026
-0.36062012525297549 0.61218774595756875 0 0.12379470752887273
-0.34384529207712622 0.62648095597636855 0 0.12232297459674191
-0.32696826979282312 0.64059049971068849 0 0.12068391330739546
-0.31710103182076838 0.64871612540769608 0 0.11965342174965291
-0.30007290825261179 0.66252785862911179 0 0.11775321327612424
-0.28295600013301325 0.67614694605991621 0 0.11569031864315532
-0.27295535534520354 0.68398312462858279 0 0.11441540804138875
-0.25570871522840721 0.69729085328778562 0 0.11209954188660833
-0.23838688105375544 0.71039779743348497 0 0.10962667232184269
-0.2282732475311722 0.71793230070954139 0 0.10811587903623616
-0.21084327409177869 0.73071569991881502 0 0.10539980117565848
-0.19335179372164976 0.74329105502659643 0 0.10253336726402945
-0.18314573480012589 0.75051297548184481 0 0.10079667671039094
-0.16556779060224466 0.76275401506855189 0 0.097698256038145401
-0.14794203487855107 0.77478065931510676 0 0.094457004118721571
-0.13766412643134754 0.78168045395083785 0 0.092505719855133395
-0.11997352669305711 0.79336346655802026 0 0.089045015359123819
-0.10224873284473286 0.80482666086856225 0 0.085449785210849963
-0.091919433700431957 0.81139618116951062 0 0.083296383790542147
-0.074151225863040751 0.82250790637946014 0 0.079495389071863806
-0.056362280231911872 0.83339532929243754 0 0.075568851293256897
-0.046001807331251497 0.83962783727509105 0 0.073226826347495999
-0.028190559567717381 0.85015744194282317 0 0.069109196792254968
-0.010371790246739751 0.86045920086727978 0 0.064875574218811738
2.5406263934985057e-17 0.86634937149662783 0 0.062359272000078118
0.017820398910445994 0.87628844688525298 0 0.057950040198513068
0.035635417211538421 0.88599706649170784 0 0.053434821478289728
0.045999140073102511 0.89154097696405943 0 0.050759273397217738
0.063795667377624002 0.90088351364740671 0 0.046084558493214363
0.081574294238157541 0.90999390249181289 0 0.041314203948506552
0.091911139211583517 0.9151890090828475 0 0.038494954343338952
0.1096518095290379 0.92393135091383993 0 0.033581669943888608
0.12736250383467448 0.93244074770983632 0 0.028583325481079527
0.13765432769208732 0.9372858510623564 0 0.02563626747864817
0.1553083476285694 0.94542662979184933 0 0.020511835273835079
0.17292081539723198 0.95333453101321608 0 0.015313039715907698
0.18315022503657416 0.95782973088504519 0 0.012254243454360922
0.20068812999070901 0.96536978325050071 0 0.006946314743024584
0.21817345406717445 0.9726778539595724 0 0.0015747453125095647
-0.97012241065072446 -0.22867564314473462 0 0.0016427227427522695
-0.96251283627974549 -0.21116698145159815 0 0.0072444186870429866
-0.95467629704365953 -0.19360846956608624 0 0.012777058889465636
-0.95001091269371507 -0.18336827491723995 0 0.015964126078196306
-0.9418147574679806 -0.1657392633000413 0 0.021378959655585915
-0.93339110793797631 -0.1480710958107504 0 0.026713884261170936
-0.9283839075877347 -0.13777208590181625 0 0.029780880925312087
-0.91960042318252433 -0.12005074534650671 0 0.034980859587337515
-0.91058970508773163 -0.10230144971021121 0 0.040090129466153569
-0.90524108184045604 -0.09196045369849605 0 0.04302083061680901
-0.8958715857194226 -0.074176077967996662 0 0.047978172764046506
-0.88627593801532012 -0.056375408764982864 0 0.052834152836836526
-0.88058751914480149 -0.046009947972975994 0 0.055612554377562899
-0.87063547121394458 -0.028192980645454734 0 0.060299943567245592
-0.86045920086727978 -0.010371790246739674 0 0.064875574355314769
-0.85443388620948224 7.0936573229106788e-17 0 0.067486058208447927
-0.84390494979399022 0.017818104720180035 0 0.07187692666211129
-0.8331545862434635 0.035628011403333833 0 0.076146005390283031
-0.82679657679977914 0.045987469040996903 0 0.078573502052948149
-0.81569866232624066 0.063774400843818732 0 0.082642311678208305
-0.80438299407296976 0.081540426510343295 0 0.086579775622708743
-0.79769780996096751 0.091868458455998336 0 0.08880992983631375
-0.7860410999259958 0.10959121956774559 0 0.092532455920733281
-0.77417119192367367 0.12728014824662021 0 0.096114664178619511
-0.76716567894471122 0.13755733374239723 0 0.098133997837819995
-0.7549626329935335 0.15518242017111361 0 0.10148760684967564
-0.74255182376683992 0.17276060287712433 0 0.10469261504126456
-0.73523414801762255 0.18296730345665407 0 0.10648868539976715
-0.72249948723901469 0.20046089703071751 0 0.10945260298077215
-0.70956336495594763 0.2178944474385201 0 0.11226042585454452
-0.70194299509024716 0.22801092235188658 0 0.11382197565128398
-0.68869366495202189 0.24533909147323738 0 0.11637753918944356
-0.67525002200544149 0.26259408943590357 0 0.11877039590813934
-0.66733769894902362 0.27260061522622736 0 0.12008749254379388
-0.65359281064426955 0.28972952202497237 0 0.12221838342166058
-0.63966157665270362 0.30677222254351694 0 0.12418092063201712
-0.63146927078449677 0.31664921534787172 0 0.12524508155859571
-0.61725002112471472 0.33354532673164433 0 0.12693753229521124
-0.60285317463368926 0.35034237180676342 0 0.12845702033920223
-0.59439403066413121 0.36007051086085556 0 0.12926132203070734
-0.57972360103197151 0.37670081080769335 0 0.13050429391799193
-0.56488506057514154 0.39321944148087024 0 0.13157079195322954
-0.55617333057267249 0.40277979224447585 0 0.13210996008222672
-0.54107676582408715 0.41911199259799387 0 0.132895287482305
-0.5258222613779201 0.43532025842154926 0 0.13350177401463956
-0.51687322661071411 0.44469439371290825 0 0.13377225295045811
-0.50137729518343566 0.4606971407074727 0 0.13409475114739627
-0.48573422140958905 0.47656410387563647 0 0.13423721702443794
-0.47656410387563614 0.48573422140958927 0 0.13423721702082772
-0.46069714070747253 0.50137729518343577 0 0.1340947511293
-0.44469439371290803 0.51687322661071444 0 0.13377225291465852
-0.43532025842154909 0.52582226137792043 0 0.13350177396725132
-0.41911199259799375 0.54107676582408759 0 0.13289528741574227
-0.40277979224447558 0.55617333057267282 0 0.13210995999784478
-0.39321944148087012 0.56488506057514187 0 0.13157079185919904
-0.37670081080769324 0.57972360103197174 0 0.1305042938100989
-0.3600705108608554 0.59439403066413143 0 0.12926132191259396
-0.35034237180676314 0.60285317463368937 0 0.12845702021654828
-0.33354532673164417 0.61725002112471494 0 0.12693753216309916
-0.31664921534787149 0.63146927078449677 0 0.12524508141435839
-0.30677222254351677 0.63966157665270351 0 0.12418092047969893
-0.28972952202497221 0.65359281064426933 0 0.12221838325674646
-0.27260061522622725 0.66733769894902351 0 0.12008749236834457
-0.26259408943590351 0.67525002200544149 0 0.118770395727651
-0.24533909147323729 0.68869366495202178 0 0.11637753900438112
-0.2280109223518865 0.70194299509024749 0 0.11382197546710937
-0.21789444743852002 0.70956336495594774 0 0.11226042567310385
-0.20046089703071743 0.72249948723901491 0 0.10945260280343481
-0.18296730345665399 0.73523414801762266 0 0.10648868522515927
-0.17276060287712428 0.74255182376684015 0 0.10469261486761863
-0.1551824201711135 0.7549626329935335 0 0.10148760667666545
-0.13755733374239709 0.76716567894471133 0 0.098133997664173064
-0.12728014824662007 0.77417119192367367 0 0.096114664004221625
-0.10959121956774548 0.7860410999259958 0 0.092532455747477552
-0.091868458455998211 0.79769780996096729 0 0.088809929667698059
-0.08154042651034317 0.80438299407296954 0 0.086579775458149419
-0.063774400843818635 0.81569866232624044 0 0.082642311519202233
-0.045987469040996827 0.82679657679977903 0 0.078573501897182735
-0.035628011403333708 0.83315458624346339 0 0.076146005235594505
-0.017818104720179948 0.84390494979399011 0 0.071876926511689546
1.9602507282654727e-18 0.85443388620948224 0 0.067486058065867591
0.010371790246739778 0.86045920086727978 0 0.064875574218753354
0.028192980645454786 0.87063547121394436 0 0.060299943440787068
0.046009947972976056 0.88058751914480127 0 0.055612554260517887
0.056375408764982954 0.8862759380153199 0 0.052834152725121791
0.074176077967996704 0.89587158571942227 0 0.047978172663787948
0.091960453698496078 0.90524108184045582 0 0.043020830531249846
0.10230144971021131 0.9105897050877314 0 0.040090129390335134
0.12005074534650678 0.91960042318252422 0 0.034980859525799192
0.13777208590181628 0.92838390758773437 0 0.029780880874333077
0.14807109581075045 0.93339110793797619 0 0.026713884214824356
0.16573926330004138 0.9418147574679806 0 0.021378959617467014
0.18336827491723995 0.95001091269371507 0 0.015964126049043618
0.19360846956608632 0.95467629704365942 0 0.012777058865856816
0.21116698145159815 0.9625128362797456 0 0.0072444186733530581
0.22867564314473462 0.97012241065072435 0 0.0016427227394489377
-0.96544984403469625 -0.24673066138611663 0 0.001757872533258281
-0.9573294424091664 -0.22918111202872687 0 0.0077490861820901091
-0.94899094145527352 -0.21158636515114385 0 0.013661613290886131
-0.94403759286698086 -0.20132713945102065 0 0.017065317511509845
-0.9353539628907479 -0.18366881128693616 0 0.022844679459019489
-0.9264522736285089 -0.16597540548925629 0 0.02853435462373842
-0.92117128383862978 -0.15566348975469796 0 0.031803297105801882
-0.91192509690285717 -0.13792286789130018 0 0.03734247264779364
-0.90246161491067578 -0.12015772894020828 0 0.042781061481014356
-0.89685413344656795 -0.10980899043059257 0 0.045898866842409104
-0.88704795063566999 -0.092013665840289444 0 0.051169854331622848
-0.87702598513909669 -0.07420478378602538 0 0.056329549751315912
-0.87109428550708068 -0.063835689204041812 0 0.059280135320695371
-0.86073261543240398 -0.046014247175978296 0 0.064255516263105467
-0.85015744194282306 -0.028190559567717315 0 0.069109196938754072
-0.84390494979399022 -0.017818104720179893 0 0.071876926665411622
-0.83299429261789004 6.9923503792568754e-17 0 0.076530132485164576
-0.82187319127365377 0.017808737925585936 0 0.081051631703700167
-0.81530450403291244 0.02816710590258507 0 0.083621473317105149
-0.80385338047033761 0.045951686473773817 0 0.087927054289028597
-0.79219565892986632 0.063715043725039569 0 0.092091426836145018
-0.78531655624936625 0.074041511006137942 0 0.094449106171010697
-0.77333552050530219 0.091761797299336728 0 0.098382996394707059
-0.76115252042546544 0.10944882003639281 0 0.10216678317646989
-0.75396996493612678 0.11972529690256802 0 0.10429893771981215
-0.74147160074007812 0.13735009446466148 0 0.10783871591020608
-0.72877668708743271 0.15492946850181985 0 0.11122020023207486
-0.72129881505206694 0.16513768544969848 0 0.11311452604900077
-0.70829771418199372 0.18263554311057201 0 0.1162396643260265
-0.6951062468655953 0.20007576442050903 0 0.11919911573403572
-0.6873423484817176 0.21019737262165736 0 0.12084450687502467
-0.67385507142516787 0.22753675702935544 0 0.12353660489237714
-0.66018435900295125 0.2448063084620396 0 0.12605650597733384
-0.65214484825994146 0.254822983500959 0 0.12744318292314849
-0.63818986693421598 0.27197245869352055 0 0.129686182017694
-0.62405910242467411 0.28903999095869926 0 0.13175143390888647
-0.61575547658494778 0.2989335386884247 0 0.13287105899521157
-0.60135309932478176 0.3158619486671474 0 0.13465143267200633
-0.58678327844535294 0.33269646349918103 0 0.13624953522769845
-0.57822806738877874 0.3424489267843922 0 0.13709531261397512
-0.56340034670229444 0.3591255789466547 0 0.13840222939321253
-0.54841416914835917 0.37569661227944973 0 0.13952343244803828
-0.53962087498902411 0.38529037735141775 0 0.1400901906645563
-0.52439149887323511 0.40168522457591388 0 0.14091564609160384
-0.50901325353941951 0.41796302750731223 0 0.14155306878421597
-0.49999628108964284 0.42738092863476124 0 0.14183732422760156
-0.48439044897794287 0.44346474779102368 0 0.14217623937332022
-0.46864588429891885 0.45942046311269097 0 0.14232595504225162
-0.45942046311269075 0.46864588429891907 0 0.14232595504038514
-0.44346474779102352 0.4843904489779432 0 0.14217623935994986
-0.42738092863476101 0.49999628108964317 0 0.14183732419484638
-0.41796302750731212 0.50901325353941984 0 0.14155306873701734
-0.40168522457591371 0.52439149887323544 0 0.14091564602122181
-0.38529037735141758 0.53962087498902456 0 0.14009019057406508
-0.37569661227944962 0.5484141691483595 0 0.13952343234728556
-0.35912557894665448 0.56340034670229477 0 0.13840222927770049
-0.34244892678439193 0.57822806738877908 0 0.13709531248738949
-0.33269646349918081 0.58678327844535327 0 0.13624953509612675
-0.31586194866714734 0.60135309932478209 0 0.1346514325307655
-0.29893353868842454 0.61575547658494778 0 0.13287105884240005
-0.28903999095869909 0.62405910242467399 0 0.13175143374861509
-0.27197245869352038 0.63818986693421598 0 0.12968618184559366
-0.25482298350095889 0.65214484825994146 0 0.12744318274078636
-0.24480630846203949 0.66018435900295114 0 0.12605650578983255
-0.22753675702935536 0.67385507142516776 0 0.1235366046991877
-0.21019737262165727 0.68734234848171771 0 0.12084450668035235
-0.20007576442050892 0.69510624686559541 0 0.119199115540201
-0.18263554311057195 0.70829771418199372 0 0.11623966413305323
-0.16513768544969842 0.72129881505206717 0 0.11311452585566445
-0.15492946850181977 0.72877668708743282 0 0.11122020003803372
-0.13735009446466143 0.74147160074007812 0 0.10783871571514328
-0.1197252969025679 0.75396996493612678 0 0.10429893752411355
-0.10944882003639268 0.76115252042546544 0 0.102166782980701
-0.091761797299336603 0.77333552050530208 0 0.098382996201198752
-0.074041511006137831 0.78531655624936636 0 0.09444910598302475
-0.063715043725039444 0.79219565892986632 0 0.0920914266526459
-0.045951686473773734 0.80385338047033728 0 0.087927054112054787
-0.028167105902585001 0.81530450403291244 0 0.083621473144688332
-0.017808737925585814 0.82187319127365377 0 0.08105163153329055
1.3787733142196656e-17 0.83299429261789004 0 0.076530132321007457
0.017818104720179966 0.84390494979399022 0 0.071876926511584727
0.028190559567717422 0.85015744194282317 0 0.069109196792605118
0.046014247175978351 0.86073261543240409 0 0.064255516129962442
0.063835689204041882 0.87109428550708046 0 0.059280135199890373
0.074204783786025491 0.87702598513909635 0 0.056329549637474066
0.092013665840289499 0.88704795063566977 0 0.051169854230729978
0.10980899043059261 0.89685413344656784 0 0.045898866755891492
0.12015772894020836 0.90246161491067556 0 0.04278106140331691
0.1379228678913002 0.91192509690285661 0 0.03734247258303295
0.15566348975469801 0.92117128383862978 0 0.031803297050766247
0.16597540548925638 0.9264522736285089 0 0.028534354573102251
0.18366881128693624 0.9353539628907479 0 0.022844679416955175
0.20132713945102065 0.94403759286698063 0 0.017065317479734839
0.21158636515114387 0.94899094145527352 0 0.013661613265790585
0.22918111202872699 0.95732944240916662 0 0.0077490861682468024
0.24673066138611663 0.96544984403469625 0 0.0017578725301841565
-0.96041872178516408 -0.26478941599862627 0 0.0018708307341840506
-0.95179709232243925 -0.24719837355113114 0 0.0082437743547751925
-0.94296650473864496 -0.22956672613071455 0 0.014528018791681595
-0.93773105458749617 -0.21928805420560299 0 0.018143439465171961
-0.92857020216037189 -0.2015996485588582 0 0.02427863251858077
-0.91920092666669595 -0.18388018436083536 0 0.030314075738514936
-0.91365231248168388 -0.17355485900079795 0 0.033779614753333249
-0.90395413613789399 -0.1557940463688389 0 0.039648629229425157
-0.89404873066181334 -0.13801210212692508 0 0.045406989526557445
-0.88818874738771658 -0.12765503866924025 0 0.04870626476862519
-0.87795686218095126 -0.10984772884197123 0 0.054281122829755134
-0.86751961834502778 -0.092029557292474001 0 0.059734660719670714
-0.86135107738579075 -0.081656186215598059 0 0.062851648402445628
-0.85059085653193545 -0.063829142134496142 0 0.068105063346425895
-0.83962783727509116 -0.046001807331251462 0 0.073226826502674591
-0.83315458624346339 -0.035628011403333687 0 0.076146005397280336
-0.82187319127365366 -0.017808737925585801 0 0.081051631704994895
-0.81039225610882659 6.7258513775876404e-17 0 0.085815707470201896
-0.80361919122223868 0.01035795458610172 0 0.088522206674439552
-0.79182558924239654 0.02814133201479059 0 0.093054892172202364
-0.77983640631333762 0.045903141855932569 0 0.097436656778235667
-0.77276947697459308 0.056228679866704538 0 0.099916399382405569
-0.76047444428535793 0.07394754572475018 0 0.10405243145311362
-0.7479884885384438 0.091633658987525388 0 0.10802879538233021
-0.74063469373287527 0.1019099754519362 0 0.11026864061087639
-0.72785080523030599 0.11953536275533712 0 0.11398598727214311
-0.7148813421916409 0.13711671508198012 0 0.11753563175522234
-0.70724871843735104 0.14732685881406635 0 0.11952351036635256
-0.6939903224007985 0.16482959457890406 0 0.12280204918543801
-0.680552377241603 0.18227697349373609 0 0.12590565011871652
-0.67264997794444326 0.19240393404396622 0 0.12763069222679541
-0.65893315602018199 0.20975479019520726 0 0.13045242474298166
-0.64504346780085819 0.22703898771730768 0 0.13309286011163968
-0.63688133398864843 0.23706578488225685 0 0.1345455125281533
-0.62272384639215306 0.2542356330757915 0 0.13689475968471271
-0.60840080759320037 0.27132760162129221 0 0.1390572968511769
-0.5999899301317364 0.28123737657502274 0 0.14022942817694037
-0.58541114631328517 0.29819734529420916 0 0.14209300359606417
-0.5706747279845753 0.31506835519594778 0 0.14376546302387377
-0.56202700150838503 0.32484446225616143 0 0.1446504544017776
-0.54704781675088721 0.34156609446663277 0 0.14601781211051285
-0.531919479834568 0.35818789137308882 0 0.14719070444424348
-0.52304764875504661 0.36781398938234994 0 0.14778352432212946
-0.50769038739433447 0.38426939898228007 0 0.14864687825375428
-0.49219298099539438 0.40061435936373191 0 0.14931351227602663
-0.48311057807476421 0.41007450165216536 0 0.14961077382551516
-0.46739888424563153 0.42623652694157893 0 0.14996518685143978
-0.45155653183253736 0.44227780993089721 0 0.15012174617045126
-0.44227780993089699 0.45155653183253747 0 0.15012174616847279
-0.42623652694157882 0.46739888424563192 0 0.14996518683781945
-0.41007450165216508 0.4831105780747646 0 0.14961077379275406
-0.40061435936373174 0.49219298099539466 0 0.1493135122290643
-0.38426939898227991 0.5076903873943347 0 0.14864687818304576
-0.36781398938234977 0.52304764875504706 0 0.14778352422934846
-0.35818789137308871 0.53191947983456833 0 0.14719070433953674
-0.3415660944666325 0.54704781675088743 0 0.14601781198915564
-0.32484446225616126 0.56202700150838503 0 0.14465045426894466
-0.31506835519594756 0.57067472798457541 0 0.14376546288637018
-0.2981973452942091 0.58541114631328539 0 0.14209300344831771
-0.28123737657502257 0.59998993013173652 0 0.14022942801534816
-0.27132760162129216 0.60840080759320048 0 0.13905729668016203
-0.25423563307579133 0.62272384639215295 0 0.13689475949958163
-0.2370657848822568 0.63688133398864843 0 0.13454551233215289
-0.2270389877173076 0.64504346780085819 0 0.13309285991081743
-0.20975479019520721 0.65893315602018199 0 0.1304524245366355
-0.19240393404396608 0.67264997794444326 0 0.12763069201843313
-0.18227697349373598 0.680552377241603 0 0.12590564991057931
-0.16482959457890398 0.69399032240079872 0 0.12280204897685543
-0.14732685881406624 0.70724871843735126 0 0.11952351015581747
-0.13711671508198003 0.71488134219164101 0 0.11753563154298417
-0.11953536275533705 0.72785080523030599 0 0.11398598705790459
-0.10190997545193611 0.74063469373287527 0 0.1102686403960737
-0.091633658987525277 0.74798848853844391 0 0.1080287951679598
-0.073947545724750069 0.76047444428535782 0 0.1040524312423409
-0.05622867986670442 0.77276947697459297 0 0.099916399179044324
-0.045903141855932431 0.7798364063133375 0 0.097436656580671452
-0.028141332014790514 0.79182558924239643 0 0.093054891983125582
-0.010357954586101644 0.80361919122223857 0 0.088522206491425032
5.7367555867659264e-17 0.81039225610882637 0 0.085815707289873477
0.017808737925585887 0.82187319127365366 0 0.081051631531940893
0.035628011403333756 0.83315458624346339 0 0.076146005235425446
0.046001807331251567 0.83962783727509083 0 0.073226826349021681
0.063829142134496183 0.85059085653193545 0 0.068105063208045186
0.081656186215598128 0.86135107738579075 0 0.062851648280574685
0.092029557292474126 0.86751961834502755 0 0.059734660607779544
0.10984772884197133 0.87795686218095104 0 0.054281122732698708
0.12765503866924027 0.88818874738771636 0 0.04870626468307656
0.13801210212692516 0.89404873066181312 0 0.045406989446327442
0.15579404636883895 0.90395413613789366 0 0.039648629158168774
0.17355485900079795 0.91365231248168366 0 0.033779614691152399
0.18388018436083539 0.91920092666669573 0 0.030314075681748279
0.20159964855885829 0.92857020216037189 0 0.024278632472657748
0.21928805420560299 0.93773105458749617 0 0.018143439432211046
0.22956672613071466 0.94296650473864485 0 0.0145280187670296
0.24719837355113122 0.95179709232243948 0 0.0082437743426358699
0.26478941599862621 0.96041872178516396 0 0.0018708307319063107
-0.9573245885336048 -0.27529715590087478 0 0.0019355151758284797
-0.94841587547582673 -0.25768187190837927 0 0.0085268840091412695
-0.93930363510736747 -0.24002862289904342 0 0.015023565177648569
-0.93390680720681207 -0.22973854509566269 0 0.018759863729202787
-0.92447310145318851 -0.21203245704072435 0 0.02509802752645484
-0.91483665809870385 -0.19429761749758057 0 0.031330467460621458
-0.90913520788838476 -0.18396435152961779 0 0.034907908192577324
-0.89917903697879387 -0.16619153005507553 0 0.040964497110056543
-0.88902153960175689 -0.14839951868363552 0 0.04690449821966694
-0.88301758826185761 -0.13803743098847615 0 0.050306759617514255
-0.87254309649346395 -0.1202228182254554 0 0.056053918946564613
-0.86186932537449057 -0.10239888993267851 0 0.061673888163353487
-0.85556594957457455 -0.092022816775469876 0 0.064885042007974986
-0.84457893236048431 -0.074192132220686505 0 0.070295665755493925
-0.83339532929243754 -0.056362280231911782 0 0.075568851452858424
-0.82679657679977903 -0.045987469040996758 0 0.078573502062164916
-0.81530450403291244 -0.028167105902584928 0 0.083621473318333195
-0.80361919122223879 -0.010357954586101588 0 0.088522206673411347
-0.79673008980659565 6.6422042814637485e-17 0 0.091305631610260493
-0.78474211749322575 0.017783087321761586 0 0.095966063098331111
-0.772564904479766 0.035544398194522396 0 0.10046999659935615
-0.76539146373747402 0.045869623116791478 0 0.10301828444258
-0.75291843329409225 0.063588039589808409 0 0.10726775385643182
-0.74026081133798904 0.081273978264914351 0 0.1113520946768773
-0.7328100171408044 0.091550395129034401 0 0.11365227974878397
-0.71986444189507437 0.10917643271566883 0 0.11746905835181232
-0.70673956543284877 0.12675920552713077 0 0.12111279287009702
-0.69901936679904264 0.13697060735912514 0 0.12315298387581426
-0.68561540539828369 0.15447637859265681 0 0.12651725366365812
-0.67203806033809277 0.17192806551606346 0 0.12970135940925143
-0.66405734862328059 0.18205819648691637 0 0.13147086022379903
-0.65021076522923449 0.19941577275598485 0 0.13436491646526369
-0.63619732403464779 0.21670846715872513 0 0.13707255799495627
-0.62796590444583766 0.22674110450988888 0 0.13856197844631649
-0.61369401577901173 0.24392265770000413 0 0.14097041406594957
-0.59926237947773486 0.26102860890053892 0 0.14318711949578486
-0.59079093502389213 0.27094764624724454 0 0.14438847434883686
-0.57611254451067595 0.28792559230073939 0 0.14629834305251968
-0.56128207195552071 0.3048173494705802 0 0.14801215810560073
-0.55258212005923402 0.31460688061826247 0 0.14891895241406194
-0.53751743952606812 0.33135402351013493 0 0.15031990756222946
-0.52230886442584834 0.34800457939810092 0 0.15152152436111713
-0.51339270653088942 0.35764898178042498 0 0.15212882367988736
-0.49796326607769337 0.37413865636959481 0 0.1530132304877381
-0.48239860250123556 0.39052158930053649 0 0.15369608888906
-0.47327926711739565 0.40000560613650021 0 0.15400057315988089
-0.45750781398278106 0.41621181834166415 0 0.15436359222363366
-0.44161025121544889 0.43230143094243989 0 0.15452395172936867
-0.43230143094243961 0.44161025121544911 0 0.15452395172659561
-0.41621181834166404 0.45750781398278134 0 0.15436359220792081
-0.40000560613649994 0.47327926711739599 0 0.15400057312594895
-0.39052158930053615 0.48239860250123584 0 0.15369608884230448
-0.37413865636959459 0.4979632660776937 0 0.15301323041830245
-0.35764898178042487 0.51339270653088975 0 0.15212882358741081
-0.34800457939810081 0.52230886442584856 0 0.15152152425536042
-0.33135402351013465 0.53751743952606834 0 0.15031990743835019
-0.31460688061826225 0.55258212005923413 0 0.14891895227863011
-0.30481734947057998 0.56128207195552082 0 0.14801215796595327
-0.28792559230073922 0.57611254451067606 0 0.14629834290210778
-0.27094764624724438 0.59079093502389224 0 0.14438847418210482
-0.26102860890053886 0.59926237947773497 0 0.14318711931745332
-0.24392265770000396 0.61369401577901173 0 0.14097041387094045
-0.22674110450988885 0.62796590444583744 0 0.13856197823971242
-0.21670846715872502 0.63619732403464779 0 0.13707255778386548
-0.19941577275598479 0.65021076522923449 0 0.13436491624921376
-0.18205819648691626 0.66405734862328081 0 0.13147086000609803
-0.17192806551606332 0.67203806033809299 0 0.12970135919189202
-0.15447637859265673 0.68561540539828392 0 0.12651725344582682
-0.13697060735912506 0.69901936679904286 0 0.1231529836557085
-0.12675920552713069 0.70673956543284888 0 0.12111279264799389
-0.10917643271566875 0.71986444189507437 0 0.11746905812745653
-0.09155039512903429 0.73281001714080463 0 0.11365227952399291
-0.081273978264914212 0.74026081133798904 0 0.11135209445277831
-0.063588039589808312 0.75291843329409214 0 0.10726775363684224
-0.045869623116791367 0.76539146373747402 0 0.10301828423192104
-0.035544398194522257 0.77256490447976578 0 0.10046999639560675
-0.017783087321761509 0.78474211749322553 0 0.095966062904606311
1.1462759254391729e-17 0.79673008980659554 0 0.09130563142355444
0.010357954586101711 0.80361919122223879 0 0.088522206489690697
0.028167105902585022 0.81530450403291232 0 0.083621473142097225
0.04598746904099682 0.82679657679977903 0 0.078573501896976136
0.056362280231911893 0.83339532929243731 0 0.07556885129570981
0.074192132220686574 0.84457893236048442 0 0.070295665614613104
0.092022816775469946 0.85556594957457432 0 0.064885041886399833
0.10239888993267861 0.86186932537449013 0 0.061673888053972135
0.12022281822545546 0.87254309649346373 0 0.056053918853217997
0.13803743098847623 0.88301758826185761 0 0.050306759533089482
0.1483995186836356 0.88902153960175689 0 0.046904498137609316
0.16619153005507556 0.89917903697879364 0 0.040964497033777199
0.18396435152961788 0.90913520788838476 0 0.034907908125152751
0.19429761749758062 0.91483665809870363 0 0.031330467399716157
0.21203245704072446 0.92447310145318851 0 0.025098027478469832
0.22973854509566272 0.93390680720681218 0 0.018759863696206355
0.24002862289904356 0.93930363510736758 0 0.015023565154047932
0.25768187190837938 0.94841587547582684 0 0.008526883998702597
0.27529715590087472 0.95732458853360458 0 0.0019355151742205031
-0.95172121993287551 -0.29334121513421563 0 0.0020446405264120601
-0.94232751844465734 -0.27568444824900579 0 0.009004237610071051
-0.93273978323056406 -0.2579941863742175 0 0.015858646645411513
-0.92707065477727746 -0.24768454068623669 0 0.019798310453520547
-0.91717678601912034 -0.22994807037275528 0 0.026477660072691939
-0.90709005508112006 -0.2121867488656157 0 0.033040881015556106
-0.90113114104195757 -0.20183977351729079 0 0.036806053276326814
-0.89074056953923919 -0.1840461579902854 0 0.043177065695518463
-0.88015886587139114 -0.1662366316038886 0 0.049421222406724988
-0.87391276639087379 -0.15586575965633517 0 0.052995787136608227
-0.86303040716193136 -0.13803829846771337 0 0.05903099062252351
-0.85195921424398502 -0.12020413182842553 0 0.064928909315467492
-0.84542938351999863 -0.10982319452569539 0 0.068297198326235806
-0.83406162510690307 -0.091985844913248335 0 0.073969958603558011
-0.82250790637946014 -0.074151225863040668 0 0.079495389237711961
-0.81569866232624033 -0.063774400843818566 0 0.082642311689589437
-0.80385338047033739 -0.045951686473773665 0 0.087927054290383694
-0.79182558924239654 -0.028141332014790459 0 0.093054892170279263
-0.78474211749322553 -0.01778308732176145 0 0.095966063097278634
-0.77242867893710776 6.5667439455815159e-17 0 0.10083849350437948
-0.75993675824682161 0.017760944537693318 0 0.10554499832985184
-0.75258511023638208 0.028085910268439696 0 0.10820686544677552
-0.73981436623904961 0.045804015223964108 0 0.11264418473435821
-0.72686973829850532 0.06349008305475777 0 0.11690719301525181
-0.71925682323098938 0.073766903775614096 0 0.11930715875624989
-0.70604109250018376 0.091394417696876146 0 0.12328827068521793
-0.69265663747646566 0.10897993264656759 0 0.1270873993424593
-0.68479020805805124 0.11919364094109154 0 0.12921393758220379
-0.67114324893123067 0.13670481659871409 0 0.13271964521957313
-0.65733327294691479 0.15416400942116318 0 0.13603648287425377
-0.64922190483882281 0.16429960484125553 0 0.1378792476835401
-0.63515887667983406 0.18166867486003926 0 0.14089243562453271
-0.62093906905410601 0.19897580277142085 0 0.14371071869816482
-0.61259213408377566 0.20901832185435482 0 0.14526064388436413
-0.59812954800338036 0.22621961967705007 0 0.14776644373873038
-0.5835169278975082 0.24334908800278937 0 0.15007221465611859
-0.57494456114886139 0.25328367531389245 0 0.15132160236704489
-0.56010022030118722 0.2702917575717268 0 0.15330753866408059
-0.54511307307625567 0.28721824234490417 0 0.15508928351227438
-0.53632613406388174 0.29703022186207972 0 0.1560318804527886
-0.52111906391456131 0.31381999096524921 0 0.1574879945580081
-0.50577686765218577 0.33051856127719725 0 0.15873675789725358
-0.49678689586680513 0.3401935074147342 0 0.15936781787294674
-0.48123726496902419 0.35674033314985282 0 0.16028676789142177
-0.46556060774413205 0.37318657203515299 0 0.16099624294264581
-0.4563797729360729 0.38271037959708826 0 0.16131257480107103
-0.44050880488487781 0.39899021851249322 0 0.16168970985148007
-0.42451929351051493 0.41516034115244177 0 0.16185630239547097
-0.4151603411524416 0.42451929351051509 0 0.16185630239198229
-0.39899021851249306 0.44050880488487809 0 0.16168970983406539
-0.38271037959708798 0.45637977293607318 0 0.16131257476673205
-0.37318657203515271 0.46556060774413222 0 0.16099624289709269
-0.35674033314985265 0.48123726496902447 0 0.16028676782447371
-0.34019350741473403 0.49678689586680547 0 0.15936781778195167
-0.3305185612771972 0.5057768676521861 0 0.15873675779148738
-0.31381999096524893 0.52111906391456153 0 0.15748799443226708
-0.2970302218620795 0.53632613406388197 0 0.15603188031486184
-0.28721824234490395 0.54511307307625578 0 0.15508928337017289
-0.27029175757172669 0.56010022030118722 0 0.15330753850967924
-0.2532836753138924 0.5749445611488615 0 0.15132160219243213
-0.24334908800278926 0.58351692789750853 0 0.15007221446676228
-0.22621961967704998 0.59812954800338047 0 0.14776644352888618
-0.20901832185435471 0.61259213408377566 0 0.14526064366156588
-0.19897580277142074 0.62093906905410601 0 0.14371071847107827
-0.18166867486003921 0.63515887667983406 0 0.14089243539244062
-0.16429960484125547 0.64922190483882292 0 0.13787924744896549
-0.1541640094211631 0.65733327294691513 0 0.13603648263922311
-0.136704816598714 0.6711432489312309 0 0.1327196449828647
-0.11919364094109146 0.68479020805805135 0 0.1292139373423225
-0.10897993264656754 0.69265663747646589 0 0.12708739910022976
-0.091394417696876049 0.70604109250018376 0 0.12328827044090006
-0.073766903775613998 0.71925682323098961 0 0.11930715851269551
-0.063490083054757632 0.72686973829850565 0 0.11690719277353273
-0.045804015223963997 0.73981436623904984 0 0.11264418449943471
-0.028085910268439582 0.75258511023638197 0 0.10820686522341222
-0.017760944537693189 0.7599367582468215 0 0.10554499811504255
9.9496120387598687e-18 0.77242867893710776 0 0.10083849330194808
0.01778308732176153 0.78474211749322553 0 0.09596606290352841
0.028141332014790577 0.79182558924239654 0 0.093054891980167545
0.045951686473773762 0.80385338047033739 0 0.08792705410838178
0.063774400843818635 0.81569866232624011 0 0.082642311518641862
0.074151225863040751 0.82250790637945992 0 0.079495389074616229
0.091985844913248391 0.83406162510690296 0 0.073969958457448526
0.10982319452569542 0.84542938351999852 0 0.068297198201656972
0.12020413182842563 0.8519592142439848 0 0.064928909204875554
0.13803829846771343 0.86303040716193102 0 0.059030990528973891
0.15586575965633528 0.87391276639087367 0 0.052995787049962696
0.16623663160388868 0.88015886587139114 0 0.049421222320141567
0.18404615799028545 0.89074056953923908 0 0.043177065612703139
0.20183977351729088 0.90113114104195768 0 0.036806053203360604
0.21218674886561575 0.90709005508112006 0 0.033040880950902331
0.22994807037275536 0.91717678601912034 0 0.026477660023667887
0.24768454068623669 0.92707065477727746 0 0.01979831042138086
0.25799418637421762 0.93273978323056406 0 0.015858646623376327
0.27568444824900584 0.94232751844465745 0 0.0090042376013931228
0.29334121513421557 0.9517212199328754 0 0.0020446405254247054
-0.94575351066878555 -0.31136267378464605 0 0.002151110563178074
-0.93588572396048753 -0.29366506894044037 0 0.0094696515769525941
-0.92583356618121959 -0.27593834258990718 0 0.016672271733369635
-0.91989864843274471 -0.26560940405724326 0 0.020809664230593324
-0.90955590234938077 -0.24784294930988299 0 0.02782038441117559
-0.8990302706416381 -0.23005545106955622 0 0.034704425651981244
-0.89282055611225541 -0.21969490248566462 0 0.038651474083768241
-0.88200707839033143 -0.20188065794875207 0 0.045326784667236879
-0.87101269828861128 -0.18405369814085176 0 0.051864908374558233
-0.86453116747703729 -0.17367405292464574 0 0.055605825775871406
-0.85325247671722837 -0.15583370320340109 0 0.061918846308733649
-0.84179537097017021 -0.13798918883787459 0 0.06808450127865151
-0.83504576181181966 -0.12760329450164895 0 0.071603995422195962
-0.82330868153592118 -0.1097590749963832 0 0.077528757829112671
-0.81139618116951084 -0.091919433700431943 0 0.083296383960876505
-0.80438299407296976 -0.08154042651034317 0 0.086579775633904663
-0.79219565892986632 -0.063715043725039403 0 0.092091426838171106
-0.77983640631333784 -0.045903141855932438 0 0.097436656777089431
-0.77256490447976589 -0.03554439819452225 0 0.10046999659883776
-0.75993675824682139 -0.017760944537693175 0 0.10554499833011037
-0.74714070183904646 7.1867334273755357e-17 0 0.11044485593080421
-0.73961690669196156 0.010324915250531959 0 0.11321503907950006
-0.72655869180191035 0.028043051599064818 0 0.11783136261228937
-0.71333707234298194 0.045729561225916426 0 0.12226445430650701
-0.70556775394786775 0.056006948912543306 0 0.1247593302641595
-0.69209149236294776 0.073636178413790013 0 0.12889664239266149
-0.67845682037004429 0.091224611752628873 0 0.13284333972257228
-0.67044948277932992 0.10144069488046963 0 0.13505181678356828
-0.65656844813262438 0.11895732459745136 0 0.138691655648017
-0.64253447265958685 0.13642397559853245 0 0.14213426605763063
-0.63429733417781353 0.14656495750785592 0 0.14404640831196963
-0.62002601520494194 0.16394529181976122 0 0.14717234571522136
-0.60560768392961906 0.1812664913149438 0 0.15009526919753158
-0.59714965235505435 0.19131861511958684 0 0.15170238498042707
-0.58250370774567517 0.20853905833683536 0 0.15430017329358736
-0.56771711855609874 0.22569127715205989 0 0.15669004266174127
-0.55904776151753321 0.23564088592465293 0 0.15798476304159334
-0.54404396642360542 0.25267804590841686 0 0.16004246435585354
-0.52890631078144934 0.26963799862423821 0 0.16188826698725534
-0.52003582135124449 0.2794715957929248 0 0.16286461312368181
-0.5046920058955936 0.29630238765113914 0 0.1643727086845625
-0.48922150436105627 0.31304713607481072 0 0.16566588781835978
-0.4801606621864728 0.32275144548333462 0 0.1663193261040205
-0.46449564241880154 0.3393531943975302 0 0.16727080435199199
-0.4487114728229149 0.35586024979798175 0 0.1680053385274401
-0.43947160107611932 0.36542227487652901 0 0.16833282279901388
-0.42350510292209614 0.38177281711060562 0 0.16872324473958822
-0.40742732176844348 0.39802024027016197 0 0.16889570400531806
-0.39802024027016175 0.40742732176844376 0 0.16889570400220658
-0.38177281711060551 0.42350510292209642 0 0.16872324472361225
-0.36542227487652873 0.4394716010761196 0 0.16833282276681122
-0.35586024979798159 0.44871147282291518 0 0.16800533848426438
-0.33935319439752998 0.46449564241880187 0 0.1672708042875958
-0.32275144548333451 0.48016066218647302 0 0.16631932601545443
-0.31304713607481055 0.48922150436105655 0 0.16566588771480256
-0.29630238765113887 0.50469200589559393 0 0.16437270856022221
-0.27947159579292463 0.5200358213512446 0 0.16286461298577926
-0.26963799862423804 0.52890631078144956 0 0.1618882668441099
-0.25267804590841664 0.54404396642360553 0 0.16004246419801926
-0.23564088592465279 0.55904776151753344 0 0.15798476286044541
-0.2256912771520598 0.56771711855609885 0 0.15669004246379931
-0.20853905833683531 0.58250370774567517 0 0.15430017307248145
-0.19131861511958678 0.59714965235505435 0 0.15170238474494152
-0.18126649131494371 0.60560768392961917 0 0.15009526895738848
-0.16394529181976114 0.62002601520494216 0 0.14717234546847907
-0.14656495750785581 0.63429733417781364 0 0.14404640805969346
-0.13642397559853239 0.64253447265958696 0 0.14213426580257815
-0.11895732459745129 0.65656844813262472 0 0.13869165538826536
-0.10144069488046956 0.67044948277933014 0 0.13505181651910972
-0.091224611752628817 0.67845682037004462 0 0.13284333945556184
-0.073636178413789929 0.69209149236294776 0 0.12889664212449148
-0.056006948912543202 0.70556775394786797 0 0.12475932999930768
-0.045729561225916281 0.71333707234298205 0 0.12226445404562457
-0.028043051599064703 0.72655869180191035 0 0.11783136236147085
-0.010324915250531856 0.73961690669196156 0 0.1132150388427948
5.7893130387191822e-17 0.74714070183904646 0 0.11044485570383369
0.017760944537693252 0.75993675824682139 0 0.1055449981173662
0.035544398194522334 0.772564904479766 0 0.10046999639644336
0.045903141855932549 0.77983640631333773 0 0.09743665657920593
0.0637150437250395 0.79219565892986632 0 0.092091426649490035
0.081540426510343239 0.80438299407296943 0 0.086579775456826186
0.091919433700432041 0.8113961811695104 0 0.083296383791703912
0.10975907499638322 0.82330868153592107 0 0.077528757676320115
0.12760329450164903 0.83504576181181966 0 0.071603995289415648
0.13798918883787467 0.84179537097016999 0 0.068084501158688068
0.15583370320340117 0.85325247671722804 0 0.061918846205297293
0.1736740529246458 0.86453116747703695 0 0.055605825680982678
0.18405369814085182 0.87101269828861105 0 0.051864908281573863
0.2018806579487521 0.8820070783903311 0 0.045326784581166513
0.21969490248566464 0.89282055611225541 0 0.038651474010452873
0.23005545106955633 0.89903027064163821 0 0.034704425588494743
0.24784294930988301 0.90955590234938066 0 0.027820384364622874
0.26560940405724326 0.9198986484327446 0 0.02080966420045121
0.27593834258990735 0.92583356618121981 0 0.016672271712359538
0.29366506894044042 0.93588572396048753 0 0.0094696515682070239
0.31136267378464599 0.94575351066878532 0 0.0021511105620054963
-0.94211200473336454 -0.32183640000536212 0 0.0022118055391590727
-0.93197351216502355 -0.30411552768183214 0 0.0097348226946956141
-0.92165633332317587 -0.28636802839626574 0 0.017135581453335186
-0.91556981844108676 -0.27602809981051213 0 0.021385383392885711
-0.90497117141510053 -0.25824456455704375 0 0.028584327761807554
-0.89419547625738005 -0.24044215343734171 0 0.03565040058460716
-0.88784293492790067 -0.2300738709086268 0 0.039700553513212965
-0.87678872884786663 -0.21224786889428057 0 0.046548225919055247
-0.86555957652478643 -0.19441096766163463 0 0.053252682633385451
-0.85894416744989466 -0.18402631639855574 0 0.057087645586441645
-0.84744019923538572 -0.16617860617805622 0 0.063557601425364194
-0.83576385502352912 -0.14832817317858529 0 0.069874342409906837
-0.82888944057349745 -0.13793943851726925 0 0.073479092731415799
-0.81694271845858168 -0.12009127286366683 0 0.079545836623899996
-0.80482666086856225 -0.10224873284473279 0 0.085449785382999313
-0.79769780996096751 -0.09186845845599817 0 0.088809929846454139
-0.78531655624936625 -0.074041511006137775 0 0.094449106173611644
-0.77276947697459308 -0.056228679866704386 0 0.09991639938235361
-0.76539146373747391 -0.045869623116791318 0 0.1030182844429961
-0.75258511023638186 -0.028085910268439537 0 0.10820686544769323
-0.73961690669196145 -0.010324915250531804 0 0.11321503907999673
-0.73199570477821774 8.2549922330747311e-17 0 0.11604585818169166
-0.7187748807053792 0.017718201428807104 0 0.1207623261628243
-0.70539664098156551 0.035405005570316742 0 0.12529049468451536
-0.69753891344647778 0.04568273840488242 0 0.12783839107388406
-0.68391542568383601 0.063312977176428142 0 0.1320629123364836
-0.67013940581925002 0.080903095423310215 0 0.13609193903164069
-0.66205249052091841 0.091120539183271648 0 0.13834610310754208
-0.6480392961718664 0.10864027866144489 0 0.14206069170210059
-0.63387888973698459 0.12611116573973741 0 0.14557334771304209
-0.62557078026974966 0.13625520081965367 0 0.14752410732831781
-0.6111819515643554 0.15364191031855345 0 0.15071277606036584
-0.5966516516341408 0.17097106275220572 0 0.15369388595275926
-0.58813097385687108 0.18102861045382515 0 0.15533278853287677
-0.57338165553896225 0.19825985817471484 0 0.15798168528753834
-0.55849700922342504 0.21542490763116492 0 0.16041825714819105
-0.54977299349697317 0.22538298463092871 0 0.16173814245644305
-0.53467935291703605 0.24243653141265245 0 0.16383566988435466
-0.51945690870837236 0.25941533855435328 0 0.1657170080845812
-0.51053935800859662 0.26926111152251542 0 0.16671207058621171
-0.4951185282354385 0.28611500460521022 0 0.16824898738287702
-0.47957577651850197 0.3028857526401687 0 0.16956678627804395
-0.47047503064202922 0.31260659253947992 0 0.1702326261250259
-0.45474504699236418 0.32923925852751107 0 0.17120212841133745
-0.43890035414992196 0.34578054564255567 0 0.17195054574551535
-0.42962725027831622 0.355364081231137 0 0.17228420777151851
-0.41360698074520924 0.37175441743916027 0 0.17268198947307445
-0.3974795173690524 0.38804534730230944 0 0.17285769828702288
-0.38804534730230927 0.39747951736905252 0 0.17285769828454209
-0.37175441743916016 0.41360698074520952 0 0.1726819894591089
-0.35536408123113672 0.4296272502783165 0 0.17228420774148556
-0.34578054564255545 0.43890035414992207 0 0.17195054570411958
-0.32923925852751085 0.45474504699236445 0 0.17120212834842838
-0.31260659253947976 0.47047503064202945 0 0.17023262603830219
-0.30288575264016854 0.47957577651850225 0 0.16956678617675924
-0.28611500460520994 0.49511852823543873 0 0.16824898726079726
-0.2692611115225152 0.51053935800859684 0 0.16671207044944789
-0.25941533855435306 0.51945690870837247 0 0.16571700794147326
-0.24243653141265234 0.53467935291703605 0 0.16383566972484029
-0.22538298463092854 0.54977299349697317 0 0.16173814227225164
-0.21542490763116481 0.55849700922342516 0 0.16041825694656506
-0.19825985817471478 0.57338165553896236 0 0.15798168506176352
-0.1810286104538251 0.58813097385687108 0 0.15533278829186345
-0.17097106275220564 0.5966516516341408 0 0.15369388570659812
-0.1536419103185534 0.61118195156435551 0 0.15071277580603465
-0.13625520081965356 0.62557078026974955 0 0.14752410706585756
-0.12611116573973732 0.63387888973698481 0 0.14557334744592207
-0.10864027866144482 0.64803929617186662 0 0.14206069142788416
-0.091120539183271579 0.66205249052091852 0 0.13834610282749032
-0.080903095423310145 0.67013940581925024 0 0.13609193874895989
-0.063312977176428073 0.68391542568383612 0 0.13206291205345821
-0.045682738404882316 0.69753891344647811 0 0.12783839079618031
-0.035405005570316596 0.70539664098156563 0 0.12529049441240483
-0.017718201428806989 0.71877488070537932 0 0.12076232590301782
2.1996648493885731e-17 0.73199570477821763 0 0.11604585793735592
0.010324915250531931 0.73961690669196156 0 0.11321503884582602
0.028085910268439613 0.75258511023638175 0 0.1082068652285537
0.045869623116791394 0.76539146373747391 0 0.10301828423519002
0.056228679866704503 0.77276947697459297 0 0.099916399179690321
0.074041511006137858 0.78531655624936614 0 0.094449105981000328
0.091868458455998239 0.7976978099609674 0 0.088809929665949944
0.10224873284473292 0.80482666086856225 0 0.085449785210489321
0.12009127286366687 0.81694271845858168 0 0.079545836466849873
0.13793943851726936 0.82888944057349712 0 0.073479092592007245
0.1483281731785854 0.83576385502352901 0 0.069874342281473545
0.1661786061780563 0.84744019923538549 0 0.063557601312579551
0.18402631639855585 0.85894416744989455 0 0.057087645484637461
0.19441096766163468 0.86555957652478621 0 0.053252682536215006
0.2122478688942806 0.87678872884786641 0 0.04654822583265824
0.2300738709086268 0.88784293492790056 0 0.039700553441949955
0.24044215343734185 0.89419547625738016 0 0.035650400523883762
0.25824456455704375 0.90497117141510042 0 0.028584327718139766
0.27602809981051218 0.91556981844108676 0 0.021385383364375749
0.28636802839626596 0.92165633332317598 0 0.017135581432720103
0.30411552768183225 0.93197351216502355 0 0.0097348226851926272
0.32183640000536212 0.94211200473336454 0 0.0022118055375602579
-0.93556484286002839 -0.33980057599646363 0 0.0023137138903424918
-0.92497046532723259 -0.32204094062330957 0 0.010179827441973741
-0.91420724607684856 -0.304258865792852 0 0.017912705848132968
-0.90786570819836165 -0.29390065906414237 0 0.022350772462832222
-0.89683677343945145 -0.27608873986704541 0 0.029864710521248748
-0.88564084837278501 -0.25826157564891411 0 0.03723510882925727
-0.87904839519091005 -0.247880469193546 0 0.041457496299682206
-0.86759000541755671 -0.23003499398645227 0 0.048592879204735956
-0.8559668844498054 -0.21218165518912538 0 0.055574714624998856
-0.84912691081269542 -0.2017887399468036 0 0.059566387273358536
-0.83724522305753035 -0.18392890193144421 0 0.066297657367018037
-0.82520147312232872 -0.16606874633441177 0 0.07286573929399838
-0.81811798972770056 -0.15567536047926495 0 0.076612212815443129
-0.80582021978306007 -0.13782075908638344 0 0.082914812219554504
-0.79336346655802026 -0.11997352669305705 0 0.089045015533318866
-0.78604109992599569 -0.10959121956774544 0 0.092532455929562607
-0.77333552050530219 -0.091761797299336562 0 0.098382996397585354
-0.76047444428535804 -0.073947545724750055 0 0.10405243145404651
-0.75291843329409203 -0.063588039589808257 0 0.10726775385784831
-0.73981436623904961 -0.045804015223963948 0 0.11264418473579821
-0.72655869180191013 -0.028043051599064648 0 0.11783136261221551
-0.7187748807053792 -0.017718201428806927 0 0.12076232616144471
-0.7052826831180119 9.5235365646848653e-17 0 0.12564409549865821
-0.69164316348345112 0.017687190175696362 0 0.13032908659727721
-0.68363799136486259 0.027965438590931521 0 0.13296438548042885
-0.66976903560309942 0.045597258575609222 0 0.13733259369240711
-0.65575742964875683 0.063190085155172923 0 0.14149717766497688
-0.64753791629905944 0.073409738514666645 0 0.14382652658316028
-0.63330456383723899 0.090934560119611124 0 0.14766407011891872
-0.61893360779717588 0.10841240408464434 0 0.15129187536789088
-0.61050733604548679 0.11856146598205403 0 0.15330608871879239
-0.59592290526586456 0.13595869060612797 0 0.15659779230143767
-0.58120627820335258 0.15330098134302911 0 0.1596744232142992
-0.57258137276427357 0.16336749744196583 0 0.16136548676663365
-0.55766010081133222 0.18061662272733658 0 0.1640982222868804
-0.54261238422316538 0.1978029162204934 0 0.16661137260084932
-0.53379748716423725 0.20777501985704197 0 0.16797250685766843
-0.5185544860592487 0.22485571814629515 0 0.17013529751658915
-0.50319111783419879 0.24186577548311008 0 0.17207484834276779
-0.49419536080454579 0.25173173334013743 0 0.17310056271319191
-0.478646568082288 0.26862393006708279 0 0.17468467094564294
-0.46298379110000681 0.28543779563580551 0 0.17604277205450283
-0.45381676449787162 0.29518605312723029 0 0.17672890905891253
-0.43797888868954271 0.31187000451785951 0 0.17772790705368113
-0.42203369440715693 0.32846808327344607 0 0.1784990404380784
-0.4127054136988772 0.33808730927478708 0 0.17884280945596331
-0.39659587504396426 0.35454367873423448 0 0.17925263139802952
-0.38038594247472091 0.37090681191012936 0 0.17943365617639448
-0.37090681191012925 0.38038594247472118 0 0.17943365617430207
-0.35454367873423431 0.3965958750439646 0 0.17925263138537442
-0.33808730927478692 0.41270541369887748 0 0.17884280942752348
-0.32846808327344579 0.42203369440715721 0 0.17849904039821701
-0.31187000451785923 0.43797888868954304 0 0.17772790699290977
-0.29518605312723006 0.45381676449787195 0 0.1767289089759741
-0.28543779563580535 0.46298379110000709 0 0.17604277195828899
-0.26862393006708252 0.47864656808228834 0 0.17468467082906322
-0.25173173334013721 0.49419536080454607 0 0.17310056257977668
-0.24186577548310995 0.50319111783419912 0 0.17207484820076863
-0.22485571814629501 0.51855448605924881 0 0.17013529735567406
-0.2077750198570418 0.53379748716423736 0 0.16797250667168856
-0.19780291622049326 0.54261238422316549 0 0.1666113723980282
-0.18061662272733656 0.55766010081133222 0 0.16409822205996163
-0.16336749744196574 0.57258137276427357 0 0.16136548652296834
-0.15330098134302905 0.58120627820335269 0 0.1596744229639577
-0.13595869060612786 0.59592290526586467 0 0.15659779204018134
-0.11856146598205396 0.61050733604548679 0 0.15330608844665425
-0.10841240408464424 0.61893360779717621 0 0.15129187508951833
-0.090934560119611083 0.63330456383723932 0 0.14766406983126543
-0.073409738514666603 0.64753791629905966 0 0.1438265262882123
-0.063190085155172854 0.65575742964875716 0 0.14149717736693737
-0.045597258575609145 0.66976903560309953 0 0.13733259339470855
-0.027965438590931424 0.68363799136486281 0 0.13296438519072101
-0.017687190175696223 0.69164316348345123 0 0.13032908631545947
1.8044595596245007e-17 0.70528268311801201 0 0.12564409523181333
0.017718201428807027 0.71877488070537909 0 0.12076232591076656
0.02804305159906478 0.72655869180191024 0 0.11783136237135033
0.045804015223964024 0.73981436623904961 0 0.11264418451031161
0.06358803958980834 0.75291843329409214 0 0.10726775364556135
0.073947545724750152 0.76047444428535804 0 0.10405243124855261
0.091761797299336645 0.77333552050530208 0 0.098382996203936618
0.10959121956774552 0.78604109992599558 0 0.09253245574821653
0.11997352669305715 0.79336346655802015 0 0.089045015359373161
0.13782075908638347 0.80582021978305995 0 0.082914812059212362
0.15567536047926503 0.81811798972770022 0 0.076612212669888366
0.16606874633441188 0.82520147312232817 0 0.072865739157509241
0.18392890193144432 0.83724522305752991 0 0.066297657245641087
0.20178873994680374 0.84912691081269531 0 0.059566387166328935
0.21218165518912541 0.85596688444980484 0 0.055574714526085825
0.23003499398645233 0.86759000541755649 0 0.048592879121163779
0.24788046919354609 0.87904839519091027 0 0.041457496233458457
0.25826157564891422 0.88564084837278523 0 0.037235108773828747
0.27608873986704541 0.89683677343945134 0 0.029864710482216773
0.29390065906414242 0.90786570819836165 0 0.022350772437012126
0.30425886579285216 0.91420724607684856 0 0.017912705828612454
0.32204094062330973 0.92497046532723259 0 0.010179827431960161
0.33980057599646363 0.93556484286002828 0 0.0023137138883288551
-0.92865006239101522 -0.35771471062448962 0 0.0024125106558967229
-0.91761187093665897 -0.33991831198273925 0 0.010610971619223281
-0.90641474325931248 -0.322103521316976 0 0.018665146347345864
-0.89982526194085899 -0.31172805523519548 0 0.02328515202993256
-0.88837822081098095 -0.29388939549677001 0 0.03110320002072884
-0.87677424940302673 -0.2760389892762618 0 0.038767037175842747
-0.86994896740109984 -0.26564587908580051 0 0.043155328993665462
-0.85809853656022206 -0.24778224143541841 0 0.050567583667965911
-0.84609353647681274 -0.22991365588676296 0 0.057816021658244003
-0.83903600171327131 -0.21951311683615937 0 0.061958167588844829
-0.82678855862184986 -0.20164216457364834 0 0.068940122170817048
-0.81438926283517898 -0.1837731967371605 0 0.075749036856627025
-0.80710355737109463 -0.17337564498847027 0 0.079631179602346613
-0.79446639666474506 -0.15551537071900534 0 0.086159361138607629
-0.78168045395083785 -0.13766412643134751 0 0.09250572003005289
-0.77417119192367367 -0.12728014824662001 0 0.096114664187082352
-0.76115252042546555 -0.10944882003639265 0 0.10216678317857621
-0.74798848853844402 -0.091633658987525263 0 0.10802879538282475
-0.74026081133798882 -0.081273978264914185 0 0.11135209467828554
-0.72686973829850532 -0.063490083054757632 0 0.116907193016227
-0.71333707234298183 -0.04572956122591626 0 0.12226445430376762
-0.70539664098156563 -0.035405005570316568 0 0.12529049467854286
-0.69164316348345123 -0.017687190175696171 0 0.13032908659068107
-0.67775219943870202 9.4449581786575299e-17 0 0.13516271800844032
-0.66960518409662106 0.010278534467082498 0 0.13788079712047654
-0.65550016760465657 0.027911524408168565 0 0.14238500314674968
-0.64126210099927183 0.045506615788970597 0 0.14667778146488958
-0.63291516775288958 0.055728200657644181 0 0.14907818293127736
-0.61847032183665129 0.073257583397536713 0 0.15303185461383881
-0.60389718161885064 0.090741797378361438 0 0.1567683332725115
-0.59535747638606851 0.10089550897822659 0 0.15884239526376934
-0.58058532568928145 0.1183025306161027 0 0.16223122957396355
-0.56568994338537271 0.13565714144989457 0 0.16539784861668172
-0.5569650731507455 0.14573209842587029 0 0.16713802571516531
-0.54187892372885205 0.16299809766935647 0 0.16994966759050847
-0.52667489802964174 0.1802044974190305 0 0.17253485135213431
-0.51777290943889887 0.19018989859295377 0 0.17393476911708272
-0.50238681063338542 0.20729637186990407 0 0.17615890106529916
-0.48688846759505222 0.22433613553095774 0 0.17815314241415364
-0.47781782303574838 0.23422129777932957 0 0.17920764389577976
-0.46214652509969828 0.2511499642336768 0 0.1808360614621759
-0.44636887419091231 0.26800491455855247 0 0.18223199154663175
-0.43713842550196114 0.27777931043256104 0 0.18293717520605002
-0.42119733323535946 0.29451217633259358 0 0.18396384742532748
-0.4051560195055971 0.31116444788453607 0 0.18475629010729716
-0.39577497948309204 0.32081774269757585 0 0.18510953869408217
-0.37958010217791427 0.33733716478520948 0 0.18553065278607533
-0.36329135486223407 0.35376926675184267 0 0.1857166630568087
-0.35376926675184256 0.36329135486223418 0 0.18571666305402609
-0.33733716478520925 0.37958010217791444 0 0.18553065277142797
-0.32081774269757563 0.39577497948309226 0 0.18510953866400506
-0.3111644478845359 0.40515601950559743 0 0.18475629006672917
-0.29451217633259341 0.42119733323535974 0 0.18396384736610591
-0.27777931043256077 0.43713842550196147 0 0.18293717512766408
-0.26800491455855224 0.44636887419091259 0 0.18223199145688793
-0.25114996423367658 0.4621465250996985 0 0.18083606135301608
-0.23422129777932935 0.47781782303574849 0 0.17920764376739606
-0.22433613553095758 0.48688846759505239 0 0.17815314227457457
-0.20729637186990399 0.50238681063338553 0 0.17615890090499675
-0.19018989859295365 0.51777290943889887 0 0.1739347689339717
-0.18020449741903044 0.52667489802964196 0 0.1725348511550252
-0.16299809766935638 0.54187892372885205 0 0.169949667371668
-0.14573209842587023 0.5569650731507455 0 0.16713802547803303
-0.13565714144989452 0.56568994338537271 0 0.16539784837044791
-0.11830253061610259 0.58058532568928167 0 0.16223122931416484
-0.10089550897822651 0.59535747638606862 0 0.15884239499294239
-0.090741797378361355 0.60389718161885086 0 0.15676833299634901
-0.073257583397536644 0.61847032183665174 0 0.15303185432909716
-0.055728200657644125 0.63291516775288992 0 0.14907818263851944
-0.045506615788970528 0.64126210099927217 0 0.14667778116810476
-0.027911524408168499 0.65550016760465679 0 0.14238500284991976
-0.010278534467082408 0.66960518409662118 0 0.13788079683309276
4.421044253839695e-17 0.67775219943870224 0 0.13516271773045588
0.017687190175696289 0.69164316348345134 0 0.13032908632859344
0.035405005570316665 0.70539664098156563 0 0.12529049443104295
0.045729561225916392 0.71333707234298205 0 0.12226445406425292
0.063490083054757715 0.72686973829850554 0 0.11690719279104521
0.081273978264914254 0.74026081133798904 0 0.11135209446841673
0.091633658987525402 0.74798848853844402 0 0.10802879518216714
0.10944882003639274 0.76115252042546544 0 0.1021667829919778
0.1272801482466201 0.77417119192367356 0 0.096114664011990036
0.13766412643134762 0.78168045395083774 0 0.092505719860700442
0.15551537071900537 0.79446639666474483 0 0.086159360980755773
0.17337564498847036 0.8071035573710944 0 0.079631179458523063
0.18377319673716058 0.81438926283517843 0 0.075749036722024252
0.20164216457364845 0.82678855862184963 0 0.068940122052314576
0.21951311683615948 0.83903600171327131 0 0.061958167486543439
0.22991365588676307 0.84609353647681262 0 0.057816021565423557
0.24778224143541841 0.85809853656022184 0 0.050567583591628273
0.26564587908580056 0.86994896740109984 0 0.04315532893406529
0.27603898927626186 0.87677424940302673 0 0.038767037125966852
0.29388939549677007 0.88837822081098072 0 0.031103199985516541
0.31172805523519553 0.89982526194085877 0 0.023285152006522168
0.32210352131697623 0.90641474325931237 0 0.01866514632955988
0.33991831198273936 0.91761187093665897 0 0.01061097161000096
0.35771471062448956 0.92865006239101511 0 0.0024125106539988716
-0.92445626689965954 -0.3681132018195532 0 0.0024685309264371505
-0.91316550076429903 -0.35029654452838332 0 0.010855319231914653
-0.90172157486689086 -0.3324637790072103 0 0.019091372029323074
-0.89499113033306232 -0.32207885572483075 0 0.023814283777713833
-0.88330648553388369 -0.30422558812311729 0 0.031804204466162049
-0.87147075145329767 -0.28636254261759547 0 0.039633717225271495
-0.86451328207627254 -0.27596293255244159 0 0.044115603033905618
-0.85244036249246291 -0.25808950961420524 0 0.051683935202380328
-0.84021875027532666 -0.24021277439841615 0 0.059082515664168805
-0.83303785745470582 -0.22980819254743132 0 0.06330933716679904
-0.82058310912470489 -0.21193140486326237 0 0.070432256008172794
-0.80798239061596067 -0.19405788822777414 0 0.077376468055620012
-0.8005821652631312 -0.18365822640628601 0 0.081334770684484164
-0.78775287421520646 -0.16579515391574096 0 0.087989497374306544
-0.77478065931510653 -0.14794203487855098 0 0.094457004293331537
-0.76716567894471133 -0.13755733374239698 0 0.098133997846257315
-0.75396996493612678 -0.11972529690256782 0 0.10429893772089341
-0.74063469373287527 -0.10190997545193606 0 0.11026864061037625
-0.73281001714080463 -0.091550395129034262 0 0.11365227974958736
-0.71925682323098949 -0.073766903775613943 0 0.11930715875635732
-0.70556775394786775 -0.056006948912543139 0 0.12475933025888256
-0.697538913446478 -0.045682738404882239 0 0.12783839106385891
-0.6836379913648627 -0.027965438590931327 0 0.13296438546785758
-0.66960518409662095 -0.010278534467082302 0 0.13788079711367174
-0.66137817529908816 9.7769182576928799e-17 0 0.14064495002939692
-0.64714006660516488 0.017633380875836609 0 0.14522480929514675
-0.63277436285587785 0.035229490403492866 0 0.14958885110688033
-0.62435563202358801 0.045452017893528762 0 0.15202872899520839
-0.6097916450948403 0.062983727333865341 0 0.1560468899911891
-0.59510464316782685 0.080471295387825256 0 0.15984368114322609
-0.58650107215715985 0.090627493423183852 0 0.16195094199185053
-0.57162325507924916 0.1080398110978173 0 0.1653936335446102
-0.55662728140850737 0.12540114534129132 0 0.16861012274914638
-0.54784617027601068 0.13548073351666895 0 0.1703775061309474
-0.5326672797484604 0.15275602917474809 0 0.17323284257612726
-0.51737535629982334 0.16997354987107208 0 0.17585789716841985
-0.50842440364723285 0.17996632368805926 0 0.17727927398233934
-0.49295787005626379 0.19708711533080381 0 0.1795373368002996
-0.47738367796455589 0.21414341351146804 0 0.18156181942994012
-0.46827095912710326 0.22403927820596856 0 0.18263223422114891
-0.45253084797465037 0.24098829012564316 0 0.18428514069354662
-0.43668868761996033 0.25786618547051032 0 0.18570197277697578
-0.42742263082255233 0.26765518960158219 0 0.18641767823487065
-0.41142360073628881 0.28441540988831449 0 0.18745963641551322
-0.39532834849749676 0.30109800791925589 0 0.18826384759817483
-0.38591770912335183 0.31077037648740552 0 0.18862233078112378
-0.36967496670618899 0.32732511360593708 0 0.18904968008350498
-0.3533420286625597 0.34379586179742383 0 0.18923844312733498
-0.34379586179742372 0.35334202866255993 0 0.18923844312372509
-0.32732511360593691 0.3696749667061891 0 0.18904968006638287
-0.31077037648740541 0.38591770912335205 0 0.18862233074877593
-0.30109800791925573 0.39532834849749698 0 0.18826384755624181
-0.28441540988831432 0.41142360073628903 0 0.18745963635683932
-0.26765518960158197 0.42742263082255255 0 0.18641767815925375
-0.2578661854705101 0.43668868761996066 0 0.1857019726913321
-0.24098829012564293 0.45253084797465054 0 0.1842851405892621
-0.22403927820596836 0.46827095912710343 0 0.18263223409628088
-0.21414341351146787 0.47738367796455605 0 0.18156181929232135
-0.19708711533080367 0.49295787005626385 0 0.17953733664129401
-0.1799663236880592 0.50842440364723285 0 0.17727927380287151
-0.16997354987107197 0.51737535629982334 0 0.17585789697744539
-0.15275602917474804 0.5326672797484604 0 0.17323284236570358
-0.13548073351666887 0.54784617027601068 0 0.17037750590143097
-0.12540114534129126 0.55662728140850748 0 0.16861012250887575
-0.1080398110978172 0.57162325507924927 0 0.16539363328941259
-0.090627493423183755 0.58650107215715996 0 0.16195094172662752
-0.080471295387825173 0.59510464316782707 0 0.1598436808741685
-0.062983727333865272 0.60979164509484052 0 0.15604688971511974
-0.045452017893528714 0.62435563202358824 0 0.15202872871104608
-0.035229490403492804 0.63277436285587818 0 0.1495888508179995
-0.017633380875836543 0.64714006660516521 0 0.14522480900557258
-8.6766219907499516e-18 0.66137817529908827 0 0.14064494974953787
0.010278534467082441 0.66960518409662118 0 0.13788079684368568
0.027965438590931445 0.68363799136486281 0 0.13296438521353082
0.045682738404882337 0.69753891344647811 0 0.12783839082232951
0.056006948912543257 0.70556775394786786 0 0.12475933002374986
0.073766903775614026 0.71925682323098949 0 0.11930715853442299
0.091550395129034332 0.73281001714080463 0 0.11365227954420241
0.10190997545193617 0.74063469373287527 0 0.11026864041581605
0.11972529690256792 0.75396996493612678 0 0.10429893754174106
0.13755733374239706 0.7671656789447111 0 0.098133997677744458
0.14794203487855109 0.77478065931510653 0 0.09445700412920284
0.16579515391574104 0.78775287421520634 0 0.087989497220406901
0.18365822640628615 0.80058216526313075 0 0.081334770545032187
0.19405788822777423 0.80798239061596022 0 0.077376467926305217
0.21193140486326245 0.82058310912470456 0 0.070432255896109117
0.22980819254743146 0.83303785745470582 0 0.063309337071329408
0.24021277439841618 0.84021875027532633 0 0.059082515578062697
0.2580895096142054 0.85244036249246313 0 0.051683935131983536
0.27596293255244164 0.86451328207627265 0 0.044115602978756101
0.28636254261759547 0.87147075145329767 0 0.039633717178715534
0.30422558812311729 0.88330648553388358 0 0.031804204432863865
0.3220788557248308 0.89499113033306232 0 0.023814283755627601
0.33246377900721052 0.90172157486689086 0 0.019091372012838895
0.35029654452838344 0.91316550076429903 0 0.010855319223703513
0.3681132018195532 0.92445626689965976 0 0.0024685309248284643
-0.91695894866065053 -0.38592594211725134 0 0.002562056550374163
-0.90524428994987949 -0.36807680806639137 0 0.011263072687419561
-0.89338638870805842 -0.35021535360916439 0 0.01980231154835475
-0.8864195937390219 -0.33981539712038983 0 0.024696637382634938
-0.87433672651092187 -0.32193901636689809 0 0.03297265124864808
-0.86211275745489702 -0.30405611238350905 0 0.0410776935376303
-0.85493394348462859 -0.29364635859447341 0 0.045715119738603732
-0.84248861625562677 -0.27575778753718017 0 0.053542655198929916
-0.82990460743860883 -0.25786859852544536 0 0.061190365345631575
-0.8225174112718574 -0.24745792052824989 0 0.065557589661183885
-0.80971609348532492 -0.22957248305317829 0 0.072914092294064356
-0.79677879254887896 -0.21169242612106173 0 0.080082309925190859
-0.78918726897734315 -0.20128983705587022 0 0.084166621922001403
-0.77603714656962419 -0.18342308551380693 0 0.091030591341349443
-0.76275401506855178 -0.1655677906022445 0 0.097698256209133638
-0.7549626329935335 -0.15518242017111339 0 0.10148760685458609
-0.74147160074007834 -0.13735009446466137 0 0.10783871590715137
-0.72785080523030599 -0.11953536275533697 0 0.11398598726741352
-0.71986444189507459 -0.10917643271566872 0 0.11746905834850059
-0.70604109250018388 -0.091394417696876021 0 0.12328827068065021
-0.69209149236294787 -0.07363617841378986 0 0.12889664238104243
-0.68391542568383612 -0.063312977176427976 0 0.13206291231870959
-0.66976903560309975 -0.045597258575609048 0 0.13733259367004377
-0.65550016760465668 -0.027911524408168374 0 0.14238500312874208
-0.64714006660516477 -0.017633380875836421 0 0.14522480928343579
-0.63268057861611948 9.2720280420921923e-17 0 0.1499288323695859
-0.61810263822894052 0.017597178607585414 0 0.15440976259713721
-0.60956455159677747 0.027820921816233624 0 0.1569143592846457
-0.59480255416036387 0.045355914361148046 0 0.16103820103471059
-0.57992637369894084 0.062848495794447179 0 0.16493377468770826
-0.57121671650179395 0.073008509581614756 0 0.16709538640598978
-0.55616341998446617 0.090429100876982429 0 0.17062621663216021
-0.54100044363614752 0.10780109953762865 0 0.17392428106446489
-0.53212598224782637 0.11788809586359315 0 0.1757361502918815
-0.51679319210134922 0.13517835809414092 0 0.17866291083306601
-0.50135544795965103 0.15241389190559568 0 0.18135311339504598
-0.4923232832638984 0.16241865146064541 0 0.18280954260430313
-0.47672337028655692 0.17956278947332732 0 0.1851230162241454
-0.46102343952081343 0.19664612741674445 0 0.18719686891867179
-0.45184098847529797 0.20655952725847479 0 0.18829325622636131
-0.43598685630411133 0.22354192597187406 0 0.1899861244279579
-0.42003783962476826 0.24045753535847861 0 0.19143705732546801
-0.41071281528236631 0.25027057634318217 0 0.19216992552542378
-0.3946178652905607 0.26707584771278076 0 0.19323681478698937
-0.37843334689352304 0.28380844089802554 0 0.19406021759206107
-0.36897373699174896 0.29351227473479019 0 0.19442723617871663
-0.35265183078886575 0.31012530398019877 0 0.19486475203238565
-0.33624583998474966 0.32665988422692127 0 0.19505800337365681
-0.32665988422692105 0.33624583998474977 0 0.19505800336897661
-0.31012530398019872 0.35265183078886592 0 0.19486475201187911
-0.29351227473479002 0.36897373699174923 0 0.19442723614278326
-0.28380844089802532 0.37843334689352326 0 0.19406021754732911
-0.26707584771278053 0.39461786529056087 0 0.19323681472737286
-0.25027057634318195 0.41071281528236664 0 0.19216992545120834
-0.24045753535847847 0.42003783962476865 0 0.19143705724272539
-0.22354192597187383 0.43598685630411138 0 0.18998612432802531
-0.2065595272584746 0.45184098847529808 0 0.18829325610568015
-0.19664612741674431 0.46102343952081359 0 0.18719686878457364
-0.17956278947332721 0.47672337028655709 0 0.18512301606917891
-0.16241865146064532 0.49232328326389846 0 0.18280954243186942
-0.15241389190559559 0.50135544795965103 0 0.18135311321377828
-0.13517835809414083 0.51679319210134922 0 0.17866291063535339
-0.11788809586359311 0.53212598224782637 0 0.17573615007562124
-0.10780109953762855 0.54100044363614752 0 0.17392428083681802
-0.090429100876982332 0.55616341998446628 0 0.17062621638962563
-0.073008509581614658 0.57121671650179384 0 0.16709538615528349
-0.062848495794447096 0.57992637369894084 0 0.16493377443493712
-0.045355914361147977 0.59480255416036398 0 0.1610382007769747
-0.027820921816233558 0.60956455159677769 0 0.15691435901929895
-0.017597178607585345 0.61810263822894074 0 0.15440976232669723
-2.015658270020042e-17 0.63268057861611982 0 0.14992883209766428
0.017633380875836508 0.64714006660516521 0 0.14522480902039989
0.027911524408168523 0.6555001676046569 0 0.14238500287505676
0.045597258575609159 0.66976903560309986 0 0.13733259343071508
0.063312977176428073 0.68391542568383623 0 0.13206291209031673
0.073636178413789985 0.69209149236294809 0 0.12889664215779539
0.09139441769687609 0.70604109250018388 0 0.12328827046952774
0.10917643271566876 0.71986444189507459 0 0.11746905815440452
0.1195353627553371 0.72785080523030599 0 0.11398598708499461
0.13735009446466145 0.74147160074007834 0 0.10783871574049284
0.1551824201711135 0.75496263299353339 0 0.10148760669721826
0.16556779060224464 0.76275401506855167 0 0.097698256054731564
0.18342308551380698 0.77603714656962386 0 0.09103059119590691
0.20128983705587036 0.78918726897734259 0 0.084166621791530671
0.21169242612106184 0.79677879254887862 0 0.080082309805857232
0.22957248305317837 0.80971609348532458 0 0.07291409219293099
0.24745792052824994 0.82251741127185729 0 0.065557589576345915
0.25786859852544547 0.82990460743860883 0 0.061190365269450389
0.27575778753718028 0.84248861625562699 0 0.053542655136930711
0.29364635859447341 0.85493394348462859 0 0.045715119690015758
0.30405611238350899 0.86211275745489691 0 0.041077693496466963
0.32193901636689815 0.87433672651092165 0 0.032972651219187098
0.33981539712038988 0.8864195937390219 0 0.024696637363489447
0.3502153536091645 0.8933863887080582 0 0.019802311534540408
0.36807680806639143 0.90524428994987949 0 0.011263072681066039
0.3859259421172514 0.91695894866065064 0 0.0025620565492635748
-0.90909342843450558 -0.40366038561623424 0 0.0026520314493652889
-0.8969679494289009 -0.38578220949946734 0 0.011655123311849359
-0.88470909988074919 -0.36789531157350419 0 0.020485483056907332
-0.87751350775782511 -0.35748212526320883 0 0.025544246944288283
-0.86504533533396355 -0.33958558644676151 0 0.034094468145826846
-0.85244595583727545 -0.32168560212435754 0 0.042463292954208323
-0.84505321144667578 -0.31126724227948077 0 0.047249491871358629
-0.83224811932042086 -0.29336603341769274 0 0.055324739961850354
-0.81931422050173652 -0.27546674015874123 0 0.063210273450151525
-0.81172793077762029 -0.26505126227406217 0 0.067711409617999832
-0.7985923030124934 -0.24715928527421072 0 0.075290513012721161
-0.78533050391443793 -0.22927465737809696 0 0.082671976734336933
-0.7775546288462335 -0.21887022570551426 0 0.086876142801287165
-0.76409545410763491 -0.20100155923425528 0 0.093938976085326767
-0.75051297548184459 -0.18314573480012572 0 0.10079667687357222
-0.74255182376684004 -0.17276060287712414 0 0.10469261503768169
-0.72877668708743293 -0.15492946850181968 0 0.11122020022167275
-0.71488134219164123 -0.13711671508197998 0 0.11753563174288757
-0.70673956543284899 -0.12675920552713063 0 0.12111279285847625
-0.692656637476466 -0.10897993264656747 0 0.12708739932887017
-0.6784568203700444 -0.091224611752628734 0 0.13284333970205803
-0.67013940581925024 -0.080903095423310062 0 0.13609193900535035
-0.65575742964875694 -0.063190085155172743 0 0.14149717763401759
-0.64126210099927183 -0.04550661578897041 0 0.14667778143709956
-0.63277436285587796 -0.035229490403492686 0 0.14958885108428069
-0.61810263822894063 -0.017597178607585237 0 0.15440976258509415
-0.60332130866092326 8.2771940582971877e-17 0 0.15900064670293965
-0.59466887794809475 0.010224331667468887 0 0.16156608454394994
-0.57971724318356099 0.027761512041032273 0 0.16578922112918171
-0.564659954219486 0.045257978290581813 0 0.16977754362250649
-0.55584876727004329 0.055421130528560972 0 0.17199015778483948
-0.5406275787464343 0.072848787568311243 0 0.17560365737842201
-0.52530488140863885 0.090230175750913327 0 0.17897818860245912
-0.51634116700401456 0.10032380222453506 0 0.18083173742998515
-0.50086127637021327 0.11762762345890569 0 0.18382538974327448
-0.48528420753094015 0.1348796622066836 0 0.18657657514722298
-0.47617447274717728 0.14489547834558761 0 0.18806580221139563
-0.46044720194356742 0.1620612692064923 0 0.19043110613257885
-0.44462725852826213 0.17916981992315534 0 0.19255112009062553
-0.43537827335336227 0.18909962525972054 0 0.19367178385996092
-0.41941538755919144 0.20611334739525378 0 0.19540199553124793
-0.4033644987253947 0.22306444245275911 0 0.19688478570947437
-0.39398327952217849 0.23290014278596838 0 0.19763368364310716
-0.3777969581615791 0.24974795200780306 0 0.19872385482550273
-0.36152745559201338 0.26652783249477141 0 0.19956517667470589
-0.35202124748993607 0.27626146175510968 0 0.19994016349940086
-0.33562405344460911 0.29292974540696998 0 0.20038716984294114
-0.31914863990817333 0.30952489821609513 0 0.20058461088023796
-0.30952489821609497 0.31914863990817338 0 0.20058461087508553
-0.29292974540696975 0.33562405344460922 0 0.20038716982059285
-0.27626146175510952 0.35202124748993624 0 0.19994016346064919
-0.26652783249477119 0.3615274555920136 0 0.19956517662677098
-0.24974795200780281 0.37779695816157943 0 0.19872385476238033
-0.23290014278596813 0.39398327952217871 0 0.19763368356554198
-0.22306444245275889 0.40336449872539498 0 0.19688478562372036
-0.20611334739525355 0.41941538755919155 0 0.19540199542986722
-0.18909962525972035 0.43537827335336238 0 0.19367178374071417
-0.1791698199231552 0.4446272585282624 0 0.19255111996012766
-0.16206126920649214 0.46044720194356753 0 0.19043110598396978
-0.14489547834558755 0.47617447274717734 0 0.18806580204660159
-0.13487966220668351 0.48528420753094009 0 0.1865765749737989
-0.11762762345890561 0.50086127637021338 0 0.18382538955489647
-0.10032380222453498 0.51634116700401456 0 0.18083173722628537
-0.090230175750913272 0.52530488140863885 0 0.17897818838990714
-0.072848787568311174 0.54062757874643441 0 0.17560365715432924
-0.055421130528560889 0.5558487672700434 0 0.17199015755434593
-0.045257978290581743 0.56465995421948623 0 0.16977754339033885
-0.027761512041032201 0.57971724318356121 0 0.1657892208929018
-0.010224331667468825 0.59466887794809487 0 0.16156608430132166
-1.4131794733678125e-17 0.60332130866092348 0 0.15900064645602696
0.017597178607585313 0.61810263822894085 0 0.15440976233647494
0.035229490403492776 0.63277436285587829 0 0.14958885084203966
0.045506615788970556 0.64126210099927217 0 0.14667778120190186
0.063190085155172868 0.65575742964875716 0 0.14149717741080339
0.080903095423310145 0.67013940581925047 0 0.13609193879313858
0.091224611752628845 0.67845682037004473 0 0.13284333949595728
0.10897993264656755 0.69265663747646611 0 0.12708739913518652
0.12675920552713071 0.70673956543284899 0 0.12111279267997029
0.13711671508198009 0.71488134219164123 0 0.11753563157414947
0.15492946850181977 0.72877668708743293 0 0.11122020006625803
0.17276060287712425 0.74255182376683981 0 0.10469261489050598
0.18314573480012589 0.75051297548184459 0 0.10079667672932691
0.20100155923425539 0.76409545410763491 0 0.093938975950077386
0.21887022570551434 0.77755462884623316 0 0.086876142681043642
0.22927465737809702 0.78533050391443771 0 0.082671976625213681
0.24715928527421077 0.79859230301249318 0 0.075290512921149869
0.26505126227406223 0.81172793077762007 0 0.067711409541215822
0.27546674015874129 0.81931422050173641 0 0.063210273380827367
0.29336603341769291 0.8322481193204212 0 0.055324739905254758
0.31126724227948083 0.84505321144667578 0 0.047249491827644492
0.32168560212435754 0.85244595583727545 0 0.042463292917971934
0.33958558644676151 0.86504533533396344 0 0.034094468121055307
0.35748212526320877 0.877513507757825 0 0.025544246929045441
0.36789531157350436 0.88470909988074919 0 0.020485483046303449
0.38578220949946745 0.89696794942890079 0 0.011655123307386569
0.4036603856162343 0.90909342843450569 0 0.0026520314486993021
-0.90434647368755716 -0.41394119791904627 0 0.0027027175238241159
-0.89198805442724316 -0.39604792683938994 0 0.011875880691175011
-0.8795019733567655 -0.37814793322383589 0 0.020869992842190446
-0.87217676320737392 -0.367728000866197 0 0.0260211825083667
-0.85949038927133858 -0.34982129674911056 0 0.034725419761706774
-0.84667851028366137 -0.33191284965275297 0 0.04324227181023782
-0.83916471515194557 -0.32149030156986186 0 0.048111897019385404
-0.82615612483964096 -0.30358308125039585 0 0.056325958878320426
-0.81302440021484179 -0.28567917043999258 0 0.064344647703946878
-0.80532558248390052 -0.27526159842785108 0 0.068920706990011668
-0.79200106505281787 -0.25736695835570905 0 0.076624272729709245
-0.77855599589608826 -0.2394807421122489 0 0.084124867406957474
-0.77067603625158188 -0.22907583085898225 0 0.088395944704499782
-0.75704242576165015 -0.21120701807456727 0 0.095569728088280056
-0.74329105502659609 -0.1933517937216496 0 0.10253336742109051
-0.73523414801762266 -0.18296730345665391 0 0.10648868538921738
-0.72129881505206694 -0.16513768544969828 0 0.11311452603297394
-0.70724871843735093 -0.14732685881406613 0 0.11952351034816019
-0.69901936679904275 -0.13697060735912497 0 0.12315298385759436
-0.68479020805805124 -0.11919364094109142 0 0.1292139375615482
-0.67044948277933003 -0.10144069488046946 0 0.13505181675680739
-0.66205249052091841 -0.091120539183271509 0 0.13834610307596393
-0.64753791629905932 -0.073409738514666478 0 0.14382652654767439
-0.63291516775288947 -0.055728200657643993 0 0.14907818289835323
-0.6243556320235879 -0.045452017893528603 0 0.15202872896657704
-0.60956455159677747 -0.027820921816233461 0 0.15691435926543015
-0.59466887794809475 -0.010224331667468736 0 0.16156608453633606
-0.58595217970187141 6.9137381535422575e-17 0 0.16416517074042331
-0.5708939846646901 0.017537861167441569 0 0.16844319852813033
-0.55573495940445938 0.035035985596045018 0 0.17248276467795645
-0.54686675289348452 0.04520060650100962 0 0.17472354480077881
-0.5315512985025892 0.062631744540606715 0 0.17838268081136882
-0.51613895103711938 0.080017940406011887 0 0.18179940365869196
-0.50712515217230325 0.090115029014784714 0 0.18367594061803866
-0.49156273676642431 0.10742603158902027 0 0.18670647475222785
-0.47590753111445472 0.12468692502900083 0 0.18949127009811292
-0.46675430473993229 0.13470871762259831 0 0.19099856721842201
-0.4509556473213146 0.1518862820834235 0 0.19339241980275815
-0.43506845900916064 0.16900862198962313 0 0.1955378515173018
-0.42578220514573001 0.17894743229227636 0 0.19667187903445454
-0.40975842122170059 0.19597839934321054 0 0.19842264373707963
-0.39365051248031335 0.21294909091885564 0 0.19992296331529527
-0.38423785160060775 0.22279732956966539 0 0.20068067983741311
-0.36800042739706973 0.23966871660423791 0 0.2017836578489029
-0.35168342077766612 0.25647485452985413 0 0.20263483516112782
-0.34215117818313412 0.26622504829492732 0 0.20301420397137734
-0.32571194335404319 0.28292408223547566 0 0.20346642921185665
-0.30919779389084695 0.29955298326734925 0 0.20366617413845395
-0.29955298326734908 0.30919779389084701 0 0.20366617413328122
-0.28292408223547549 0.32571194335404341 0 0.20346642918909605
-0.2662250482949271 0.34215117818313423 0 0.20301420393132216
-0.25647485452985397 0.3516834207776664 0 0.20263483511117428
-0.23966871660423764 0.36800042739707006 0 0.20178365778270146
-0.22279732956966511 0.38423785160060803 0 0.2006806797559936
-0.21294909091885547 0.39365051248031374 0 0.19992296322543698
-0.19597839934321035 0.4097584212217007 0 0.1984226436325783
-0.17894743229227617 0.42578220514573017 0 0.19667187891500837
-0.16900862198962294 0.43506845900916086 0 0.19553785138901014
-0.15188628208342336 0.45095564732131471 0 0.19339241965887191
-0.13470871762259823 0.46675430473993229 0 0.19099856705842219
-0.12468692502900076 0.47590753111445472 0 0.1894912699286174
-0.10742603158902019 0.49156273676642437 0 0.18670647456804693
-0.090115029014784645 0.50712515217230325 0 0.18367594042149393
-0.080017940406011789 0.51613895103711938 0 0.18179940345604115
-0.062631744540606646 0.53155129850258942 0 0.17838268060042575
-0.04520060650100953 0.54686675289348463 0 0.17472354458436792
-0.035035985596044941 0.55573495940445961 0 0.17248276445949379
-0.017537861167441503 0.57089398466469043 0 0.1684431983055163
-4.1040454792716598e-18 0.58595217970187163 0 0.16416517051250334
0.010224331667468807 0.59466887794809509 0 0.1615660843050952
0.027820921816233538 0.6095645515967778 0 0.15691435903261802
0.045452017893528679 0.62435563202358824 0 0.15202872873805728
0.055728200657644146 0.63291516775288981 0 0.14907818267484574
0.073409738514666603 0.64753791629905955 0 0.14382652633434853
0.091120539183271593 0.66205249052091864 0 0.1383461028744086
0.10144069488046958 0.67044948277933003 0 0.13505181656276843
0.11919364094109151 0.68479020805805146 0 0.12921393738060435
0.13697060735912506 0.69901936679904275 0 0.12315298368983429
0.14732685881406626 0.70724871843735093 0 0.11952351018797905
0.16513768544969837 0.72129881505206694 0 0.11311452588361044
0.18296730345665393 0.73523414801762244 0 0.10648868524759943
0.19335179372164973 0.74329105502659609 0 0.10253336728292362
0.21120701807456729 0.75704242576165015 0 0.095569727959625803
0.22907583085898231 0.77067603625158165 0 0.088395944590641901
0.23948074211224896 0.77855599589608804 0 0.084124867303783546
0.25736695835570911 0.79200106505281764 0 0.076624272643079833
0.2752615984278512 0.80532558248390052 0 0.068920706916876587
0.28567917043999264 0.8130244002148419 0 0.064344647637440966
0.30358308125039601 0.82615612483964129 0 0.056325958823788422
0.32149030156986186 0.83916471515194535 0 0.048111896977942735
0.33191284965275292 0.84667851028366115 0 0.043242271776761848
0.34982129674911056 0.85949038927133847 0 0.034725419740043915
0.367728000866197 0.8721767632073737 0 0.026021182495801022
0.378147933223836 0.87950197335676528 0 0.020869992833691248
0.39604792683938994 0.89198805442724305 0 0.011875880687838665
0.41394119791904621 0.90434647368755705 0 0.0027027175233918289
-0.8958997178658763 -0.43152909717475274 0 0.0027867466770139853
-0.88315183470061642 -0.41361338657864932 0 0.012241715005002063
-0.87028600915253773 -0.39569421139201683 0 0.021506940742831486
-0.86274426166778573 -0.38526454001499799 0 0.02681105296262767
-0.84969349226086133 -0.3673434181942592 0 0.035769959133219897
-0.83652689474234798 -0.3494233137565857 0 0.044531383259658719
-0.82881110200485886 -0.33899517378665628 0 0.049538758141840125
-0.81546304639858902 -0.32108025844651561 0 0.057981885708422901
-0.80200145477376483 -0.30317089767746042 0 0.066220133955427377
-0.79411506097889184 -0.2927511066709495 0 0.070919657210550255
-0.78047577665571333 -0.2748541509804549 0 0.078828202952187149
-0.76672542394517096 -0.25696733321230758 0 0.086524851727896396
-0.7586721370385261 -0.24656277807987334 0 0.090905979176800253
-0.74474813253751626 -0.22869564704881701 0 0.098262143209510072
-0.73071569991881491 -0.21084327409177853 0 0.105399801324954
-0.7224994872390148 -0.20046089703071729 0 0.10945260295891271
-0.70829771418199361 -0.18263554311057179 0 0.11623966430007447
-0.69399032240079883 -0.16482959457890389 0 0.12280204915666779
-0.68561540539828381 -0.15447637859265664 0 0.12651725363371416
-0.67114324893123078 -0.13670481659871397 0 0.13271964518656026
-0.65656844813262449 -0.11895732459745123 0 0.13869165561033786
-0.64803929617186651 -0.10864027866144473 0 0.1420606916612088
-0.63330456383723877 -0.090934560119610958 0 0.14766407007530777
-0.6184703218366514 -0.073257583397536546 0 0.153031854571578
-0.6097916450948403 -0.062983727333865189 0 0.15604688995158089
-0.59480255416036365 -0.045355914361147887 0 0.16103820100272148
-0.57971724318356088 -0.027761512041032131 0 0.16578922110866617
-0.57089398466469021 -0.017537861167441444 0 0.16844319851578865
-0.55565914794416704 5.6641238610330629e-17 0 0.17281073715217138
-0.54033152987569089 0.017499794998367742 0 0.17693382533257629
-0.53136885656472399 0.027666245377244724 0 0.17922049509168053
-0.51589726677630021 0.045102151090589598 0 0.18295395978357895
-0.50033647696558303 0.062495358815351093 0 0.1864393714504099
-0.49123977015308562 0.072597649004559284 0 0.18835332069682523
-0.47554078287011237 0.089919665022303738 0 0.19144386164131627
-0.45975631255409088 0.10719438532043377 0 0.1942833208685304
-0.4505311573672337 0.11722560684764628 0 0.19581999899356514
-0.43461447262627551 0.13442189514577557 0 0.19826025982770834
-0.41861615003659847 0.15156633443602521 0 0.20044699849855713
-0.40926832421777337 0.16151964560853929 0 0.20160273873245305
-0.39314396685733355 0.17857849105630849 0 0.20338689143195474
-0.37694193708910362 0.19558098891936745 0 0.20491568133553942
-0.36747739906844895 0.2054496302524495 0 0.20568771813182382
-0.35115569788052092 0.22235946702887552 0 0.2068114907120398
-0.33476040160783804 0.2392085224900008 0 0.2076786684931631
-0.32518527792071605 0.24898583193410134 0 0.2080651507694341
-0.30867684370523579 0.26573526956094756 0 0.20852584774523777
-0.29209899483652774 0.28241956694137066 0 0.20872933244273648
-0.28241956694137055 0.2920989948365279 0 0.20872933243764932
-0.26573526956094734 0.3086768437052359 0 0.20852584772212804
-0.24898583193410115 0.32518527792071616 0 0.20806515072746543
-0.23920852249000069 0.33476040160783832 0 0.20767866843995583
-0.2223594670288753 0.35115569788052126 0 0.20681149064091928
-0.20544963025244925 0.36747739906844917 0 0.20568771804482078
-0.1955809889193672 0.37694193708910395 0 0.20491568124023796
-0.17857849105630827 0.39314396685733383 0 0.20338689132416801
-0.16151964560853907 0.40926832421777359 0 0.20160273861444455
-0.15156633443602502 0.41861615003659863 0 0.20044699837538035
-0.13442189514577541 0.43461447262627567 0 0.19826025969301395
-0.1172256068476462 0.45053115736723381 0 0.19581999884345588
-0.10719438532043368 0.45975631255409088 0 0.19428332070807586
-0.089919665022303641 0.47554078287011237 0 0.19144386146710382
-0.072597649004559214 0.49123977015308562 0 0.18835332051483814
-0.06249535881535101 0.50033647696558303 0 0.18643937126635196
-0.045102151090589529 0.51589726677630032 0 0.18295395959563426
-0.027666245377244644 0.5313688565647241 0 0.17922049489878791
-0.017499794998367672 0.54033152987569111 0 0.1769338251364084
1.1125957584172086e-17 0.55565914794416738 0 0.1728107369511
0.017537861167441507 0.57089398466469021 0 0.16844319831092799
0.027761512041032201 0.57971724318356121 0 0.16578922090217876
0.045355914361147949 0.59480255416036398 0 0.16103820079544132
0.062983727333865258 0.60979164509484052 0 0.156046889746179
0.073257583397536699 0.61847032183665152 0 0.15303185436857111
0.090934560119611083 0.63330456383723921 0 0.14766406987978145
0.10864027866144482 0.64803929617186651 0 0.14206069147757053
0.11895732459745137 0.6565684481326246 0 0.13869165543534304
0.13670481659871403 0.67114324893123101 0 0.13271964502480527
0.15447637859265673 0.68561540539828381 0 0.12651725348251383
0.16482959457890403 0.69399032240079883 0 0.1228020490104513
0.18263554311057187 0.70829771418199361 0 0.1162396641615774
0.20046089703071737 0.7224994872390148 0 0.10945260282723229
0.21084327409177869 0.73071569991881491 0 0.10539980119705129
0.22869564704881704 0.74474813253751626 0 0.098262143091203888
0.24656277807987337 0.75867213703852598 0 0.090905979072494647
0.25696733321230758 0.76672542394517074 0 0.086524851633463684
0.2748541509804549 0.7804757766557131 0 0.078828202873150191
0.2927511066709495 0.79411506097889162 0 0.070919657144286552
0.30317089767746047 0.80200145477376483 0 0.066220133895557656
0.32108025844651567 0.81546304639858913 0 0.057981885660263591
0.33899517378665639 0.8288111020048593 0 0.0495387581066596
0.34942331375658564 0.83652689474234776 0 0.044531383232418779
0.36734341819425931 0.84969349226086122 0 0.035769959117323794
0.3852645400149981 0.86274426166778573 0 0.026811052954754049
0.39569421139201688 0.8702860091525374 0 0.021506940738140572
0.41361338657864938 0.8831518347006162 0 0.012241715003815287
0.4315290971747528 0.89589971786587619 0 0.0027867466769383393
-0.88708701863041484 -0.44900995370326097 0 0.0028668129250348502
-0.873963550898334 -0.43107672416028719 0 0.012590122742944538
-0.86073171423756467 -0.41314304596348195 0 0.022113244201919884
-0.8529813493329842 -0.40270624950013345 0 0.027562702930451894
-0.83957965863299877 -0.38477501872040737 0 0.036763473042324413
-0.82607163597672406 -0.36684734091151916 0 0.045756939528838962
-0.81816149407683236 -0.35641588536849494 0 0.050894901442537055
-0.80448695548577309 -0.33849701894275031 0 0.05955501994826657
-0.79070826763546731 -0.32058574773652915 0 0.06800105190044993
-0.78264162854925123 -0.31016570701460455 0 0.072817325656270263
-0.76869999170979009 -0.29226966972327434 0 0.080919564019526255
-0.75465653178705971 -0.27438530326501809 0 0.088801297062252954
-0.74643689090644949 -0.26398280139206692 0 0.093286238188181103
-0.73223427387096007 -0.24612013829081408 0 0.10081432688215085
-0.71793230070954117 -0.22827324753117201 0 0.10811587918204058
-0.70956336495594763 -0.21789444743851988 0 0.11226042582280944
-0.69510624686559519 -0.20007576442050876 0 0.11919911569812458
-0.680552377241603 -0.18227697349373589 0 0.1259056500789984
-0.67203806033809277 -0.17192806551606329 0 0.12970135936747579
-0.6573332729469149 -0.15416400942116304 0 0.13603648282902828
-0.64253447265958674 -0.13642397559853231 0 0.1421342660090372
-0.6338788897369847 -0.12611116573973732 0 0.14557334766259802
-0.61893360779717588 -0.1084124040846442 0 0.15129187531554916
-0.60389718161885064 -0.090741797378361286 0 0.15676833322005163
-0.59510464316782685 -0.080471295387825104 0 0.15984368109170341
-0.57992637369894073 -0.062848495794447026 0 0.16493377464235376
-0.56465995421948589 -0.045257978290581681 0 0.16977754358949379
-0.55573495940445938 -0.035035985596044893 0 0.17248276465452961
-0.54033152987569066 -0.017499794998367634 0 0.17693382532300178
-0.52484306527302249 4.6573931069891123e-17 0 0.18113479864789972
-0.51579029462742354 0.010167302455276632 0 0.18346423930171885
-0.50016984008849452 0.027606278743258838 0 0.18726695153411488
-0.48446758086313341 0.045004767679324986 0 0.19081632140994131
-0.47529188838921976 0.055111231646283246 0 0.19276509092125627
-0.45946283759159362 0.072442450917174189 0 0.19591146108270155
-0.44355532230933553 0.089729120965180167 0 0.19880175515227624
-0.43426172700927851 0.099768643095910964 0 0.2003657460268809
-0.41823278756542631 0.11698164620440879 0 0.20284913579060504
-0.40212882765810232 0.13414607618991889 0 0.20507424852002959
-0.39272250452645291 0.14411261019168115 0 0.20625015379385353
-0.37650264716062271 0.1611970423926577 0 0.20806530806889872
-0.36021131084053887 0.17822892356194436 0 0.20962052638183265
-0.35069758135138651 0.18811649224796539 0 0.21040585348352048
-0.3342960233007411 0.20506212383076328 0 0.2115489225113078
-0.31782661864965894 0.22195128038307552 0 0.21243094570920554
-0.30821094077480299 0.23175398757005097 0 0.21282402704012859
-0.29163712840483041 0.24855073420318316 0 0.21329258273507565
-0.27499918570323745 0.26528714350045857 0 0.21349953649125478
-0.2652871435004584 0.27499918570323756 0 0.21349953648636058
-0.24855073420318297 0.29163712840483053 0 0.21329258271196072
-0.23175398757005078 0.30821094077480321 0 0.21282402699662289
-0.22195128038307532 0.31782661864965911 0 0.21243094565308498
-0.20506212383076305 0.33429602330074143 0 0.21154892243604492
-0.18811649224796512 0.35069758135138668 0 0.21040585339286233
-0.17822892356194414 0.36021131084053909 0 0.20962052628392772
-0.16119704239265747 0.37650264716062293 0 0.20806530796130596
-0.14411261019168092 0.39272250452645308 0 0.20625015368004107
-0.13414607618991867 0.40212882765810259 0 0.20507424840380362
-0.11698164620440867 0.41823278756542653 0 0.20284913566636706
-0.099768643095910839 0.43426172700927862 0 0.20036574588890252
-0.08972912096518007 0.44355532230933559 0 0.19880175500424269
-0.072442450917174092 0.45946283759159373 0 0.19591146092264047
-0.055111231646283163 0.47529188838921976 0 0.19276509075705062
-0.04500476767932491 0.48446758086313346 0 0.19081632124642628
-0.027606278743258768 0.50016984008849463 0 0.1872669513691434
-0.010167302455276559 0.51579029462742365 0 0.18346423913081766
2.2274488772556616e-17 0.52484306527302271 0 0.181134798471839
0.0174997949983677 0.540331529875691 0 0.17693382514045072
0.035035985596044955 0.55573495940445961 0 0.17248276446924338
0.04525797829058175 0.56465995421948623 0 0.16977754340420811
0.06284849579444711 0.57992637369894096 0 0.16493377445775703
0.080471295387825187 0.59510464316782707 0 0.15984368090837289
0.090741797378361438 0.60389718161885098 0 0.15676833303789819
0.10841240408464432 0.61893360779717621 0 0.1512918751388353
0.12611116573973738 0.63387888973698481 0 0.1455733474960153
0.13642397559853245 0.64253447265958696 0 0.14213426585020048
0.15416400942116312 0.65733327294691501 0 0.13603648268201124
0.17192806551606335 0.67203806033809277 0 0.12970135922973353
0.18227697349373603 0.68055237724160311 0 0.12590564994555581
0.20007576442050887 0.69510624686559519 0 0.11919911557127506
0.21789444743851999 0.70956336495594763 0 0.11226042570170461
0.2282732475311722 0.71793230070954128 0 0.1081158790641044
0.24612013829081417 0.73223427387096007 0 0.10081432677263708
0.26398280139206692 0.74643689090644938 0 0.093286238091312229
0.27438530326501814 0.75465653178705949 0 0.088801296974463997
0.29226966972327445 0.76869999170979009 0 0.080919563946962592
0.31016570701460461 0.78264162854925101 0 0.072817325597982901
0.32058574773652926 0.79070826763546753 0 0.068001051850040767
0.33849701894275036 0.80448695548577331 0 0.059555019910744654
0.35641588536849494 0.81816149407683258 0 0.050894901417095129
0.36684734091151916 0.82607163597672384 0 0.045756939509972637
0.38477501872040737 0.83957965863299877 0 0.036763473032701284
0.4027062495001334 0.85298134933298397 0 0.027562702927298458
0.413143045963482 0.86073171423756445 0 0.022113244201249181
0.43107672416028719 0.87396355089833377 0 0.01259012274420338
0.44900995370326097 0.88708701863041484 0 0.0028668129252582089
-0.88179030330375552 -0.45912990754230215 0 0.0029115458207143725
-0.86845474140140544 -0.44118897797473694 0 0.012784701229477705
-0.85501630036470377 -0.42324923530651143 0 0.022451718257823047
-0.84714821307883303 -0.41280962116253356 0 0.027982221299275571
-0.83354855921700244 -0.39487470049655016 0 0.037317770273412758
-0.8198480041991616 -0.37694469751011678 0 0.0464404399258165
-0.81182829992889027 -0.36651247468148446 0 0.051651067113995926
-0.79796976352848936 -0.34859322334814918 0 0.060431858154325037
-0.78401243282854427 -0.33068265392154195 0 0.068993353088904599
-0.77584427742206707 -0.32026347857283927 0 0.073874463157213993
-0.76173239902533629 -0.30236963838704589 0 0.082084204556282153
-0.74752395990309284 -0.28448827145082128 0 0.090068585954857325
-0.73921070960813451 -0.2740878404852623 0 0.094611067576955296
-0.72485135500456932 -0.25622921816375888 0 0.10223439521705065
-0.71039779743348475 -0.23838688105375533 0 0.10962667246711388
-0.70194299509024727 -0.22801092235188639 0 0.11382197561445044
-0.68734234848171771 -0.21019737262165714 0 0.12084450683344328
-0.67264997794444314 -0.192403934043966 0 0.12763069218072784
-0.66405734862328059 -0.18205819648691615 0 0.13147086017526702
-0.64922190483882269 -0.16429960484125541 0 0.13787924763141743
-0.63429733417781331 -0.14656495750785581 0 0.14404640825712789
-0.62557078026974955 -0.13625520081965356 0 0.14752410727228213
-0.6105073360454869 -0.11856146598205389 0 0.15330608866117046
-0.59535747638606851 -0.10089550897822645 0 0.15884239520512083
-0.58650107215715996 -0.0906274934231837 0 0.16195094193316337
-0.57121671650179362 -0.073008509581614589 0 0.16709538635278151
-0.55584876727004318 -0.055421130528560833 0 0.17199015774478357
-0.54686675289348441 -0.045200606501009495 0 0.17472354477137475
-0.5313688565647241 -0.02766624537724462 0 0.17922049507750668
-0.51579029462742354 -0.010167302455276538 0 0.18346423929771236
-0.50668706971011768 4.7357354364007503e-17 0 0.18581715807967292
-0.49098327383226581 0.01743990717964744 0 0.18965786907548426
-0.47520184179099023 0.03484060328044062 0 0.19324231969060479
-0.46598195841408785 0.044948984977915052 0 0.19521018104387408
-0.4500801622717151 0.062284665542803479 0 0.19838715325436598
-0.43410385594776923 0.079577369676380474 0 0.20130530135561037
-0.42477201124335251 0.089621172789881881 0 0.20288425319436795
-0.40868035929053875 0.10684293064769033 0 0.20539126195630253
-0.39251741444193283 0.12401798120164806 0 0.20763738348728619
-0.38307844273058828 0.13399159971478394 0 0.20882432590120767
-0.36680531085955437 0.1510898332676634 0 0.21065644569822548
-0.35046418917545258 0.16813767001961305 0 0.21222612377034772
-0.34092305369190651 0.17803556008637364 0 0.21301872108325914
-0.32447703480894646 0.19500077997168871 0 0.21417234476820229
-0.30796640923101687 0.21191196174363428 0 0.21506248699460259
-0.29832819346727613 0.22172865191923369 0 0.21545917697324227
-0.28171808242771801 0.23855149850645332 0 0.21593202998869843
-0.26504682185150064 0.25531672054903454 0 0.21614088065917827
-0.25531672054903437 0.2650468218515008 0 0.21614088065443243
-0.23855149850645316 0.28171808242771812 0 0.21593202996571448
-0.22172865191923355 0.29832819346727624 0 0.21545917692903299
-0.21191196174363405 0.30796640923101709 0 0.21506248693700497
-0.19500077997168852 0.32447703480894674 0 0.21417234469099283
-0.17803556008637339 0.34092305369190684 0 0.21301872099146313
-0.1681376700196128 0.35046418917545286 0 0.21222612367231269
-0.15108983326766315 0.36680531085955453 0 0.21065644559237243
-0.13399159971478375 0.38307844273058839 0 0.20882432579106738
-0.12401798120164786 0.39251741444193294 0 0.20763738337586982
-0.10684293064769018 0.40868035929053903 0 0.20539126183860013
-0.089621172789881756 0.42477201124335257 0 0.202884253064327
-0.079577369676380391 0.43410385594776935 0 0.20130530121620671
-0.062284665542803382 0.4500801622717151 0 0.19838715310430982
-0.044948984977914962 0.4659819584140879 0 0.19521018089133912
-0.034840603280440544 0.47520184179099034 0 0.19324231953977974
-0.017439907179647367 0.49098327383226592 0 0.18965786892375464
2.5957908140699301e-17 0.50668706971011768 0 0.18581715792086756
0.010167302455276604 0.51579029462742376 0 0.18346423913243998
0.027666245377244689 0.53136885656472421 0 0.17922049490454048
0.045200606501009558 0.54686675289348474 0 0.17472354459609227
0.055421130528560909 0.5558487672700434 0 0.1719901575703906
0.073008509581614672 0.57121671650179395 0 0.16709538618017711
0.090627493423183797 0.58650107215716007 0 0.16195094176216601
0.10089550897822659 0.59535747638606873 0 0.15884239503514627
0.11856146598205401 0.61050733604548713 0 0.15330608849570942
0.13625520081965362 0.62557078026974966 0 0.14752410711518471
0.14656495750785592 0.63429733417781353 0 0.1440464081064487
0.1642996048412555 0.64922190483882303 0 0.13787924749109634
0.18205819648691626 0.66405734862328059 0 0.13147086004398353
0.19240393404396613 0.67264997794444314 0 0.1276306920540857
0.21019737262165725 0.68734234848171771 0 0.12084450671354376
0.22801092235188647 0.70194299509024727 0 0.11382197549971328
0.23838688105375552 0.71039779743348486 0 0.10962667235490442
0.25622921816375899 0.72485135500456932 0 0.10223439511216742
0.2740878404852623 0.73921070960813451 0 0.094611067483702432
0.28448827145082128 0.74752395990309273 0 0.090068585870190634
0.30236963838704589 0.76173239902533596 0 0.082084204487056278
0.32026347857283927 0.77584427742206685 0 0.073874463103949697
0.33068265392154206 0.78401243282854438 0 0.068993353045024741
0.34859322334814924 0.79796976352848947 0 0.060431858124543748
0.36651247468148451 0.81182829992889038 0 0.051651067095445279
0.37694469751011678 0.8198480041991616 0 0.046440439912520767
0.39487470049655016 0.83354855921700233 0 0.037317770267501722
0.41280962116253356 0.84714821307883303 0 0.027982221298753478
0.42324923530651148 0.85501630036470377 0 0.02245171825945862
0.44118897797473694 0.86845474140140511 0 0.012784701232197923
0.45912990754230215 0.88179030330375552 0 0.002911545821077817
-0.87240225521682291 -0.47641856847283076 0 0.002985042120634762
-0.85871357368345469 -0.45846909366950656 0 0.013104285799817445
-0.84493128091880043 -0.44052339613738856 0 0.023007454106146397
-0.83686732489552029 -0.43008144048485297 0 0.028670886348365825
-0.82293838932556196 -0.41214430968977539 0 0.038227382894935769
-0.80891769856844131 -0.39421423787658022 0 0.047561715305213609
-0.80071586788874893 -0.38378289076658739 0 0.052891318508127255
-0.78655155235899477 -0.36586659652757308 0 0.06186958695573691
-0.77229744067134964 -0.34796066613769461 0 0.070619909012172022
-0.76396067905548293 -0.33754489352583067 0 0.075606995211439557
-0.74956612206230233 -0.31965798430433612 0 0.083992364922331517
-0.7350838289847591 -0.30178476202904259 0 0.092144336316641817
-0.72661523197867972 -0.29138955725966165 0 0.096780713605485125
-0.711995831218322 -0.27354062462368617 0 0.10455937971094328
-0.69729085328778539 -0.25570871522840705 0 0.11209954202625695
-0.68869366495202144 -0.24533909147323713 0 0.116377539144743
-0.67385507142516776 -0.22753675702935522 0 0.12353660484341605
-0.65893315602018177 -0.20975479019520712 0 0.13045242468897383
-0.65021076522923449 -0.19941577275598471 0 0.13436491640806633
-0.63515887667983395 -0.18166867486003918 0 0.14089243556309922
-0.62002601520494172 -0.16394529181976109 0 0.14717234565136653
-0.61118195156435529 -0.15364191031855337 0 0.15071277599584476
-0.59592290526586467 -0.13595869060612786 0 0.15659779223561884
-0.58058532568928134 -0.11830253061610255 0 0.16223122950644936
-0.57162325507924905 -0.10803981109781718 0 0.16539363347629074
-0.55616341998446595 -0.090429100876982318 0 0.17062621656833213
-0.5406275787464343 -0.072848787568311146 0 0.17560365732731417
-0.5315512985025892 -0.062631744540606618 0 0.17838268077090405
-0.51589726677630021 -0.045102151090589515 0 0.18295395975855214
-0.50016984008849452 -0.027606278743258758 0 0.18726695151971851
-0.49098327383226581 -0.017439907179647357 0 0.1896578690654355
-0.47514185178886964 4.1563705701032635e-17 0 0.19356006206907714
-0.45922972634814319 0.01740288021499382 0 0.19720125207039904
-0.44993691848074208 0.027513612882617482 0 0.19919998311743622
-0.4339151169518885 0.044855315827095607 0 0.20242642365949057
-0.41782538009447479 0.062156709592208807 0 0.20538958370536844
-0.40843048997020132 0.07220687146508481 0 0.20699270620051682
-0.39223551413023128 0.08944191745798237 0 0.20953786580204203
-0.37597544345522216 0.1066334009943902 0 0.2118179135045451
-0.36648273925133151 0.11661810365577922 0 0.21302267566686672
-0.35012197793092953 0.13373811885540565 0 0.21488218275676099
-0.33369903042441679 0.1508113525032114 0 0.21647519885317651
-0.32411288272625188 0.16072575889797638 0 0.21727952852231519
-0.30759389724719116 0.17772246183061496 0 0.21845018333676225
-0.2910156979408613 0.194669203478329 0 0.21935342512518902
-0.28134057306232801 0.20450853569669469 0 0.21975593689935255
-0.26467108562848596 0.22137375057134623 0 0.22023572250390214
-0.24794541582868976 0.23818586888941085 0 0.22044763327935604
-0.23818586888941068 0.24794541582868995 0 0.22044763327472636
-0.22137375057134603 0.26467108562848601 0 0.22023572248100315
-0.20450853569669453 0.28134057306232818 0 0.21975593685452993
-0.19466920347832875 0.29101569794086146 0 0.2193534250663744
-0.17772246183061474 0.30759389724719138 0 0.21845018325863108
-0.16072575889797613 0.32411288272625211 0 0.21727952843181528
-0.15081135250321112 0.33369903042441695 0 0.21647519875848237
-0.13373811885540543 0.3501219779309297 0 0.21488218265706696
-0.116618103655779 0.36648273925133157 0 0.21302267556454096
-0.10663340099439 0.37597544345522232 0 0.21181791340146966
-0.089441917457982203 0.3922355141302315 0 0.20953786569432947
-0.072206871465084643 0.4084304899702012 0 0.20699270608326728
-0.062156709592208703 0.4178253800944749 0 0.20538958358082787
-0.04485531582709551 0.4339151169518885 0 0.20242642352726067
-0.027513612882617392 0.44993691848074219 0 0.19919998298474512
-0.017402880214993741 0.45922972634814324 0 0.1972012519401396
3.8522458942420495e-17 0.47514185178886975 0 0.1935600619381081
0.01743990717964743 0.49098327383226592 0 0.18965786892622633
0.027606278743258824 0.50016984008849474 0 0.18726695137286548
0.045102151090589578 0.51589726677630054 0 0.18295395960305325
0.062631744540606687 0.53155129850258953 0 0.17838268061376339
0.072848787568311216 0.54062757874643441 0 0.17560365717208284
0.090429100876982374 0.55616341998446628 0 0.17062621641586823
0.10803981109781728 0.57162325507924938 0 0.16539363332517271
0.11830253061610269 0.58058532568928167 0 0.16223122935565465
0.13595869060612797 0.59592290526586489 0 0.1565977920875444
0.15364191031855345 0.61118195156435562 0 0.15071277585364373
0.1639452918197612 0.62002601520494194 0 0.14717234551388553
0.18166867486003926 0.63515887667983417 0 0.14089243543371083
0.19941577275598482 0.65021076522923449 0 0.13436491628642719
0.20975479019520724 0.65893315602018188 0 0.13045242457166328
0.22753675702935536 0.67385507142516776 0 0.12353660473287491
0.24533909147323724 0.68869366495202144 0 0.11637753904007683
0.25570871522840716 0.69729085328778551 0 0.11209954192475104
0.27354062462368622 0.71199583121832177 0 0.1045593796167457
0.29138955725966165 0.72661523197867972 0 0.096780713521296288
0.30178476202904259 0.73508382898475888 0 0.092144336239517691
0.31965798430433612 0.74956612206230222 0 0.083992364859460239
0.33754489352583072 0.76396067905548271 0 0.075606995165485719
0.34796066613769472 0.77229744067134987 0 0.070619908976956733
0.36586659652757314 0.78655155235899499 0 0.061869586935461254
0.38378289076658739 0.80071586788874916 0 0.052891318497641913
0.39421423787658022 0.80891769856844131 0 0.047561715298234525
0.41214430968977539 0.82293838932556196 0 0.038227382892876298
0.43008144048485297 0.8368673248955204 0 0.028670886350209437
0.44052339613738861 0.84493128091880043 0 0.023007454109684588
0.45846909366950656 0.85871357368345458 0 0.013104285803603727
0.47641856847283065 0.8724022552168228 0 0.0029850421210713446
-0.86265346468758841 -0.49357130308078956 0 0.0030542000674967933
-0.84862613246749352 -0.47561970740271498 0 0.013404877910837954
-0.83451421900027878 -0.4576741834050605 0 0.023529939767690192
-0.82626256350768601 -0.44723331994773347 0 0.029318186794235503
-0.8120181831375608 -0.42929965639737677 0 0.039082005374742552
-0.79769093405909741 -0.41137491945266874 0 0.048614777126774991
-0.78931475647925742 -0.40094747061985297 0 0.054055846039216732
-0.77485781390798025 -0.3830391232633249 0 0.063219006444892964
-0.76031979595749788 -0.36514257261049882 0 0.072145973950020523
-0.75182179102783886 -0.35473285109031139 0 0.077232132592084127
-0.7371569795197519 -0.33685724021681329 0 0.085781586625515563
-0.72241296508643715 -0.31899630756858938 0 0.094090005886273004
-0.71379594643596556 -0.30860864321210557 0 0.098813978917782902
-0.69892816212801923 -0.29077321560039682 0 0.10673747362610755
-0.68398312462858279 -0.27295535534520343 0 0.11441540816840448
-0.67525002200544149 -0.26259408943590345 0 0.11877039585667468
-0.66018435900295136 -0.24480630846203949 0 0.12605650592429771
-0.64504346780085831 -0.2270389877173076 0 0.13309286005387666
-0.63619732403464757 -0.21670846715872499 0 0.13707255793321541
-0.6209390690541059 -0.19897580277142071 0 0.14371071863095239
-0.60560768392961883 -0.18126649131494371 0 0.15009526912706889
-0.59665165163414058 -0.17097106275220561 0 0.15369388588134408
-0.58120627820335258 -0.15330098134302902 0 0.15967442314156807
-0.56568994338537248 -0.13565714144989441 0 0.16539784854285622
-0.55662728140850726 -0.12540114534129121 0 0.16861012267502618
-0.5410004436361473 -0.10780109953762854 0 0.17392428099408727
-0.52530488140863874 -0.09023017575091323 0 0.17897818854172315
-0.51613895103711915 -0.080017940406011775 0 0.18179940360593738
-0.50033647696558303 -0.062495358815351038 0 0.18643937141013747
-0.48446758086313346 -0.045004767679324931 0 0.19081632137983531
-0.47520184179099023 -0.034840603280440557 0 0.19324231966558353
-0.45922972634814319 -0.017402880214993754 0 0.1972012520562697
-0.44319355395692173 2.4344710952992711e-17 0 0.20089477953201257
-0.43383156002736439 0.010111807375940684 0 0.20292197427765579
-0.4176959575944757 0.027457322164921014 0 0.20619401311272473
-0.40149872297650113 0.044765161716462873 0 0.20919864690094953
-0.39204411770794639 0.054820356058495237 0 0.21082403276734646
-0.37575133432268965 0.072066367607156318 0 0.21340432383875599
-0.3593994000829 0.089271895484037328 0 0.21571560261863515
-0.34985591199076066 0.099266256772941458 0 0.21693676460526781
-0.33341239720570126 0.11640553506242723 0 0.21882147201519875
-0.31691226622280372 0.1335015491076473 0 0.22043595749993228
-0.30728370394950499 0.14343089918974256 0 0.22125107804725377
-0.29069604236792118 0.16045628920544389 0 0.22243739551889394
-0.27405434921140504 0.17743566612949294 0 0.22335268264290903
-0.26434459647789382 0.18729587452136212 0 0.22376054703938206
-0.24761949899011951 0.20420030618455753 0 0.22424670626931861
-0.23084300104710839 0.22105601143984979 0 0.22446143034556149
-0.22105601143984965 0.23084300104710859 0 0.2244614303408437
-0.20420030618455734 0.24761949899011965 0 0.22424670624627413
-0.18729587452136195 0.26434459647789404 0 0.22376054699473741
-0.17743566612949269 0.2740543492114052 0 0.22335268258468177
-0.16045628920544369 0.2906960423679214 0 0.22243739544313584
-0.14343089918974231 0.30728370394950516 0 0.22125107796238125
-0.13350154910764703 0.31691226622280394 0 0.22043595741325478
-0.116405535062427 0.33341239720570137 0 0.21882147192572543
-0.099266256772941264 0.34985591199076083 0 0.21693676451257232
-0.089271895484037148 0.35939940008290022 0 0.2157156025238218
-0.072066367607156151 0.37575133432268981 0 0.21340432373917803
-0.054820356058495091 0.3920441177079465 0 0.21082403266148111
-0.044765161716462755 0.40149872297650119 0 0.20919864679097741
-0.027457322164920916 0.4176959575944757 0 0.20619401299878154
-0.01011180737594059 0.4338315600273645 0 0.20292197416418895
6.2890503295231172e-17 0.44319355395692173 0 0.20089477942039424
0.017402880214993834 0.45922972634814324 0 0.19720125194328705
0.034840603280440627 0.47520184179099034 0 0.19324231954446969
0.045004767679324986 0.48446758086313374 0 0.19081632125145842
0.062495358815351086 0.50033647696558325 0 0.18643937127380289
0.080017940406011845 0.51613895103711949 0 0.18179940346862028
0.0902301757509133 0.52530488140863907 0 0.17897818840663379
0.10780109953762861 0.54100044363614763 0 0.17392428086140274
0.12540114534129132 0.55662728140850748 0 0.16861012254206201
0.13565714144989457 0.56568994338537271 0 0.16539784840876778
0.15330098134302914 0.5812062782033528 0 0.15967442300805654
0.17097106275220572 0.59665165163414091 0 0.15369388575216975
0.18126649131494382 0.60560768392961917 0 0.15009526900193643
0.1989758027714208 0.62093906905410601 0 0.14371071851214956
0.21670846715872508 0.63619732403464757 0 0.13707255781950656
0.22703898771730779 0.64504346780085842 0 0.1330928599427319
0.24480630846203955 0.66018435900295136 0 0.12605650581942612
0.26259408943590351 0.67525002200544149 0 0.11877039576079695
0.2729553553452036 0.68398312462858279 0 0.11441540807883692
0.29077321560039687 0.69892816212801911 0 0.10673747354656596
0.30860864321210557 0.71379594643596556 0 0.098813978846857053
0.31899630756858938 0.72241296508643704 0 0.094090005819948599
0.33685724021681329 0.73715697951975179 0 0.085781586569977919
0.35473285109031144 0.75182179102783864 0 0.07723213255147901
0.36514257261049893 0.76031979595749799 0 0.072145973919604992
0.38303912326332495 0.77485781390798036 0 0.063219006428373262
0.40094747061985303 0.78931475647925753 0 0.054055846031153133
0.41137491945266869 0.79769093405909741 0 0.048614777121334753
0.42929965639737677 0.8120181831375608 0 0.039082005372943526
0.44723331994773347 0.82626256350768601 0 0.029318186795422085
0.4576741834050605 0.83451421900027878 0 0.023529939770222684
0.47561970740271498 0.8486261324674933 0 0.0134048779136347
0.4935713030807895 0.86265346468758841 0 0.0030542000677775635
-0.85681480647892527 -0.50348701299585541 0 0.0030924159796702098
-0.84259711132706072 -0.48553737026570681 0 0.013570925977228813
-0.82829996775950521 -0.46759499010537076 0 0.02381846487181306
-0.81994285988180782 -0.45715646834182433 0 0.029675566159204504
-0.80552129926365912 -0.43922764557189614 0 0.039553693936333852
-0.79102191135103062 -0.42130870292259126 0 0.049195802773194075
-0.78254785653108938 -0.41088502844542496 0 0.054698253677811233
-0.76792667138766657 -0.39298379376343756 0 0.063963178177508226
-0.75322934955810339 -0.37509506821578742 0 0.072987306360716001
-0.74464088818402707 -0.36469019146599113 0 0.078127928668189475
-0.72982449771588898 -0.34682334010515636 0 0.08676754076381045
-0.71493372916328879 -0.3289716351934997 0 0.095161866742357798
-0.70623350378935412 -0.31858951908385064 0 0.099933914088952566
-0.69122650148711551 -0.30076386518038872 0 0.10793685542742561
-0.67614694605991621 -0.2829560001330132 0 0.11569031875997229
-0.66733769894902351 -0.27260061522622714 0 0.12008749248893208
-0.65214484825994135 -0.25482298350095883 0 0.12744318286903636
-0.63688133398864821 -0.23706578488225671 0 0.13454551246984711
-0.62796590444583733 -0.22674110450988874 0 0.13856197838359474
-0.61259213408377566 -0.20901832185435476 0 0.14526064381529571
-0.59714965235505413 -0.19131861511958678 0 0.15170238490724325
-0.58813097385687085 -0.1810286104538251 0 0.15533278845828052
-0.57258137276427346 -0.16336749744196571 0 0.16136548669060397
-0.55696507315074539 -0.1457320984258702 0 0.16713802563886024
-0.54784617027601046 -0.13548073351666887 0 0.17037750605511354
-0.53212598224782603 -0.11788809586359308 0 0.17573615021943567
-0.51634116700401433 -0.10032380222453498 0 0.18083173736440292
-0.50712515217230292 -0.090115029014784645 0 0.18367594055790226
-0.49123977015308545 -0.072597649004559228 0 0.18835332064625607
-0.47529188838921965 -0.055111231646283183 0 0.19276509088019361
-0.46598195841408774 -0.044948984977914976 0 0.19521018100843537
-0.44993691848074197 -0.027513612882617416 0 0.19919998309364004
-0.43383156002736439 -0.010111807375940644 0 0.20292197426826505
-0.42443099249206862 1.2112527051840603e-17 0 0.2049646440627883
-0.40823196753591556 0.017346654487511142 0 0.20826146727037245
-0.39197485651341246 0.034657156460555852 0 0.21128863616679386
-0.38248700597754837 0.044714638856744947 0 0.21292611576968407
-0.36613979910052918 0.061965915153773934 0 0.21552548676654232
-0.34973678720884083 0.079178474310759472 0 0.2178537227140262
-0.34016508125497125 0.089177778046193104 0 0.21908378719530827
-0.32367561889590857 0.106327073152284 0 0.22098217231367212
-0.30713267844073855 0.12343511105361618 0 0.22260830829435913
-0.29748061357069405 0.13337241935286034 0 0.22342928364655795
-0.28085493837855185 0.15041319624051483 0 0.22462409842184747
-0.26417815505139947 0.16741020364263526 0 0.22554591964775378
-0.25444929244250264 0.17728174147870607 0 0.22595668733252744
-0.23769355591454644 0.19420753738044125 0 0.22644630353025372
-0.22088912134481195 0.21108708247680447 0 0.22666255347207262
-0.2110870824768043 0.22088912134481212 0 0.22666255346723155
-0.19420753738044105 0.23769355591454655 0 0.22644630350708567
-0.17728174147870587 0.25444929244250281 0 0.22595668728841437
-0.16741020364263501 0.26417815505139963 0 0.22554591959073822
-0.15041319624051461 0.28085493837855213 0 0.22462409834893993
-0.13337241935286009 0.29748061357069427 0 0.22342928356676287
-0.12343511105361595 0.30713267844073872 0 0.22260830821420996
-0.10632707315228376 0.32367561889590873 0 0.22098217223172251
-0.08917777804619291 0.34016508125497136 0 0.21908378710898743
-0.079178474310759278 0.34973678720884105 0 0.21785372262413702
-0.061965915153773768 0.36613979910052935 0 0.21552548667118296
-0.044714638856744808 0.38248700597754848 0 0.212926115670035
-0.034657156460555734 0.39197485651341268 0 0.21128863606523421
-0.017346654487511041 0.40823196753591556 0 0.20826146716718663
7.774847207097686e-17 0.42443099249206867 0 0.20496464396016278
0.01011180737594073 0.43383156002736445 0 0.20292197416664565
0.027513612882617496 0.44993691848074213 0 0.19919998298995167
0.044948984977915045 0.46598195841408785 0 0.19521018089717282
0.055111231646283253 0.47529188838921993 0 0.19276509076249096
0.07259764900455927 0.49123977015308573 0 0.18835332052162618
0.090115029014784714 0.50712515217230336 0 0.18367594043265967
0.10032380222453503 0.51634116700401456 0 0.18083173724129634
0.11788809586359311 0.53212598224782626 0 0.17573615009800134
0.13548073351666895 0.54784617027601079 0 0.17037750593193368
0.14573209842587034 0.55696507315074573 0 0.1671380255134341
0.16336749744196583 0.57258137276427379 0 0.16136548656440799
0.18102861045382518 0.58813097385687108 0 0.15533278833595796
0.19131861511958689 0.59714965235505435 0 0.15170238478900841
0.20901832185435487 0.61259213408377589 0 0.14526064370263458
0.22674110450988885 0.62796590444583733 0 0.13856197827402114
0.23706578488225691 0.63688133398864843 0 0.13454551236128068
0.254822983500959 0.65214484825994135 0 0.12744318276623048
0.27260061522622725 0.66733769894902351 0 0.12008749239774165
0.28295600013301336 0.67614694605991632 0 0.11569031867778914
0.30076386518038878 0.6912265014871154 0 0.10793685535780564
0.31858951908385069 0.70623350378935412 0 0.099933914027253087
0.3289716351934997 0.71493372916328868 0 0.09516186668352776
0.34682334010515642 0.72982449771588898 0 0.086767540712930524
0.3646901914659913 0.74464088818402707 0 0.078127928629926416
0.37509506821578753 0.75322934955810361 0 0.072987306331540519
0.39298379376343762 0.76792667138766668 0 0.06396317816084636
0.41088502844542507 0.7825478565310896 0 0.054698253668880731
0.42130870292259126 0.79102191135103062 0 0.049195802766737337
0.43922764557189614 0.80552129926365901 0 0.039553693933276485
0.45715646834182433 0.81994285988180782 0 0.029675566158845656
0.46759499010537081 0.82829996775950532 0 0.023818464872649842
0.48553737026570687 0.84259711132706061 0 0.013570925978673359
0.50348701299585541 0.85681480647892516 0 0.0030924159797825739
-0.84650125647398267 -0.52040197538565869 0 0.003154445327776608
-0.8319681249325479 -0.5024615569605122 0 0.013840367640783661
-0.81736413275703745 -0.48453018534954928 0 0.024286514735462825
-0.80883237102780337 -0.47409883261308861 0 0.030255217550970218
-0.7941174184237606 -0.45618353536283202 0 0.040318540462090283
-0.77933305910700668 -0.43827951477379107 0 0.050137688854939633
-0.77069700315898193 -0.42786510765567348 0 0.055739484665634026
-0.75580402536824076 -0.40998069457032738 0 0.065169040983049528
-0.74084314744951163 -0.39210979447935557 0 0.074350267346015173
-0.73210506115445995 -0.38171569338406275 0 0.079578912376817107
-0.71703798909826844 -0.36386794238116521 0 0.088364175345111831
-0.70190457496394665 -0.34603594488490236 0 0.096897210352165114
-0.69306679952540828 -0.33566551649556725 0 0.10174684740706615
-0.67782969600374932 -0.31786021444175966 0 0.10987796092484693
-0.66252785862911179 -0.30007290825261185 0 0.11775321337647186
-0.65359281064426955 -0.28972952202497226 0 0.12221838336234191
-0.63818986693421598 -0.27197245869352038 0 0.12968618196044329
-0.62272384639215306 -0.25423563307579139 0 0.1368947596238749
-0.61369401577901161 -0.24392265770000401 0 0.14097041400075
-0.59812954800338036 -0.22621961967705001 0 0.14776644366718769
-0.58250370774567495 -0.20853905833683528 0 0.15430017321788095
-0.57338165553896214 -0.19825985817471478 0 0.15798168521038189
-0.55766010081133199 -0.18061662272733653 0 0.16409822220843379
-0.54187892372885194 -0.16299809766935636 0 0.16994966751222471
-0.53266727974846029 -0.15275602917474801 0 0.17323284249860857
-0.51679319210134911 -0.13517835809414083 0 0.17866291075802967
-0.50086127637021305 -0.11762762345890557 0 0.18382538967219966
-0.49156273676642426 -0.10742603158902019 0 0.1867064746841515
-0.47554078287011209 -0.089919665022303669 0 0.1914438615797566
-0.45946283759159362 -0.072442450917174148 0 0.19591146102940959
-0.45008016227171499 -0.062284665542803423 0 0.19838715320671221
-0.43391511695188861 -0.044855315827095558 0 0.20242642362325025
-0.41769595759447559 -0.027457322164920989 0 0.20619401309012386
-0.40823196753591556 -0.017346654487511132 0 0.20826146725655556
-0.39192870909895328 -4.0603509865938732e-18 0 0.21159797602059693
-0.37557325275164066 0.017313109640917024 0 0.21466121921510586
-0.36603082720680752 0.027373370657324522 0 0.21631805432569617
-0.34959433258215683 0.044631691619545999 0 0.21894795677594231
-0.33310759302864845 0.0618542961003904 0 0.22130332157500751
-0.32348966662741652 0.071860887274341825 0 0.22254762620277893
-0.30692500633710273 0.089025282570926914 0 0.22446788703940251
-0.29031208896118738 0.10615180924848858 0 0.22611265359255267
-0.28062164871699824 0.11610149669544716 0 0.22694299030441806
-0.26393398168286464 0.1331664263622514 0 0.22815139054381153
-0.24720007821576867 0.15019135708257805 0 0.22908365751607507
-0.2374401604417517 0.16008093969048195 0 0.22949906617733085
-0.22063472864154748 0.17704092188826298 0 0.22999420826163811
-0.20378511176257277 0.19395879890434886 0 0.23021289722255994
-0.19395879890434869 0.20378511176257297 0 0.23021289721772076
-0.17704092188826284 0.2206347286415476 0 0.22999420823921285
-0.16008093969048176 0.2374401604417519 0 0.22949906613583865
-0.1501913570825778 0.24720007821576881 0 0.22908365746323486
-0.13316642636225121 0.26393398168286486 0 0.22815139047760136
-0.11610149669544692 0.28062164871699846 0 0.22694299023351927
-0.10615180924848835 0.2903120889611876 0 0.22611265352240181
-0.089025282570926692 0.30692500633710285 0 0.22446788696859282
-0.071860887274341617 0.32348966662741663 0 0.22254762612772572
-0.061854296100390213 0.33310759302864879 0 0.22130332149610207
-0.044631691619545825 0.349594332582157 0 0.21894795669211387
-0.02737337065732438 0.36603082720680763 0 0.21631805423966868
-0.0173131096409169 0.37557325275164077 0 0.21466121912894864
1.0658421339808918e-16 0.39192870909895328 0 0.21159797593461485
0.017346654487511222 0.40823196753591562 0 0.20826146717102687
0.02745732216492108 0.41769595759447564 0 0.20619401300478934
0.044855315827095642 0.43391511695188867 0 0.20242642353511631
0.062284665542803493 0.4500801622717151 0 0.1983871531113911
0.072442450917174203 0.4594628375915939 0 0.19591146092832223
0.089919665022303696 0.47554078287011248 0 0.19144386147267492
0.10742603158902025 0.49156273676642454 0 0.18670647457696471
0.11762762345890565 0.50086127637021338 0 0.18382538956722161
0.13517835809414092 0.51679319210134944 0 0.17866291065404855
0.15275602917474812 0.53266727974846062 0 0.17323284239113593
0.16299809766935652 0.54187892372885205 0 0.16994966740109854
0.18061662272733664 0.55766010081133233 0 0.16409822209500058
0.19825985817471489 0.57338165553896248 0 0.15798168510061886
0.20853905833683545 0.58250370774567517 0 0.15430017311258568
0.22621961967705009 0.59812954800338036 0 0.14776644356721222
0.2439226577000041 0.61369401577901161 0 0.14097041390221143
0.25423563307579156 0.62272384639215306 0 0.13689475952489399
0.27197245869352049 0.63818986693421598 0 0.12968618186623626
0.28972952202497232 0.65359281064426933 0 0.12221838328099764
0.30007290825261196 0.66252785862911179 0 0.11775321330570275
0.31786021444175977 0.67782969600374943 0 0.10987796086794538
0.33566551649556725 0.69306679952540828 0 0.10174684735723033
0.3460359448849023 0.70190457496394631 0 0.096897210303790379
0.36386794238116532 0.71703798909826855 0 0.08836417530195903
0.3817156933840628 0.73210506115445984 0 0.079578912343343439
0.39210979447935573 0.74084314744951174 0 0.07435026731987962
0.40998069457032738 0.75580402536824076 0 0.065169040967207867
0.42786510765567343 0.77069700315898204 0 0.055739484656417107
0.43827951477379107 0.77933305910700668 0 0.050137688848014714
0.45618353536283202 0.79411741842376049 0 0.04031854045829962
0.47409883261308855 0.80883237102780314 0 0.030255217549566307
0.48453018534954939 0.81736413275703768 0 0.024286514735085116
0.5024615569605122 0.8319681249325479 0 0.013840367641254285
0.52040197538565858 0.84650125647398244 0 0.0031544453278989793
-0.83583515504558514 -0.53715236379858355 0 0.0032118069241495505
-0.82100141040897079 -0.5192290797568383 0 0.014089446158321618
-0.80610507482387961 -0.50131627849045313 0 0.024719038851348931
-0.79740695320346433 -0.49089633938595456 0 0.030790762448350339
-0.78241260329587592 -0.47300159952749338 0 0.041024947247003771
-0.76735694064673854 -0.45511921157717405 0 0.051007317218478287
-0.75856668687981599 -0.44471783368947965 0 0.056700651414120021
-0.74341506293372861 -0.42685646677763728 0 0.06628182156574948
-0.72820344333238951 -0.40900932392386979 0 0.075607623886558978
-0.71932303654662566 -0.39862932043521931 0 0.080917230052325498
-0.70401756946332728 -0.38080616173707299 0 0.089836389580824169
-0.6886534617703568 -0.36299910063419094 0 0.098496854098716932
-0.67968493813173836 -0.35264328681080448 0 0.10341773272271691
-0.66422915606054467 -0.33486317387761494 0 0.11166647287230788
-0.64871612540769596 -0.31710103182076838 0 0.11965342183572236
-0.63966157665270384 -0.30677222254351688 0 0.12418092057005636
-0.62405910242467411 -0.28903999095869914 0 0.13175143384636062
-0.60840080759320048 -0.2713276016212921 0 0.13905729678515086
-0.59926237947773497 -0.26102860890053881 0 0.14318711942658208
-0.58351692789750842 -0.24334908800278929 0 0.15007221458273956
-0.56771711855609852 -0.22569127715205978 0 0.15669004258627078
-0.55849700922342493 -0.21542490763116484 0 0.16041825707236518
-0.54261238422316538 -0.19780291622049329 0 0.16661137252438876
-0.52667489802964174 -0.18020449741903044 0 0.17253485127479415
-0.51737535629982334 -0.16997354987107199 0 0.17585789709058364
-0.50135544795965081 -0.15241389190559562 0 0.1813531133183483
-0.48528420753093993 -0.13487966220668351 0 0.18657657507446232
-0.47590753111445455 -0.12468692502900078 0 0.18949127002883354
-0.45975631255409061 -0.10719438532043372 0 0.19428332080576677
-0.44355532230933553 -0.08972912096518014 0 0.19880175509648851
-0.43410385594776923 -0.079577369676380447 0 0.20130530130416263
-0.41782538009447484 -0.062156709592208766 0 0.2053895836629028
-0.40149872297650113 -0.044765161716462845 0 0.20919864686954293
-0.39197485651341257 -0.034657156460555838 0 0.21128863614267099
-0.37557325275164066 -0.017313109640917031 0 0.21466121920329287
-0.35912508683232042 -1.015416945482445e-17 0 0.21775724281786657
-0.34953125321755918 0.010061516937670866 0 0.21943166121500843
-0.33301072392605668 0.027324248840380257 0 0.22208929365193636
-0.31644527890142654 0.044554232121112945 0 0.22446929131386018
-0.30678395213236981 0.05456653878147813 0 0.22572652303180404
-0.290148769114771 0.071743290332264037 0 0.22766663934089865
-0.27347034269606113 0.088885496973041697 0 0.22932831256154079
-0.26374403569939964 0.098845894169812917 0 0.23016714301869179
-0.24699853651464143 0.11593204034205916 0 0.23138786842214726
-0.23021149072164848 0.13298186208256538 0 0.23232961099632571
-0.22042275317951696 0.14288767582303979 0 0.2327492291715855
-0.20357133737866925 0.15987863614291339 0 0.23324938323004446
-0.18668009474216821 0.17683151086655724 0 0.23347028433120146
-0.1768315108665571 0.18668009474216837 0 0.23347028432668249
-0.15987863614291323 0.20357133737866939 0 0.23324938320971508
-0.14288767582303963 0.22042275317951707 0 0.23274922913501125
-0.13298186208256516 0.23021149072164865 0 0.23232961095039301
-0.11593204034205891 0.24699853651464163 0 0.23138786836480615
-0.098845894169812695 0.26374403569939986 0 0.23016714295649016
-0.088885496973041475 0.2734703426960613 0 0.22932831249921704
-0.071743290332263801 0.29014876911477117 0 0.22766663927832811
-0.054566538781477936 0.30678395213236997 0 0.22572652296827239
-0.044554232121112751 0.31644527890142676 0 0.22446929124945889
-0.027324248840380091 0.33301072392605685 0 0.22208929358579005
-0.010061516937670727 0.34953125321755929 0 0.21943166114684035
1.3200420291271786e-16 0.35912508683232047 0 0.21775724274846164
0.017313109640917139 0.37557325275164066 0 0.21466121913268407
0.034657156460555928 0.39197485651341252 0 0.21128863607216838
0.044765161716462928 0.40149872297650113 0 0.20919864679943989
0.062156709592208835 0.41782538009447495 0 0.20538958359002521
0.079577369676380516 0.43410385594776946 0 0.20130530122356144
0.089729120965180195 0.44355532230933581 0 0.19880175500960512
0.10719438532043377 0.45975631255409094 0 0.19428332071248741
0.12468692502900083 0.47590753111445488 0 0.18949126993577969
0.1348796622066836 0.48528420753094026 0 0.18657657498408164
0.15241389190559568 0.50135544795965115 0 0.18135311322923836
0.16997354987107208 0.51737535629982345 0 0.17585789699745155
0.18020449741903061 0.52667489802964196 0 0.17253485117740355
0.1978029162204934 0.54261238422316549 0 0.16661137242427276
0.21542490763116501 0.55849700922342527 0 0.1604182569764474
0.22569127715205992 0.56771711855609885 0 0.15669004249551707
0.2433490880027894 0.58351692789750853 0 0.15007221449845873
0.26102860890053892 0.59926237947773497 0 0.14318711934473452
0.27132760162129227 0.6084008075932007 0 0.13905729670327063
0.2890399909586992 0.62405910242467411 0 0.13175143376817447
0.30677222254351694 0.63966157665270362 0 0.1241809205011894
0.31710103182076849 0.64871612540769608 0 0.11965342177446012
0.33486317387761494 0.66422915606054456 0 0.11166647282167111
0.35264328681080448 0.67968493813173825 0 0.10341773267874099
0.362999100634191 0.68865346177035658 0 0.098496854057079378
0.38080616173707316 0.70401756946332728 0 0.089836389544910814
0.39862932043521937 0.71932303654662577 0 0.080917230024909872
0.40900932392387002 0.72820344333238962 0 0.075607623865128981
0.42685646677763733 0.74341506293372872 0 0.066281821552804765
0.44471783368947976 0.75856668687981621 0 0.056700651406877446
0.455119211577174 0.76735694064673854 0 0.051007317213362997
0.47300159952749338 0.78241260329587581 0 0.041024947244847287
0.49089633938595456 0.79740695320346422 0 0.030790762448465226
0.50131627849045324 0.80610507482387983 0 0.024719038852433543
0.51922907975683841 0.82100141040897079 0 0.014089446159918841
0.53715236379858367 0.83583515504558514 0 0.0032118069247245948
-0.82946686207582521 -0.54682079942404727 0 0.0032430112117450179
-0.81446501768647106 -0.52891135209636531 0 0.014224905455863548
-0.7994052378521076 -0.51101305529045371 0 0.024954197711831556
-0.79061412101911921 -0.50060183489639176 0 0.031081885140442446
-0.77546361059714475 -0.48272250044569681 0 0.041408846510580632
-0.76025633868131981 -0.46485598879293705 0 0.051479794396936056
-0.75137992849407087 -0.45446403714882694 0 0.057222782322516853
-0.73608380872566048 -0.43661913485974607 0 0.066886158316466521
-0.72073213355129184 -0.41878872922210669 0 0.076290307326367796
-0.71177224234832792 -0.40841856154744766 0 0.081643767226468364
-0.69633365229324995 -0.39061241374375155 0 0.090635423725331205
-0.68084074428455299 -0.37282243671347121 0 0.099364846746119409
-0.67179923153345078 -0.36247656863077893 0 0.10432426095659759
-0.65622139059762552 -0.34471349728864359 0 0.1126366016073625
-0.6405904997106886 -0.32696826979282317 0 0.12068391338600908
-0.63146927078449699 -0.31664921534787166 0 0.12524508149574656
-0.61575547658494789 -0.29893353868842465 0 0.13287105892874537
-0.59998993013173618 -0.28123737657502257 0 0.14022942810681877
-0.59079093502389213 -0.27094764624724438 0 0.1443884742766563
-0.57494456114886139 -0.2532836753138924 0 0.15132160229276109
-0.55904776151753321 -0.23564088592465282 0 0.15798476296720859
-0.54977299349697317 -0.22538298463092857 0 0.16173814238275569
-0.53379748716423725 -0.20777501985704183 0 0.16797250678394221
-0.51777290943889864 -0.19018989859295363 0 0.17393476904139116
-0.50842440364723251 -0.17996632368805915 0 0.17727927390489986
-0.49232328326389818 -0.16241865146064532 0 0.1828095425271426
-0.47617447274717717 -0.14489547834558755 0 0.18806580213928184
-0.46675430473993196 -0.13470871762259826 0 0.19099856715117838
-0.45053115736723348 -0.11722560684764625 0 0.19581999893400284
-0.43426172700927845 -0.099768643095910908 0 0.20036574597355919
-0.42477201124335234 -0.089621172789881812 0 0.20288425314416397
-0.40843048997020126 -0.072206871465084754 0 0.20699270615706356
-0.3920441177079465 -0.054820356058495209 0 0.21082403273273112
-0.38248700597754837 -0.044714638856744926 0 0.21292611574110176
-0.36603082720680769 -0.027373370657324533 0 0.21631805430791612
-0.34953125321755918 -0.010061516937670883 0 0.2194316612084258
-0.33990893304103065 -7.870670377677087e-18 0 0.22111550905383809
-0.32334187369269818 0.01726403911664862 0 0.22378800975632399
-0.30673289756630334 0.034497046834142529 0 0.22618121212484799
-0.29704759052633989 0.044511933841976416 0 0.22744537227187542
-0.28037348516202487 0.061694579007119096 0 0.22939612900310305
-0.26365896299608327 0.07884458879360895 0 0.23106686093485876
-0.25391292303598351 0.088810435649856079 0 0.23191024178207956
-0.23713566090924867 0.10590755642406889 0 0.23313756968223875
-0.22031950233201042 0.12297045206453742 0 0.23408438777964455
-0.21051501401068731 0.13288486992158347 0 0.23450626055114554
-0.19363853604800774 0.1498923735996042 0 0.2350090989226799
-0.17672470117377062 0.16686407788235433 0 0.23523118478218993
-0.16686407788235416 0.17672470117377079 0 0.23523118477798749
-0.14989237359960403 0.19363853604800782 0 0.23500909890411095
-0.13288486992158324 0.21051501401068748 0 0.23450626051832713
-0.1229704520645372 0.22031950233201059 0 0.23408438773877849
-0.10590755642406867 0.23713566090924887 0 0.23313756963088478
-0.088810435649855843 0.25391292303598367 0 0.23191024172487562
-0.078844588793608714 0.26365896299608332 0 0.23106686087629
-0.06169457900711886 0.28037348516202498 0 0.22939612894424311
-0.044511933841976208 0.29704759052634 0 0.22744537221511368
-0.034497046834142335 0.30673289756630351 0 0.22618121207014927
-0.01726403911664845 0.32334187369269834 0 0.22378800970268065
1.470038112475817e-16 0.33990893304103081 0 0.22111550899754329
0.010061516937671008 0.34953125321755929 0 0.21943166114916526
0.027373370657324637 0.36603082720680769 0 0.2163180542454349
0.044714638856745009 0.38248700597754837 0 0.21292611567838532
0.054820356058495279 0.3920441177079465 0 0.21082403267087815
0.07220687146508481 0.40843048997020132 0 0.2069927060927223
0.089621172789881867 0.42477201124335251 0 0.20288425307150448
0.09976864309591095 0.43426172700927868 0 0.20036574589393594
0.1172256068476463 0.45053115736723381 0 0.19581999884730225
0.13470871762259834 0.46675430473993235 0 0.19099856706479301
0.14489547834558766 0.4761744727471775 0 0.18806580205593354
0.16241865146064541 0.49232328326389851 0 0.18280954244556491
0.17996632368805923 0.50842440364723285 0 0.17727927381954728
0.19018989859295379 0.51777290943889887 0 0.17393476895183108
0.20777501985704191 0.53379748716423725 0 0.16797250669194269
0.22538298463092865 0.54977299349697328 0 0.16173814229554265
0.23564088592465293 0.55904776151753344 0 0.15798476288564661
0.25328367531389245 0.57494456114886161 0 0.151321602218836
0.27094764624724449 0.59079093502389224 0 0.14438847420675296
0.28123737657502274 0.5999899301317364 0 0.14022942803784613
0.29893353868842465 0.61575547658494789 0 0.13287105886281042
0.31664921534787166 0.63146927078449666 0 0.12524508143521559
0.32696826979282329 0.6405904997106886 0 0.12068391332959526
0.34471349728864364 0.65622139059762541 0 0.11263660155791906
0.36247656863077893 0.67179923153345067 0 0.10432426091374056
0.37282243671347132 0.68084074428455277 0 0.099364846706987531
0.39061241374375155 0.69633365229324995 0 0.090635423693459061
0.40841856154744766 0.71177224234832792 0 0.081643767203089468
0.41878872922210675 0.72073213355129184 0 0.076290307308346822
0.43661913485974613 0.73608380872566059 0 0.066886158306044538
0.4544640371488271 0.75137992849407109 0 0.057222782317333479
0.46485598879293699 0.76025633868131981 0 0.051479794393790489
0.4827225004456967 0.77546361059714475 0 0.041408846510337161
0.50060183489639198 0.79061412101911899 0 0.031081885142505785
0.51101305529045393 0.7994052378521076 0 0.024954197714895175
0.52891135209636542 0.81446501768647106 0 0.014224905459015001
0.54682079942404738 0.82946686207582521 0 0.0032430112127762828
-0.8182513240667747 -0.56328851572873695 0 0.0032927652447860174
-0.80297244781973875 -0.54540986120962931 0 0.014440842351280375
-0.78764334763329935 -0.52754320335298421 0 0.025328983556917407
-0.7786990123328934 -0.51715073779949339 0 0.031545804007804573
-0.76329124098462242 -0.4993041322584324 0 0.042020478556089744
-0.74783424029649592 -0.48147088090091777 0 0.052232392010734069
-0.73881592967432264 -0.47109848252628894 0 0.058054371985821016
-0.72328184919211114 -0.45328743115586778 0 0.067848481853365145
-0.70769955650342087 -0.43549109140154713 0 0.077377173512209019
-0.69860879896867889 -0.42514079996379184 0 0.082800320471383609
-0.68295105307215209 -0.40736880704264616 0 0.091907142875459924
-0.66724613408743005 -0.38961288221419582 0 0.10074606478560909
-0.65808449108466827 -0.37928673603464735 0 0.10576664872786973
-0.6423057798094417 -0.36155730268472452 0 0.11417991437313105
-0.62648095597636877 -0.34384529207712633 0 0.12232297466158724
-0.61725002112471516 -0.33354532673164422 0 0.12693753222907242
-0.60135309932478187 -0.31586194866714734 0 0.13465143259903031
-0.58541114631328539 -0.29819734529420916 0 0.14209300351932871
-0.57611254451067606 -0.28792559230073927 0 0.14629834297495548
-0.56010022030118722 -0.27029175757172674 0 0.15330753858653506
-0.5440439664236052 -0.25267804590841669 0 0.16004246428002422
-0.53467935291703605 -0.2424365314126524 0 0.16383566981012537
-0.5185544860592487 -0.22485571814629501 0 0.17013529744338693
-0.50238681063338531 -0.20729637186990396 0 0.17615890099055301
-0.49295787005626368 -0.19708711533080367 0 0.17953733672380137
-0.4767233702865567 -0.17956278947332721 0 0.18512301614821058
-0.46044720194356714 -0.16206126920649216 0 0.1904311060624464
-0.45095564732131443 -0.15188628208342342 0 0.1933924197380916
-0.43461447262627534 -0.13442189514577546 0 0.19826025977108758
-0.41823278756542631 -0.11698164620440876 0 0.20284913573962388
-0.40868035929053881 -0.10684293064769025 0 0.20539126190764032
-0.39223551413023139 -0.089441917457982301 0 0.2095378657579223
-0.37575133432268965 -0.072066367607156276 0 0.21340432380019947
-0.36613979910052918 -0.061965915153773914 0 0.21552548673174252
-0.34959433258215683 -0.044631691619545985 0 0.21894795674923959
-0.33301072392605663 -0.027324248840380261 0 0.22208929363551341
-0.32334187369269829 -0.017264039116648623 0 0.22378800974667037
-0.30669887769697257 6.0946705424006467e-18 0 0.22648395141082284
-0.29001894812610646 0.017235949729410026 0 0.22889796843793034
-0.28029459893962522 0.027253950296473661 0 0.23017304838486752
-0.26355720620224177 0.044444433587858302 0 0.23214057366523055
-0.24678410375081411 0.061605528494449419 0 0.23382557970491952
-0.2370060946574444 0.071579367955284343 0 0.23467613001690527
-0.22017747680815589 0.088692949558204795 0 0.23591385998161979
-0.20331438763412049 0.10577585425589177 0 0.23686867384533491
-0.19348457951077097 0.11570359640434548 0 0.23729409818664335
-0.1765679450726286 0.1327369581682703 0 0.23780116494368897
-0.15961809144221023 0.14973836581685998 0 0.23802511703216223
-0.14973836581685987 0.15961809144221037 0 0.23802511702847909
-0.13273695816827014 0.17656794507262874 0 0.23780116492781886
-0.11570359640434529 0.19348457951077117 0 0.23729409815931404
-0.10577585425589155 0.20331438763412069 0 0.23686867381175641
-0.088692949558204573 0.22017747680815603 0 0.23591385993931524
-0.071579367955284093 0.2370060946574446 0 0.23467612996860182
-0.061605528494449169 0.24678410375081425 0 0.23382557965446671
-0.044444433587858066 0.26355720620224188 0 0.23214057361471155
-0.027253950296473445 0.28029459893962533 0 0.230173048339055
-0.017235949729409832 0.29001894812610668 0 0.22889796839658666
1.6658766149228434e-16 0.30669887769697268 0 0.22648395137300709
0.017264039116648765 0.3233418736926984 0 0.22378800970612189
0.027324248840380389 0.33301072392605663 0 0.22208929359090421
0.044631691619546096 0.34959433258215683 0 0.2189479566996784
0.061965915153773983 0.36613979910052913 0 0.21552548668068244
0.072066367607156373 0.3757513343226897 0 0.2134043237495
0.089441917457982384 0.3922355141302315 0 0.20953786570453409
0.10684293064769032 0.40868035929053897 0 0.20539126184660927
0.11698164620440882 0.41823278756542653 0 0.20284913567234739
0.13442189514577554 0.43461447262627567 0 0.19826025969734651
0.15188628208342347 0.45095564732131488 0 0.19339241966432533
0.16206126920649225 0.46044720194356736 0 0.19043110599117827
0.17956278947332727 0.47672337028655704 0 0.18512301607868539
0.19708711533080378 0.49295787005626385 0 0.17953733665181948
0.2072963718699041 0.50238681063338553 0 0.17615890091565162
0.2248557181462951 0.5185544860592487 0 0.17013529736765781
0.24243653141265242 0.53467935291703605 0 0.16383566973982217
0.25267804590841686 0.54404396642360553 0 0.16004246421537024
0.27029175757172691 0.56010022030118733 0 0.15330753852998508
0.28792559230073939 0.57611254451067606 0 0.14629834292364643
0.29819734529420927 0.5854111463132855 0 0.1420930034698257
0.3158619486671474 0.60135309932478187 0 0.13465143255160766
0.33354532673164433 0.61725002112471505 0 0.12693753218259662
0.34384529207712633 0.62648095597636855 0 0.12232297461533052
0.36155730268472458 0.6423057798094417 0 0.1141799143295693
0.37928673603464735 0.65808449108466827 0 0.1057666486903432
0.38961288221419582 0.66724613408742972 0 0.10074606475296714
0.40736880704264622 0.6829510530721522 0 0.091907142851062024
0.42514079996379189 0.69860879896867889 0 0.082800320454684773
0.43549109140154718 0.70769955650342098 0 0.077377173499695029
0.45328743115586784 0.72328184919211125 0 0.067848481846845346
0.47109848252628894 0.73881592967432264 0 0.058054371983686043
0.48147088090091777 0.74783424029649592 0 0.052232392010469496
0.49930413225843234 0.7632912409846222 0 0.042020478558764368
0.5171507377994935 0.77869901233289351 0 0.031545804013199015
0.52754320335298444 0.78764334763329935 0 0.02532898356364139
0.54540986120962942 0.80297244781973875 0 0.014440842357531033
0.56328851572873695 0.81825132406677459 0 0.0032927652467493723
-0.80669440632298839 -0.57956363154422219 0 0.0033375766666186406
-0.79115342922981891 -0.56172510985789226 0 0.014635274501076953
-0.77556955565886099 -0.54389903501787273 0 0.025666352067986259
-0.76648029170683762 -0.53353035206391974 0 0.031963339755759053
-0.75082920130422459 -0.51572481735578535 0 0.042570811968581417
-0.73513603329818433 -0.49793280312325611 0 0.05290938637095316
-0.7259835405123487 -0.48758443719276034 0 0.058802310624230816
-0.71022446318062926 -0.46981466090792057 0 0.068713785857179438
-0.69442414227759297 -0.4520594777753823 0 0.078354224200877801
-0.68520967393141308 -0.4417330407420213 0 0.083839870852613546
-0.66934477489928723 -0.42400179143454314 0 0.093049939171919893
-0.65343948111764061 -0.40628620645771235 0 0.10198697491216263
-0.64416431270828067 -0.39598330794355591 0 0.10706234512003614
-0.62819579509234225 -0.37829334986637153 0 0.11556596803396937
-0.61218774595756864 -0.36062012525297549 0 0.12379470757839334
-0.60285317463368959 -0.35034237180676331 0 0.1284570202671296
-0.58678327844535294 -0.33269646349918092 0 0.13624953514879484
-0.57067472798457541 -0.31506835519594767 0 0.14376546294138695
-0.5612820719555206 -0.30481734947058009 0 0.14801215802243628
-0.54511307307625556 -0.28721824234490401 0 0.15508928342902226
-0.52890631078144934 -0.26963799862423815 0 0.16188826690508579
-0.51945690870837236 -0.25941533855435323 0 0.165717008003536
-0.50319111783419879 -0.24186577548310992 0 0.17207484826382294
-0.48688846759505217 -0.22433613553095758 0 0.17815314233742507
-0.47738367796455572 -0.21414341351146787 0 0.18156181935460552
-0.46102343952081326 -0.19664612741674431 0 0.18719686884668443
-0.44462725852826207 -0.1791698199231552 0 0.19255112002329983
-0.43506845900916058 -0.16900862198962305 0 0.19553785145324495
-0.41861615003659836 -0.1515663344360251 0 0.20044699844031913
-0.40212882765810232 -0.13414607618991881 0 0.20507424846775857
-0.39251741444193283 -0.12401798120164795 0 0.20763738343848229
-0.37597544345522227 -0.10663340099439013 0 0.21181791346056369
-0.35939940008290017 -0.0892718954840373 0 0.21571560257788081
-0.34973678720884099 -0.079178474310759417 0 0.21785372267466574
-0.33310759302864856 -0.06185429610039038 0 0.22130332154103194
-0.31644527890142654 -0.044554232121112924 0 0.22446929128959436
-0.3067328975663034 -0.034497046834142515 0 0.22618121210788877
-0.2900189481261064 -0.017235949729409991 0 0.22889796843125257
-0.27327284212707725 2.8445978582980775e-17 0 0.23133046402028648
-0.26351213998115885 0.010019396931269627 0 0.23261523646479876
-0.24671593111002271 0.027214750740921091 0 0.234597643762474
-0.22988853954024854 0.044383930951573766 0 0.2362953160046716
-0.22008097996955842 0.054363997456968592 0 0.23715222733897215
-0.20320503415213312 0.071490964067783602 0 0.2383991856957228
-0.1862988894821645 0.088590738302375918 0 0.23936109249087115
-0.17644595087805306 0.098529943501175526 0 0.23978966711883007
-0.15949281599307985 0.11558589864888692 0 0.24030048439758039
-0.14251047559349303 0.13261365061023525 0 0.24052609177751516
-0.13261365061023511 0.14251047559349317 0 0.24052609177428522
-0.11558589864888674 0.15949281599307993 0 0.24030048438381815
-0.098529943501175332 0.17644595087805323 0 0.23978966709541483
-0.08859073830237571 0.18629888948216469 0 0.23936109246232878
-0.071490964067783394 0.20320503415213328 0 0.2383991856605237
-0.054363997456968342 0.22008097996955861 0 0.23715222730002511
-0.044383930951573523 0.22988853954024874 0 0.23629531596487138
-0.027214750740920852 0.24671593111002288 0 0.2345976437233262
-0.010019396931269405 0.26351213998115902 0 0.23261523642895782
1.7677143833709482e-16 0.27327284212707748 0 0.23133046398732263
0.017235949729410172 0.29001894812610662 0 0.22889796840076521
0.034497046834142668 0.30673289756630362 0 0.22618121207617409
0.044554232121113063 0.31644527890142665 0 0.22446929125562884
0.061854296100390491 0.33310759302864856 0 0.22130332150312013
0.0791784743107595 0.34973678720884099 0 0.21785372263307259
0.089271895484037384 0.35939940008290017 0 0.21571560253423147
0.1066334009943902 0.37597544345522232 0 0.21181791341298392
0.12401798120164802 0.39251741444193294 0 0.20763738338639237
0.13414607618991889 0.40212882765810259 0 0.20507424841289451
0.15156633443602519 0.41861615003659863 0 0.20044699838222343
0.1690086219896231 0.43506845900916091 0 0.19553785139411309
0.17916981992315531 0.44462725852826235 0 0.19255111996446531
0.19664612741674439 0.46102343952081359 0 0.187196868788233
0.21414341351146798 0.47738367796455605 0 0.18156181929613699
0.22433613553095777 0.48688846759505244 0 0.17815314227891674
0.24186577548311003 0.5031911178341989 0 0.17207484820754618
0.25941533855435328 0.51945690870837247 0 0.16571700795273236
0.26963799862423826 0.52890631078144956 0 0.16188826685872845
0.28721824234490406 0.54511307307625578 0 0.15508928338895503
0.30481734947058015 0.56128207195552082 0 0.14801215798645292
0.31506835519594778 0.57067472798457552 0 0.14376546290680661
0.33269646349918097 0.58678327844535316 0 0.13624953511558452
0.35034237180676331 0.60285317463368937 0 0.12845702023406411
0.3606201252529756 0.61218774595756864 0 0.12379470754503434
0.37829334986637153 0.62819579509234202 0 0.1155659680022925
0.39598330794355591 0.64416431270828045 0 0.10706234509320756
0.40628620645771246 0.6534394811176405 0 0.10198697488943767
0.4240017914345432 0.66934477489928723 0 0.093049939155784772
0.44173304074202135 0.68520967393141308 0 0.083839870842106062
0.45205947777538241 0.69442414227759297 0 0.078354224193209615
0.46981466090792057 0.71022446318062926 0 0.06871378585374438
0.4875844371927604 0.72598354051234881 0 0.058802310624227902
0.49793280312325611 0.73513603329818433 0 0.052909386372632136
0.51572481735578524 0.75082920130422459 0 0.042570811973415258
0.53353035206391985 0.76648029170683751 0 0.031963339764197303
0.54389903501787296 0.7755695556588611 0 0.025666352078458358
0.56172510985789237 0.79115342922981891 0 0.014635274510809586
0.57956363154422219 0.80669440632298828 0 0.0033375766696755174
-0.79981326293209865 -0.58894269596730964 0 0.0033613565959226713
-0.78412661092935898 -0.57113204173304977 0 0.01473843073183196
-0.76840114160974471 -0.55333390745402611 0 0.025845304070112596
-0.75923133335592452 -0.54298149616776847 0 0.032184786879577543
-0.74344502280758462 -0.52520389865524408 0 0.042862628493941353
-0.72762061493714947 -0.50743974418603255 0 0.05326829065719061
-0.71839355881427125 -0.4971075335559082 0 0.05919877796755698
-0.7025094580924035 -0.47936537530912215 0 0.069172374182010082
-0.68658799180390595 -0.46163758201400718 0 0.078871933913642472
-0.67730478739947531 -0.45132695736241313 0 0.084390635350904533
-0.66132479502009689 -0.43362261755921183 0 0.093655290522467002
-0.64530818030757175 -0.41593356303146112 0 0.10264417784294923
-0.63596994445658384 -0.40564590729964678 0 0.10774849173981108
-0.61989598834305026 -0.38798176070599572 0 0.11629983553390137
-0.6037861643167074 -0.37033381772174156 0 0.12457380682473508
-0.59439403066413166 -0.36007051086085545 0 0.12926132195416881
-0.57822806738877874 -0.34244892678439193 0 0.13709531253188997
-0.56202700150838492 -0.32484446225616131 0 0.1446504543163262
-0.55258212005923391 -0.31460688061826225 0 0.14891895232759572
-0.53632613406388185 -0.29703022186207961 0 0.15603188036528864
-0.52003582135124438 -0.27947159579292463 0 0.16286461303591621
-0.51053935800859662 -0.26926111152251525 0 0.16671207049873824
-0.49419536080454574 -0.25173173334013721 0 0.17310056262840665
-0.47781782303574827 -0.23422129777932935 0 0.17920764381664964
-0.46827095912710304 -0.22403927820596839 0 0.18263223414644006
-0.45184098847529786 -0.20655952725847462 0 0.18829325615758766
-0.43537827335336216 -0.18909962525972041 0 0.1936717837945075
-0.42578220514572995 -0.1789474322922763 0 0.19667187896996352
-0.40926832421777337 -0.16151964560853921 0 0.20160273867152154
-0.39272250452645296 -0.14411261019168103 0 0.20625015373940087
-0.38307844273058822 -0.13399159971478383 0 0.20882432585159302
-0.36648273925133146 -0.11661810365577908 0 0.2130226756231792
-0.3498559119907606 -0.099266256772941347 0 0.21693676456388913
-0.3401650812549713 -0.089177778046193062 0 0.2190837871539969
-0.32348966662741646 -0.071860887274341784 0 0.22254762616533291
-0.3067839521323697 -0.054566538781478095 0 0.22572652300381149
-0.29704759052633989 -0.044511933841976381 0 0.227445372251558
-0.28029459893962511 -0.027253950296473615 0 0.23017304837538163
-0.26351213998115885 -0.010019396931269558 0 0.23261523646229676
-0.2537314984702419 3.8480720956599011e-17 0 0.23390509212546068
-0.23690308599149396 0.017196788120920469 0 0.2358953034811356
-0.22004604686276805 0.034369263753842562 0 0.23759961695514756
-0.21022238877321747 0.044352126861196932 0 0.23845986317937889
-0.19332073242408324 0.061485446110118872 0 0.23971165939747241
-0.17639129801118009 0.078593576545753191 0 0.24067728428125701
-0.16652589848679666 0.088538589003038598 0 0.24110751016325363
-0.14955319530548153 0.10560618168440626 0 0.24162029327005233
-0.13255357014405922 0.12264771559474386 0 0.24184676825602269
-0.12264771559474373 0.13255357014405938 0 0.24184676825300849
-0.10560618168440608 0.14955319530548164 0 0.2416202932572285
-0.088538589003038404 0.16652589848679686 0 0.24110751014147055
-0.078593576545752983 0.17639129801118036 0 0.24067728425477461
-0.061485446110118636 0.19332073242408343 0 0.23971165936568137
-0.044352126861196689 0.21022238877321767 0 0.23845986314604403
-0.034369263753842312 0.22004604686276821 0 0.23759961692247789
-0.017196788120920226 0.23690308599149415 0 0.23589530344971543
1.8249767661594975e-16 0.25373149847024201 0 0.23390509209505705
0.010019396931269769 0.26351213998115902 0 0.23261523643237308
0.027253950296473796 0.28029459893962533 0 0.23017304834602184
0.044511933841976548 0.29704759052634006 0 0.22744537222242303
0.054566538781478241 0.30678395213236992 0 0.22572652297454229
0.071860887274341881 0.32348966662741652 0 0.22254762613371795
0.089177778046193146 0.3401650812549713 0 0.21908378711712623
0.099266256772941444 0.3498559119907606 0 0.21693676452287922
0.11661810365577917 0.36648273925133151 0 0.21302267557714666
0.13399159971478394 0.38307844273058839 0 0.20882432580374111
0.14411261019168112 0.39272250452645308 0 0.20625015369176936
0.16151964560853929 0.4092683242177737 0 0.20160273862349395
0.17894743229227639 0.42578220514573023 0 0.19667187892013688
0.18909962525972054 0.43537827335336254 0 0.19367178374315941
0.20655952725847473 0.45184098847529808 0 0.18829325610541989
0.22403927820596847 0.46827095912710331 0 0.18263223409609253
0.23422129777932951 0.47781782303574843 0 0.17920764376849613
0.25173173334013732 0.4941953608045459 0 0.17310056258474996
0.26926111152251531 0.51053935800859673 0 0.1667120704603231
0.2794715957929248 0.5200358213512446 0 0.16286461300078262
0.29703022186207961 0.53632613406388185 0 0.15603188033448906
0.31460688061826236 0.55258212005923402 0 0.14891895229923921
0.32484446225616137 0.56202700150838503 0 0.1446504542886061
0.34244892678439209 0.57822806738877885 0 0.13709531250520535
0.36007051086085551 0.59439403066413155 0 0.12926132192863007
0.37033381772174179 0.60378616431670729 0 0.12457380679997261
0.38798176070599577 0.61989598834305015 0 0.11629983551155196
0.40564590729964672 0.63596994445658361 0 0.1077484917213655
0.41593356303146123 0.64530818030757164 0 0.10264417782737185
0.43362261755921194 0.66132479502009689 0 0.093655290511475739
0.45132695736241313 0.67730478739947519 0 0.0843906353438722
0.46163758201400734 0.68658799180390606 0 0.078871933908637046
0.47936537530912227 0.70250945809240362 0 0.069172374180186125
0.49710753355590809 0.71839355881427125 0 0.059198777968558595
0.50743974418603244 0.72762061493714947 0 0.05326829065972781
0.52520389865524408 0.74344502280758462 0 0.04286262849976661
0.54298149616776858 0.75923133335592452 0 0.032184786889630626
0.55333390745402611 0.7684011416097446 0 0.025845304082710008
0.57113204173304988 0.78412661092935898 0 0.014738430743633247
0.58894269596730942 0.79981326293209842 0 0.0033613565996421339
-0.78772690344721708 -0.60489152895896448 0 0.003398173717428888
-0.77180170389375091 -0.58713686086192474 0 0.014898116165661524
-0.75584436438961689 -0.56939450320286256 0 0.026122276725824754
-0.74654265968432953 -0.55907442112947336 0 0.032527499466685872
-0.73053491573966656 -0.54135208469386253 0 0.043314175258549088
-0.71449559056436796 -0.5236427490189407 0 0.053823562777034657
-0.70514642943575812 -0.51334220298570554 0 0.059812111786298416
-0.68905758946846563 -0.49565397967851699 0 0.069881705826068841
-0.67293773423365155 -0.47797944621545696 0 0.079672599392746568
-0.66354196714028257 -0.46769947168968046 0 0.085242352689536616
-0.64737349808811762 -0.45004713959788395 0 0.09459129528636108
-0.63117458680636829 -0.43240918496653052 0 0.10366022219167759
-0.6217330748378771 -0.42215081521088943 0 0.10880920343025786
-0.60548646177023036 -0.40453614845317815 0 0.11743417569236385
-0.58920998641358835 -0.38693654507736086 0 0.12577791451399944
-0.57972360103197151 -0.37670081080769319 0 0.13050429383518916
-0.56340034670229455 -0.35912557894665459 0 0.13840222930610943
-0.54704781675088721 -0.3415660944666325 0 0.14601781202038946
-0.53751743952606812 -0.33135402351013477 0 0.15031990747088433
-0.52111906391456131 -0.31381999096524904 0 0.15748799446466952
-0.50469200589559349 -0.29630238765113903 0 0.16437270858924796
-0.49511852823543867 -0.28611500460521005 0 0.16824898728668647
-0.478646568082288 -0.26862393006708252 0 0.17468467085247102
-0.46214652509969834 -0.25114996423367664 0 0.18083606137832117
-0.45253084797465021 -0.24098829012564293 0 0.18428514061747706
-0.43598685630411116 -0.22354192597187381 0 0.18998612436112988
-0.41941538755919133 -0.20611334739525358 0 0.19540199546726408
-0.40975842122170059 -0.19597839934321046 0 0.19842264367227716
-0.39314396685733349 -0.17857849105630835 0 0.2033868913686889
-0.37650264716062271 -0.16119704239265761 0 0.20806530801191633
-0.36680531085955437 -0.15108983326766329 0 0.21065644564668584
-0.35012197793092964 -0.13373811885540554 0 0.2148821827115466
-0.33341239720570126 -0.11640553506242712 0 0.21882147197161389
-0.32367561889590862 -0.10632707315228392 0 0.22098217226930736
-0.30692500633710273 -0.089025282570926872 0 0.22446788699734121
-0.290148769114771 -0.071743290332263981 0 0.2276666393066902
-0.28037348516202487 -0.061694579007119048 0 0.22939612897569164
-0.26355720620224171 -0.044444433587858233 0 0.23214057364831947
-0.24671593111002268 -0.027214750740921001 0 0.23459764375385977
-0.23690308599149401 -0.017196788120920372 0 0.235895303476335
-0.22002276763814921 5.2835825956506099e-17 0 0.2378974952051901
-0.20311808687931987 0.01717566503240589 0 0.2396120030082379
-0.19326863287981597 0.027161886407180123 0 0.24047736792225721
-0.17632591539443287 0.044303614854314187 0 0.24173658938928519
-0.15935947422153701 0.061423563628162016 0 0.24270792056301771
-0.14947437112569659 0.071377057125242241 0 0.24314068056881671
-0.13247090749296686 0.088462033845352103 0 0.24365648051310651
-0.11544436367432595 0.10552457845498163 0 0.24388428694692521
-0.1055245784549815 0.11544436367432609 0 0.24388428694393355
-0.088462033845351937 0.132470907492967 0 0.24365648050115118
-0.071377057125242047 0.14947437112569675 0 0.24314068054993823
-0.061423563628161808 0.15935947422153718 0 0.24270792054110193
-0.044303614854313944 0.17632591539443307 0 0.24173658936465559
-0.027161886407179869 0.1932686328798161 0 0.24047736789819457
-0.017175665032405644 0.20311808687932004 0 0.23961200298580623
1.879736115760313e-16 0.22002276763814937 0 0.23789749518460376
0.017196788120920604 0.23690308599149415 0 0.23589530345592954
0.027214750740921227 0.24671593111002291 0 0.23459764373292263
0.044444433587858427 0.26355720620224193 0 0.2321405736273438
0.061694579007119214 0.28037348516202498 0 0.22939612895606409
0.071743290332264134 0.29014876911477117 0 0.22766663928821132
0.089025282570926983 0.30692500633710279 0 0.22446788697727954
0.106327073152284 0.32367561889590862 0 0.22098217224257158
0.11640553506242723 0.33341239720570132 0 0.21882147193912546
0.13373811885540565 0.35012197793092975 0 0.21488218267320289
0.15108983326766334 0.36680531085955448 0 0.21065644560861138
0.1611970423926577 0.37650264716062298 0 0.20806530797640524
0.17857849105630844 0.39314396685733383 0 0.20338689133543281
0.19597839934321051 0.40975842122170075 0 0.1984226436376636
0.20611334739525369 0.4194153875591915 0 0.19540199543054937
0.22354192597187394 0.43598685630411144 0 0.1899861243239104
0.24098829012564302 0.45253084797465049 0 0.18428514058444126
0.25114996423367675 0.46214652509969845 0 0.18083606134960192
0.26862393006708268 0.47864656808228828 0 0.17468467083019354
0.28611500460521017 0.49511852823543884 0 0.16824898726901863
0.29630238765113909 0.50469200589559382 0 0.16437270857342062
0.3138199909652491 0.52111906391456131 0 0.1574879944505706
0.33135402351013482 0.53751743952606834 0 0.15031990745670357
0.34156609446663266 0.54704781675088721 0 0.14601781200548916
0.35912557894665464 0.56340034670229455 0 0.13840222929127785
0.37670081080769319 0.57972360103197151 0 0.13050429382242595
0.38693654507736092 0.58920998641358857 0 0.12577791450324707
0.40453614845317815 0.60548646177023036 0 0.1174341756847275
0.42215081521088943 0.62173307483787699 0 0.1088092034250633
0.43240918496653047 0.63117458680636818 0 0.10366022218762973
0.45004713959788395 0.6473734980881175 0 0.094591295284359264
0.46769947168968057 0.66354196714028268 0 0.085242352689754497
0.47797944621545724 0.67293773423365177 0 0.079672599394310789
0.49565397967851699 0.68905758946846563 0 0.069881705829653404
0.51334220298570532 0.70514642943575812 0 0.059812111791477877
0.52364274901894059 0.71449559056436796 0 0.053823562783025206
0.54135208469386242 0.73053491573966656 0 0.043314175266930238
0.55907442112947336 0.74654265968432942 0 0.032527499478888035
0.56939450320286267 0.755844364389617 0 0.026122276740513241
0.58713686086192496 0.77180170389375091 0 0.014898116179043245
0.60489152895896459 0.78772690344721708 0 0.0033981737215953204
-0.77531324780274058 -0.62062074273210721 0 0.0034298352146928755
-0.75916428854358287 -0.60293273697468752 0 0.015035413410270556
-0.74298943273061313 -0.58525639620623571 0 0.0263603704047972
-0.73356398769922482 -0.57497440749928475 0 0.032822071329231824
-0.71734848868963597 -0.55731690914544363 0 0.04370221946670217
-0.70110750479338813 -0.53967156674798755 0 0.054300656222290744
-0.69164376410030248 -0.52940784461266421 0 0.060339035715425947
-0.67536279153887124 -0.5117821205356532 0 0.070490993592529458
-0.65905674988211449 -0.49416904234526765 0 0.080360219057759488
-0.64955533832809664 -0.4839243229888377 0 0.08597374290629263
-0.63320996899087412 -0.46633163729212979 0 0.095394930335692477
-0.61683995038355099 -0.44875208625909035 0 0.1045324353253041
-0.60730149883097484 -0.43852710415593188 0 0.1097196759383544
-0.59089281983708974 -0.4209687178737922 0 0.11840769618897906
-0.5744599153403469 -0.40342395376333079 0 0.12681115513236793
-0.56488506057514154 -0.39321944148087001 0 0.131570791866398
-0.54841416914835917 -0.3756966122794495 0 0.13952343235648434
-0.531919479834568 -0.3581878913730886 0 0.1471907043499493
-0.52230886442584834 -0.34800457939810081 0 0.15152152426602344
-0.50577686765218577 -0.3305185612771972 0 0.15873675780036073
-0.48922150436105616 -0.31304713607481049 0 0.16566588771887469
-0.47957577651850192 -0.30288575264016854 0 0.16956678617701951
-0.46298379110000681 -0.28543779563580535 0 0.17604277195587942
-0.44636887419091209 -0.26800491455855219 0 0.18223199145751656
-0.43668868761996027 -0.2578661854705101 0 0.18570197269612881
-0.42003783962476821 -0.24045753535847836 0 0.19143705725532642
-0.40336449872539454 -0.22306444245275886 0 0.19688478564444192
-0.39365051248031341 -0.2129490909188555 0 0.19992296325098682
-0.37694193708910367 -0.19558098891936732 0 0.20491568127359733
-0.36021131084053892 -0.17822892356194417 0 0.20962052632438702
-0.35046418917545263 -0.16813767001961288 0 0.21222612371631308
-0.33369903042441684 -0.15081135250321123 0 0.21647519880352373
-0.31691226622280377 -0.13350154910764717 0 0.22043595745238603
-0.30713267844073872 -0.12343511105361611 0 0.22260830824718908
-0.29031208896118743 -0.10615180924848855 0 0.22611265354758589
-0.27347034269606119 -0.088885496973041669 0 0.22932831252117544
-0.26365896299608332 -0.078844588793608922 0 0.23106686089827194
-0.24678410375081411 -0.061605528494449356 0 0.23382557967666115
-0.22988853954024863 -0.044383930951573683 0 0.23629531598705525
-0.22004604686276805 -0.034369263753842458 0 0.23759961694445819
-0.2031180868793199 -0.017175665032405779 0 0.23961200300565369
-0.18616987680201205 5.893522019856975e-17 0 0.24133518435756821
-0.17629695467232734 0.009987718555843567 0 0.24220490394075436
-0.15931707077325169 0.027134641638351106 0 0.24347044200142173
-0.14231739459767162 0.04426316250380407 0 0.24444662713591034
-0.13241473096783019 0.054223228371086694 0 0.24488154262336881
-0.11538410749810854 0.071322268049638607 0 0.24539990858287758
-0.098334152408847228 0.08840243949789818 0 0.24562884748423797
-0.088402439497898069 0.098334152408847381 0 0.24562884748079095
-0.071322268049638426 0.11538410749810869 0 0.24539990857081462
-0.0542232283710865 0.13241473096783032 0 0.24488154260769374
-0.044263162503803834 0.14231739459767181 0 0.24444662712021892
-0.02713464163835087 0.15931707077325188 0 0.24347044198596807
-0.0099877185558433137 0.17629695467232753 0 0.24220490392540153
1.9306365237462504e-16 0.18616987680201225 0 0.24133518434231313
0.017175665032406022 0.20311808687932006 0 0.23961200299219082
0.034369263753842687 0.22004604686276819 0 0.23759961693506257
0.044383930951573898 0.22988853954024879 0 0.23629531598084852
0.06160552849444955 0.24678410375081433 0 0.23382557967390727
0.078844588793609074 0.26365896299608343 0 0.23106686089591943
0.088885496973041822 0.27347034269606135 0 0.22932831251768196
0.10615180924848866 0.29031208896118754 0 0.22611265354022758
0.12343511105361619 0.30713267844073872 0 0.22260830823362382
0.13350154910764728 0.31691226622280377 0 0.2204359574343864
0.15081135250321129 0.3336990304244169 0 0.21647519878039642
0.16813767001961299 0.35046418917545274 0 0.21222612369176391
0.17822892356194431 0.36021131084053909 0 0.20962052630056113
0.19558098891936745 0.37694193708910395 0 0.20491568125131757
0.21294909091885555 0.39365051248031363 0 0.19992296323030004
0.22306444245275897 0.40336449872539482 0 0.19688478562478931
0.2404575353584785 0.42003783962476848 0 0.19143705723893717
0.25786618547051021 0.43668868761996049 0 0.18570197268506736
0.26800491455855235 0.44636887419091248 0 0.18223199145034186
0.2854377956358054 0.46298379110000687 0 0.17604277195423015
0.30288575264016865 0.47957577651850214 0 0.16956678617908202
0.31304713607481061 0.48922150436105633 0 0.16566588772223922
0.3305185612771972 0.50577686765218599 0 0.15873675780413327
0.34800457939810081 0.52230886442584845 0 0.15152152426784116
0.35818789137308865 0.531919479834568 0 0.14719070434976797
0.37569661227944956 0.54841416914835928 0 0.13952343235483392
0.39321944148086996 0.56488506057514143 0 0.13157079186625403
0.4034239537633309 0.57445991534034702 0 0.12681115513428293
0.4209687178737922 0.59089281983708974 0 0.11840769619360914
0.43852710415593177 0.60730149883097484 0 0.10971967594425311
0.44875208625909047 0.61683995038355088 0 0.10453243533138531
0.46633163729212979 0.63320996899087412 0 0.095394930342808368
0.48392432298883786 0.64955533832809653 0 0.085973742915593274
0.49416904234526782 0.65905674988211449 0 0.080360219068741676
0.51178212053565331 0.67536279153887113 0 0.070490993605288613
0.52940784461266399 0.69164376410030248 0 0.06033903572829729
0.53967156674798755 0.70110750479338824 0 0.054300656234590974
0.55731690914544352 0.71734848868963597 0 0.043702219478905679
0.57497440749928475 0.73356398769922471 0 0.032822071342738249
0.58525639620623582 0.74298943273061313 0 0.026360370419387966
0.60293273697468774 0.75916428854358287 0 0.015035413422436349
0.62062074273210721 0.77531324780274036 0 0.0034298352183237809
-0.7679404111755026 -0.62966985298973088 0 0.0034458709265827421
-0.75166798686807867 -0.6120257515476123 0 0.015104939958619615
-0.73537309385119176 -0.59439273363326239 0 0.026480920613743606
-0.72587935466908504 -0.58413567525308197 0 0.032971203455124769
-0.70954918012121082 -0.56652050042770741 0 0.043898643474349061
-0.69319687092640869 -0.54891679967711071 0 0.054542119813738528
-0.68366987038991889 -0.53867698322097179 0 0.060605696117912708
-0.66728281039985737 -0.52109174273342229 0 0.070799291270614295
-0.65087395265953873 -0.50351836600740929 0 0.080708103333132553
-0.64131419701676706 -0.49329637704980261 0 0.086343741840663499
-0.62487112365393216 -0.47574207634167381 0 0.095801421714263077
-0.60840659221258653 -0.45820002814788025 0 0.10497355640164438
-0.5988145918816693 -0.44799645085985235 0 0.11018011192084998
-0.58231638433344624 -0.43047409290304933 0 0.11889995413400108
-0.56579706109361028 -0.41296437520585977 0 0.12733354643415148
-0.5561733305726726 -0.40277979224447569 0 0.13210995999398548
-0.53962087498902434 -0.38529037735141763 0 0.14009019057077096
-0.52304764875504683 -0.36781398938234972 0 0.14778352422574859
-0.51339270653088964 -0.35764898178042492 0 0.15212882358317606
-0.49678689586680513 -0.34019350741473403 0 0.15936781777498885
-0.48016066218647285 -0.32275144548333445 0 0.16631932600357188
-0.47047503064202922 -0.31260659253947981 0 0.17023262602288391
-0.45381676449787156 -0.29518605312723006 0 0.17672890895845761
-0.43713842550196108 -0.27777931043256082 0 0.18293717511380922
-0.42742263082255227 -0.26765518960158197 0 0.18641767814999952
-0.41071281528236625 -0.25027057634318195 0 0.19216992545132092
-0.39398327952217843 -0.23290014278596818 0 0.19763368357647323
-0.38423785160060786 -0.22279732956966519 0 0.20068067977370047
-0.36747739906844901 -0.20544963025244931 0 0.20568771807210803
-0.35069758135138651 -0.18811649224796517 0 0.21040585342671184
-0.34092305369190667 -0.17803556008637347 0 0.21301872102770503
-0.32411288272625199 -0.16072575889797622 0 0.21727952846914625
-0.3072837039495051 -0.14343089918974244 0 0.22125107799689989
-0.29748061357069411 -0.13337241935286023 0 0.22342928359799871
-0.28062164871699824 -0.11610149669544712 0 0.22694299025857606
-0.26374403569939969 -0.098845894169812876 0 0.23016714297501328
-0.25391292303598356 -0.088810435649856023 0 0.23191024173967845
-0.23700609465744443 -0.071579367955284273 0 0.23467612998089546
-0.22008097996955847 -0.054363997456968509 0 0.23715222731525254
-0.21022238877321753 -0.044352126861196842 0 0.23845986316496937
-0.19326863287981597 -0.027161886407180005 0 0.2404773679190382
-0.17629695467232739 -0.0099877185558434438 0 0.24220490394143604
-0.16641143191152494 6.12861689752689e-17 0 0.24307680966550374
-0.14941168998740406 0.017148445272652357 0 0.24434551865158496
-0.13239439181787313 0.034280444264730925 0 0.2453241403335695
-0.12248248757674508 0.044243449262325631 0 0.245760137754824
-0.1054377064059973 0.061349135931319548 0 0.24627979169195641
-0.088375737064047277 0.078438004440391423 0 0.2465092990149326
-0.078438004440391312 0.088375737064047416 0 0.24650929901107418
-0.061349135931319368 0.10543770640599741 0 0.24627979167954864
-0.044243449262325436 0.12248248757674522 0 0.24576013774116312
-0.034280444264730703 0.13239439181787332 0 0.24532414032209543
-0.017148445272652111 0.14941168998740426 0 0.24434551864212786
1.9243221968400492e-16 0.16641143191152513 0 0.24307680965490172
0.0099877185558437023 0.17629695467232756 0 0.24220490392912336
0.027161886407180254 0.19326863287981613 0 0.24047736790826318
0.044352126861197085 0.21022238877321772 0 0.23845986316228557
0.054363997456968738 0.22008097996955867 0 0.23715222731968147
0.071579367955284481 0.23700609465744471 0 0.23467612999233134
0.08881043564985619 0.25391292303598367 0 0.23191024175019778
0.098845894169813028 0.26374403569939986 0 0.23016714298173485
0.11610149669544717 0.28062164871699835 0 0.22694299025900014
0.13337241935286032 0.29748061357069411 0 0.22342928359324507
0.14343089918974256 0.30728370394950516 0 0.2212510779896123
0.16072575889797627 0.32411288272625205 0 0.21727952845777657
0.17803556008637356 0.34092305369190673 0 0.21301872101251865
0.18811649224796531 0.35069758135138673 0 0.21040585340959966
0.20544963025244944 0.36747739906844928 0 0.20568771805483826
0.22279732956966522 0.38423785160060803 0 0.20068067976063347
0.23290014278596829 0.39398327952217871 0 0.19763368356762329
0.25027057634318201 0.41071281528236653 0 0.19216992544916431
0.26765518960158213 0.4274226308225525 0 0.1864176781533253
0.27777931043256093 0.4371384255019613 0 0.18293717511978602
0.29518605312723017 0.45381676449787173 0 0.17672890896833407
0.31260659253947987 0.47047503064202939 0 0.17023262603587
0.32275144548333462 0.48016066218647302 0 0.16631932601791452
0.34019350741473403 0.49678689586680524 0 0.15936781778951847
0.35764898178042492 0.51339270653088975 0 0.1521288235949883
0.36781398938234983 0.52304764875504683 0 0.14778352423489793
0.38529037735141769 0.53962087498902445 0 0.14009019057738245
0.40277979224447574 0.5561733305726726 0 0.13210996000118949
0.41296437520585988 0.56579706109361028 0 0.12733354644295311
0.43047409290304944 0.58231638433344624 0 0.11889995414483408
0.44799645085985235 0.5988145918816693 0 0.11018011193240407
0.4582000281478803 0.60840659221258631 0 0.10497355641314424
0.47574207634167381 0.62487112365393216 0 0.095801421726824293
0.49329637704980267 0.64131419701676695 0 0.086343741856025891
0.5035183660074094 0.65087395265953862 0 0.080708103350733862
0.5210917427334224 0.6672828103998576 0 0.070799291290180352
0.53867698322097191 0.68366987038991889 0 0.060605696136647215
0.54891679967711071 0.69319687092640858 0 0.054542119830868756
0.56652050042770741 0.70954918012121082 0 0.043898643489338689
0.58413567525308197 0.72587935466908504 0 0.032971203469114099
0.59439273363326239 0.73537309385119165 0 0.026480920627453771
0.61202575154761252 0.75166798686807879 0 0.015104939968989784
0.62966985298973088 0.76794041117550238 0 0.0034458709295161353
-0.75502182439290166 -0.64503106872007376 0 0.0034692540139568892
-0.73854877002449548 -0.62747150000356577 0 0.015206312801179282
-0.72205877463685197 -0.60992165430481549 0 0.026656671023593651
-0.71245401478345594 -0.59971235257197486 0 0.033188611160449875
-0.69593739004642541 -0.58217808247947422 0 0.044184967102682569
-0.67940404097973961 -0.56465378041862146 0 0.054894064273120047
-0.66977414972476135 -0.55445945751078118 0 0.060994345473194399
-0.65321451516492202 -0.53695111824626229 0 0.071248585744837375
-0.63663837429403325 -0.5194529914905901 0 0.081215045037476008
-0.62698367925045073 -0.50927401477954237 0 0.086882882621480459
-0.61038159882575582 -0.49179223713812265 0 0.09639368802167704
-0.59376323141307152 -0.47432091591683562 0 0.1056162270858516
-0.58408406215403974 -0.46415765192398561 0 0.11085089171147441
-0.56744010317093863 -0.44670306521653058 0 0.11961703816101939
-0.5507800778025389 -0.42925917824543158 0 0.1280944697344624
-0.54107676582408737 -0.4191119925979937 0 0.13289528739178569
-0.52439149887323522 -0.40168522457591366 0 0.14091564599608092
-0.50769038739433459 -0.38426939898227991 0 0.14864687815603952
-0.49796326607769353 -0.3741386563695947 0 0.15301323038987055
-0.48123726496902414 -0.35674033314985265 0 0.16028676779260312
-0.46449564241880165 -0.33935319439752998 0 0.16727080425097843
-0.45474504699236412 -0.32923925852751079 0 0.17120212830875609
-0.43797888868954271 -0.3118700045178594 0 0.17772790695220941
-0.42119733323535941 -0.29451217633259341 0 0.18396384733038737
-0.4114236007362887 -0.28441540988831426 0 0.18745963632662038
-0.39461786529056048 -0.26707584771278048 0 0.1932368147085298
-0.3777969581615791 -0.24974795200780284 0 0.1987238547569864
-0.36800042739706973 -0.23966871660423777 0 0.20178365778579077
-0.35115569788052103 -0.22235946702887541 0 0.20681149065516258
-0.33429602330074126 -0.20506212383076314 0 0.21154892245646675
-0.32447703480894652 -0.1950007799716886 0 0.2141723447128977
-0.30759389724719127 -0.17772246183061488 0 0.21845018328216401
-0.29069604236792124 -0.1604562892054438 0 0.22243739546751992
-0.28085493837855202 -0.15041319624051477 0 0.22462409837328642
-0.26393398168286458 -0.13316642636225134 0 0.2281513904982988
-0.24699853651464149 -0.1159320403420591 0 0.23138786837694214
-0.23713566090924873 -0.10590755642406885 0 0.23313756963641072
-0.22017747680815589 -0.088692949558204753 0 0.23591385994035441
-0.20320503415213312 -0.071490964067783533 0 0.23839918566714008
-0.19332073242408324 -0.061485446110118754 0 0.23971165937933897
-0.17632591539443287 -0.044303614854314069 0 0.2417365893841614
-0.15931707077325172 -0.027134641638350988 0 0.24347044200160028
-0.14941168998740409 -0.017148445272652229 0 0.24434551865166565
-0.13238083718492843 6.3002169080824233e-17 0 0.2456188268306799
-0.11533618877308956 0.01713535144941725 0 0.24660098242429951
-0.10541007752518641 0.027101871915379213 0 0.24703854901154718
-0.088343788714576335 0.044216323128614288 0 0.2475600709270433
-0.071263937268328609 0.061317445644107599 0 0.247790402637796
-0.061317445644107474 0.071263937268328748 0 0.24779040263410435
-0.044216323128614128 0.088343788714576446 0 0.24756007091610502
-0.027101871915379019 0.10541007752518657 0 0.2470385490017892
-0.017135351449417024 0.11533618877308968 0 0.24660098241852432
1.8290952313787681e-16 0.1323808371849286 0 0.24561882682852168
0.017148445272652489 0.14941168998740428 0 0.2443455186477779
0.027134641638351251 0.15931707077325191 0 0.24347044199488999
0.044303614854314312 0.17632591539443304 0 0.24173658937931605
0.061485446110119003 0.19332073242408343 0 0.23971165938624844
0.071490964067783769 0.20320503415213334 0 0.23839918568452262
0.088692949558204948 0.22017747680815608 0 0.23591385996793471
0.10590755642406902 0.2371356609092489 0 0.23313756966233101
0.11593204034205926 0.2469985365146416 0 0.23138786839711084
0.13316642636225146 0.26393398168286475 0 0.22815139051062711
0.15041319624051483 0.28085493837855202 0 0.22462409838181829
0.16045628920544391 0.29069604236792129 0 0.22243739547542071
0.17772246183061491 0.30759389724719138 0 0.21845018328737859
0.19500077997168869 0.32447703480894663 0 0.21417234471278615
0.20506212383076322 0.33429602330074137 0 0.21154892245247423
0.22235946702887552 0.35115569788052126 0 0.20681149064977572
0.23966871660423783 0.36800042739707006 0 0.2017836577866195
0.24974795200780295 0.37779695816157921 0 0.19872385476445711
0.26707584771278059 0.39461786529056081 0 0.19323681472532139
0.28441540988831437 0.41142360073628881 0 0.18745963634904966
0.29451217633259358 0.42119733323535968 0 0.18396384735455518
0.3118700045178594 0.43797888868954293 0 0.17772790697904534
0.32923925852751079 0.45474504699236429 0 0.17120212833818885
0.33935319439753014 0.46449564241880181 0 0.16727080428176025
0.35674033314985265 0.48123726496902425 0 0.16028676782345247
0.3741386563695947 0.49796326607769364 0 0.15301323041766179
0.38426939898228002 0.5076903873943347 0 0.14864687818086328
0.40168522457591377 0.52439149887323533 0 0.14091564601759482
0.41911199259799375 0.54107676582408726 0 0.1328952874127968
0.42925917824543175 0.55078007780253913 0 0.12809446975631464
0.44670306521653075 0.56744010317093863 0 0.11961703818385085
0.46415765192398561 0.58408406215403963 0 0.11085089173435209
0.47432091591683578 0.59376323141307141 0 0.10561622710844581
0.4917922371381227 0.6103815988257556 0 0.09639368804506801
0.50927401477954248 0.62698367925045084 0 0.086882882647549717
0.51945299149059021 0.63663837429403336 0 0.08121504506574323
0.5369511182462624 0.65321451516492202 0 0.071248585774522602
0.55445945751078107 0.66977414972476135 0 0.060994345500823645
0.56465378041862146 0.6794040409797395 0 0.054894064298112236
0.58217808247947422 0.69593739004642541 0 0.04418496712308527
0.59971235257197486 0.71245401478345594 0 0.033188611176533447
0.60992165430481549 0.72205877463685164 0 0.026656671037222177
0.62747150000356589 0.73854877002449548 0 0.015206312809687348
0.64503106872007387 0.75502182439290166 0 0.0034692540160613143
-0.74179280843156736 -0.6601470316764172 0 0.0034873361009166897
-0.72513352105045537 -0.64268387751383482 0 0.015284695154754349
-0.70846235349081277 -0.62522862055486295 0 0.026792547034695746
-0.69875446873305069 -0.61507351080283024 0 0.033356681924655608
-0.68206460335382613 -0.59763085289967299 0 0.044406289760136566
-0.66536297990015203 -0.58019622585500763 0 0.055166080845437504
-0.65563742643840794 -0.57005318397234572 0 0.061294712235423501
-0.63891729873173131 -0.55263136721841 0 0.071595785433447801
-0.62218553555768885 -0.5352177147158631 0 0.081606752417189996
-0.61244249763190028 -0.52508694115018173 0 0.087299445351929628
-0.59569242456108529 -0.50768630975188778 0 0.096851252783985972
-0.57893083912527432 -0.49029397572713296 0 0.10611268510601998
-0.5691705017196379 -0.48017567051919496 0 0.11136903551693036
-0.55239080152068565 -0.46279656797697916 0 0.12017089912759135
-0.53559971254662464 -0.44542589565096419 0 0.12868213925716052
-0.52582226137792021 -0.43532025842154909 0 0.13350177392181609
-0.50901325353941973 -0.41796302750731218 0 0.14155306868981979
-0.4921929809953946 -0.40061435936373185 0 0.14931351218006469
-0.48239860250123573 -0.39052158930053643 0 0.15369608879218322
-0.46556060774413205 -0.37318657203515293 0 0.16099624284408476
-0.44871147282291496 -0.3558602497979817 0 0.16800533842703819
-0.4389003541499219 -0.3457805456425555 0 0.17195054564416376
-0.42203369440715688 -0.32846808327344595 0 0.1784990403382597
-0.40515601950559715 -0.31116444788453596 0 0.18475629001343349
-0.39532834849749671 -0.30109800791925573 0 0.18826384750963701
-0.37843334689352298 -0.28380844089802532 0 0.19406021751319058
-0.36152745559201344 -0.26652783249477124 0 0.19956517660577361
-0.35168342077766618 -0.25647485452985402 0 0.20263483509794519
-0.33476040160783815 -0.23920852249000069 0 0.20767866843737887
-0.317826618649659 -0.22195128038307535 0 0.21243094565733825
-0.30796640923101687 -0.21191196174363408 0 0.21506248694358837
-0.29101569794086135 -0.19466920347832886 0 0.21935342507587977
-0.27405434921140509 -0.1774356661294928 0 0.22335268259599012
-0.26417815505139952 -0.16741020364263517 0 0.22554591960248735
-0.24720007821576867 -0.15019135708257803 0 0.22908365747327097
-0.23021149072164851 -0.13298186208256532 0 0.23232961095538943
-0.22031950233201048 -0.12297045206453738 0 0.23408438773974011
-0.20331438763412055 -0.1057758542558917 0 0.23686867381043888
-0.18629888948216453 -0.088590738302375863 0 0.23936109246554879
-0.17639129801118014 -0.078593576545753108 0 0.24067728426322518
-0.15935947422153707 -0.061423563628161919 0 0.24270792055463142
-0.14231739459767165 -0.044263162503803945 0 0.24444662713269502
-0.13239439181787313 -0.0342804442647308 0 0.24532414033147409
-0.1153361887730895 -0.017135351449417122 0 0.24660098242347797
-0.098267857921115365 6.5035098062096737e-17 0 0.24758585327938226
-0.088329636216909604 0.0099680800145204515 0 0.24802462548252635
-0.071245384798415842 0.02708791846656541 0 0.24854758257867035
-0.054151133998677693 0.044197886353914265 0 0.24877854766880259
-0.044197886353914133 0.054151133998677832 0 0.24877854766654237
-0.027087918466565244 0.071245384798415953 0 0.2485475825721718
-0.009968080014520252 0.088329636216909757 0 0.24802462547725634
1.5852305152636076e-16 0.098267857921115503 0 0.24758585327698404
0.017135351449417368 0.11533618877308968 0 0.24660098242423045
0.034280444264731057 0.13239439181787332 0 0.24532414033234065
0.044263162503804222 0.14231739459767184 0 0.24444662713265869
0.061423563628162182 0.15935947422153723 0 0.24270792055791712
0.078593576545753357 0.17639129801118042 0 0.24067728427692528
0.088590738302376099 0.18629888948216472 0 0.23936109248789392
0.10577585425589191 0.20331438763412074 0 0.23686867384169721
0.12297045206453754 0.22031950233201061 0 0.2340843877709215
0.13298186208256549 0.23021149072164865 0 0.23232961098286387
0.15019135708257811 0.24720007821576884 0 0.22908365749534265
0.16741020364263526 0.26417815505139958 0 0.22554591962141293
0.17743566612949288 0.27405434921140515 0 0.22335268261399346
0.19466920347832892 0.29101569794086146 0 0.21935342509187583
0.21191196174363414 0.30796640923101704 0 0.21506248695676061
0.22195128038307546 0.31782661864965911 0 0.21243094566871484
0.23920852249000085 0.33476040160783843 0 0.2076786684488196
0.25647485452985413 0.35168342077766646 0 0.20263483511391753
0.26652783249477136 0.3615274555920136 0 0.19956517662619633
0.28380844089802537 0.3784333468935232 0 0.19406021754066144
0.30109800791925584 0.39532834849749693 0 0.18826384754287026
0.31116444788453607 0.40515601950559743 0 0.18475629004943772
0.32846808327344601 0.42203369440715716 0 0.17849904037816666
0.34578054564255556 0.43890035414992207 0 0.17195054568690837
0.35586024979798175 0.44871147282291513 0 0.16800533847089183
0.37318657203515293 0.46556060774413216 0 0.16099624288811842
0.39052158930053643 0.4823986025012359 0 0.15369608883410218
0.40061435936373202 0.49219298099539466 0 0.14931351221986813
0.41796302750731223 0.50901325353941973 0 0.14155306872708251
0.43532025842154914 0.52582226137792032 0 0.13350177395829385
0.4454258956509643 0.53559971254662464 0 0.12868213929389419
0.46279656797697932 0.55239080152068565 0 0.12017089916453524
0.48017567051919496 0.5691705017196379 0 0.11136903555358693
0.49029397572713301 0.57893083912527432 0 0.10611268514233481
0.50768630975188778 0.59569242456108518 0 0.096851252820244857
0.52508694115018195 0.61244249763190017 0 0.087299445388922467
0.53521771471586321 0.62218553555768874 0 0.081606752454844153
0.55263136721841 0.6389172987317312 0 0.071595785470667625
0.57005318397234572 0.65563742643840794 0 0.061294712269942306
0.58019622585500752 0.66536297990015192 0 0.055166080877388758
0.59763085289967299 0.68206460335382602 0 0.044406289786694246
0.61507351080283024 0.69875446873305047 0 0.033356681944682227
0.62522862055486295 0.70846235349081277 0 0.026792547050462096
0.64268387751383504 0.72513352105045537 0 0.015284695163392224
0.66014703167641731 0.74179280843156747 0 0.0034873361028081281
-0.73395361562089589 -0.66882768534917181 0 0.003495409302132321
-0.71719248631484767 -0.65142628243971912 0 0.015319687592445549
-0.70042220395868271 -0.6340314966863172 0 0.026853200649271301
-0.6906578842663651 -0.62391098368365017 0 0.033431702686896082
-0.67387318403870144 -0.60652673305185922 0 0.044505070997881417
-0.65707940939222675 -0.5891491840620664 0 0.05528747676841151
-0.64730145368317571 -0.57903874153541224 0 0.061428753212034282
-0.63049338575197789 -0.56167186120860801 0 0.071750712251799312
-0.61367632227644064 -0.54431176686423943 0 0.081781524281924728
-0.60388484907429796 -0.53421152155086937 0 0.087485297944221982
-0.58705361728298733 -0.51686222917788782 0 0.097055381801700952
-0.57021346906179593 -0.49951980697875192 0 0.10633414731356675
-0.56040859725082692 -0.489429885391996 0 0.11160016072868494
-0.54355440605994176 -0.47209839823410743 0 0.12041793738120898
-0.52669137779042319 -0.4547738652889366 0 0.12894423745810732
-0.51687322661071444 -0.44469439371290814 0 0.13377225285628747
-0.49999628108964311 -0.42738092863476118 0 0.14183732413490327
-0.48311057807476449 -0.41007450165216525 0 0.14961077373169868
-0.47327926711739587 -0.40000560613650027 0 0.15400057306436726
-0.45637977293607301 -0.38271037959708831 0 0.16131257470307173
-0.43947160107611943 -0.3654222748765289 0 0.16833282269939071
-0.42962725027831628 -0.35536408123113689 0 0.17228420767147717
-0.41270541369887709 -0.33808730927478692 0 0.17884280935809399
-0.39577497948309204 -0.32081774269757568 0 0.18510953860232218
-0.38591770912335188 -0.31077037648740535 0 0.18862233069455919
-0.36897373699174901 -0.29351227473479008 0 0.19442723610126411
-0.35202124748993613 -0.27626146175510963 0 0.19994016343091905
-0.34215117818313417 -0.26622504829492721 0 0.20301420390799149
-0.32518527792071605 -0.24898583193410129 0 0.20806515071367501
-0.30821094077480293 -0.23175398757005083 0 0.21282402699043848
-0.29832819346727613 -0.22172865191923358 0 0.21545917692635316
-0.28134057306232807 -0.20450853569669464 0 0.21975593685580461
-0.26434459647789388 -0.18729587452136204 0 0.22376054699728462
-0.25444929244250275 -0.17728174147870607 0 0.22595668729058188
-0.23744016044175176 -0.16008093969048193 0 0.22949906613717275
-0.22042275317951696 -0.14288767582303979 0 0.23274922913553203
-0.21051501401068731 -0.13288486992158341 0 0.23450626051846149
-0.19348457951077103 -0.11570359640434542 0 0.23729409816012106
-0.17644595087805306 -0.098529943501175457 0 0.23978966709875327
-0.16652589848679672 -0.088538589003038529 0 0.24110751014699422
-0.14947437112569667 -0.071377057125242144 0 0.24314068055824845
-0.13241473096783024 -0.054223228371086583 0 0.24488154261725426
-0.12248248757674507 -0.044243449262325506 0 0.24576013775073388
-0.10541007752518639 -0.027101871915379092 0 0.24703854900999228
-0.088329636216909604 -0.0099680800145203214 0 0.24802462548231868
-0.078385324355161143 6.8782401918001281e-17 0 0.2484639329781165
-0.061292242307978376 0.017121410410537777 0 0.24898752728728255
-0.044191210744785561 0.034234953243068231 0 0.24921877359386851
-0.034234953243068092 0.044191210744785693 0 0.24921877359292208
-0.017121410410537607 0.061292242307978487 0 0.24898752728447585
1.3578649612251778e-16 0.078385324355161295 0 0.24846393297560609
0.0099680800145205434 0.088329636216909757 0 0.24802462548088525
0.027101871915379338 0.10541007752518658 0 0.24703854901061742
0.044243449262325769 0.12248248757674525 0 0.24576013775348865
0.05422322837108684 0.13241473096783038 0 0.24488154262140768
0.071377057125242407 0.14947437112569678 0 0.24314068056700713
0.088538589003038778 0.16652589848679691 0 0.24110751016341669
0.098529943501175707 0.17644595087805329 0 0.23978966712071775
0.11570359640434563 0.19348457951077122 0 0.23729409818849245
0.13288486992158358 0.21051501401068748 0 0.23450626054859236
0.14288767582303993 0.22042275317951707 0 0.23274922916471819
0.16008093969048201 0.2374401604417519 0 0.22949906616395624
0.17728174147870612 0.25444929244250275 0 0.22595668731434809
0.18729587452136212 0.26434459647789393 0 0.22376054701912493
0.20450853569669469 0.28134057306232818 0 0.21975593687576606
0.22172865191923363 0.29832819346727624 0 0.21545917694648925
0.23175398757005089 0.30821094077480315 0 0.21282402701154271
0.2489858319341014 0.32518527792071633 0 0.20806515073672807
0.26622504829492727 0.34215117818313434 0 0.20301420393318262
0.27626146175510968 0.3520212474899363 0 0.19994016345751744
0.29351227473479025 0.36897373699174929 0 0.19442723613171184
0.31077037648740552 0.38591770912335205 0 0.18862233073083015
0.32081774269757579 0.39577497948309232 0 0.18510953864271043
0.33808730927478692 0.41270541369887737 0 0.1788428094040572
0.35536408123113694 0.42962725027831644 0 0.17228420772072756
0.36542227487652906 0.4394716010761196 0 0.16833282274953826
0.38271037959708831 0.45637977293607318 0 0.16131257475358174
0.40000560613650032 0.47327926711739604 0 0.1540005731138297
0.41007450165216547 0.4831105780747646 0 0.14961077377999776
0.42738092863476118 0.49999628108964317 0 0.14183732418170761
0.44469439371290825 0.51687322661071455 0 0.13377225290244155
0.45477386528893676 0.5266913777904233 0 0.12894423750422696
0.47209839823410743 0.54355440605994176 0 0.12041793742717694
0.489429885391996 0.56040859725082692 0 0.11160016077428696
0.49951980697875198 0.57021346906179571 0 0.10633414735885244
0.51686222917788782 0.58705361728298733 0 0.097055381846193389
0.53421152155086959 0.60388484907429796 0 0.087485297987595217
0.54431176686423954 0.61367632227644064 0 0.081781524324475469
0.56167186120860801 0.63049338575197766 0 0.071750712292321689
0.57903874153541224 0.64730145368317571 0 0.061428753249705002
0.5891491840620664 0.65707940939222664 0 0.055287476803988239
0.60652673305185911 0.67387318403870144 0 0.044505071028270615
0.62391098368365006 0.6906578842663651 0 0.033431702709968175
0.6340314966863172 0.70042220395868249 0 0.026853200667228447
0.65142628243971934 0.71719248631484767 0 0.015319687602031038
0.66882768534917181 0.73395361562089578 0 0.0034954093041423807
-0.72024844537130384 -0.68353641369378837 0 0.0035050392893771487
-0.70332340446691621 -0.66625107870355604 0 0.015361426166596314
-0.68639351730964027 -0.64896978351616985 0 0.026925544854588861
-0.67653828388187853 -0.63891412537642833 0 0.033521181275151905
-0.65960075014272679 -0.62163924208966226 0 0.044622884852695374
-0.64265839561697857 -0.60436842511911393 0 0.055432257457853275
-0.63279591804871593 -0.59431887738609479 0 0.061588611562323238
-0.61584595726001767 -0.57705451423642273 0 0.071935472951659321
-0.59889120119080619 -0.55979424388641852 0 0.081989944652610294
-0.58902151780973444 -0.54975084635649185 0 0.087706928213944921
-0.57205919585918807 -0.53249707170000937 0 0.097298799118354998
-0.55509210417367338 -0.5152474162963756 0 0.10659822579987657
-0.54521525336678311 -0.50521020872042488 0 0.11187575686973573
-0.52824063624371453 -0.48796709083479478 0 0.12071249979012584
-0.51126127497035301 -0.47072811862457448 0 0.12925674813592647
-0.50137729518343577 -0.46069714070747259 0 0.13409475105098451
-0.4843904489779432 -0.44346474779102368 0 0.14217623928110062
-0.4673988842456317 -0.42623652694157882 0 0.14996518675872172
-0.45750781398278129 -0.41621181834166421 0 0.15436359212872949
-0.44050880488487787 -0.39899021851249317 0 0.16168970975357588
-0.4235051029220962 -0.38177281711060562 0 0.16872324464021202
-0.4136069807452093 -0.37175441743916016 0 0.17268198937365015
-0.39659587504396432 -0.35454367873423442 0 0.17925263130151356
-0.37958010217791421 -0.33733716478520931 0 0.18553065269647762
-0.36967496670618893 -0.32732511360593691 0 0.18904967999956881
-0.35265183078886564 -0.31012530398019866 0 0.19486475195777447
-0.33562405344460916 -0.29292974540696987 0 0.20038716977668797
-0.32571194335404324 -0.28292408223547555 0 0.20346642915008242
-0.30867684370523585 -0.26573526956094745 0 0.20852584769141019
-0.29163712840483047 -0.2485507342031831 0 0.21329258268964155
-0.28171808242771806 -0.23855149850645324 0 0.21593202994814922
-0.26467108562848596 -0.2213737505713462 0 0.22023572246861223
-0.24761949899011956 -0.20420030618455742 0 0.22424670623487863
-0.23769355591454644 -0.19420753738044116 0 0.22644630349468159
-0.22063472864154748 -0.17704092188826295 0 0.22999420822746947
-0.20357133737866923 -0.15987863614291337 0 0.23324938320238831
-0.19363853604800763 -0.14989237359960414 0 0.23500909890077756
-0.1765679450726286 -0.13273695816827025 0 0.23780116492912737
-0.1594928159930798 -0.11558589864888687 0 0.24030048438629756
-0.14955319530548153 -0.10560618168440618 0 0.24162029325905154
-0.13247090749296686 -0.088462033845351992 0 0.24365648050351479
-0.11538410749810855 -0.071322268049638496 0 0.24539990857639318
-0.10543770640599726 -0.061349135931319423 0 0.24627979168792441
-0.08834378871457628 -0.04421632312861417 0 0.24756007092622989
-0.071245384798415801 -0.027087918466565275 0 0.24854758257951809
-0.061292242307978348 -0.017121410410537639 0 0.2489875272883651
-0.04418676178799049 6.8083880372233687e-17 0 0.24951188013345377
-0.027076821036305737 0.017116976206982198 0 0.24974346119801424
-0.017116976206982059 0.027076821036305869 0 0.2497434611986056
1.0263390921784482e-16 0.044186761787990601 0 0.24951188013494222
0.01712141041053785 0.06129224230797848 0 0.24898752728899198
0.027087918466565494 0.071245384798415939 0 0.24854758257906925
0.04421632312861442 0.08834378871457646 0 0.24756007092653221
0.061349135931319694 0.10543770640599742 0 0.24627979169277536
0.07132226804963876 0.11538410749810871 0 0.24539990858540961
0.088462033845352256 0.13247090749296703 0 0.24365648051879485
0.10560618168440644 0.14955319530548172 0 0.24162029327896592
0.1155858986488871 0.15949281599308004 0 0.24030048440824583
0.1327369581682705 0.17656794507262882 0 0.23780116495475578
0.14989237359960433 0.19363853604800785 0 0.235009098930509
0.15987863614291353 0.20357133737866939 0 0.23324938323453462
0.17704092188826306 0.2206347286415476 0 0.22999420826125427
0.19420753738044125 0.23769355591454652 0 0.22644630352656617
0.20420030618455759 0.24761949899011959 0 0.22424670626436768
0.22137375057134628 0.26467108562848612 0 0.22023572249694837
0.23855149850645332 0.28171808242771823 0 0.215932029979816
0.24855073420318316 0.29163712840483058 0 0.21329258272495813
0.26573526956094762 0.30867684370523601 0 0.20852584773056643
0.28292408223547566 0.32571194335404352 0 0.20346642918923816
0.29292974540696992 0.33562405344460927 0 0.20038716981445057
0.31012530398019872 0.35265183078886581 0 0.1948647519964678
0.32732511360593708 0.3696749667061891 0 0.18904968004421008
0.33733716478520953 0.37958010217791455 0 0.18553065274653838
0.35454367873423442 0.39659587504396454 0 0.17925263135888692
0.37175441743916027 0.41360698074520952 0 0.17268198943504404
0.38177281711060568 0.42350510292209642 0 0.16872324470254932
0.39899021851249317 0.44050880488487804 0 0.1616897098169493
0.41621181834166432 0.45750781398278129 0 0.15436359219265808
0.42623652694157899 0.46739888424563186 0 0.14996518682274321
0.44346474779102368 0.48439044897794326 0 0.14217623934475282
0.4606971407074727 0.50137729518343588 0 0.13409475111357999
0.47072811862457459 0.51126127497035312 0 0.12925674819763514
0.48796709083479478 0.52824063624371453 0 0.12071249985052582
0.50521020872042488 0.54521525336678311 0 0.11187575692919606
0.51524741629637549 0.55509210417367327 0 0.10659822585887091
0.53249707170000937 0.57205919585918807 0 0.097298799175331421
0.54975084635649185 0.58902151780973444 0 0.087706928267171205
0.55979424388641874 0.5988912011908063 0 0.081989944702971398
0.57705451423642273 0.61584595726001767 0 0.071935472997673541
0.59431887738609468 0.63279591804871571 0 0.061588611604968202
0.60436842511911371 0.64265839561697846 0 0.055432257498819387
0.62163924208966215 0.65960075014272679 0 0.044622884888700413
0.63891412537642811 0.67653828388187831 0 0.033521181303205874
0.64896978351616963 0.68639351730964004 0 0.026925544876772834
0.66625107870355615 0.7033234044669161 0 0.015361426178600675
0.68353641369378837 0.72024844537130384 0 0.0035050392913744573
-0.70625231006171596 -0.69797599827927004 0 0.0035092945591539129
-0.68917712695835709 -0.68081965405986788 0 0.015379869028068583
-0.67210092191256698 -0.66366429078294731 0 0.026957510539804386
-0.66216228991578163 -0.65368051160442642 0 0.033560717340342106
-0.64508446920969675 -0.63652670121853505 0 0.044674939639603284
-0.62800562787770164 -0.61937387310363468 0 0.055496225814611042
-0.61806546219773806 -0.60939156997278332 0 0.061659240768602422
-0.60098500728849602 -0.59224029685029356 0 0.072017102850681441
-0.58390353307027731 -0.57509000732691751 0 0.082082025805559039
-0.57396183568607673 -0.5651091822394898 0 0.087804844402138746
-0.55687874997431086 -0.54796044980929326 0 0.097406338673756448
-0.53979464627091334 -0.53081270230594546 0 0.10671489101788059
-0.52985141916203504 -0.52083335725711444 0 0.11199750904966282
-0.51276570604944016 -0.50368716894710097 0 0.12084262845166641
-0.49567897626296847 -0.48654196689128204 0 0.12939480334228393
-0.48573422140958927 -0.47656410387563636 0 0.13423721692589083
-0.46864588429891901 -0.4594204631126908 0 0.14232595494682376
-0.45155653183253747 -0.44227780993089721 0 0.15012174607491419
-0.44161025121544895 -0.43230143094243972 0 0.15452395163244276
-0.42451929351051487 -0.41516034115244183 0 0.16185630229633671
-0.4074273217684436 -0.39802024027016192 0 0.16889570390455028
-0.39747951736905252 -0.38804534730230944 0 0.17285769818577054
-0.38038594247472096 -0.37090681191012931 0 0.17943365607818149
-0.36329135486223407 -0.35376926675184245 0 0.18571666296696782
-0.35334202866255982 -0.34379586179742372 0 0.18923844304452178
-0.33624583998474966 -0.3266598842269211 0 0.19505800330205056
-0.31914863990817333 -0.30952489821609508 0 0.20058461081808987
-0.30919779389084701 -0.29955298326734919 0 0.20366617408108995
-0.29209899483652779 -0.28241956694137066 0 0.20872933239364649
-0.27499918570323745 -0.26528714350045846 0 0.21349953645069097
-0.26504682185150069 -0.25531672054903448 0 0.2161408806235178
-0.24794541582868979 -0.23818586888941076 0 0.22044763324935732
-0.23084300104710842 -0.22105601143984968 0 0.22446143031735111
-0.22088912134481195 -0.21108708247680441 0 0.22666255344346942
-0.20378511176257277 -0.19395879890434881 0 0.23021289719614868
-0.18668009474216818 -0.17683151086655721 0 0.23347028431136563
-0.17672470117377054 -0.1668640778823543 0 0.23523118476785967
-0.15961809144221017 -0.14973836581685993 0 0.2380251170250034
-0.14251047559349297 -0.1326136506102352 0 0.24052609177389767
-0.13255357014405916 -0.12264771559474376 0 0.24184676825297452
-0.11544436367432592 -0.10552457845498152 0 0.24388428694502728
-0.098334152408847228 -0.088402439497898083 0 0.24562884748409761
-0.088375737064047277 -0.078438004440391326 0 0.24650929901604016
-0.071263937268328567 -0.061317445644107509 0 0.2477904026406024
-0.054151133998677659 -0.044197886353914147 0 0.2487785476726263
-0.044191210744785554 -0.034234953243068099 0 0.24921877359791725
-0.027076821036305748 -0.017116976206982069 0 0.24974346120100785
-0.0099614291761078132 6.3003004059522952e-17 0 0.24997519000076371
7.9261843816819199e-17 0.0099614291761079433 0 0.2499751900017628
0.017116976206982236 0.027076821036305862 0 0.24974346120363863
0.034234953243068307 0.044191210744785672 0 0.2492187735993884
0.044197886353914369 0.054151133998677804 0 0.24877854767245997
0.061317445644107758 0.071263937268328748 0 0.24779040264088215
0.078438004440391618 0.088375737064047416 0 0.24650929902158694
0.088402439497898361 0.098334152408847381 0 0.24562884749461625
0.1055245784549818 0.1154443636743261 0 0.24388428696259196
0.12264771559474401 0.13255357014405938 0 0.24184676827501311
0.13261365061023547 0.1425104755934932 0 0.2405260917975274
0.14973836581686015 0.1596180914422104 0 0.23802511705223914
0.16686407788235447 0.17672470117377079 0 0.2352311848001763
0.17683151086655738 0.18668009474216832 0 0.23347028434712078
0.19395879890434892 0.20378511176257291 0 0.2302128972356294
0.21108708247680447 0.22088912134481206 0 0.22666255348348757
0.22105601143984976 0.2308430010471085 0 0.22446143035647417
0.23818586888941079 0.24794541582868992 0 0.22044763328882983
0.25531672054903454 0.26504682185150086 0 0.21614088066629039
0.26528714350045851 0.27499918570323767 0 0.21349953649650757
0.28241956694137071 0.2920989948365279 0 0.20872933244304326
0.2995529832673493 0.30919779389084717 0 0.20366617413147048
0.30952489821609513 0.31914863990817349 0 0.20058461086812721
0.32665988422692116 0.33624583998474983 0 0.19505800335418624
0.34379586179742377 0.35334202866255987 0 0.18923844310276117
0.35376926675184273 0.36329135486223429 0 0.185716663030324
0.37090681191012936 0.38038594247472113 0 0.17943365614875623
0.38804534730230955 0.39747951736905268 0 0.17285769826096781
0.39802024027016197 0.40742732176844376 0 0.16889570398133213
0.41516034115244183 0.42451929351051509 0 0.16185630237530635
0.43230143094243989 0.441610251215449 0 0.15452395171311825
0.44227780993089733 0.45155653183253758 0 0.15012174615629206
0.45942046311269086 0.46864588429891912 0 0.14232595502786605
0.47656410387563636 0.48573422140958927 0 0.1342372170044985
0.4865419668912821 0.49567897626296864 0 0.1293948034186431
0.50368716894710097 0.51276570604944005 0 0.12084262852478565
0.52083335725711444 0.52985141916203504 0 0.11199750912062287
0.53081270230594535 0.53979464627091311 0 0.10671489108793837
0.54796044980929326 0.55687874997431075 0 0.097406338740689963
0.56510918223948992 0.57396183568607662 0 0.087804844463647322
0.57509000732691751 0.58390353307027731 0 0.082082025863018063
0.59224029685029367 0.60098500728849613 0 0.072017102902193583
0.6093915699727831 0.61806546219773784 0 0.061659240815808661
0.61937387310363468 0.62800562787770142 0 0.055496225859886353
0.63652670121853483 0.64508446920969642 0 0.044674939679798853
0.6536805116044262 0.66216228991578141 0 0.033560717372838673
0.66366429078294731 0.6721009219125671 0 0.026957510566632405
0.68081965405986788 0.6891771269583572 0 0.015379869043389945
0.69797599827927004 0.70625231006171596 0 0.0035092945607741368
-0.69797599827926982 -0.70625231006171618 0 0.0035092945587268023
-0.68081965405986755 -0.68917712695835731 0 0.015379869026580619
-0.6636642907829472 -0.67210092191256721 0 0.026957510537885948
-0.65368051160442642 -0.66216228991578174 0 0.033560717338433618
-0.63652670121853494 -0.64508446920969698 0 0.04467493963770687
-0.61937387310363468 -0.62800562787770176 0 0.055496225812655849
-0.60939156997278288 -0.6180654621977385 0 0.061659240766568736
-0.59224029685029334 -0.60098500728849646 0 0.072017102848259684
-0.57509000732691717 -0.58390353307027776 0 0.082082025802403827
-0.56510918223948958 -0.57396183568607706 0 0.087804844398435736
-0.54796044980929315 -0.55687874997431108 0 0.097406338669485143
-0.53081270230594546 -0.53979464627091334 0 0.10671489101359519
-0.52083335725711444 -0.52985141916203504 0 0.11199750904558289
-0.50368716894710086 -0.51276570604944016 0 0.12084262844767447
-0.48654196689128204 -0.49567897626296847 0 0.12939480333795461
-0.47656410387563641 -0.48573422140958905 0 0.13423721692120336
-0.45942046311269091 -0.46864588429891907 0 0.14232595494176059
-0.44227780993089721 -0.45155653183253747 0 0.15012174606985196
-0.43230143094243978 -0.441610251215449 0 0.15452395162753541
-0.41516034115244171 -0.42451929351051509 0 0.16185630229167081
-0.39802024027016181 -0.40742732176844365 0 0.16889570390005323
-0.38804534730230933 -0.39747951736905268 0 0.17285769818134797
-0.3709068119101292 -0.38038594247472107 0 0.17943365607399361
-0.35376926675184245 -0.36329135486223413 0 0.18571666296317052
-0.34379586179742372 -0.35334202866255976 0 0.18923844304102475
-0.3266598842269211 -0.33624583998474977 0 0.19505800329921388
-0.30952489821609508 -0.31914863990817344 0 0.20058461081609863
-0.29955298326734914 -0.30919779389084706 0 0.20366617407963078
-0.2824195669413706 -0.29209899483652785 0 0.20872933239248104
-0.2652871435004584 -0.2749991857032375 0 0.21349953644893654
-0.25531672054903443 -0.26504682185150075 0 0.21614088062110684
-0.23818586888941073 -0.24794541582868987 0 0.22044763324669123
-0.22105601143984965 -0.2308430010471085 0 0.22446143031573482
-0.21108708247680438 -0.22088912134481206 0 0.22666255344294683
-0.19395879890434872 -0.20378511176257294 0 0.23021289719653543
-0.17683151086655707 -0.18668009474216835 0 0.23347028431117944
-0.16686407788235411 -0.17672470117377073 0 0.23523118476680738
-0.14973836581685979 -0.15961809144221034 0 0.23802511702383009
-0.13261365061023511 -0.14251047559349309 0 0.24052609177465697
-0.1226477155947437 -0.13255357014405925 0 0.24184676825560417
-0.10552457845498149 -0.11544436367432596 0 0.24388428694910619
-0.088402439497898055 -0.09833415240884727 0 0.24562884748696104
-0.078438004440391298 -0.088375737064047333 0 0.2465092990171763
-0.061317445644107446 -0.071263937268328637 0 0.24779040264017205
-0.044197886353914119 -0.0541511339986777 0 0.24877854767285024
-0.034234953243068092 -0.044191210744785575 0 0.24921877359940384
-0.017116976206982076 -0.027076821036305737 0 0.24974346120403779
6.795686929807415e-17 -0.0099614291761078184 0 0.24997519000423998
0.0099614291761079606 6.4908336843581107e-17 0 0.24997519000501864
0.027076821036305904 0.017116976206982194 0 0.24974346120606908
0.044191210744785783 0.034234953243068217 0 0.24921877360048264
0.054151133998677908 0.044197886353914258 0 0.24877854767263446
0.0712639372683289 0.06131744564410762 0 0.24779040264065277
0.088375737064047596 0.078438004440391465 0 0.24650929902264307
0.098334152408847533 0.088402439497898222 0 0.24562884749705485
0.11544436367432624 0.10552457845498167 0 0.24388428696630954
0.13255357014405952 0.1226477155947439 0 0.24184676827831209
0.14251047559349336 0.13261365061023533 0 0.24052609179991818
0.15961809144221054 0.14973836581686001 0 0.23802511705371199
0.17672470117377093 0.1668640778823543 0 0.23523118480179778
0.18668009474216851 0.17683151086655727 0 0.23347028434927461
0.20378511176257302 0.19395879890434886 0 0.23021289723877861
0.22088912134481217 0.21108708247680444 0 0.22666255348763642
0.23084300104710856 0.22105601143984979 0 0.22446143036115845
0.24794541582868992 0.23818586888941082 0 0.22044763329361919
0.26504682185150075 0.25531672054903454 0 0.21614088067005019
0.27499918570323756 0.26528714350045862 0 0.21349953649927531
0.29209899483652801 0.28241956694137077 0 0.20872933244540684
0.30919779389084717 0.29955298326734936 0 0.20366617413535537
0.31914863990817355 0.30952489821609525 0 0.2005846108736177
0.33624583998474983 0.32665988422692122 0 0.19505800336114026
0.35334202866255987 0.34379586179742377 0 0.18923844310918006
0.36329135486223429 0.35376926675184267 0 0.18571666303564752
0.38038594247472113 0.37090681191012942 0 0.17943365615292589
0.39747951736905274 0.38804534730230944 0 0.17285769826519992
0.40742732176844376 0.39802024027016197 0 0.16889570398608927
0.42451929351051515 0.41516034115244177 0 0.16185630238071869
0.44161025121544906 0.43230143094243995 0 0.15452395171871877
0.45155653183253758 0.44227780993089733 0 0.15012174616179352
0.46864588429891907 0.45942046311269108 0 0.14232595503293496
0.48573422140958911 0.47656410387563641 0 0.13423721700881713
0.49567897626296847 0.48654196689128215 0 0.12939480342238999
0.51276570604944016 0.50368716894710075 0 0.12084262852748828
0.52985141916203504 0.52083335725711444 0 0.11199750912222749
0.53979464627091323 0.53081270230594524 0 0.10671489108890904
0.55687874997431108 0.54796044980929293 0 0.097406338741035159
0.57396183568607706 0.56510918223948947 0 0.087804844464018122
0.58390353307027776 0.57509000732691717 0 0.082082025863655303
0.60098500728849658 0.59224029685029322 0 0.07201710290298545
0.61806546219773828 0.60939156997278265 0 0.061659240816267065
0.62800562787770164 0.61937387310363456 0 0.055496225859974324
0.64508446920969675 0.63652670121853483 0 0.04467493967968459
0.66216228991578152 0.65368051160442597 0 0.033560717373176147
0.67210092191256721 0.66366429078294709 0 0.02695751056744836
0.68917712695835731 0.68081965405986777 0 0.015379869044095097
0.70625231006171618 0.69797599827926982 0 0.0035092945600033319
-0.68353641369378815 -0.72024844537130395 0 0.0035050392879319189
-0.66625107870355582 -0.70332340446691621 0 0.015361426161463045
-0.64896978351616952 -0.68639351730964038 0 0.026925544847748204
-0.63891412537642822 -0.67653828388187864 0 0.033521181268131417
-0.62163924208966215 -0.65960075014272701 0 0.044622884845270674
-0.60436842511911371 -0.64265839561697879 0 0.055432257449691193
-0.59431887738609457 -0.63279591804871627 0 0.061588611553551456
-0.5770545142364224 -0.61584595726001801 0 0.071935472941115561
-0.55979424388641841 -0.59889120119080663 0 0.081989944639319773
-0.54975084635649163 -0.58902151780973488 0 0.087706928198707623
-0.53249707170000926 -0.5720591958591883 0 0.097298799100708225
-0.51524741629637549 -0.5550921041736735 0 0.10659822578122145
-0.50521020872042488 -0.54521525336678323 0 0.11187575685105108
-0.48796709083479473 -0.52824063624371465 0 0.12071249977101076
-0.47072811862457459 -0.51126127497035301 0 0.12925674811571025
-0.46069714070747275 -0.50137729518343566 0 0.13409475102988894
-0.44346474779102368 -0.48439044897794314 0 0.14217623925915512
-0.42623652694157887 -0.4673988842456317 0 0.14996518673691461
-0.41621181834166415 -0.45750781398278129 0 0.15436359210741721
-0.39899021851249317 -0.44050880488487804 0 0.16168970973320623
-0.38177281711060551 -0.42350510292209637 0 0.16872324462081364
-0.3717544174391601 -0.41360698074520946 0 0.17268198935484919
-0.35454367873423431 -0.39659587504396443 0 0.17925263128408497
-0.33733716478520925 -0.37958010217791427 0 0.18553065268089991
-0.32732511360593697 -0.36967496670618893 0 0.18904967998527022
-0.31012530398019866 -0.35265183078886575 0 0.1948647519457419
-0.29292974540696981 -0.33562405344460916 0 0.20038716976696758
-0.28292408223547549 -0.3257119433540433 0 0.20346642914164348
-0.26573526956094745 -0.3086768437052359 0 0.20852584768375787
-0.24855073420318297 -0.29163712840483053 0 0.21329258268080112
-0.23855149850645321 -0.28171808242771806 0 0.21593202993793068
-0.22137375057134617 -0.26467108562848601 0 0.22023572245823891
-0.2042003061845574 -0.24761949899011956 0 0.22424670622763179
-0.19420753738044105 -0.23769355591454652 0 0.22644630349050043
-0.17704092188826287 -0.2206347286415476 0 0.2299942082266668
-0.1598786361429132 -0.20357133737866939 0 0.2332493832020015
-0.14989237359960403 -0.19363853604800782 0 0.23500909889955407
-0.13273695816827011 -0.17656794507262871 0 0.23780116492896039
-0.11558589864888674 -0.15949281599307991 0 0.24030048439095947
-0.10560618168440611 -0.14955319530548161 0 0.24162029326784359
-0.088462033845351937 -0.13247090749296692 0 0.24365648051531399
-0.07132226804963844 -0.1153841074981086 0 0.24539990858512406
-0.061349135931319389 -0.10543770640599731 0 0.24627979169255346
-0.044216323128614114 -0.088343788714576349 0 0.24756007092716054
-0.02708791846656524 -0.071245384798415815 0 0.24854758258202941
-0.017121410410537632 -0.061292242307978355 0 0.24898752729390727
6.0970639139313756e-17 -0.044186761787990476 0 0.24951188014296513
0.017116976206982201 -0.027076821036305741 0 0.2497434612092353
0.027076821036305886 -0.017116976206982076 0 0.24974346120980132
0.044186761787990643 5.5889752544370938e-17 0 0.2495118801446447
0.061292242307978577 0.01712141041053776 0 0.24898752729541165
0.07124538479841605 0.027087918466565386 0 0.24854758258302945
0.088343788714576613 0.044216323128614281 0 0.24756007092951415
0.10543770640599759 0.061349135931319548 0 0.24627979169948222
0.11538410749810887 0.071322268049638621 0 0.24539990859604047
0.13247090749296717 0.088462033845352117 0 0.24365648053294733
0.14955319530548189 0.10560618168440633 0 0.24162029329168011
0.15949281599308016 0.11558589864888699 0 0.2403004844181858
0.17656794507262896 0.13273695816827036 0 0.23780116496187673
0.19363853604800801 0.14989237359960417 0 0.23500909893802527
0.20357133737866953 0.15987863614291337 0 0.23324938324363309
0.22063472864154768 0.17704092188826295 0 0.22999420827344824
0.23769355591454661 0.19420753738044119 0 0.22644630354205489
0.24761949899011965 0.20420030618455753 0 0.22424670628171686
0.26467108562848607 0.22137375057134626 0 0.22023572251512399
0.28171808242771817 0.23855149850645332 0 0.21593202999549807
0.29163712840483058 0.24855073420318319 0 0.2132925827380236
0.30867684370523607 0.26573526956094756 0 0.2085258477426655
0.32571194335404341 0.28292408223547572 0 0.20346642920562152
0.33562405344460922 0.29292974540696992 0 0.20038716983528948
0.35265183078886586 0.31012530398019877 0 0.1948647520213985
0.36967496670618905 0.32732511360593708 0 0.18904968006773859
0.37958010217791449 0.33733716478520953 0 0.18553065276709158
0.39659587504396454 0.35454367873423442 0 0.17925263137625666
0.41360698074520952 0.37175441743916027 0 0.17268198945247212
0.42350510292209648 0.38177281711060562 0 0.16872324472131595
0.44050880488487804 0.39899021851249322 0 0.16168970983739225
0.45750781398278129 0.41621181834166432 0 0.15436359221358109
0.46739888424563186 0.4262365269415791 0 0.14996518684340279
0.48439044897794314 0.44346474779102374 0 0.14217623936414958
0.50137729518343566 0.46069714070747275 0 0.13409475113070693
0.51126127497035301 0.4707281186245747 0 0.12925674821299571
0.52824063624371465 0.48796709083479473 0 0.12071249986236528
0.54521525336678323 0.50521020872042488 0 0.11187575693693953
0.5550921041736735 0.51524741629637538 0 0.10659822586409491
0.5720591958591883 0.53249707170000915 0 0.097298799177959527
0.589021517809735 0.54975084635649174 0 0.087706928269674689
0.59889120119080663 0.55979424388641841 0 0.08198994470636424
0.61584595726001823 0.5770545142364224 0 0.071935473001567829
0.63279591804871604 0.59431887738609435 0 0.061588611607684349
0.64265839561697868 0.60436842511911359 0 0.055432257500232479
0.65960075014272679 0.62163924208966215 0 0.044622884889189397
0.67653828388187842 0.63891412537642789 0 0.033521181304771497
0.68639351730964038 0.64896978351616963 0 0.026925544879629486
0.70332340446691621 0.66625107870355604 0 0.015361426180905328
0.72024844537130406 0.68353641369378815 0 0.0035050392890674819
-0.66882768534917159 -0.733953615620896 0 0.0034954093003656548
-0.65142628243971878 -0.71719248631484755 0 0.015319687585941775
-0.63403149668631709 -0.70042220395868282 0 0.026853200640097191
-0.62391098368365006 -0.69065788426636543 0 0.033431702677005432
-0.60652673305185911 -0.67387318403870167 0 0.044505070986461462
-0.58914918406206629 -0.65707940939222687 0 0.055287476754837847
-0.57903874153541202 -0.64730145368317604 0 0.061428753196914827
-0.56167186120860779 -0.63049338575197822 0 0.071750712233446423
-0.54431176686423932 -0.61367632227644098 0 0.081781524259597893
-0.53421152155086926 -0.60388484907429818 0 0.087485297919298599
-0.51686222917788771 -0.58705361728298755 0 0.097055381772700192
-0.49951980697875192 -0.57021346906179604 0 0.10633414728109856
-0.489429885391996 -0.56040859725082703 0 0.11160016069449466
-0.47209839823410737 -0.54355440605994176 0 0.12041793734479886
-0.45477386528893671 -0.52669137779042319 0 0.12894423742044459
-0.44469439371290831 -0.51687322661071433 0 0.13377225281832306
-0.42738092863476118 -0.49999628108964306 0 0.14183732409688016
-0.41007450165216525 -0.48311057807476449 0 0.1496107736941589
-0.4000056061365001 -0.47327926711739593 0 0.15400057302736389
-0.3827103795970882 -0.45637977293607318 0 0.16131257466751275
-0.36542227487652873 -0.43947160107611949 0 0.16833282266594912
-0.35536408123113677 -0.42962725027831639 0 0.17228420763956925
-0.33808730927478692 -0.41270541369887731 0 0.17884280932920865
-0.32081774269757563 -0.39577497948309215 0 0.18510953857693085
-0.31077037648740535 -0.38591770912335188 0 0.18862233067134374
-0.29351227473479008 -0.36897373699174907 0 0.19442723608089235
-0.27626146175510963 -0.35202124748993618 0 0.19994016341209742
-0.26622504829492716 -0.34215117818313417 0 0.20301420388952859
-0.24898583193410118 -0.32518527792071611 0 0.2080651506956919
-0.23175398757005075 -0.30821094077480304 0 0.21282402697287539
-0.22172865191923358 -0.29832819346727613 0 0.21545917690906774
-0.20450853569669461 -0.28134057306232807 0 0.21975593683997779
-0.18729587452136198 -0.26434459647789393 0 0.22376054698428913
-0.17728174147870596 -0.25444929244250281 0 0.22595668727985699
-0.16008093969048182 -0.23744016044175187 0 0.22949906613127899
-0.14288767582303963 -0.22042275317951707 0 0.23274922913562485
-0.13288486992158327 -0.21051501401068748 0 0.23450626052240381
-0.1157035964043453 -0.19348457951077117 0 0.23729409816876579
-0.098529943501175332 -0.17644595087805315 0 0.23978966710932148
-0.088538589003038473 -0.16652589848679678 0 0.24110751015749551
-0.071377057125242102 -0.1494743711256967 0 0.24314068056801308
-0.054223228371086549 -0.13241473096783027 0 0.24488154262569822
-0.044243449262325464 -0.12248248757674514 0 0.24576013775821812
-0.027101871915379046 -0.10541007752518647 0 0.24703854901668373
-0.0099680800145202954 -0.088329636216909632 0 0.24802462548946869
7.316466021194596e-17 -0.078385324355161184 0 0.24846393298608266
0.017121410410537767 -0.061292242307978369 0 0.24898752729718548
0.034234953243068231 -0.044191210744785568 0 0.24921877360632527
0.044191210744785707 -0.034234953243068106 0 0.24921877360702455
0.061292242307978528 -0.017121410410537653 0 0.24898752729977722
0.078385324355161393 4.8776440141297309e-17 0 0.24846393298977618
0.088329636216909868 0.0099680800145204324 0 0.24802462549356649
0.10541007752518675 0.027101871915379199 0 0.24703854902300684
0.12248248757674542 0.044243449262325631 0 0.24576013776897776
0.13241473096783055 0.054223228371086722 0 0.24488154263993903
0.14947437112569698 0.071377057125242296 0 0.24314068058796834
0.16652589848679702 0.088538589003038681 0 0.24110751018256951
0.17644595087805343 0.098529943501175582 0 0.23978966713717403
0.19348457951077136 0.11570359640434551 0 0.23729409820217029
0.21051501401068765 0.13288486992158344 0 0.23450626056250348
0.22042275317951721 0.14288767582303982 0 0.23274922918005264
0.23744016044175198 0.16008093969048193 0 0.22949906618244023
0.25444929244250286 0.17728174147870604 0 0.22595668733665694
0.26434459647789399 0.18729587452136209 0 0.22376054704382137
0.28134057306232813 0.20450853569669464 0 0.21975593690256753
0.29832819346727618 0.22172865191923363 0 0.21545917697254657
0.30821094077480315 0.23175398757005095 0 0.21282402703612313
0.32518527792071622 0.24898583193410137 0 0.20806515076106052
0.34215117818313423 0.26622504829492732 0 0.20301420396074368
0.35202124748993624 0.27626146175510968 0 0.19994016348825133
0.36897373699174918 0.29351227473479019 0 0.19442723616544627
0.38591770912335205 0.31077037648740552 0 0.18862233076380064
0.39577497948309232 0.32081774269757585 0 0.18510953867374452
0.41270541369887742 0.33808730927478697 0 0.17884280943287659
0.4296272502783165 0.35536408123113694 0 0.1722842077492624
0.4394716010761196 0.36542227487652895 0 0.16833282277869024
0.45637977293607318 0.38271037959708831 0 0.16131257478352518
0.47327926711739599 0.40000560613650027 0 0.15400057314399482
0.48311057807476454 0.41007450165216541 0 0.14961077381000837
0.49999628108964317 0.42738092863476135 0 0.14183732421064107
0.51687322661071433 0.44469439371290831 0 0.13377225292922576
0.52669137779042319 0.45477386528893676 0 0.12894423752924367
0.54355440605994176 0.47209839823410737 0 0.12041793744791758
0.56040859725082703 0.48942988539199589 0 0.11160016078913504
0.57021346906179604 0.49951980697875192 0 0.10633414736974976
0.58705361728298755 0.5168622291778876 0 0.097055381852802325
0.6038848490742984 0.53421152155086926 0 0.087485297993560085
0.61367632227644098 0.54431176686423932 0 0.081781524331499073
0.63049338575197822 0.56167186120860768 0 0.071750712299907815
0.64730145368317604 0.5790387415354119 0 0.061428753255735019
0.65707940939222687 0.58914918406206618 0 0.055287476808309734
0.67387318403870156 0.606526733051859 0 0.044505071030904765
0.69065788426636521 0.62391098368365006 0 0.033431702712867384
0.70042220395868271 0.6340314966863172 0 0.026853200670943017
0.71719248631484778 0.65142628243971912 0 0.01531968760465899
0.733953615620896 0.66882768534917159 0 0.0034954093020228209
-0.66014703167641686 -0.7417928084315677 0 0.0034873360992611502
-0.64268387751383471 -0.72513352105045548 0 0.015284695148413021
-0.62522862055486284 -0.7084623534908131 0 0.026792547025223334
-0.61507351080283024 -0.6987544687330508 0 0.033356681913978017
-0.59763085289967288 -0.68206460335382624 0 0.04440628974694355
-0.58019622585500752 -0.66536297990015236 0 0.055166080828952448
-0.57005318397234561 -0.65563742643840828 0 0.061294712216686975
-0.55263136721840966 -0.63891729873173153 0 0.071595785410601326
-0.53521771471586299 -0.62218553555768907 0 0.081606752389976223
-0.52508694115018162 -0.61244249763190062 0 0.08729944532204674
-0.50768630975188778 -0.59569242456108551 0 0.096851252749162606
-0.49029397572713296 -0.57893083912527443 0 0.10611268506578893
-0.48017567051919496 -0.5691705017196379 0 0.11136903547346723
-0.4627965679769791 -0.55239080152068565 0 0.12017089908041505
-0.44542589565096424 -0.53559971254662453 0 0.12868213920888075
-0.4353202584215492 -0.52582226137792021 0 0.13350177387398002
-0.41796302750731223 -0.50901325353941973 0 0.14155306864284881
-0.40061435936373185 -0.49219298099539449 0 0.14931351213383767
-0.39052158930053632 -0.48239860250123578 0 0.15369608874639176
-0.37318657203515271 -0.4655606077441321 0 0.16099624279993746
-0.35586024979798153 -0.44871147282291496 0 0.16800533838579421
-0.34578054564255539 -0.43890035414992207 0 0.17195054560514997
-0.32846808327344584 -0.42203369440715699 0 0.17849904030340719
-0.31116444788453596 -0.40515601950559726 0 0.18475628998307334
-0.30109800791925578 -0.39532834849749676 0 0.18826384748192343
-0.28380844089802532 -0.37843334689352304 0 0.19406021748824662
-0.26652783249477124 -0.36152745559201344 0 0.1995651765810903
-0.25647485452985397 -0.35168342077766629 0 0.20263483507245714
-0.23920852249000066 -0.3347604016078381 0 0.20767866841189322
-0.22195128038307532 -0.31782661864965894 0 0.21243094563403755
-0.21191196174363405 -0.30796640923101692 0 0.21506248692242158
-0.19466920347832883 -0.2910156979408613 0 0.21935342505768698
-0.17743566612949277 -0.27405434921140515 0 0.22335268257958607
-0.16741020364263506 -0.26417815505139958 0 0.22554591958686546
-0.15019135708257791 -0.24720007821576881 0 0.22908365746292217
-0.13298186208256521 -0.23021149072164868 0 0.23232961095590446
-0.12297045206453726 -0.22031950233201061 0 0.23408438774850801
-0.10577585425589155 -0.20331438763412069 0 0.23686867382689381
-0.08859073830237571 -0.18629888948216458 0 0.23936109248008358
-0.078593576545753052 -0.17639129801118025 0 0.24067728427287702
-0.061423563628161877 -0.1593594742215371 0 0.24270792055944457
-0.04426316250380391 -0.1423173945976717 0 0.24444662713858739
-0.034280444264730765 -0.13239439181787319 0 0.24532414034030961
-0.017135351449417083 -0.11533618877308958 0 0.24660098243510817
8.5104522854696901e-17 -0.098267857921115392 0 0.24758585329005806
0.0099680800145204532 -0.088329636216909618 0 0.24802462549124113
0.02708791846656539 -0.071245384798415828 0 0.24854758258648346
0.044197886353914265 -0.054151133998677693 0 0.24877854767952984
0.054151133998677832 -0.044197886353914154 0 0.24877854768046098
0.071245384798415995 -0.027087918466565278 0 0.2485475825901618
0.088329636216909854 -0.0099680800145203353 0 0.24802462549696497
0.098267857921115601 4.7760150139352281e-17 0 0.24758585329674843
0.11533618877308985 0.017135351449417233 0 0.24660098244458273
0.13239439181787349 0.034280444264730925 0 0.24532414035420388
0.14231739459767201 0.044263162503804097 0 0.24444662715569401
0.15935947422153743 0.061423563628162064 0 0.24270792058145066
0.17639129801118056 0.078593576545753246 0 0.24067728429875357
0.18629888948216483 0.088590738302375946 0 0.23936109250788951
0.20331438763412088 0.10577585425589178 0 0.23686867385975449
0.22031950233201072 0.12297045206453741 0 0.23408438778894958
0.23021149072164881 0.13298186208256535 0 0.23232961100171817
0.24720007821576892 0.150191357082578 0 0.22908365751652487
0.26417815505139969 0.1674102036426352 0 0.22554591964599402
0.2740543492114052 0.17743566612949288 0 0.22335268264093561
0.29101569794086141 0.19466920347832889 0 0.21935342512185463
0.30796640923101698 0.21191196174363419 0 0.21506248698824723
0.317826618649659 0.22195128038307546 0 0.21243094570045945
0.33476040160783826 0.23920852249000082 0 0.20767866848122854
0.35168342077766634 0.25647485452985413 0 0.20263483514745342
0.36152745559201355 0.26652783249477136 0 0.19956517666055029
0.37843334689352315 0.28380844089802537 0 0.19406021757593026
0.39532834849749687 0.30109800791925584 0 0.18826384757832326
0.40515601950559743 0.31116444788453612 0 0.1847562900846868
0.42203369440715716 0.32846808327344595 0 0.17849904041291245
0.43890035414992212 0.34578054564255561 0 0.17195054572101223
0.44871147282291507 0.3558602497979817 0 0.16800533850457927
0.4655606077441321 0.37318657203515287 0 0.16099624292133788
0.48239860250123578 0.39052158930053643 0 0.1536960888672122
0.49219298099539466 0.40061435936373196 0 0.14931351225302578
0.50901325353941973 0.41796302750731235 0 0.14155306875969173
0.52582226137792021 0.4353202584215492 0 0.13350177398944102
0.53559971254662464 0.44542589565096435 0 0.12868213932370937
0.55239080152068565 0.46279656797697905 0 0.12017089919031018
0.5691705017196379 0.48017567051919496 0 0.11136903557297587
0.57893083912527454 0.49029397572713301 0 0.10611268515719455
0.59569242456108551 0.50768630975188767 0 0.096851252829999263
0.61244249763190073 0.52508694115018162 0 0.087299445397535841
0.62218553555768907 0.53521771471586288 0 0.081606752464365342
0.63891729873173175 0.55263136721840977 0 0.071595785480591895
0.65563742643840828 0.5700531839723455 0 0.061294712278257925
0.66536297990015236 0.58019622585500741 0 0.055166080883984524
0.68206460335382613 0.59763085289967277 0 0.044406289791159903
0.69875446873305069 0.61507351080283013 0 0.033356681948370021
0.70846235349081288 0.62522862055486295 0 0.026792547054170331
0.72513352105045559 0.64268387751383482 0 0.015284695165672758
0.74179280843156781 0.66014703167641697 0 0.0034873361014875616
-0.64503106872007354 -0.755021824392902 0 0.0034692540126636329
-0.62747150000356555 -0.73854877002449559 0 0.015206312795444635
-0.60992165430481537 -0.72205877463685197 0 0.026656671013422083
-0.59971235257197475 -0.71245401478345605 0 0.033188611147675011
-0.58217808247947411 -0.69593739004642552 0 0.044184967085045879
-0.56465378041862124 -0.67940404097973983 0 0.054894064250079783
-0.55445945751078096 -0.66977414972476179 0 0.060994345446799755
-0.53695111824626207 -0.65321451516492257 0 0.071248585712926735
-0.51945299149058977 -0.63663837429403358 0 0.081215045000449085
-0.50927401477954226 -0.62698367925045118 0 0.086882882581588536
-0.49179223713812248 -0.61038159882575593 0 0.09639368797596673
-0.47432091591683562 -0.59376323141307163 0 0.10561622703303535
-0.46415765192398556 -0.58408406215403963 0 0.11085089165415001
-0.44670306521653058 -0.56744010317093863 0 0.11961703809866567
-0.42925917824543169 -0.55078007780253879 0 0.12809446967099306
-0.41911199259799381 -0.54107676582408726 0 0.13289528732927414
-0.40168522457591382 -0.52439149887323533 0 0.14091564593500719
-0.38426939898227985 -0.50769038739433447 0 0.14864687809571758
-0.37413865636959459 -0.49796326607769353 0 0.15301323032978559
-0.3567403331498526 -0.48123726496902436 0 0.16028676773433997
-0.33935319439752976 -0.46449564241880159 0 0.16727080419657631
-0.32923925852751074 -0.45474504699236423 0 0.17120212825745731
-0.31187000451785923 -0.43797888868954282 0 0.17772790690645782
-0.29451217633259341 -0.42119733323535952 0 0.18396384729027526
-0.28441540988831426 -0.4114236007362887 0 0.18745963628967824
-0.26707584771278053 -0.39461786529056064 0 0.19323681467448334
-0.24974795200780281 -0.3777969581615791 0 0.19872385472227405
-0.23966871660423775 -0.3680004273970699 0 0.20178365774937404
-0.22235946702887527 -0.35115569788052098 0 0.20681149061847637
-0.20506212383076311 -0.33429602330074121 0 0.21154892242357443
-0.19500077997168855 -0.32447703480894652 0 0.21417234468379034
-0.17772246183061485 -0.30759389724719127 0 0.21845018325779397
-0.16045628920544375 -0.29069604236792124 0 0.22243739544501601
-0.15041319624051472 -0.28085493837855208 0 0.22462409835102848
-0.13316642636225123 -0.26393398168286475 0 0.22815139048236349
-0.11593204034205894 -0.24699853651464157 0 0.23138786837583522
-0.10590755642406868 -0.23713566090924881 0 0.23313756964687748
-0.088692949558204601 -0.22017747680815603 0 0.23591385996094674
-0.071490964067783422 -0.20320503415213315 0 0.23839918568340607
-0.061485446110118684 -0.19332073242408332 0 0.23971165938749842
-0.044303614854314027 -0.17632591539443293 0 0.24173658938501963
-0.02713464163835096 -0.1593170707732518 0 0.24347044200584905
-0.017148445272652205 -0.14941168998740414 0 0.24434551866203216
9.3487089603803705e-17 -0.13238083718492849 0 0.2456188268468234
0.017135351449417264 -0.11533618877308957 0 0.24660098243854434
0.027101871915379216 -0.10541007752518645 0 0.24703854902176736
0.044216323128614274 -0.088343788714576335 0 0.24756007093469024
0.061317445644107599 -0.071263937268328609 0 0.24779040264969288
0.071263937268328748 -0.061317445644107495 0 0.24779040265121582
0.088343788714576515 -0.044216323128614156 0 0.24756007094079177
0.10541007752518666 -0.027101871915379102 0 0.24703854903143219
0.11533618877308979 -0.017135351449417136 0 0.24660098244987749
0.13238083718492877 5.1824364889065098e-17 0 0.2456188268612709
0.14941168998740445 0.017148445272652361 0 0.24434551868004134
0.15931707077325213 0.02713464163835113 0 0.24347044202611468
0.17632591539443324 0.044303614854314215 0 0.24173658940913667
0.19332073242408365 0.06148544611011892 0 0.23971165941538619
0.20320503415213342 0.071490964067783644 0 0.23839918571355592
0.22017747680815619 0.088692949558204837 0 0.23591385999669928
0.23713566090924898 0.10590755642406885 0 0.23313756969062926
0.24699853651464174 0.1159320403420591 0 0.23138786842513148
0.26393398168286486 0.13316642636225132 0 0.22815139053944852
0.28085493837855219 0.1504131962405148 0 0.22462409841323946
0.29069604236792135 0.16045628920544386 0 0.22243739550910063
0.30759389724719138 0.17772246183061491 0 0.21845018332496519
0.32447703480894657 0.19500077997168866 0 0.21417234475413244
0.33429602330074126 0.20506212383076322 0 0.2115489224958394
0.3511556978805212 0.22235946702887552 0 0.20681149069477012
0.36800042739706995 0.23966871660423783 0 0.20178365783069646
0.37779695816157921 0.24974795200780292 0 0.19872385480702959
0.39461786529056081 0.26707584771278059 0 0.19323681476671348
0.41142360073628875 0.28441540988831437 0 0.18745963639147506
0.42119733323535968 0.29451217633259363 0 0.18396384739840463
0.43797888868954282 0.31187000451785934 0 0.17772790702376229
0.45474504699236434 0.32923925852751085 0 0.17120212838135007
0.4644956424188017 0.33935319439753003 0 0.16727080432308816
0.48123726496902436 0.35674033314985265 0 0.16028676786289237
0.49796326607769359 0.3741386563695947 0 0.15301323045721604
0.50769038739433459 0.38426939898228002 0 0.14864687822124967
0.52439149887323533 0.40168522457591382 0 0.140915646058347
0.54107676582408726 0.41911199259799381 0 0.13289528745223056
0.5507800778025389 0.42925917824543175 0 0.12809446979419095
0.56744010317093863 0.44670306521653058 0 0.11961703821746564
0.58408406215403963 0.46415765192398556 0 0.11085089176166879
0.59376323141307163 0.47432091591683556 0 0.10561622713136894
0.61038159882575593 0.49179223713812242 0 0.096393688062380134
0.62698367925045129 0.50927401477954215 0 0.086882882662155339
0.63663837429403369 0.51945299149058977 0 0.081215045079946868
0.65321451516492268 0.53695111824626218 0 0.071248585787555302
0.6697741497247619 0.55445945751078096 0 0.060994345511722718
0.67940404097973983 0.56465378041862124 0 0.054894064307384229
0.69593739004642563 0.58217808247947411 0 0.044184967129779734
0.71245401478345594 0.59971235257197475 0 0.033188611181051653
0.72205877463685186 0.60992165430481537 0 0.026656671040641001
0.73854877002449559 0.62747150000356555 0 0.01520631281123736
0.755021824392902 0.64503106872007354 0 0.0034692540157300043
-0.62966985298973055 -0.76794041117550271 0 0.0034458709258193623
-0.61202575154761207 -0.75166798686807879 0 0.015104939953716832
-0.59439273363326239 -0.73537309385119187 0 0.02648092060235218
-0.58413567525308197 -0.72587935466908515 0 0.032971203438991098
-0.56652050042770719 -0.70954918012121093 0 0.04389864345017308
-0.54891679967711049 -0.6931968709264088 0 0.054542119781906095
-0.53867698322097168 -0.68366987038991922 0 0.06060569608181645
-0.52109174273342218 -0.66728281039985793 0 0.070799291227743019
-0.50351836600740918 -0.65087395265953907 0 0.080708103284214794
-0.49329637704980256 -0.6413141970167674 0 0.086343741788509884
-0.4757420763416737 -0.62487112365393227 0 0.095801421656237187
-0.45820002814788019 -0.60840659221258653 0 0.10497355633723748
-0.44799645085985229 -0.59881459188166941 0 0.11018011185264014
-0.43047409290304922 -0.58231638433344601 0 0.11889995406131308
-0.41296437520585988 -0.56579706109361028 0 0.12733354635990024
-0.40277979224447574 -0.55617333057267249 0 0.13210995992002864
-0.38529037735141769 -0.53962087498902434 0 0.14009019049728483
-0.36781398938234972 -0.52304764875504672 0 0.14778352415238899
-0.35764898178042492 -0.51339270653088975 0 0.15212882350984983
-0.34019350741473392 -0.4967868958668053 0 0.15936781770345215
-0.32275144548333434 -0.48016066218647291 0 0.16631932593627199
-0.3126065925394797 -0.47047503064202939 0 0.17023262595906832
-0.29518605312723006 -0.45381676449787167 0 0.17672890890072851
-0.27777931043256077 -0.43713842550196119 0 0.18293717506205748
-0.26765518960158202 -0.42742263082255239 0 0.18641767810155174
-0.25027057634318195 -0.41071281528236636 0 0.19216992540635128
-0.23290014278596818 -0.39398327952217843 0 0.19763368353193098
-0.22279732956966516 -0.38423785160060786 0 0.20068067972825407
-0.20544963025244925 -0.36747739906844901 0 0.20568771802696451
-0.18811649224796512 -0.3506975813513864 0 0.21040585338476545
-0.17803556008637342 -0.34092305369190662 0 0.21301872098881269
-0.16072575889797622 -0.32411288272625194 0 0.21727952843543097
-0.14343089918974244 -0.30728370394950516 0 0.22125107796797008
-0.13337241935286015 -0.29748061357069416 0 0.2234292835718725
-0.11610149669544699 -0.28062164871699841 0 0.22694299024032877
-0.098845894169812737 -0.26374403569939986 0 0.23016714296894769
-0.088810435649855898 -0.25391292303598362 0 0.23191024174212563
-0.071579367955284148 -0.2370060946574446 0 0.23467612999191217
-0.054363997456968405 -0.22008097996955855 0 0.23715222732596866
-0.044352126861196779 -0.21022238877321767 0 0.2384598631720419
-0.027161886407179977 -0.19326863287981602 0 0.24047736792326804
-0.0099877185558434247 -0.17629695467232748 0 0.24220490394848049
8.7388361150227979e-17 -0.16641143191152505 0 0.24307680967636533
0.017148445272652382 -0.14941168998740414 0 0.24434551866626497
0.034280444264730932 -0.13239439181787319 0 0.24532414034767949
0.044243449262325624 -0.12248248757674511 0 0.24576013776701994
0.061349135931319521 -0.1054377064059973 0 0.2462797917048222
0.078438004440391451 -0.088375737064047291 0 0.24650929903442437
0.08837573706404743 -0.078438004440391326 0 0.24650929903677332
0.10543770640599746 -0.061349135931319417 0 0.24627979171399339
0.12248248757674535 -0.04424344926232552 0 0.24576013778107691
0.13239439181787341 -0.034280444264730807 0 0.24532414036372738
0.14941168998740442 -0.017148445272652239 0 0.24434551868485746
0.16641143191152533 6.7065486464128451e-17 0 0.24307680969647932
0.17629695467232775 0.009987718555843593 0 0.24220490396919381
0.19326863287981635 0.027161886407180161 0 0.24047736794733754
0.21022238877321792 0.04435212686119698 0 0.23845986320281026
0.2200809799695588 0.054363997456968634 0 0.23715222736197283
0.23700609465744479 0.07157936795528437 0 0.23467613003614088
0.25391292303598373 0.088810435649856051 0 0.2319102417931653
0.26374403569939997 0.09884589416981289 0 0.2301671430233343
0.28062164871699846 0.11610149669544709 0 0.22694299029991985
0.29748061357069427 0.13337241935286026 0 0.2234292836360505
0.30728370394950522 0.1434308991897425 0 0.22125107803457608
0.32411288272625211 0.16072575889797627 0 0.217279528506443
0.34092305369190667 0.17803556008637353 0 0.21301872106461972
0.35069758135138651 0.18811649224796526 0 0.21040585346350205
0.36747739906844917 0.20544963025244942 0 0.20568771811036596
0.38423785160060792 0.22279732956966525 0 0.20068067981576732
0.39398327952217871 0.23290014278596832 0 0.19763368362174633
0.41071281528236647 0.25027057634318201 0 0.19216992550246029
0.4274226308225525 0.26765518960158213 0 0.18641767820726529
0.43713842550196136 0.27777931043256099 0 0.18293717517460553
0.45381676449787173 0.29518605312723017 0 0.17672890902290311
0.47047503064202945 0.31260659253947992 0 0.1702326260875873
0.48016066218647291 0.32275144548333456 0 0.16631932606703631
0.4967868958668053 0.34019350741473409 0 0.15936781783656059
0.51339270653088975 0.35764898178042498 0 0.15212882364352676
0.52304764875504683 0.36781398938234983 0 0.14778352428563388
0.53962087498902445 0.38529037735141775 0 0.14009019062930314
0.55617333057267249 0.4027797922444758 0 0.13210996005032596
0.56579706109361039 0.41296437520585999 0 0.12733354648883158
0.58231638433344601 0.43047409290304922 0 0.11889995418518387
0.59881459188166941 0.44799645085985229 0 0.11018011196772355
0.60840659221258664 0.45820002814788019 0 0.10497355644573056
0.62487112365393227 0.47574207634167365 0 0.095801421754514754
0.6413141970167674 0.49329637704980245 0 0.086343741878492197
0.65087395265953907 0.50351836600740907 0 0.080708103370073947
0.66728281039985804 0.52109174273342229 0 0.070799291304996889
0.68366987038991944 0.53867698322097168 0 0.060605696148153892
0.69319687092640903 0.5489167996771106 0 0.054542119840943801
0.70954918012121093 0.56652050042770719 0 0.04389864349682885
0.72587935466908515 0.58413567525308197 0 0.032971203473722607
0.73537309385119187 0.59439273363326239 0 0.026480920630315638
0.7516679868680789 0.61202575154761218 0 0.015104939969752847
0.76794041117550293 0.62966985298973066 0 0.0034458709294664207
-0.62062074273210699 -0.77531324780274058 0 0.0034298352142608313
-0.6029327369746873 -0.75916428854358287 0 0.015035413405831059
-0.58525639620623571 -0.74298943273061313 0 0.026360370392440817
-0.57497440749928475 -0.73356398769922504 0 0.032822071310681336
-0.55731690914544352 -0.71734848868963608 0 0.043702219438041402
-0.53967156674798744 -0.70110750479338835 0 0.054300656184657896
-0.52940784461266388 -0.6916437641003027 0 0.060339035673080688
-0.51178212053565297 -0.67536279153887158 0 0.070490993542734443
-0.49416904234526754 -0.65905674988211471 0 0.080360219001300942
-0.48392432298883764 -0.64955533832809698 0 0.085973742846308238
-0.46633163729212967 -0.63320996899087456 0 0.095394930270105649
-0.44875208625909041 -0.61683995038355099 0 0.10453243525467006
-0.43852710415593171 -0.60730149883097484 0 0.10971967586507723
-0.42096871787379214 -0.59089281983708952 0 0.11840769611225486
-0.4034239537633309 -0.57445991534034679 0 0.12681115505366478
-0.39321944148087007 -0.56488506057514132 0 0.1315707917871646
-0.37569661227944956 -0.54841416914835917 0 0.13952343227657651
-0.3581878913730886 -0.531919479834568 0 0.14719070426954792
-0.3480045793981007 -0.52230886442584834 0 0.15152152418551704
-0.33051856127719714 -0.50577686765218599 0 0.1587367577214972
-0.31304713607481044 -0.48922150436105627 0 0.16566588764417445
-0.30288575264016854 -0.47957577651850214 0 0.1695667861057896
-0.28543779563580529 -0.46298379110000676 0 0.17604277189068571
-0.26800491455855219 -0.44636887419091226 0 0.18223199139820573
-0.2578661854705101 -0.43668868761996044 0 0.18570197264008559
-0.24045753535847839 -0.42003783962476826 0 0.19143705720332777
-0.22306444245275886 -0.40336449872539459 0 0.19688478559431685
-0.21294909091885542 -0.39365051248031335 0 0.1999229632010889
-0.1955809889193672 -0.37694193708910367 0 0.20491568122468592
-0.17822892356194414 -0.36021131084053876 0 0.2096205262775119
-0.16813767001961283 -0.35046418917545258 0 0.21222612367117244
-0.1508113525032112 -0.33369903042441684 0 0.21647519876331281
-0.13350154910764717 -0.31691226622280383 0 0.220435957419713
-0.12343511105361603 -0.3071326784407386 0 0.22260830821995653
-0.10615180924848845 -0.2903120889611876 0 0.22611265352926707
-0.088885496973041558 -0.2734703426960613 0 0.22932831251090116
-0.078844588793608797 -0.26365896299608343 0 0.23106686089224895
-0.061605528494449217 -0.24678410375081425 0 0.23382557967674023
-0.044383930951573586 -0.22988853954024871 0 0.23629531599164949
-0.034369263753842381 -0.22004604686276813 0 0.23759961695097179
-0.017175665032405744 -0.20311808687931995 0 0.23961200301458555
8.3068176745397864e-17 -0.18616987680201208 0 0.24133518436785409
0.0099877185558435964 -0.17629695467232742 0 0.24220490395139843
0.027134641638351133 -0.15931707077325177 0 0.24347044201285895
0.044263162503804084 -0.14231739459767168 0 0.24444662714849597
0.054223228371086687 -0.13241473096783019 0 0.24488154263693598
0.071322268049638579 -0.11538410749810854 0 0.24539990860095193
0.088402439497898166 -0.098334152408847214 0 0.24562884751071037
0.098334152408847381 -0.088402439497898055 0 0.24562884751361719
0.11538410749810873 -0.071322268049638468 0 0.24539990861212371
0.13241473096783044 -0.054223228371086576 0 0.24488154265370179
0.1423173945976719 -0.044263162503803952 0 0.24444662716731669
0.15931707077325202 -0.027134641638351002 0 0.24347044203358931
0.17629695467232773 -0.0099877185558434421 0 0.24220490397205147
0.18616987680201241 8.2560114502306751e-17 0 0.24133518438789578
0.20311808687932029 0.017175665032405928 0 0.23961200303791355
0.22004604686276838 0.034369263753842597 0 0.2375996169838249
0.2298885395402489 0.044383930951573808 0 0.23629531603244211
0.24678410375081439 0.061605528494449453 0 0.23382557972803719
0.26365896299608355 0.078844588793608977 0 0.23106686094905027
0.27347034269606146 0.088885496973041683 0 0.22932831256887976
0.29031208896118765 0.10615180924848855 0 0.22611265358998645
0.30713267844073872 0.12343511105361611 0 0.2226083082849227
0.31691226622280388 0.13350154910764719 0 0.22043595748778774
0.3336990304244169 0.15081135250321129 0 0.21647519883696709
0.35046418917545263 0.16813767001961294 0 0.21222612375058525
0.36021131084053892 0.17822892356194425 0 0.20962052636029396
0.37694193708910378 0.1955809889193674 0 0.20491568131230548
0.39365051248031352 0.21294909091885555 0 0.19992296329220272
0.40336449872539487 0.22306444245275897 0 0.19688478568706475
0.42003783962476848 0.2404575353584785 0 0.19143705730153146
0.43668868761996049 0.25786618547051027 0 0.18570197274756733
0.44636887419091242 0.26800491455855241 0 0.18223199151253636
0.46298379110000687 0.2854377956358054 0 0.17604277201454749
0.47957577651850225 0.3028857526401687 0 0.1695667862356815
0.48922150436105644 0.31304713607481061 0 0.16566588777609198
0.50577686765218599 0.33051856127719725 0 0.15873675785629174
0.52230886442584845 0.34800457939810087 0 0.15152152432270286
0.53191947983456789 0.35818789137308865 0 0.14719070440779461
0.54841416914835917 0.37569661227944956 0 0.1395234324144447
0.56488506057514143 0.39321944148087024 0 0.13157079192163917
0.57445991534034702 0.40342395376333096 0 0.12681115518489747
0.59089281983708952 0.42096871787379214 0 0.1184076962375834
0.60730149883097484 0.43852710415593171 0 0.10971967598434224
0.61683995038355111 0.44875208625909035 0 0.10453243537023921
0.63320996899087456 0.46633163729212951 0 0.095394930377610834
0.64955533832809709 0.48392432298883753 0 0.08597374294338056
0.65905674988211493 0.49416904234526743 0 0.080360219091328719
0.67536279153887158 0.51178212053565297 0 0.070490993620778125
0.69164376410030282 0.52940784461266399 0 0.060339035739547228
0.70110750479338846 0.53967156674798744 0 0.054300656244542916
0.71734848868963597 0.55731690914544363 0 0.04370221948641248
0.73356398769922493 0.57497440749928463 0 0.032822071347211587
0.74298943273061324 0.58525639620623582 0 0.02636037042192059
0.75916428854358309 0.60293273697468741 0 0.015035413422788342
0.77531324780274058 0.62062074273210699 0 0.0034298352181608444
-0.60489152895896436 -0.78772690344721752 0 0.0033981737167843471
-0.58713686086192463 -0.77180170389375102 0 0.014898116160091941
-0.56939450320286256 -0.75584436438961689 0 0.026122276711129835
-0.55907442112947336 -0.74654265968432965 0 0.032527499444973844
-0.54135208469386253 -0.73053491573966667 0 0.043314175225327156
-0.52364274901894059 -0.71449559056436818 0 0.053823562733491086
-0.51334220298570521 -0.70514642943575845 0 0.059812111737283562
-0.49565397967851682 -0.68905758946846618 0 0.069881705768398528
-0.47797944621545696 -0.67293773423365189 0 0.079672599327338695
-0.46769947168968046 -0.6635419671402828 0 0.085242352620074249
-0.45004713959788395 -0.64737349808811773 0 0.09459129521109802
-0.43240918496653052 -0.63117458680636851 0 0.10366022211214476
-0.42215081521088937 -0.62173307483787699 0 0.10880920334889872
-0.40453614845317815 -0.60548646177023036 0 0.11743417560829136
-0.38693654507736092 -0.58920998641358835 0 0.12577791442764996
-0.3767008108076933 -0.5797236010319714 0 0.13050429374770792
-0.35912557894665464 -0.56340034670229455 0 0.13840222921690215
-0.34156609446663255 -0.54704781675088721 0 0.14601781192971647
-0.33135402351013465 -0.53751743952606812 0 0.15031990737957154
-0.31381999096524898 -0.52111906391456142 0 0.15748799437404939
-0.29630238765113887 -0.5046920058955936 0 0.1643727085017897
-0.28611500460521005 -0.49511852823543867 0 0.16824898720213252
-0.26862393006708252 -0.47864656808228812 0 0.1746846707736264
-0.25114996423367664 -0.46214652509969839 0 0.18083606130593671
-0.24098829012564291 -0.45253084797465032 0 0.18428514054909245
-0.22354192597187386 -0.43598685630411127 0 0.18998612429842035
-0.20611334739525358 -0.41941538755919133 0 0.1954019954084856
-0.19597839934321035 -0.40975842122170064 0 0.19842264361503767
-0.1785784910563083 -0.39314396685733366 0 0.20338689131363147
-0.16119704239265756 -0.37650264716062271 0 0.20806530795857395
-0.15108983326766323 -0.36680531085955426 0 0.2106564455943557
-0.13373811885540554 -0.35012197793092964 0 0.21488218266447093
-0.11640553506242711 -0.33341239720570132 0 0.21882147193473508
-0.10632707315228383 -0.32367561889590862 0 0.22098217224017333
-0.089025282570926789 -0.30692500633710285 0 0.22446788697753156
-0.071743290332263857 -0.29014876911477117 0 0.22766663929015787
-0.061694579007118909 -0.28037348516202498 0 0.22939612895880124
-0.044444433587858108 -0.26355720620224188 0 0.23214057363482979
-0.0272147507409209 -0.2467159311100228 0 0.23459764374997549
-0.017196788120920303 -0.23690308599149409 0 0.23589530348029217
8.8398401119539042e-17 -0.22002276763814929 0 0.23789749521725972
0.017175665032405918 -0.20311808687931995 0 0.2396120030203259
0.027161886407180147 -0.19326863287981599 0 0.24047736793122237
0.044303614854314201 -0.1763259153944329 0 0.24173658939653339
0.061423563628162037 -0.15935947422153707 0 0.24270792057444979
0.071377057125242227 -0.14947437112569661 0 0.24314068058519508
0.088462033845352103 -0.13247090749296689 0 0.24365648053917124
0.10552457845498163 -0.11544436367432595 0 0.24388428698373185
0.11544436367432609 -0.10552457845498152 0 0.24388428698726272
0.13247090749296705 -0.088462033845351964 0 0.24365648055287586
0.14947437112569686 -0.071377057125242144 0 0.24314068060603658
0.15935947422153729 -0.061423563628161919 0 0.24270792059802787
0.17632591539443318 -0.044303614854314069 0 0.24173658942208903
0.19326863287981633 -0.027161886407179994 0 0.24047736795527
0.20311808687932026 -0.017175665032405755 0 0.23961200304242755
0.22002276763814965 9.7543063304318949e-17 0 0.2378974952423546
0.23690308599149437 0.017196788120920518 0 0.23589530351755597
0.24671593111002305 0.027214750740921129 0 0.23459764379779405
0.26355720620224204 0.044444433587858344 0 0.23214057369530533
0.28037348516202515 0.061694579007119103 0 0.22939612902337742
0.29014876911477128 0.071743290332264023 0 0.2276666393537064
0.30692500633710296 0.089025282570926886 0 0.22446788704144058
0.32367561889590873 0.10632707315228393 0 0.22098217230826936
0.33341239720570137 0.11640553506242717 0 0.21882147200686103
0.3501219779309297 0.13373811885540562 0 0.21488218274369347
0.36680531085955437 0.15108983326766329 0 0.21065644568052722
0.37650264716062282 0.1611970423926577 0 0.20806530804863754
0.39314396685733383 0.17857849105630846 0 0.20338689140883665
0.40975842122170075 0.19597839934321051 0 0.19842264371324769
0.4194153875591915 0.20611334739525369 0 0.19540199550772144
0.43598685630411144 0.22354192597187394 0 0.18998612440214704
0.45253084797465043 0.24098829012564302 0 0.18428514066132426
0.46214652509969845 0.2511499642336768 0 0.1808360614246593
0.47864656808228828 0.26862393006708274 0 0.17468467090147541
0.49511852823543873 0.28611500460521017 0 0.16824898733588112
0.50469200589559382 0.29630238765113909 0 0.16437270863764092
0.52111906391456142 0.3138199909652491 0 0.15748799451357823
0.53751743952606812 0.33135402351013482 0 0.15031990752319468
0.54704781675088721 0.34156609446663272 0 0.14601781207567235
0.56340034670229455 0.3591255789466547 0 0.13840222936309368
0.5797236010319714 0.37670081080769335 0 0.1305042938888421
0.58920998641358835 0.38693654507736097 0 0.12577791456376372
0.60548646177023036 0.40453614845317815 0 0.11743417573767785
0.62173307483787699 0.42215081521088937 0 0.10880920347473673
0.63117458680636851 0.43240918496653041 0 0.10366022223697413
0.64737349808811773 0.45004713959788378 0 0.094591295329815098
0.66354196714028291 0.46769947168968024 0 0.085242352726262655
0.67293773423365211 0.47797944621545696 0 0.079672599423675244
0.68905758946846618 0.49565397967851682 0 0.069881705849388506
0.70514642943575845 0.51334220298570521 0 0.059812111805777092
0.71449559056436829 0.52364274901894048 0 0.053823562795874136
0.73053491573966656 0.54135208469386253 0 0.043314175276933146
0.74654265968432965 0.55907442112947325 0 0.032527499485127932
0.755844364389617 0.56939450320286256 0 0.026122276744264046
0.77180170389375125 0.58713686086192463 0 0.0148981161798762
0.78772690344721763 0.60489152895896436 0 0.0033981737214945204
-0.5889426959673093 -0.79981326293209876 0 0.0033613565939636454
-0.57113204173304954 -0.7841266109293592 0 0.01473843072243608
-0.55333390745402589 -0.7684011416097446 0 0.025845304052187636
-0.54298149616776847 -0.75923133335592452 0 0.032184786856208389
-0.52520389865524408 -0.74344502280758473 0 0.042862628460738392
-0.50743974418603244 -0.7276206149371498 0 0.053268290613596989
-0.49710753355590787 -0.71839355881427147 0 0.059198777917730989
-0.47936537530912188 -0.70250945809240395 0 0.069172374122244529
-0.46163758201400712 -0.68658799180390628 0 0.078871933845065481
-0.45132695736241307 -0.67730478739947553 0 0.08439063527772038
-0.43362261755921178 -0.66132479502009711 0 0.093655290442281394
-0.41593356303146112 -0.64530818030757175 0 0.10264417775692225
-0.40564590729964678 -0.63596994445658384 0 0.1077484916509399
-0.38798176070599577 -0.61989598834305015 0 0.11629983544141861
-0.37033381772174179 -0.60378616431670729 0 0.12457380673029977
-0.36007051086085562 -0.59439403066413132 0 0.12926132185925307
-0.34244892678439204 -0.57822806738877874 0 0.13709531243562623
-0.32484446225616131 -0.56202700150838492 0 0.14465045421781841
-0.31460688061826225 -0.55258212005923402 0 0.14891895222750071
-0.29703022186207956 -0.53632613406388185 0 0.15603188026398693
-0.27947159579292458 -0.52003582135124449 0 0.16286461293561638
-0.26926111152251525 -0.51053935800859673 0 0.16671207040007266
-0.25173173334013721 -0.4941953608045459 0 0.17310056253487449
-0.23422129777932935 -0.47781782303574832 0 0.17920764373126569
-0.22403927820596845 -0.46827095912710331 0 0.18263223406693255
-0.20655952725847468 -0.45184098847529786 0 0.18829325608625389
-0.18909962525972038 -0.43537827335336221 0 0.19367178372836313
-0.17894743229227625 -0.42578220514573001 0 0.19667187890561777
-0.16151964560853913 -0.40926832421777343 0 0.20160273861049738
-0.14411261019168101 -0.39272250452645291 0 0.20625015368232252
-0.1339915997147838 -0.38307844273058816 0 0.20882432579719615
-0.11661810365577908 -0.36648273925133146 0 0.21302267557553931
-0.099266256772941347 -0.3498559119907606 0 0.21693676452593624
-0.089177778046193007 -0.34016508125497136 0 0.2190837871226807
-0.0718608872743417 -0.32348966662741663 0 0.22254762614179724
-0.054566538781477984 -0.30678395213236997 0 0.22572652298271423
-0.044511933841976235 -0.29704759052634 0 0.22744537222991576
-0.027253950296473477 -0.28029459893962533 0 0.23017304835698554
-0.010019396931269454 -0.26351213998115902 0 0.23261523645351195
1.1582316010699106e-16 -0.25373149847024201 0 0.23390509212459876
0.017196788120920504 -0.23690308599149407 0 0.23589530348872145
0.03436926375384259 -0.2200460468627681 0 0.23759961696334334
0.044352126861196974 -0.21022238877321758 0 0.23845986318495305
0.061485446110118885 -0.19332073242408332 0 0.23971165940306238
0.078593576545753205 -0.17639129801118017 0 0.2406772842939513
0.088538589003038612 -0.16652589848679672 0 0.24110751018302895
0.10560618168440626 -0.14955319530548158 0 0.24162029330222687
0.12264771559474386 -0.13255357014405919 0 0.24184676830020146
0.13255357014405938 -0.12264771559474376 0 0.24184676830386712
0.14955319530548178 -0.10560618168440615 0 0.24162029331713883
0.16652589848679694 -0.088538589003038515 0 0.2411075102070947
0.17639129801118045 -0.07859357654575308 0 0.24067728432226917
0.1933207324240836 -0.061485446110118767 0 0.23971165943513131
0.21022238877321792 -0.044352126861196814 0 0.23845986321603557
0.22004604686276841 -0.034369263753842423 0 0.23759961699225365
0.23690308599149437 -0.01719678812092032 0 0.23589530352003538
0.25373149847024223 1.0363124851678149e-16 0 0.23390509216733796
0.26351213998115919 0.010019396931269684 0 0.2326152365063277
0.28029459893962549 0.027253950296473713 0 0.23017304842194455
0.29704759052634017 0.044511933841976443 0 0.22744537229890618
0.30678395213237014 0.054566538781478137 0 0.22572652305083193
0.32348966662741679 0.071860887274341798 0 0.22254762621073568
0.34016508125497141 0.089177778046193076 0 0.21908378719649085
0.34985591199076066 0.099266256772941389 0 0.21693676460426062
0.36648273925133151 0.11661810365577917 0 0.21302267566167632
0.38307844273058828 0.13399159971478389 0 0.20882432589081368
0.39272250452645302 0.14411261019168112 0 0.20625015378006309
0.40926832421777359 0.16151964560853929 0 0.2016027387137429
0.42578220514573023 0.17894743229227639 0 0.19667187901220298
0.43537827335336249 0.18909962525972054 0 0.19367178383612657
0.45184098847529813 0.20655952725847479 0 0.18829325619824749
0.46827095912710343 0.22403927820596856 0 0.18263223418644528
0.47781782303574849 0.23422129777932954 0 0.17920764385644061
0.49419536080454596 0.25173173334013732 0 0.17310056266852017
0.51053935800859673 0.26926111152251531 0 0.1667120705401049
0.5200358213512446 0.2794715957929248 0 0.16286461307846728
0.53632613406388185 0.29703022186207967 0 0.15603188041106653
0.55258212005923402 0.31460688061826236 0 0.14891895237816472
0.56202700150838503 0.32484446225616143 0 0.14465045437011298
0.57822806738877885 0.34244892678439209 0 0.13709531258751614
0.59439403066413132 0.36007051086085567 0 0.12926132200634122
0.60378616431670729 0.37033381772174184 0 0.12457380687284818
0.61989598834305015 0.38798176070599577 0 0.11629983557740839
0.63596994445658384 0.40564590729964667 0 0.10774849178254396
0.64530818030757187 0.41593356303146112 0 0.10264417788665549
0.66132479502009711 0.43362261755921178 0 0.093655290565120203
0.67730478739947553 0.45132695736241291 0 0.084390635388324142
0.68658799180390639 0.46163758201400701 0 0.078871933946396217
0.70250945809240395 0.47936537530912182 0 0.069172374208590834
0.71839355881427169 0.49710753355590798 0 0.059198777990953723
0.7276206149371498 0.50743974418603233 0 0.053268290679979131
0.74344502280758462 0.52520389865524408 0 0.04286262851583604
0.75923133335592463 0.54298149616776847 0 0.032184786900486512
0.76840114160974482 0.55333390745402611 0 0.025845304090182337
0.78412661092935931 0.57113204173304966 0 0.014738430746600899
0.79981326293209876 0.5889426959673093 0 0.0033613566000310017
-0.57956363154422197 -0.8066944063229885 0 0.0033375766634983067
-0.56172510985789215 -0.79115342922981924 0 0.014635274488500681
-0.54389903501787262 -0.77556955565886099 0 0.025666352047918516
-0.53353035206391974 -0.76648029170683762 0 0.031963339732059233
-0.51572481735578535 -0.7508292013042247 0 0.042570811937189729
-0.49793280312325605 -0.73513603329818467 0 0.052909386329648748
-0.48758443719276023 -0.72598354051234903 0 0.058802310576281623
-0.46981466090792035 -0.71022446318062971 0 0.068713785798554597
-0.45205947777538219 -0.6944241422775933 0 0.0783542241328362
-0.44173304074202124 -0.6852096739314133 0 0.083839870779636533
-0.42400179143454314 -0.66934477489928734 0 0.093049939090866673
-0.40628620645771246 -0.65343948111764061 0 0.10198697482346844
-0.39598330794355602 -0.64416431270828067 0 0.10706234502721143
-0.37829334986637153 -0.62819579509234191 0 0.11556596793635709
-0.36062012525297554 -0.61218774595756842 0 0.12379470747916703
-0.35034237180676342 -0.60285317463368948 0 0.12845702016820917
-0.33269646349918092 -0.58678327844535294 0 0.13624953504923748
-0.31506835519594767 -0.57067472798457541 0 0.1437654628392516
-0.30481734947058009 -0.56128207195552082 0 0.14801215791807024
-0.28721824234490395 -0.54511307307625578 0 0.15508928332206404
-0.26963799862423804 -0.52890631078144945 0 0.16188826679746041
-0.25941533855435317 -0.51945690870837247 0 0.16571700789653185
-0.24186577548310992 -0.5031911178341989 0 0.17207484816149821
-0.22433613553095763 -0.48688846759505233 0 0.17815314224461509
-0.21414341351146796 -0.47738367796455594 0 0.18156181926917186
-0.19664612741674428 -0.46102343952081321 0 0.18719686877116912
-0.17916981992315517 -0.44462725852826218 0 0.19255111995337384
-0.16900862198962294 -0.43506845900916064 0 0.19553785138485721
-0.15156633443602505 -0.41861615003659852 0 0.20044699837587987
-0.13414607618991875 -0.40212882765810226 0 0.20507424840952465
-0.12401798120164795 -0.39251741444193283 0 0.20763738338480661
-0.10663340099439013 -0.37597544345522227 0 0.21181791341493822
-0.089271895484037231 -0.35939940008290011 0 0.21571560254038019
-0.079178474310759375 -0.34973678720884099 0 0.21785372264181641
-0.061854296100390289 -0.33310759302864873 0 0.22130332151433771
-0.044554232121112806 -0.31644527890142676 0 0.22446929126648954
-0.03449704683414237 -0.30673289756630351 0 0.22618121208594177
-0.017235949729409849 -0.29001894812610662 0 0.22889796841350893
1.3715025388222874e-16 -0.27327284212707742 0 0.23133046401008914
0.010019396931269709 -0.26351213998115902 0 0.2326152364601915
0.027214750740921119 -0.24671593111002277 0 0.23459764376433362
0.044383930951573794 -0.22988853954024868 0 0.23629531600828949
0.054363997456968627 -0.22008097996955853 0 0.2371522273418972
0.07149096406778363 -0.20320503415213315 0 0.23839918570139781
0.088590738302375918 -0.18629888948216455 0 0.23936109250525986
0.098529943501175499 -0.17644595087805306 0 0.23978966714075581
0.11558589864888691 -0.15949281599307985 0 0.24030048443243016
0.13261365061023525 -0.14251047559349303 0 0.24052609182464776
0.14251047559349317 -0.13261365061023514 0 0.24052609182818915
0.15949281599308004 -0.1155858986488868 0 0.24030048444746133
0.17644595087805329 -0.098529943501175402 0 0.23978966716622283
0.1862988894821648 -0.088590738302375821 0 0.23936109253613699
0.20320503415213345 -0.071490964067783505 0 0.23839918573771565
0.22008097996955886 -0.054363997456968467 0 0.2371522273783952
0.22988853954024907 -0.044383930951573641 0 0.2362953160430141
0.2467159311100231 -0.027214750740920939 0 0.23459764380106654
0.26351213998115924 -0.010019396931269488 0 0.23261523650650329
0.27327284212707764 9.6068673205468539e-17 0 0.23133046406488
0.29001894812610679 0.017235949729410085 0 0.2288979684790122
0.30673289756630367 0.034497046834142564 0 0.2261812121560216
0.31644527890142687 0.044554232121112959 0 0.22446929133680682
0.33310759302864884 0.0618542961003904 0 0.22130332158696342
0.34973678720884105 0.079178474310759459 0 0.2178537227200163
0.35939940008290028 0.089271895484037314 0 0.21571560262317319
0.37597544345522232 0.10663340099439021 0 0.21181791350558807
0.39251741444193289 0.12401798120164804 0 0.20763738348293401
0.40212882765810248 0.13414607618991886 0 0.20507424851176762
0.41861615003659863 0.15156633443602519 0 0.20044699848385014
0.43506845900916091 0.1690086219896231 0 0.19553785149672229
0.4446272585282624 0.17916981992315534 0 0.19255112006684405
0.46102343952081348 0.19664612741674439 0 0.18719686888903406
0.47738367796455611 0.21414341351146807 0 0.18156181939389471
0.48688846759505244 0.22433613553095777 0 0.1781531423743124
0.50319111783419901 0.24186577548311003 0 0.17207484829914277
0.51945690870837247 0.25941533855435328 0 0.1657170080410392
0.52890631078144956 0.26963799862423826 0 0.16188826694542441
0.54511307307625578 0.28721824234490406 0 0.15508928347446246
0.56128207195552082 0.3048173494705802 0 0.14801215807291818
0.57067472798457552 0.31506835519594778 0 0.14376546299458262
0.58678327844535294 0.33269646349918097 0 0.1362495352033366
0.60285317463368937 0.35034237180676342 0 0.12845702031840772
0.61218774595756853 0.36062012525297565 0 0.12379470762597586
0.62819579509234191 0.37829334986637153 0 0.11556596807706922
0.64416431270828067 0.39598330794355591 0 0.10706234516171795
0.65343948111764083 0.40628620645771235 0 0.10198697495420388
0.66934477489928734 0.42400179143454308 0 0.093049939213180499
0.6852096739314133 0.44173304074202108 0 0.083839870890837734
0.69442414227759341 0.45205947777538213 0 0.078354224236442907
0.71022446318062971 0.46981466090792023 0 0.06871378588886648
0.72598354051234926 0.48758443719276034 0 0.058802310653229259
0.73513603329818467 0.49793280312325605 0 0.052909386398861065
0.7508292013042247 0.51572481735578535 0 0.042570811994317399
0.76648029170683774 0.53353035206391985 0 0.031963339778788014
0.77556955565886121 0.54389903501787285 0 0.025666352089037545
0.79115342922981935 0.56172510985789215 0 0.014635274515660766
0.80669440632298839 0.57956363154422197 0 0.0033375766705188714
-0.56328851572873673 -0.81825132406677481 0 0.0032927652406511813
-0.54540986120962931 -0.80297244781973875 0 0.014440842335913228
-0.5275432033529841 -0.78764334763329924 0 0.025328983534934228
-0.51715073779949339 -0.77869901233289363 0 0.031545803983753361
-0.4993041322584324 -0.76329124098462264 0 0.042020478526291614
-0.48147088090091766 -0.74783424029649626 0 0.05223239197166378
-0.47109848252628878 -0.73881592967432286 0 0.058054371939925284
-0.45328743115586745 -0.72328184919211158 0 0.067848481796258853
-0.43549109140154685 -0.70769955650342131 0 0.077377173444970901
-0.42514079996379173 -0.69860879896867911 0 0.082800320398699792
-0.40736880704264616 -0.68295105307215231 0 0.091907142793489716
-0.38961288221419582 -0.66724613408743005 0 0.10074606469434155
-0.37928673603464741 -0.65808449108466838 0 0.10576664863133925
-0.36155730268472458 -0.6423057798094417 0 0.1141799142701441
-0.34384529207712639 -0.62648095597636844 0 0.12232297455574884
-0.33354532673164422 -0.61725002112471505 0 0.12693753212302347
-0.31586194866714734 -0.60135309932478176 0 0.13465143249188108
-0.29819734529420916 -0.58541114631328539 0 0.14209300340968467
-0.28792559230073927 -0.57611254451067606 0 0.14629834286330431
-0.27029175757172663 -0.56010022030118722 0 0.15330753847181164
-0.25267804590841669 -0.54404396642360542 0 0.1600424641628945
-0.24243653141265234 -0.53467935291703628 0 0.16383566969216848
-0.22485571814629504 -0.51855448605924881 0 0.17013529732905869
-0.20729637186990396 -0.50238681063338542 0 0.17615890088682015
-0.1970871153308037 -0.49295787005626385 0 0.17953733662891544
-0.17956278947332718 -0.47672337028655676 0 0.18512301606507864
-0.16206126920649211 -0.4604472019435672 0 0.19043110598556018
-0.15188628208342336 -0.4509556473213146 0 0.19339241966269283
-0.13442189514577543 -0.43461447262627539 0 0.19826025970049302
-0.11698164620440871 -0.41823278756542626 0 0.20284913567752355
-0.10684293064769022 -0.40868035929053875 0 0.20539126185190348
-0.089441917457982301 -0.39223551413023139 0 0.20953786571129943
-0.072066367607156262 -0.37575133432268981 0 0.21340432375978147
-0.061965915153773858 -0.36613979910052924 0 0.21552548669376434
-0.044631691619545902 -0.349594332582157 0 0.21894795671600689
-0.027324248840380139 -0.3330107239260568 0 0.2220892936080916
-0.017264039116648481 -0.32334187369269846 0 0.22378800972302712
1.5135098513628273e-16 -0.30669887769697268 0 0.2264839513929213
0.01723594972941014 -0.29001894812610657 0 0.22889796842461724
0.027253950296473747 -0.28029459893962533 0 0.23017304837374666
0.044444433587858344 -0.26355720620224182 0 0.23214057365786364
0.061605528494449453 -0.24678410375081419 0 0.23382557970140511
0.07157936795528437 -0.23700609465744446 0 0.23467613001583548
0.088692949558204837 -0.22017747680815594 0 0.23591385998749373
0.10577585425589178 -0.20331438763412055 0 0.23686867386196228
0.11570359640434548 -0.19348457951077105 0 0.23729409821109437
0.13273695816827033 -0.17656794507262866 0 0.23780116498139781
0.14973836581685998 -0.15961809144221023 0 0.23802511708248481
0.15961809144221037 -0.14973836581685987 0 0.23802511708580823
0.17656794507262885 -0.13273695816827019 0 0.23780116499603574
0.19348457951077125 -0.11570359640434534 0 0.23729409823688088
0.2033143876341208 -0.10577585425589164 0 0.23686867389398092
0.22017747680815619 -0.088692949558204698 0 0.23591386002704207
0.23700609465744485 -0.071579367955284218 0 0.23467613005850471
0.24678410375081455 -0.061605528494449301 0 0.23382557974420295
0.2635572062022421 -0.044444433587858156 0 0.23214057370319316
0.28029459893962561 -0.027253950296473525 0 0.23017304842527073
0.29001894812610679 -0.017235949729409901 0 0.22889796848120622
0.3066988776969729 8.430960916987561e-17 0 0.22648395145727365
0.32334187369269862 0.017264039116648679 0 0.22378800979346442
0.33301072392605691 0.027324248840380295 0 0.22208929368141506
0.34959433258215711 0.04463169161954602 0 0.21894795679495466
0.3661397991005293 0.061965915153773934 0 0.21552548677943231
0.37575133432268976 0.072066367607156331 0 0.21340432384979952
0.39223551413023144 0.089441917457982384 0 0.20953786580855469
0.40868035929053897 0.10684293064769032 0 0.20539126195595445
0.41823278756542642 0.11698164620440882 0 0.20284913578531497
0.43461447262627567 0.13442189514577557 0 0.19826025981416912
0.45095564732131477 0.1518862820834235 0 0.19339241978154353
0.46044720194356742 0.16206126920649228 0 0.19043110610715208
0.47672337028655704 0.17956278947332729 0 0.18512301619177829
0.49295787005626396 0.19708711533080378 0 0.17953733676134759
0.50238681063338564 0.2072963718699041 0 0.17615890102285914
0.51855448605924881 0.22485571814629512 0 0.17013529747150014
0.53467935291703605 0.24243653141265242 0 0.16383566984123465
0.54404396642360542 0.25267804590841686 0 0.16004246431579056
0.56010022030118722 0.2702917575717268 0 0.15330753862929644
0.57611254451067606 0.28792559230073939 0 0.14629834302258357
0.5854111463132855 0.29819734529420927 0 0.1420930035687788
0.60135309932478176 0.31586194866714745 0 0.13465143264940094
0.61725002112471505 0.33354532673164433 0 0.12693753227750401
0.62648095597636855 0.34384529207712633 0 0.12232297470774779
0.6423057798094417 0.36155730268472458 0 0.11417991441606599
0.65808449108466838 0.37928673603464735 0 0.10576664876880937
0.66724613408743005 0.38961288221419582 0 0.10074606482591386
0.68295105307215231 0.40736880704264611 0 0.091907142914974982
0.69860879896867922 0.42514079996379167 0 0.082800320510403383
0.70769955650342142 0.43549109140154679 0 0.077377173551010495
0.72328184919211169 0.4532874311558675 0 0.067848481890914261
0.73881592967432308 0.47109848252628889 0 0.058054372020867447
0.74783424029649614 0.48147088090091772 0 0.052232392043772259
0.76329124098462264 0.4993041322584324 0 0.042020478585086708
0.77869901233289363 0.5171507377994935 0 0.031545804032065167
0.78764334763329946 0.52754320335298432 0 0.025328983578015444
0.80297244781973909 0.54540986120962942 0 0.014440842364931237
0.81825132406677481 0.56328851572873673 0 0.0032927652482597942
-0.54682079942404715 -0.82946686207582532 0 0.003243011208066643
-0.52891135209636519 -0.81446501768647128 0 0.01422490544168508
-0.51101305529045371 -0.79940523785210738 0 0.024954197690473086
-0.50060183489639176 -0.79061412101911932 0 0.03108188511618944
-0.4827225004456967 -0.77546361059714508 0 0.041408846479807977
-0.46485598879293683 -0.76025633868132025 0 0.051479794357151713
-0.45446403714882688 -0.7513799284940712 0 0.057222782276459029
-0.43661913485974596 -0.73608380872566104 0 0.066886158259683762
-0.41878872922210658 -0.72073213355129218 0 0.076290307259189311
-0.40841856154744755 -0.71177224234832814 0 0.081643767153410873
-0.3906124137437515 -0.69633365229325017 0 0.090635423642762128
-0.37282243671347121 -0.6808407442845531 0 0.099364846654827615
-0.36247656863077898 -0.67179923153345067 0 0.104324260860593
-0.34471349728864364 -0.65622139059762541 0 0.11263660150388669
-0.32696826979282323 -0.64059049971068827 0 0.12068391327585502
-0.31664921534787172 -0.63146927078449688 0 0.1252450813821448
-0.29893353868842465 -0.61575547658494778 0 0.13287105881109368
-0.28123737657502257 -0.5999899301317364 0 0.14022942798764815
-0.27094764624724438 -0.59079093502389224 0 0.14438847415759101
-0.25328367531389229 -0.57494456114886139 0 0.15132160217288126
-0.23564088592465274 -0.55904776151753321 0 0.1579847628448704
-0.22538298463092854 -0.54977299349697339 0 0.16173814225861954
-0.20777501985704178 -0.53379748716423736 0 0.16797250666203348
-0.19018989859295363 -0.51777290943889875 0 0.17393476892928358
-0.1799663236880592 -0.50842440364723285 0 0.17727927380145508
-0.16241865146064535 -0.49232328326389829 0 0.18280954243558359
-0.14489547834558747 -0.47617447274717717 0 0.18806580205466225
-0.1347087176225982 -0.46675430473993207 0 0.19099856706865351
-0.11722560684764617 -0.45053115736723359 0 0.19581999885683529
-0.099768643095910867 -0.43426172700927845 0 0.2003657459046993
-0.089621172789881756 -0.4247720112433524 0 0.20288425308125543
-0.072206871465084727 -0.4084304899702012 0 0.20699270610260137
-0.054820356058495168 -0.39204411770794645 0 0.21082403268393735
-0.044714638856744877 -0.38248700597754837 0 0.21292611569455167
-0.027373370657324453 -0.36603082720680769 0 0.21631805426682468
-0.010061516937670769 -0.34953125321755929 0 0.21943166117530824
1.3202414827071241e-16 -0.33990893304103087 0 0.2211155090262473
0.017264039116648765 -0.32334187369269834 0 0.22378800973560717
0.03449704683414264 -0.30673289756630345 0 0.22618121210709813
0.044511933841976506 -0.29704759052634006 0 0.2274453722543614
0.061694579007119131 -0.28037348516202487 0 0.22939612898813405
0.078844588793608991 -0.26365896299608332 0 0.23106686092581016
0.088810435649856093 -0.25391292303598356 0 0.23191024177796357
0.1059075564240689 -0.23713566090924876 0 0.23313756968812868
0.12297045206453744 -0.2203195023320105 0 0.23408438779732949
0.13288486992158347 -0.21051501401068734 0 0.23450626057643428
0.1498923735996042 -0.19363853604800776 0 0.23500909896101907
0.16686407788235433 -0.17672470117377062 0 0.23523118483337752
0.17672470117377079 -0.16686407788235416 0 0.23523118483652664
0.19363853604800793 -0.14989237359960406 0 0.23500909897456526
0.21051501401068762 -0.13288486992158333 0 0.23450626059971902
0.22031950233201072 -0.12297045206453731 0 0.23408438782595806
0.23713566090924904 -0.10590755642406878 0 0.23313756972506955
0.2539129230359839 -0.08881043564985594 0 0.23191024182207221
0.26365896299608371 -0.078844588793608839 0 0.2310668609735316
0.28037348516202526 -0.061694579007118951 0 0.22939612904061443
0.29704759052634028 -0.044511933841976277 0 0.22744537230970041
0.30673289756630373 -0.034497046834142397 0 0.22618121216346962
0.32334187369269851 -0.017264039116648526 0 0.22378800979638105
0.33990893304103098 6.2965363021416696e-17 0 0.22111550909527414
0.34953125321755957 0.010061516937670923 0 0.21943166125066235
0.3660308272068078 0.027373370657324557 0 0.21631805435188967
0.38248700597754848 0.044714638856744961 0 0.21292611578732154
0.3920441177079465 0.054820356058495244 0 0.21082403278033238
0.40843048997020126 0.072206871465084796 0 0.20699270620472676
0.42477201124335245 0.089621172789881881 0 0.2028842531886203
0.43426172700927856 0.099768643095910964 0 0.20036574601495502
0.4505311573672337 0.1172256068476463 0 0.19581999897281432
0.46675430473993229 0.13470871762259834 0 0.19099856719145769
0.47617447274717739 0.14489547834558764 0 0.18806580218182667
0.49232328326389857 0.16241865146064541 0 0.18280954256909585
0.50842440364723296 0.17996632368805929 0 0.17727927393961154
0.51777290943889898 0.19018989859295382 0 0.17393476906946806
0.53379748716423736 0.20777501985704191 0 0.16797250680620396
0.54977299349697328 0.22538298463092865 0 0.16173814240764617
0.55904776151753333 0.23564088592465288 0 0.15798476299703043
0.57494456114886139 0.2532836753138924 0 0.15132160232953354
0.59079093502389213 0.27094764624724449 0 0.14438847431740692
0.5999899301317364 0.28123737657502268 0 0.14022942814862144
0.61575547658494778 0.2989335386884247 0 0.13287105897177678
0.63146927078449677 0.31664921534787166 0 0.12524508153950145
0.6405904997106886 0.32696826979282334 0 0.12068391342992692
0.65622139059762541 0.3447134972886437 0 0.11263660165072591
0.67179923153345067 0.36247656863077887 0 0.10432426099829671
0.6808407442845531 0.37282243671347115 0 0.099364846786446345
0.69633365229325017 0.39061241374375144 0 0.090635423764235334
0.71177224234832825 0.40841856154744749 0 0.081643767265362294
0.72073213355129251 0.41878872922210653 0 0.076290307365741966
0.73608380872566104 0.43661913485974585 0 0.066886158355010064
0.75137992849407143 0.45446403714882705 0 0.057222782357783913
0.76025633868132003 0.46485598879293688 0 0.051479794429275257
0.77546361059714508 0.4827225004456967 0 0.041408846537718362
0.7906141210191191 0.50060183489639187 0 0.03108188516238846
0.7994052378521076 0.51101305529045382 0 0.024954197730670483
0.8144650176864715 0.52891135209636531 0 0.014224905467844027
0.82946686207582532 0.54682079942404715 0 0.0032430112147527313
-0.53715236379858333 -0.83583515504558537 0 0.00321180692129078
-0.51922907975683819 -0.82100141040897068 0 0.014089446146369393
-0.50131627849045313 -0.80610507482387983 0 0.024719038831345987
-0.49089633938595451 -0.79740695320346444 0 0.030790762424056196
-0.47300159952749327 -0.78241260329587625 0 0.041024947214694338
-0.45511921157717389 -0.76735694064673887 0 0.051007317177152997
-0.44471783368947948 -0.75856668687981632 0 0.056700651367115502
-0.42685646677763722 -0.74341506293372905 0 0.06628182150868521
-0.40900932392386968 -0.72820344333238984 0 0.07560762381911669
-0.3986293204352192 -0.71932303654662599 0 0.08091722997878216
-0.38080616173707299 -0.70401756946332761 0 0.089836389497994454
-0.362999100634191 -0.6886534617703568 0 0.098496854008301354
-0.35264328681080459 -0.67968493813173858 0 0.10341773262851431
-0.33486317387761494 -0.66422915606054456 0 0.11166647277029954
-0.31710103182076838 -0.64871612540769585 0 0.1196534217239259
-0.30677222254351694 -0.63966157665270351 0 0.12418092045198686
-0.28903999095869909 -0.62405910242467399 0 0.13175143372165909
-0.2713276016212921 -0.60840080759320048 0 0.13905729665979691
-0.26102860890053881 -0.59926237947773509 0 0.14318711930321093
-0.24334908800278926 -0.58351692789750842 0 0.15007221446084962
-0.22569127715205972 -0.56771711855609874 0 0.15669004246257157
-0.21542490763116484 -0.55849700922342516 0 0.16041825694654352
-0.19780291622049323 -0.54261238422316538 0 0.1666113723998906
-0.18020449741903041 -0.52667489802964174 0 0.17253485115887851
-0.16997354987107199 -0.51737535629982334 0 0.17585789698253329
-0.15241389190559557 -0.50135544795965092 0 0.18135311322152339
-0.13487966220668346 -0.48528420753093987 0 0.18657657498493699
-0.12468692502900069 -0.47590753111445461 0 0.18949126994198709
-0.10719438532043368 -0.45975631255409072 0 0.19428332072447035
-0.089729120965180098 -0.44355532230933553 0 0.19880175502245948
-0.079577369676380419 -0.43410385594776918 0 0.20130530123501786
-0.062156709592208759 -0.41782538009447479 0 0.20538958360119794
-0.044765161716462824 -0.40149872297650113 0 0.2091986468137772
-0.034657156460555796 -0.39197485651341252 0 0.21128863608983747
-0.017313109640916955 -0.37557325275164072 0 0.2146612191571444
1.0223979369826369e-16 -0.35912508683232053 0 0.21775724278084876
0.010061516937671001 -0.34953125321755935 0 0.2194316611841276
0.0273242488403804 -0.33301072392605674 0 0.22208929362839266
0.044554232121113049 -0.31644527890142665 0 0.22446929129293822
0.054566538781478213 -0.30678395213236997 0 0.22572652301062901
0.071743290332264092 -0.29014876911477111 0 0.22766663932221581
0.088885496973041739 -0.27347034269606119 0 0.22932831254990427
0.098845894169812931 -0.26374403569939969 0 0.2301671430130921
0.11593204034205917 -0.24699853651464154 0 0.23138786842779588
0.13298186208256538 -0.23021149072164851 0 0.23232961101397975
0.14288767582303979 -0.22042275317951698 0 0.23274922919655133
0.15987863614291334 -0.20357133737866931 0 0.23324938326777078
0.17683151086655727 -0.18668009474216821 0 0.23347028438188561
0.18668009474216837 -0.1768315108665571 0 0.23347028438495479
0.2035713373786695 -0.15987863614291323 0 0.23324938328043979
0.22042275317951723 -0.14288767582303968 0 0.232749229217352
0.23021149072164879 -0.13298186208256524 0 0.23232961103896632
0.24699853651464179 -0.11593204034205902 0 0.2313878684610067
0.26374403569940003 -0.098845894169812792 0 0.23016714305611199
0.27347034269606157 -0.088885496973041586 0 0.22932831259905914
0.29014876911477144 -0.071743290332263912 0 0.22766663937802503
0.3067839521323702 -0.054566538781477984 0 0.22572652306752083
0.31644527890142693 -0.044554232121112813 0 0.22446929134843929
0.33301072392605696 -0.02732424884038016 0 0.2220892936863188
0.34953125321755946 -0.010061516937670805 0 0.21943166125174429
0.35912508683232075 4.9120794737713285e-17 0 0.2177572428569694
0.37557325275164088 0.017313109640917063 0 0.21466121924549036
0.39197485651341257 0.034657156460555873 0 0.2112886361863518
0.40149872297650124 0.044765161716462887 0 0.20919864691332865
0.4178253800944749 0.062156709592208835 0 0.2053895837053113
0.43410385594776935 0.079577369676380516 0 0.20130530134318941
0.4435553223093357 0.089729120965180209 0 0.19880175513288201
0.45975631255409088 0.10719438532043378 0 0.19428332084041242
0.47590753111445483 0.12468692502900083 0 0.18949127006579783
0.48528420753094015 0.1348796622066836 0 0.186576575114174
0.50135544795965115 0.15241389190559568 0 0.18135311335797141
0.51737535629982345 0.16997354987107213 0 0.17585789712301511
0.52667489802964196 0.18020449741903055 0 0.17253485130042195
0.54261238422316549 0.19780291622049337 0 0.16661137254372646
0.55849700922342516 0.21542490763116498 0 0.16041825709364479
0.56771711855609874 0.22569127715205989 0 0.15669004261199562
0.58351692789750842 0.24334908800278937 0 0.15007221461460768
0.59926237947773497 0.26102860890053892 0 0.14318711946168128
0.6084008075932007 0.27132760162129227 0 0.13905729682095619
0.62405910242467399 0.28903999095869926 0 0.13175143388387886
0.6396615766527034 0.30677222254351694 0 0.12418092061027694
0.64871612540769596 0.31710103182076849 0 0.11965342187782101
0.66422915606054456 0.33486317387761494 0 0.11166647291587758
0.67968493813173847 0.35264328681080448 0 0.10341773276521504
0.68865346177035691 0.362999100634191 0 0.098496854139590306
0.70401756946332761 0.38080616173707293 0 0.089836389619751253
0.71932303654662599 0.39862932043521915 0 0.080917230090738937
0.72820344333239007 0.40900932392386963 0 0.075607623925161224
0.74341506293372916 0.42685646677763717 0 0.066281821602906285
0.75856668687981654 0.44471783368947959 0 0.056700651447225213
0.76735694064673865 0.45511921157717389 0 0.051007317248166997
0.78241260329587625 0.47300159952749327 0 0.041024947271135807
0.79740695320346433 0.49089633938595462 0 0.03079076246762523
0.80610507482388005 0.50131627849045324 0 0.024719038868001534
0.82100141040897101 0.5192290797568383 0 0.014089446169034551
0.83583515504558537 0.53715236379858333 0 0.0032118069268583611
-0.52040197538565847 -0.84650125647398267 0 0.0031544453254483185
-0.50246155696051209 -0.83196812493254779 0 0.013840367630881182
-0.48453018534954934 -0.81736413275703756 0 0.024286514716863231
-0.47409883261308861 -0.80883237102780348 0 0.030255217526852802
-0.45618353536283202 -0.79411741842376082 0 0.040318540428643822
-0.43827951477379096 -0.77933305910700701 0 0.050137688812490401
-0.42786510765567326 -0.77069700315898249 0 0.055739484618038272
-0.40998069457032715 -0.75580402536824132 0 0.065169040925892166
-0.39210979447935557 -0.74084314744951207 0 0.074350267278261495
-0.38171569338406275 -0.73210506115446028 0 0.079578912302552846
-0.36386794238116527 -0.71703798909826877 0 0.088364175261099881
-0.34603594488490236 -0.70190457496394665 0 0.09689721026051723
-0.33566551649556725 -0.69306679952540839 0 0.10174684731171586
-0.31786021444175966 -0.6778296960037492 0 0.10987796082087385
-0.30007290825261185 -0.66252785862911168 0 0.11775321326051007
-0.28972952202497232 -0.65359281064426944 0 0.12221838323833219
-0.27197245869352044 -0.63818986693421587 0 0.12968618182809352
-0.25423563307579133 -0.62272384639215295 0 0.13689475949117633
-0.24392265770000401 -0.61369401577901173 0 0.14097041387102766
-0.22621961967704998 -0.59812954800338036 0 0.14776644354036661
-0.20853905833683525 -0.58250370774567517 0 0.15430017309006622
-0.19825985817471475 -0.57338165553896225 0 0.15798168508061614
-0.1806166227273365 -0.55766010081133222 0 0.16409822207939065
-0.16299809766935636 -0.54187892372885194 0 0.16994966738997785
-0.15275602917474798 -0.53266727974846029 0 0.17323284238274742
-0.13517835809414083 -0.51679319210134911 0 0.17866291065170442
-0.11762762345890553 -0.50086127637021305 0 0.18382538957279257
-0.10742603158902013 -0.49156273676642426 0 0.18670647458772724
-0.089919665022303613 -0.47554078287011209 0 0.19144386148914441
-0.07244245091717412 -0.45946283759159356 0 0.19591146094583162
-0.062284665542803402 -0.45008016227171493 0 0.1983871531277058
-0.044855315827095545 -0.43391511695188856 0 0.2024264235516223
-0.027457322164920969 -0.41769595759447559 0 0.20619401302508614
-0.0173466544875111 -0.40823196753591556 0 0.20826146719511429
6.6995791278798906e-17 -0.39192870909895322 0 0.2115979759668167
0.017313109640917132 -0.37557325275164077 0 0.21466121917113029
0.027373370657324654 -0.36603082720680769 0 0.21631805428811757
0.044631691619546138 -0.34959433258215694 0 0.21894795674602507
0.061854296100390518 -0.33310759302864856 0 0.22130332154789581
0.071860887274341895 -0.32348966662741657 0 0.22254762617547943
0.08902528257092697 -0.30692500633710273 0 0.2244678870149899
0.10615180924848863 -0.29031208896118749 0 0.22611265357598892
0.11610149669544717 -0.28062164871699835 0 0.22694299029451767
0.13316642636225143 -0.26393398168286475 0 0.22815139054607683
0.15019135708257805 -0.24720007821576867 0 0.22908365753100024
0.16008093969048195 -0.23744016044175176 0 0.22949906619983784
0.17704092188826298 -0.22063472864154748 0 0.22999420829733302
0.19395879890434886 -0.20378511176257277 0 0.2302128972716159
0.20378511176257297 -0.19395879890434872 0 0.2302128972746085
0.22063472864154765 -0.17704092188826284 0 0.22999420830929446
0.23744016044175204 -0.16008093969048182 0 0.22949906621872962
0.24720007821576892 -0.15019135708257791 0 0.22908365755321797
0.26393398168286503 -0.13316642636225129 0 0.22815139057631439
0.28062164871699863 -0.11610149669544703 0 0.22694299033619025
0.29031208896118782 -0.10615180924848845 0 0.22611265362542141
0.30692500633710312 -0.089025282570926775 0 0.22446788707253437
0.32348966662741685 -0.071860887274341659 0 0.22254762623352253
0.33310759302864884 -0.061854296100390269 0 0.22130332160342664
0.34959433258215711 -0.044631691619545888 0 0.21894795680311602
0.36603082720680774 -0.027373370657324453 0 0.21631805435571921
0.375573252751641 -0.017313109640916979 0 0.21466121924836776
0.39192870909895339 3.451298338604792e-17 0 0.21159797605750846
0.40823196753591567 0.017346654487511173 0 0.20826146729403691
0.4176959575944757 0.027457322164921041 0 0.20619401312660207
0.43391511695188861 0.044855315827095628 0 0.20242642365696795
0.45008016227171499 0.0622846655428035 0 0.19838715323653847
0.45946283759159373 0.072442450917174231 0 0.19591146105667467
0.47554078287011242 0.089919665022303724 0 0.19144386160552451
0.49156273676642431 0.10742603158902025 0 0.18670647471257659
0.50086127637021327 0.11762762345890565 0 0.18382538970361417
0.51679319210134922 0.13517835809414089 0 0.17866291078992347
0.53266727974846051 0.15275602917474809 0 0.173232842524082
0.54187892372885194 0.1629980976693565 0 0.16994966753138435
0.55766010081133233 0.18061662272733661 0 0.1640982222214106
0.57338165553896236 0.19825985817471489 0 0.15798168522436401
0.58250370774567517 0.20853905833683539 0 0.15430017323536405
0.59812954800338036 0.22621961967705004 0 0.14776644368974681
0.61369401577901161 0.2439226577000041 0 0.14097041402635108
0.62272384639215306 0.25423563307579156 0 0.136894759650458
0.63818986693421587 0.27197245869352055 0 0.12968618198960244
0.65359281064426922 0.28972952202497232 0 0.12221838339551831
0.66252785862911179 0.30007290825261201 0 0.11775321341247492
0.67782969600374932 0.31786021444175983 0 0.10987796096389243
0.69306679952540839 0.33566551649556725 0 0.10174684744648532
0.70190457496394665 0.3460359448849023 0 0.096897210390720911
0.71703798909826877 0.36386794238116521 0 0.08836417538255896
0.73210506115446039 0.38171569338406269 0 0.079578912413946337
0.74084314744951207 0.39210979447935562 0 0.074350267383182983
0.75580402536824132 0.40998069457032715 0 0.065169041018536503
0.77069700315898249 0.42786510765567337 0 0.055739484696930922
0.7793330591070069 0.43827951477379101 0 0.050137688882775318
0.7941174184237606 0.45618353536283196 0 0.040318540484217867
0.80883237102780314 0.47409883261308855 0 0.030255217567975556
0.81736413275703768 0.48453018534954939 0 0.024286514749684029
0.83196812493254813 0.5024615569605122 0 0.013840367649456264
0.84650125647398267 0.52040197538565847 0 0.00315444532977841
-0.50348701299585519 -0.85681480647892538 0 0.0030924159765094422
-0.48553737026570665 -0.8425971113270605 0 0.013570925966517511
-0.46759499010537076 -0.8282999677595051 0 0.023818464853079178
-0.45715646834182433 -0.81994285988180793 0 0.029675566135591615
-0.43922764557189586 -0.80552129926365912 0 0.039553693904092156
-0.42130870292259115 -0.79102191135103106 0 0.049195802732029587
-0.41088502844542496 -0.78254785653108971 0 0.054698253631282459
-0.39298379376343739 -0.76792667138766713 0 0.063963178120919589
-0.37509506821578725 -0.75322934955810406 0 0.072987306292922646
-0.36469019146599108 -0.74464088818402741 0 0.078127928593429527
-0.34682334010515636 -0.72982449771588931 0 0.086767540677565549
-0.32897163519349959 -0.7149337291632889 0 0.095161866645421728
-0.31858951908385069 -0.70623350378935423 0 0.09993391398613849
-0.30076386518038867 -0.6912265014871154 0 0.10793685531476842
-0.28295600013301325 -0.6761469460599161 0 0.11569031863774962
-0.27260061522622719 -0.66733769894902328 0 0.1200874923614374
-0.25482298350095883 -0.65214484825994123 0 0.12744318273553484
-0.23706578488225674 -0.63688133398864821 0 0.13454551233456499
-0.22674110450988874 -0.62796590444583733 0 0.13856197824899005
-0.20901832185435473 -0.61259213408377566 0 0.14526064368122849
-0.19131861511958667 -0.59714965235505435 0 0.1517023847724108
-0.18102861045382504 -0.58813097385687096 0 0.15533278832263303
-0.16336749744196569 -0.57258137276427357 0 0.1613654865564367
-0.1457320984258702 -0.55696507315074539 0 0.16713802551032017
-0.13548073351666884 -0.54784617027601057 0 0.17037750593149459
-0.11788809586359301 -0.53212598224782615 0 0.17573615010306387
-0.10032380222453494 -0.51634116700401422 0 0.18083173725317281
-0.090115029014784576 -0.50712515217230292 0 0.18367594044891922
-0.072597649004559159 -0.4912397701530854 0 0.18835332054328113
-0.055111231646283135 -0.47529188838921954 0 0.19276509078643206
-0.044948984977914955 -0.46598195841408768 0 0.19521018092127276
-0.02751361288261741 -0.44993691848074202 0 0.19919998301628999
-0.010111807375940621 -0.43383156002736434 0 0.20292197419827568
4.8703773695359062e-17 -0.42443099249206856 0 0.20496464399613348
0.017346654487511208 -0.40823196753591556 0 0.20826146721056629
0.034657156460555956 -0.39197485651341257 0 0.21128863611564361
0.044714638856745072 -0.38248700597754842 0 0.21292611572418177
0.061965915153774073 -0.36613979910052924 0 0.21552548672841026
0.07917847431075957 -0.34973678720884099 0 0.21785372267982925
0.089177778046193201 -0.34016508125497136 0 0.2190837871621035
0.10632707315228405 -0.32367561889590868 0 0.22098217228427233
0.12343511105361619 -0.30713267844073872 0 0.2226083082720374
0.13337241935286034 -0.29748061357069422 0 0.22342928362982231
0.15041319624051486 -0.28085493837855197 0 0.22462409841661485
0.16741020364263526 -0.26417815505139947 0 0.22554591965634443
0.17728174147870601 -0.25444929244250264 0 0.22595668735009566
0.19420753738044119 -0.23769355591454641 0 0.22644630356278075
0.21108708247680447 -0.22088912134481192 0 0.22666255351867323
0.22088912134481212 -0.21108708247680427 0 0.22666255352166975
0.23769355591454661 -0.19420753738044105 0 0.2264463035752188
0.25444929244250286 -0.1772817414787059 0 0.22595668737064908
0.26417815505139974 -0.16741020364263512 0 0.22554591968110982
0.2808549383785523 -0.15041319624051477 0 0.22462409844925404
0.29748061357069444 -0.13337241935286021 0 0.22342928367135592
0.30713267844073899 -0.12343511105361603 0 0.22260830831902353
0.32367561889590907 -0.10632707315228387 0 0.22098217233815201
0.34016508125497164 -0.089177778046192965 0 0.21908378721932797
0.34973678720884122 -0.079178474310759347 0 0.21785372273771672
0.36613979910052941 -0.06196591515377383 0 0.2155254867905598
0.38248700597754859 -0.04471463885674487 0 0.21292611579529869
0.39197485651341274 -0.034657156460555796 0 0.21128863619381757
0.40823196753591567 -0.017346654487511107 0 0.20826146729904296
0.42443099249206873 2.6381210751652824e-17 0 0.20496464409189968
0.43383156002736445 0.010111807375940692 0 0.20292197429702824
0.44993691848074202 0.027513612882617482 0 0.19919998312000561
0.46598195841408779 0.044948984977915052 0 0.19521018103002169
0.47529188838921965 0.055111231646283253 0 0.19276509089819355
0.49123977015308545 0.07259764900455927 0 0.18835332066114097
0.50712515217230325 0.090115029014784714 0 0.1836759405741524
0.51634116700401445 0.10032380222453505 0 0.18083173738308767
0.53212598224782637 0.11788809586359313 0 0.17573615023870615
0.54784617027601068 0.13548073351666895 0 0.17037750606951241
0.55696507315074562 0.14573209842587032 0 0.1671380256483746
0.57258137276427357 0.16336749744196577 0 0.16136548669522568
0.58813097385687108 0.18102861045382518 0 0.15533278846342952
0.59714965235505435 0.19131861511958684 0 0.15170238491495386
0.61259213408377577 0.20901832185435479 0 0.14526064382765538
0.62796590444583733 0.22674110450988888 0 0.13856197840039974
0.63688133398864832 0.23706578488225691 0 0.13454551248910723
0.65214484825994101 0.25482298350095894 0 0.12744318289170442
0.66733769894902317 0.27260061522622725 0 0.12008749251390136
0.67614694605991632 0.28295600013301342 0 0.11569031878583991
0.6912265014871154 0.30076386518038872 0 0.10793685545511533
0.70623350378935412 0.31858951908385064 0 0.099933914118963352
0.71493372916328901 0.32897163519349959 0 0.095161866773900219
0.72982449771588931 0.34682334010515631 0 0.086767540797555762
0.74464088818402741 0.36469019146599102 0 0.078127928703491098
0.75322934955810417 0.37509506821578725 0 0.0729873063965676
0.76792667138766713 0.39298379376343739 0 0.063963178212803506
0.78254785653108994 0.41088502844542507 0 0.054698253710528368
0.79102191135103106 0.42130870292259126 0 0.049195802803506897
0.80552129926365912 0.43922764557189586 0 0.039553693961350972
0.81994285988180782 0.45715646834182433 0 0.029675566177511353
0.82829996775950532 0.46759499010537087 0 0.023818464885670833
0.84259711132706094 0.48553737026570692 0 0.013570925984126332
0.85681480647892538 0.50348701299585519 0 0.0030924159807014231
-0.49357130308078945 -0.86265346468758863 0 0.0030542000633438249
-0.47561970740271486 -0.84862613246749341 0 0.013404877898554024
-0.4576741834050605 -0.83451421900027878 0 0.023529939748265363
-0.44723331994773352 -0.82626256350768612 0 0.029318186771010168
-0.42929965639737672 -0.81201818313756102 0 0.039082005344051068
-0.41137491945266857 -0.79769093405909774 0 0.048614777087211417
-0.40094747061985292 -0.78931475647925786 0 0.054055845993861096
-0.38303912326332473 -0.77485781390798081 0 0.063219006388803664
-0.36514257261049876 -0.76031979595749832 0 0.072145973882251135
-0.35473285109031122 -0.75182179102783908 0 0.077232132517093793
-0.33685724021681324 -0.73715697951975212 0 0.085781586537586343
-0.31899630756858932 -0.72241296508643738 0 0.094090005784760622
-0.30860864321210557 -0.71379594643596567 0 0.098813978808277775
-0.29077321560039676 -0.69892816212801923 0 0.10673747350591227
-0.27295535534520349 -0.68398312462858268 0 0.11441540804182841
-0.26259408943590345 -0.67525002200544115 0 0.11877039572818184
-0.24480630846203955 -0.66018435900295125 0 0.12605650579270114
-0.2270389877173076 -0.64504346780085819 0 0.13309285991900296
-0.21670846715872497 -0.63619732403464757 0 0.13707255779642102
-0.19897580277142066 -0.62093906905410579 0 0.14371071849184733
-0.1812664913149436 -0.60560768392961895 0 0.15009526898705036
-0.17097106275220558 -0.59665165163414091 0 0.15369388574149617
-0.15330098134302902 -0.58120627820335269 0 0.15967442300410956
-0.13565714144989441 -0.5656899433853726 0 0.16539784841056679
-0.12540114534129115 -0.55662728140850715 0 0.16861012254681917
-0.10780109953762848 -0.5410004436361473 0 0.17392428087158696
-0.090230175750913202 -0.52530488140863874 0 0.17897818842282409
-0.080017940406011734 -0.51613895103711915 0 0.18179940348847623
-0.062495358815350968 -0.50033647696558292 0 0.18643937129877783
-0.045004767679324875 -0.48446758086313335 0 0.19081632127984977
-0.03484060328044053 -0.47520184179099012 0 0.19324231957424048
-0.017402880214993741 -0.45922972634814319 0 0.19720125197705954
4.9893977916680361e-17 -0.44319355395692162 0 0.20089477946061421
0.010111807375940716 -0.43383156002736434 0 0.20292197420906571
0.027457322164921083 -0.41769595759447559 0 0.20619401304982654
0.044765161716462977 -0.40149872297650113 0 0.20919864684538866
0.054820356058495369 -0.3920441177079465 0 0.21082403271665734
0.07206636760715647 -0.37575133432268976 0 0.21340432379509131
0.089271895484037467 -0.35939940008290011 0 0.2157156025799519
0.099266256772941555 -0.34985591199076072 0 0.21693676456869287
0.11640553506242728 -0.33341239720570137 0 0.21882147198317825
0.1335015491076473 -0.31691226622280372 0 0.2204359574739711
0.14343089918974256 -0.3072837039495051 0 0.22125107802562352
0.16045628920544391 -0.29069604236792124 0 0.22243739550779126
0.17743566612949291 -0.27405434921140509 0 0.2233526826464782
0.18729587452136209 -0.26434459647789382 0 0.22376054705314247
0.20420030618455751 -0.24761949899011951 0 0.22424670629953319
0.22105601143984976 -0.23084300104710836 0 0.22446143039033803
0.23084300104710856 -0.22105601143984957 0 0.22446143039334618
0.2476194989901197 -0.2042003061845574 0 0.22424670631263208
0.26434459647789416 -0.18729587452136195 0 0.22376054707594986
0.27405434921140531 -0.1774356661294928 0 0.22335268267469105
0.29069604236792151 -0.1604562892054438 0 0.22243739554382652
0.30728370394950538 -0.14343089918974239 0 0.22125107806747951
0.31691226622280405 -0.13350154910764714 0 0.22043595751842782
0.3334123972057017 -0.1164055350624271 0 0.21882147203280408
0.34985591199076099 -0.099266256772941305 0 0.21693676462466494
0.35939940008290044 -0.089271895484037203 0 0.21571560264010664
0.37575133432268992 -0.07206636760715622 0 0.21340432386247604
0.39204411770794662 -0.054820356058495147 0 0.21082403279121267
0.40149872297650135 -0.044765161716462817 0 0.20919864692407392
0.4176959575944757 -0.027457322164920979 0 0.20619401313529551
0.43383156002736439 -0.01011180737594064 0 0.20292197430088879
0.44319355395692173 2.3647336420485101e-17 0 0.20089477955597282
0.45922972634814319 0.017402880214993817 0 0.19720125207875031
0.47520184179099023 0.03484060328044062 0 0.19324231968266425
0.48446758086313346 0.045004767679325 0 0.19081632139233665
0.50033647696558303 0.062495358815351079 0 0.1864393714178875
0.51613895103711938 0.080017940406011845 0 0.18179940361366917
0.52530488140863896 0.090230175750913286 0 0.17897818855124592
0.54100044363614763 0.10780109953762858 0 0.17392428100405921
0.55662728140850737 0.12540114534129126 0 0.16861012268131287
0.56568994338537271 0.13565714144989455 0 0.16539784854544751
0.58120627820335269 0.15330098134302911 0 0.15967442314048894
0.59665165163414091 0.17097106275220569 0 0.15369388588073851
0.60560768392961906 0.18126649131494377 0 0.15009526912851942
0.62093906905410579 0.19897580277142071 0 0.1437107186370849
0.63619732403464757 0.2167084671587251 0 0.13707255794520937
0.64504346780085819 0.22703898771730774 0 0.13309286006961688
0.66018435900295125 0.2448063084620396 0 0.12605650594389486
0.67525002200544104 0.26259408943590351 0 0.11877039587642184
0.68398312462858291 0.27295535534520365 0 0.11441540818684261
0.69892816212801923 0.29077321560039682 0 0.10673747364458845
0.71379594643596556 0.30860864321210557 0 0.098813978939867292
0.72241296508643738 0.31899630756858938 0 0.094090005911866378
0.73715697951975212 0.33685724021681324 0 0.085781586656136777
0.75182179102783908 0.35473285109031116 0 0.077232132625981567
0.76031979595749855 0.36514257261049876 0 0.072145973985025647
0.77485781390798081 0.38303912326332473 0 0.063219006480523698
0.78931475647925775 0.40094747061985297 0 0.05405584607387371
0.79769093405909763 0.41137491945266874 0 0.048614777160059477
0.8120181831375608 0.42929965639737672 0 0.039082005403207512
0.82626256350768601 0.44723331994773352 0 0.029318186814621824
0.83451421900027878 0.4576741834050605 0 0.023529939782134253
0.84862613246749352 0.47561970740271492 0 0.013404877916854074
0.86265346468758841 0.49357130308078928 0 0.0030542000678905053
-0.47641856847283059 -0.87240225521682291 0 0.0029850421156713157
-0.45846909366950639 -0.85871357368345447 0 0.013104285786088703
-0.4405233961373885 -0.84493128091880032 0 0.023007454085875009
-0.43008144048485297 -0.8368673248955204 0 0.028670886325114105
-0.41214430968977528 -0.82293838932556207 0 0.038227382864960663
-0.39421423787658005 -0.80891769856844153 0 0.047561715266053281
-0.38378289076658723 -0.8007158678887496 0 0.052891318462573791
-0.36586659652757286 -0.78655155235899543 0 0.061869586898740656
-0.34796066613769444 -0.77229744067135053 0 0.070619908943345494
-0.33754489352583056 -0.76396067905548304 0 0.075606995135464511
-0.31965798430433595 -0.74956612206230255 0 0.083992364832323752
-0.30178476202904242 -0.73508382898475921 0 0.092144336210200656
-0.29138955725966159 -0.72661523197868005 0 0.096780713488833284
-0.27354062462368617 -0.71199583121832188 0 0.10455937958265463
-0.25570871522840705 -0.69729085328778528 0 0.11209954189481547
-0.24533909147323718 -0.68869366495202133 0 0.11637753901481782
-0.2275367570293553 -0.67385507142516765 0 0.12353660471329771
-0.20975479019520712 -0.65893315602018177 0 0.13045242455389724
-0.19941577275598471 -0.65021076522923449 0 0.13436491626827241
-0.1816686748600391 -0.63515887667983384 0 0.1408924354176217
-0.16394529181976103 -0.62002601520494183 0 0.14717234550406685
-0.15364191031855332 -0.61118195156435562 0 0.15071277584916221
-0.13595869060612784 -0.59592290526586467 0 0.15659779209131652
-0.11830253061610253 -0.58058532568928145 0 0.1622312293659747
-0.10803981109781714 -0.57162325507924905 0 0.16539363333858265
-0.090429100876982263 -0.55616341998446595 0 0.17062621643434792
-0.072848787568311105 -0.5406275787464343 0 0.17560365719547152
-0.062631744540606563 -0.53155129850258909 0 0.17838268063993903
-0.045102151090589473 -0.51589726677630021 0 0.18295395963396113
-0.02760627874325872 -0.50016984008849441 0 0.18726695140844321
-0.017439907179647329 -0.49098327383226564 0 0.18965786896455386
5.6769939494093352e-17 -0.47514185178886964 0 0.19356006198214404
0.017402880214993845 -0.45922972634814313 0 0.19720125199126051
0.02751361288261751 -0.44993691848074191 0 0.19919998304035172
0.04485531582709567 -0.43391511695188845 0 0.20242642358705387
0.062156709592208897 -0.41782538009447473 0 0.20538958363976245
0.072206871465084921 -0.4084304899702012 0 0.20699270613975607
0.089441917457982523 -0.39223551413023144 0 0.20953786574903654
0.10663340099439034 -0.37597544345522227 0 0.21181791345827902
0.11661810365577928 -0.36648273925133151 0 0.21302267562409172
0.13373811885540576 -0.3501219779309297 0 0.21488218271980628
0.15081135250321134 -0.33369903042441684 0 0.21647519882189678
0.16072575889797638 -0.32411288272625199 0 0.21727952849451154
0.17772246183061496 -0.30759389724719122 0 0.21845018331889382
0.19466920347832897 -0.29101569794086135 0 0.21935342512278844
0.20450853569669467 -0.28134057306232801 0 0.21975593690814005
0.22137375057134626 -0.26467108562848596 0 0.22023572253016524
0.23818586888941085 -0.24794541582868976 0 0.2204476333200989
0.24794541582868998 -0.23818586888941068 0 0.22044763332272294
0.26467108562848612 -0.22137375057134612 0 0.2202357225425938
0.28134057306232829 -0.20450853569669455 0 0.21975593693159098
0.29101569794086163 -0.19466920347832886 0 0.21935342515294409
0.30759389724719155 -0.17772246183061488 0 0.21845018335694363
0.32411288272625227 -0.16072575889797622 0 0.21727952853528373
0.33369903042441706 -0.15081135250321118 0 0.21647519886236669
0.35012197793092997 -0.13373811885540551 0 0.21488218276403873
0.36648273925133179 -0.11661810365577906 0 0.21302267567856942
0.3759754434552226 -0.10663340099439007 0 0.21181791352119275
0.39223551413023156 -0.089441917457982273 0 0.20953786582292838
0.40843048997020154 -0.072206871465084713 0 0.20699270621907523
0.41782538009447512 -0.062156709592208759 0 0.20538958372001981
0.43391511695188872 -0.044855315827095572 0 0.20242642367019476
0.44993691848074213 -0.027513612882617427 0 0.19919998312870654
0.45922972634814324 -0.017402880214993775 0 0.19720125208365424
0.47514185178886964 1.8247480551672863e-17 0 0.19356006208217488
0.49098327383226581 0.017439907179647419 0 0.18965786907295545
0.50016984008849452 0.027606278743258821 0 0.18726695152192216
0.51589726677630032 0.045102151090589571 0 0.18295395975450857
0.53155129850258931 0.062631744540606674 0 0.17838268076517805
0.54062757874643441 0.072848787568311202 0 0.1756036573224162
0.55616341998446617 0.09042910087698236 0 0.17062621656350715
0.57162325507924927 0.10803981109781723 0 0.16539363346920061
0.58058532568928167 0.11830253061610264 0 0.16223122949718494
0.59592290526586467 0.13595869060612792 0 0.15659779222448975
0.61118195156435562 0.1536419103185534 0 0.15071277598568886
0.62002601520494194 0.16394529181976117 0 0.14717234564305878
0.63515887667983395 0.18166867486003915 0 0.14089243555981643
0.65021076522923449 0.19941577275598482 0 0.13436491641209303
0.65893315602018177 0.20975479019520724 0 0.13045242469794766
0.67385507142516743 0.22753675702935536 0 0.12353660485664249
0.68869366495202122 0.24533909147323724 0 0.1163775391560863
0.69729085328778551 0.25570871522840721 0 0.11209954203421678
0.71199583121832188 0.27354062462368622 0 0.10455937971727799
0.72661523197868005 0.29138955725966165 0 0.096780713616635358
0.73508382898475921 0.30178476202904253 0 0.092144336333170151
0.74956612206230255 0.31965798430433595 0 0.083992364946669076
0.76396067905548304 0.3375448935258305 0 0.075606995240946689
0.77229744067135064 0.34796066613769444 0 0.070619909043533602
0.78655155235899565 0.36586659652757297 0 0.061869586989200684
0.80071586788874938 0.38378289076658723 0 0.052891318542452527
0.80891769856844153 0.39421423787658022 0 0.047561715339318744
0.82293838932556196 0.41214430968977528 0 0.038227382925116869
0.83686732489552051 0.43008144048485303 0 0.028670886369821836
0.84493128091880054 0.44052339613738861 0 0.023007454120692602
0.85871357368345458 0.4584690936695065 0 0.013104285805033158
0.87240225521682291 0.47641856847283048 0 0.0029850421205356321
-0.4591299075423021 -0.88179030330375574 0 0.0029115458163137833
-0.44118897797473688 -0.86845474140140522 0 0.012784701216329773
-0.42324923530651143 -0.85501630036470377 0 0.022451718237330564
-0.41280962116253361 -0.84714821307883303 0 0.027982221275006425
-0.3948747004965501 -0.83354855921700244 0 0.037317770241223291
-0.37694469751011661 -0.81984800419916182 0 0.046440439883566872
-0.36651247468148446 -0.81182829992889094 0 0.051651067065012407
-0.34859322334814902 -0.79796976352849003 0 0.060431858093910343
-0.33068265392154178 -0.78401243282854494 0 0.068993353017471767
-0.3202634785728391 -0.7758442774220673 0 0.073874463079415739
-0.30236963838704572 -0.76173239902533629 0 0.082084204465432603
-0.28448827145082112 -0.74752395990309295 0 0.09006858584796576
-0.27408784048526225 -0.73921070960813462 0 0.094611067459826836
-0.25622921816375888 -0.72485135500456932 0 0.10223439508808695
-0.23838688105375536 -0.71039779743348475 0 0.10962667233464733
-0.22801092235188636 -0.70194299509024705 0 0.1138219754832385
-0.21019737262165719 -0.6873423484817176 0 0.12084450670165735
-0.19240393404396608 -0.67264997794444326 0 0.12763069204371275
-0.18205819648691618 -0.66405734862328059 0 0.13147086003338548
-0.16429960484125536 -0.64922190483882269 0 0.13787924748297345
-0.14656495750785573 -0.63429733417781342 0 0.14404640810510477
-0.1362552008196535 -0.62557078026974955 0 0.14752410711949282
-0.11856146598205389 -0.6105073360454869 0 0.1533060885084318
-0.1008955089782264 -0.59535747638606829 0 0.15884239505403586
-0.090627493423183658 -0.58650107215715985 0 0.16195094178370115
-0.073008509581614561 -0.57121671650179362 0 0.16709538620604394
-0.055421130528560798 -0.55584876727004318 0 0.17199015760051894
-0.045200606501009447 -0.5468667528934843 0 0.17472354462868658
-0.027666245377244575 -0.53136885656472388 0 0.17922049494162798
-0.010167302455276502 -0.51579029462742343 0 0.18346423917438404
6.8883424529465446e-17 -0.50668706971011745 0 0.18581715796580442
0.017439907179647454 -0.49098327383226575 0 0.18965786897410644
0.034840603280440648 -0.47520184179099006 0 0.19324231959588906
0.044948984977915073 -0.46598195841408768 0 0.19521018095075993
0.062284665542803534 -0.45008016227171493 0 0.19838715316634878
0.079577369676380585 -0.43410385594776918 0 0.20130530127654897
0.089621172789882006 -0.42477201124335245 0 0.20288425312204622
0.10684293064769049 -0.40868035929053897 0 0.20539126189437354
0.1240179812016482 -0.39251741444193294 0 0.20763738343370333
0.13399159971478403 -0.38307844273058828 0 0.20882432585164082
0.15108983326766345 -0.36680531085955448 0 0.21065644565566119
0.16813767001961311 -0.35046418917545269 0 0.2122261237351355
0.17803556008637358 -0.34092305369190667 0 0.21301872105265263
0.19500077997168869 -0.32447703480894646 0 0.21417234474860791
0.21191196174363422 -0.30796640923101698 0 0.2150624869902987
0.22172865191923363 -0.29832819346727607 0 0.21545917697949377
0.23855149850645332 -0.28171808242771801 0 0.21593203001115582
0.25531672054903448 -0.26504682185150058 0 0.21614088069471893
0.2650468218515008 -0.25531672054903432 0 0.21614088069638857
0.28171808242771823 -0.23855149850645321 0 0.21593203002027969
0.29832819346727635 -0.22172865191923352 0 0.21545917699873052
0.30796640923101731 -0.21191196174363414 0 0.21506248701631625
0.3244770348089468 -0.1950007799716886 0 0.21417234478280822
0.34092305369190695 -0.17803556008637342 0 0.21301872108993863
0.35046418917545297 -0.16813767001961291 0 0.21222612377239436
0.36680531085955476 -0.15108983326766326 0 0.21065644569771391
0.38307844273058861 -0.1339915997147838 0 0.20882432590573932
0.39251741444193322 -0.12401798120164793 0 0.20763738349755867
0.40868035929053909 -0.10684293064769022 0 0.20539126197071306
0.42477201124335262 -0.089621172789881784 0 0.20288425320417963
0.43410385594776951 -0.079577369676380433 0 0.20130530135936139
0.45008016227171516 -0.062284665542803437 0 0.19838715325157474
0.4659819584140879 -0.044948984977914996 0 0.19521018104081045
0.47520184179099023 -0.034840603280440571 0 0.19324231968978464
0.49098327383226575 -0.017439907179647381 0 0.18965786907529764
0.50668706971011768 1.8233847669564385e-17 0 0.18581715807500529
0.51579029462742354 0.010167302455276597 0 0.18346423928845088
0.53136885656472399 0.027666245377244676 0 0.17922049506252094
0.54686675289348452 0.045200606501009551 0 0.17472354475419843
0.5558487672700434 0.055421130528560889 0 0.17199015772775131
0.57121671650179395 0.073008509581614658 0 0.16709538633529636
0.58650107215715996 0.090627493423183755 0 0.16195094191389423
0.59535747638606851 0.10089550897822655 0 0.15884239518437829
0.6105073360454869 0.11856146598205398 0 0.15330608863983991
0.62557078026974966 0.13625520081965359 0 0.1475241072532007
0.63429733417781353 0.14656495750785589 0 0.14404640824060427
0.64922190483882292 0.16429960484125547 0 0.13787924762059442
0.66405734862328059 0.18205819648691626 0 0.13147086017167275
0.67264997794444326 0.19240393404396619 0 0.12763069218174755
0.68734234848171738 0.21019737262165725 0 0.12084450683859327
0.70194299509024705 0.22801092235188647 0 0.11382197561829802
0.71039779743348486 0.23838688105375552 0 0.10962667246817806
0.72485135500456932 0.25622921816375893 0 0.10223439521702957
0.73921070960813462 0.2740878404852623 0 0.094611067581534508
0.74752395990309295 0.28448827145082128 0 0.090068585964398873
0.76173239902533629 0.30236963838704572 0 0.082084204573291089
0.7758442774220673 0.3202634785728391 0 0.073874463179645383
0.78401243282854505 0.33068265392154184 0 0.068993353113577904
0.79796976352849003 0.34859322334814902 0 0.06043185818167332
0.81182829992889083 0.36651247468148446 0 0.051651067142589775
0.81984800419916182 0.37694469751011672 0 0.046440439954373282
0.83354855921700244 0.39487470049655016 0 0.037317770298993323
0.8471482130788327 0.41280962116253356 0 0.027982221317978742
0.85501630036470389 0.42324923530651154 0 0.022451718271011865
0.86845474140140544 0.441188977974737 0 0.012784701234854687
0.88179030330375585 0.4591299075423021 0 0.0029115458209822672
-0.44900995370326097 -0.88708701863041484 0 0.002866812921499891
-0.43107672416028703 -0.87396355089833377 0 0.012590122730927827
-0.41314304596348189 -0.86073171423756445 0 0.022113244181549634
-0.40270624950013345 -0.85298134933298431 0 0.027562702905214679
-0.38477501872040737 -0.83957965863299899 0 0.036763473007727504
-0.36684734091151905 -0.82607163597672428 0 0.045756939483477983
-0.356415885368495 -0.81816149407683303 0 0.05089490139036406
-0.33849701894275019 -0.80448695548577376 0 0.059555019884979875
-0.32058574773652898 -0.79070826763546787 0 0.068001051827018141
-0.31016570701460439 -0.78264162854925146 0 0.072817325577217831
-0.29226966972327423 -0.76869999170979053 0 0.080919563928806906
-0.27438530326501798 -0.75465653178705971 0 0.088801296956964815
-0.26398280139206681 -0.74643689090644938 0 0.093286238073474553
-0.24612013829081408 -0.73223427387096018 0 0.10081432675573247
-0.22827324753117206 -0.71793230070954106 0 0.10811587905044502
-0.21789444743851991 -0.70956336495594763 0 0.11226042569082316
-0.20007576442050881 -0.69510624686559508 0 0.11919911556399239
-0.18227697349373592 -0.680552377241603 0 0.12590564993999814
-0.17192806551606324 -0.67203806033809266 0 0.12970135922455078
-0.15416400942116301 -0.65733327294691501 0 0.13603648267998189
-0.13642397559853223 -0.64253447265958674 0 0.14213426585501468
-0.12611116573973724 -0.63387888973698481 0 0.14557334750625703
-0.10841240408464418 -0.61893360779717621 0 0.15129187515696879
-0.090741797378361244 -0.60389718161885075 0 0.15676833306154828
-0.080471295387825062 -0.59510464316782696 0 0.15984368093425047
-0.062848495794446971 -0.57992637369894062 0 0.16493377448748392
-0.045257978290581646 -0.56465995421948589 0 0.16977754343805626
-0.035035985596044844 -0.55573495940445927 0 0.17248276450560771
-0.017499794998367596 -0.54033152987569066 0 0.17693382518122594
8.042862281227119e-17 -0.52484306527302227 0 0.18113479851711886
0.010167302455276655 -0.51579029462742365 0 0.18346423917875002
0.027606278743258845 -0.50016984008849441 0 0.18726695142149677
0.045004767679325 -0.4844675808631333 0 0.19081632130300064
0.055111231646283274 -0.4752918883892196 0 0.19276509081588275
0.072442450917174245 -0.45946283759159356 0 0.19591146098338771
0.089729120965180278 -0.44355532230933548 0 0.19880175506418804
0.099768643095911103 -0.43426172700927856 0 0.20036574594734249
0.11698164620440896 -0.41823278756542637 0 0.20284913572368607
0.134146076189919 -0.40212882765810248 0 0.20507424846231939
0.14411261019168128 -0.39272250452645313 0 0.20625015374013772
0.16119704239265775 -0.37650264716062282 0 0.20806530802284587
0.17822892356194436 -0.36021131084053892 0 0.20962052634490225
0.18811649224796534 -0.35069758135138651 0 0.21040585345261548
0.20506212383076322 -0.33429602330074115 0 0.21154892249266435
0.22195128038307546 -0.31782661864965889 0 0.21243094570533291
0.23175398757005095 -0.3082109407748031 0 0.21282402704578382
0.24855073420318322 -0.29163712840483053 0 0.21329258275529631
0.26528714350045857 -0.27499918570323739 0 0.21349953652327108
0.27499918570323756 -0.2652871435004584 0 0.21349953652419959
0.29163712840483069 -0.24855073420318308 0 0.21329258276157234
0.30821094077480327 -0.23175398757005083 0 0.21282402706074788
0.31782661864965922 -0.22195128038307535 0 0.21243094572659244
0.33429602330074148 -0.20506212383076311 0 0.21154892252232238
0.35069758135138679 -0.18811649224796514 0 0.21040585348696697
0.36021131084053926 -0.1782289235619442 0 0.20962052638068318
0.37650264716062309 -0.16119704239265756 0 0.2080653080649929
0.39272250452645335 -0.14411261019168101 0 0.20625015379446698
0.40212882765810265 -0.13414607618991872 0 0.20507424852593298
0.41823278756542664 -0.11698164620440869 0 0.20284913579968603
0.43426172700927862 -0.099768643095910853 0 0.20036574603017751
0.44355532230933575 -0.089729120965180112 0 0.19880175514874185
0.45946283759159384 -0.072442450917174162 0 0.19591146107150972
0.47529188838921976 -0.055111231646283197 0 0.19276509090898941
0.48446758086313346 -0.045004767679324945 0 0.1908163213996209
0.50016984008849441 -0.027606278743258779 0 0.1872669515246157
0.51579029462742365 -0.010167302455276566 0 0.1834642392888659
0.52484306527302249 1.949017767598704e-17 0 0.18113479863146012
0.54033152987569077 0.017499794998367697 0 0.17693382530193624
0.55573495940445938 0.035035985596044948 0 0.17248276463139747
0.56465995421948612 0.045257978290581743 0 0.1697775435661848
0.57992637369894084 0.062848495794447082 0 0.16493377461820299
0.59510464316782696 0.080471295387825145 0 0.15984368106570462
0.60389718161885075 0.090741797378361411 0 0.15676833319269737
0.61893360779717621 0.10841240408464428 0 0.15129187528816543
0.63387888973698481 0.12611116573973732 0 0.14557334763848334
0.64253447265958674 0.13642397559853237 0 0.14213426598821791
0.65733327294691524 0.15416400942116312 0 0.13603648281438949
0.67203806033809288 0.17192806551606338 0 0.12970135935940413
0.680552377241603 0.18227697349373606 0 0.12590565007474985
0.69510624686559508 0.20007576442050887 0 0.11919911569775916
0.70956336495594752 0.21789444743852002 0 0.11226042582255541
0.71793230070954128 0.2282732475311722 0 0.1081158791804394
0.73223427387096018 0.24612013829081411 0 0.10081432688070002
0.74643689090644938 0.26398280139206687 0 0.093286238190685711
0.75465653178705971 0.27438530326501803 0 0.088801297068598017
0.76869999170979053 0.29226966972327423 0 0.080919564031920424
0.78264162854925146 0.3101657070146045 0 0.072817325673566191
0.79070826763546787 0.32058574773652898 0 0.06800105192004631
0.80448695548577387 0.33849701894275025 0 0.059555019970484568
0.81816149407683303 0.356415885368495 0 0.050894901465643155
0.82607163597672428 0.3668473409115191 0 0.045756939551636129
0.83957965863299888 0.38477501872040742 0 0.036763473062721617
0.85298134933298408 0.4027062495001334 0 0.027562702946028059
0.86073171423756467 0.41314304596348217 0 0.022113244213721642
0.873963550898334 0.43107672416028714 0 0.012590122748774111
0.88708701863041484 0.44900995370326091 0 0.0028668129258486563
-0.43152909717475268 -0.89589971786587652 0 0.0027867466745236042
-0.41361338657864921 -0.88315183470061598 0 0.01224171499426354
-0.39569421139201683 -0.8702860091525374 0 0.02150694072256449
-0.38526454001499799 -0.86274426166778573 0 0.026811052936259575
-0.3673434181942592 -0.84969349226086144 0 0.035769959095951265
-0.34942331375658564 -0.83652689474234831 0 0.044531383211038118
-0.33899517378665611 -0.82881110200485941 0 0.049538758086497998
-0.32108025844651544 -0.81546304639858935 0 0.057981885642756491
-0.30317089767746025 -0.80200145477376528 0 0.066220133881193646
-0.29275110667094933 -0.79411506097889206 0 0.070919657131916419
-0.27485415098045468 -0.78047577665571366 0 0.078828202863560487
-0.25696733321230747 -0.76672542394517085 0 0.086524851625703308
-0.24656277807987334 -0.7586721370385261 0 0.090905979065412826
-0.22869564704881698 -0.74474813253751626 0 0.09826214308543299
-0.21084327409177855 -0.7307156999188148 0 0.10539980119289047
-0.20046089703071734 -0.72249948723901458 0 0.10945260282414701
-0.18263554311057184 -0.7082977141819935 0 0.11623966416058568
-0.16482959457890389 -0.69399032240079872 0 0.12280204901186527
-0.15447637859265662 -0.68561540539828381 0 0.12651725348552439
-0.13670481659871392 -0.67114324893123078 0 0.13271964503170122
-0.11895732459745118 -0.6565684481326246 0 0.13869165544768558
-0.10864027866144468 -0.64803929617186629 0 0.14206069149370612
-0.090934560119610944 -0.63330456383723899 0 0.14766406990203407
-0.073257583397536519 -0.61847032183665118 0 0.15303185439622277
-0.062983727333865147 -0.6097916450948403 0 0.15604688977666992
-0.045355914361147852 -0.59480255416036365 0 0.16103820083072251
-0.027761512041032093 -0.57971724318356088 0 0.16578922094219978
-0.017537861167441399 -0.57089398466468999 0 0.16844319835365953
9.7099266189138197e-17 -0.55565914794416704 0 0.17281073699803273
0.017499794998367766 -0.54033152987569066 0 0.17693382518691109
0.027666245377244741 -0.53136885656472399 0 0.17922049495108822
0.045102151090589605 -0.5158972667763001 0 0.18295395965071043
0.062495358815351114 -0.50033647696558292 0 0.18643937132383204
0.072597649004559311 -0.49123977015308556 0 0.18835332057352205
0.089919665022303738 -0.47554078287011214 0 0.19144386152715781
0.10719438532043385 -0.45975631255409077 0 0.19428332076856453
0.11722560684764645 -0.45053115736723365 0 0.19581999890378973
0.13442189514577568 -0.43461447262627551 0 0.19826025975273731
0.15156633443602538 -0.41861615003659852 0 0.20044699843410815
0.1615196456085394 -0.40926832421777348 0 0.20160273867243159
0.17857849105630852 -0.39314396685733366 0 0.2033868913808505
0.19558098891936745 -0.37694193708910373 0 0.20491568129561066
0.20544963025244942 -0.36747739906844906 0 0.20568771809935923
0.22235946702887555 -0.35115569788052103 0 0.20681149069283641
0.2392085224900008 -0.33476040160783815 0 0.20767866848759822
0.24898583193410134 -0.32518527792071616 0 0.20806515077188867
0.26573526956094756 -0.30867684370523579 0 0.20852584776022148
0.28241956694137071 -0.29209899483652774 0 0.20872933246846906
0.29209899483652796 -0.28241956694137055 0 0.20872933246897923
0.30867684370523601 -0.2657352695609474 0 0.20852584776440639
0.32518527792071633 -0.24898583193410118 0 0.20806515078272447
0.33476040160783843 -0.23920852249000069 0 0.20767866850349762
0.35115569788052142 -0.22235946702887538 0 0.20681149071678956
0.36747739906844928 -0.20544963025244925 0 0.2056877181301639
0.37694193708910412 -0.19558098891936729 0 0.20491568133003704
0.39314396685733394 -0.1785784910563083 0 0.20338689142373098
0.40926832421777382 -0.16151964560853915 0 0.20160273872699241
0.41861615003659874 -0.15156633443602505 0 0.20044699849666381
0.43461447262627578 -0.13442189514577543 0 0.19826025982671072
0.45053115736723381 -0.1172256068476462 0 0.19581999898562696
0.45975631255409094 -0.10719438532043371 0 0.19428332085352934
0.47554078287011231 -0.089919665022303655 0 0.19144386161784135
0.49123977015308568 -0.072597649004559242 0 0.18835332067076277
0.50033647696558303 -0.062495358815351038 0 0.18643937142520212
0.51589726677630021 -0.045102151090589536 0 0.18295395975861053
0.53136885656472399 -0.027666245377244655 0 0.17922049506464752
0.540331529875691 -0.017499794998367672 0 0.1769338253034046
0.55565914794416715 7.0801548262913271e-18 0 0.17281073711957903
0.57089398466469021 0.0175378611674415 0 0.16844319848036149
0.5797172431835611 0.02776151204103219 0 0.16578922107186114
0.59480255416036398 0.045355914361147942 0 0.16103820096405488
0.60979164509484041 0.062983727333865244 0 0.15604688991169693
0.61847032183665129 0.073257583397536657 0 0.15303185453137297
0.63330456383723899 0.090934560119611055 0 0.14766407003660556
0.6480392961718664 0.10864027866144479 0 0.14206069162680002
0.6565684481326246 0.11895732459745131 0 0.1386916555795735
0.6711432489312309 0.136704816598714 0 0.13271964516194429
0.68561540539828381 0.1544763785926567 0 0.12651725361480715
0.69399032240079872 0.16482959457890406 0 0.12280204914083191
0.7082977141819935 0.1826355431105719 0 0.11623966428833538
0.72249948723901458 0.20046089703071743 0 0.10945260294967443
0.73071569991881491 0.21084327409177875 0 0.10539980131657133
0.74474813253751626 0.22869564704881701 0 0.098262143203597385
0.7586721370385261 0.24656277807987337 0 0.090905979174907059
0.76672542394517074 0.25696733321230747 0 0.086524851728962376
0.78047577665571366 0.27485415098045474 0 0.078828202958006785
0.79411506097889228 0.29275110667094945 0 0.070919657220507637
0.80200145477376528 0.3031708976774603 0 0.066220133967462222
0.81546304639858946 0.3210802584465155 0 0.057981885722733779
0.82881110200485952 0.33899517378665622 0 0.049538758156692765
0.8365268947423482 0.3494233137565857 0 0.044531383274074521
0.84969349226086133 0.3673434181942592 0 0.035769959146266725
0.86274426166778573 0.3852645400149981 0 0.026811052973621474
0.87028600915253751 0.39569421139201694 0 0.02150694075229799
0.8831518347006162 0.41361338657864932 0 0.01224171501099138
0.89589971786587652 0.43152909717475274 0 0.0027867466784112943
-0.41394119791904621 -0.90434647368755749 0 0.0027027175216295255
-0.39604792683938989 -0.89198805442724294 0 0.011875880680592683
-0.37814793322383589 -0.87950197335676528 0 0.020869992821816726
-0.367728000866197 -0.87217676320737392 0 0.026021182481703257
-0.34982129674911056 -0.85949038927133858 0 0.034725419724086048
-0.33191284965275275 -0.84667851028366148 0 0.043242271761594522
-0.32149030156986175 -0.83916471515194602 0 0.048111896964396592
-0.30358308125039574 -0.82615612483964129 0 0.056325958814063423
-0.28567917043999241 -0.81302440021484224 0 0.064344647632712373
-0.27526159842785092 -0.80532558248390085 0 0.068920706915444899
-0.25736695835570894 -0.79200106505281798 0 0.076624272645640465
-0.23948074211224885 -0.77855599589608804 0 0.084124867307880838
-0.22907583085898228 -0.77067603625158188 0 0.088395944594594142
-0.21120701807456724 -0.75704242576165015 0 0.09556972796298166
-0.19335179372164962 -0.74329105502659587 0 0.10253336728544894
-0.18296730345665391 -0.73523414801762255 0 0.10648868524964825
-0.16513768544969831 -0.72129881505206694 0 0.11311452588660695
-0.14732685881406613 -0.70724871843735082 0 0.11952351019441239
-0.13697060735912497 -0.69901936679904264 0 0.12315298369923001
-0.11919364094109139 -0.68479020805805146 0 0.1292139373939018
-0.10144069488046942 -0.67044948277932992 0 0.13505181657805579
-0.091120539183271468 -0.66205249052091841 0 0.13834610289020194
-0.073409738514666478 -0.64753791629905955 0 0.14382652635340198
-0.055728200657643973 -0.63291516775288947 0 0.14907818270068851
-0.045452017893528568 -0.62435563202358801 0 0.15202872876925669
-0.027820921816233433 -0.60956455159677758 0 0.15691435907204576
-0.010224331667468696 -0.59466887794809475 0 0.1615660843510307
1.1112492374643262e-16 -0.5859521797018713 0 0.1641651705614382
0.017537861167441611 -0.5708939846646901 0 0.16844319835833307
0.035035985596045038 -0.55573495940445916 0 0.17248276451459391
0.045200606501009627 -0.54686675289348441 0 0.17472354464014916
0.062631744540606715 -0.53155129850258909 0 0.17838268065762716
0.0800179404060119 -0.51613895103711915 0 0.18179940351517346
0.090115029014784742 -0.50712515217230314 0 0.18367594048192984
0.10742603158902031 -0.4915627367664242 0 0.18670647463018922
0.12468692502900093 -0.47590753111445466 0 0.18949126999166982
0.13470871762259845 -0.46675430473993224 0 0.19099856712157062
0.15188628208342367 -0.45095564732131477 0 0.19339241972041979
0.16900862198962327 -0.4350684590091608 0 0.19553785144657854
0.17894743229227653 -0.42578220514573012 0 0.19667187896933322
0.19597839934321057 -0.40975842122170059 0 0.19842264368230456
0.21294909091885564 -0.39365051248031352 0 0.19992296327216363
0.22279732956966528 -0.3842378516006078 0 0.2006806798015906
0.23966871660423791 -0.36800042739706984 0 0.20178365782557467
0.25647485452985408 -0.35168342077766618 0 0.20263483515007141
0.26622504829492732 -0.34215117818313417 0 0.20301420396735451
0.2829240822354756 -0.32571194335404324 0 0.20346642921964822
0.2995529832673493 -0.30919779389084701 0 0.20366617415770408
0.30919779389084712 -0.29955298326734914 0 0.20366617415904428
0.32571194335404346 -0.28292408223547549 0 0.20346642922591018
0.3421511781831344 -0.2662250482949271 0 0.20301420397902789
0.35168342077766657 -0.25647485452985397 0 0.20263483516514652
0.36800042739707017 -0.23966871660423772 0 0.20178365784734026
0.38423785160060814 -0.22279732956966514 0 0.20068067983117363
0.39365051248031391 -0.2129490909188555 0 0.1999229633068062
0.40975842122170097 -0.19597839934321037 0 0.19842264372638815
0.42578220514573051 -0.17894743229227628 0 0.19667187902378341
0.43506845900916102 -0.16900862198962296 0 0.19553785150736583
0.45095564732131499 -0.15188628208342339 0 0.1933924197907689
0.4667543047399324 -0.13470871762259826 0 0.19099856719954103
0.475907531114455 -0.12468692502900079 0 0.18949127007335431
0.49156273676642448 -0.10742603158902021 0 0.1867064747196282
0.50712515217230325 -0.090115029014784659 0 0.18367594058122827
0.51613895103711938 -0.080017940406011831 0 0.18179940362093602
0.5315512985025892 -0.062631744540606646 0 0.17838268077206615
0.54686675289348441 -0.045200606501009544 0 0.17472354475967128
0.55573495940445949 -0.035035985596044941 0 0.17248276463561807
0.5708939846646901 -0.017537861167441503 0 0.16844319848242392
0.58595217970187141 -1.2122718954156286e-17 0 0.16416517068963357
0.59466887794809498 0.010224331667468792 0 0.16156608448203713
0.60956455159677769 0.02782092181623352 0 0.15691435920777727
0.62435563202358813 0.045452017893528665 0 0.15202872890946215
0.6329151677528897 0.055728200657644125 0 0.14907818284319013
0.64753791629905955 0.073409738514666575 0 0.1438265264963956
0.66205249052091841 0.091120539183271565 0 0.1383461030289139
0.67044948277932992 0.10144069488046957 0 0.13505181671238306
0.68479020805805146 0.11919364094109147 0 0.12921393752201896
0.69901936679904264 0.13697060735912506 0 0.12315298382345743
0.70724871843735082 0.14732685881406626 0 0.1195235103173401
0.72129881505206694 0.16513768544969845 0 0.11311452600740265
0.73523414801762255 0.18296730345665405 0 0.10648868536821891
0.74329105502659609 0.19335179372164976 0 0.1025333674025143
0.75704242576165015 0.21120701807456729 0 0.09556972807454521
0.77067603625158188 0.22907583085898234 0 0.088395944696617323
0.77855599589608793 0.23948074211224887 0 0.084124867402832801
0.79200106505281798 0.25736695835570894 0 0.076624272730937693
0.80532558248390107 0.27526159842785108 0 0.068920706994958697
0.81302440021484235 0.28567917043999247 0 0.064344647710335906
0.82615612483964151 0.3035830812503959 0 0.056325958886378397
0.83916471515194579 0.32149030156986175 0 0.048111897028153952
0.84667851028366148 0.33191284965275286 0 0.043242271819007479
0.85949038927133858 0.34982129674911056 0 0.034725419770188407
0.87217676320737358 0.36772800086619695 0 0.02602118251625422
0.8795019733567655 0.37814793322383616 0 0.020869992849534474
0.89198805442724316 0.39604792683939 0 0.011875880696374262
0.90434647368755738 0.41394119791904616 0 0.0027027175252293759
-0.40366038561623413 -0.9090934284345058 0 0.0026520314470335187
-0.38578220949946729 -0.89696794942890057 0 0.011655123300898318
-0.36789531157350419 -0.88470909988074908 0 0.020485483036395385
-0.35748212526320883 -0.87751350775782511 0 0.025544246917813231
-0.33958558644676146 -0.86504533533396355 0 0.034094468108968184
-0.32168560212435748 -0.85244595583727556 0 0.042463292906870967
-0.31126724227948066 -0.84505321144667622 0 0.047249491817986974
-0.29336603341769268 -0.83224811932042131 0 0.055324739899865194
-0.27546674015874112 -0.81931422050173686 0 0.063210273382014598
-0.26505126227406201 -0.8117279307776204 0 0.067711409547019791
-0.24715928527421061 -0.7985923030124934 0 0.075290512932016135
-0.22927465737809691 -0.78533050391443793 0 0.082671976636897321
-0.21887022570551426 -0.77755462884623316 0 0.08687614269142499
-0.20100155923425533 -0.76409545410763491 0 0.093938975957940818
-0.18314573480012575 -0.75051297548184448 0 0.10079667673471444
-0.17276060287712416 -0.74255182376683992 0 0.10469261489462461
-0.15492946850181971 -0.72877668708743282 0 0.11122020007082188
-0.13711671508198001 -0.71488134219164146 0 0.11753563158281893
-0.1267592055271306 -0.70673956543284899 0 0.1211127926923803
-0.10897993264656741 -0.69265663747646578 0 0.12708739915118852
-0.091224611752628679 -0.67845682037004451 0 0.13284333951122107
-0.080903095423310048 -0.67013940581925013 0 0.13609193880644996
-0.063190085155172729 -0.65575742964875694 0 0.14149717742539328
-0.045506615788970403 -0.64126210099927183 0 0.14667778122467554
-0.035229490403492658 -0.63277436285587796 0 0.14958885087233373
-0.017597178607585206 -0.61810263822894063 0 0.15440976237790877
1.2377938065837715e-16 -0.60332130866092326 0 0.15900064650541107
0.010224331667468929 -0.59466887794809464 0 0.16156608435390266
0.027761512041032315 -0.57971724318356099 0 0.16578922094914589
0.045257978290581848 -0.56465995421948589 0 0.16977754344801854
0.055421130528561 -0.55584876727004318 0 0.17199015761198777
0.072848787568311271 -0.54062757874643419 0 0.17560365721274859
0.090230175750913355 -0.52530488140863885 0 0.17897818845050534
0.1003238022245351 -0.51634116700401433 0 0.1808317372886788
0.11762762345890571 -0.50086127637021316 0 0.18382538961946945
0.13487966220668368 -0.48528420753094004 0 0.18657657503914724
0.14489547834558777 -0.47617447274717728 0 0.18806580211168067
0.16206126920649244 -0.46044720194356753 0 0.19043110604622795
0.1791698199231555 -0.44462725852826224 0 0.19255112001642186
0.18909962525972068 -0.43537827335336238 0 0.19367178379231934
0.20611334739525378 -0.41941538755919144 0 0.19540199547482751
0.22306444245275908 -0.40336449872539476 0 0.1968847856643223
0.23290014278596832 -0.3939832795221786 0 0.19763368360453462
0.249747952007803 -0.37779695816157921 0 0.19872385479827592
0.26652783249477136 -0.36152745559201338 0 0.19956517665887538
0.27626146175510968 -0.35202124748993618 0 0.19994016349024887
0.29292974540696992 -0.33562405344460911 0 0.20038716984569985
0.30952489821609519 -0.31914863990817333 0 0.20058461089550725
0.31914863990817355 -0.30952489821609497 0 0.20058461089780463
0.33562405344460938 -0.29292974540696981 0 0.20038716985477262
0.35202124748993646 -0.27626146175510952 0 0.19994016350436264
0.36152745559201371 -0.26652783249477124 0 0.19956517667529619
0.37779695816157949 -0.24974795200780284 0 0.19872385482020236
0.39398327952217882 -0.23290014278596818 0 0.19763368363428763
0.40336449872539515 -0.22306444245275892 0 0.19688478569959156
0.41941538755919189 -0.20611334739525364 0 0.19540199551960508
0.43537827335336277 -0.18909962525972043 0 0.19367178384641168
0.44462725852826251 -0.17916981992315523 0 0.19255112007580297
0.46044720194356764 -0.16206126920649216 0 0.19043110611381528
0.47617447274717761 -0.14489547834558758 0 0.18806580218626737
0.48528420753094031 -0.13487966220668354 0 0.18657657511745226
0.50086127637021338 -0.11762762345890561 0 0.18382538970659831
0.51634116700401456 -0.10032380222453501 0 0.18083173738813921
0.52530488140863885 -0.090230175750913258 0 0.17897818855837033
0.54062757874643419 -0.072848787568311188 0 0.17560365733130132
0.55584876727004329 -0.055421130528560902 0 0.17199015773565432
0.56465995421948612 -0.045257978290581743 0 0.16977754357239108
0.5797172431835611 -0.027761512041032204 0 0.16578922107528513
0.59466887794809475 -0.01022433166746883 0 0.16156608448314094
0.60332130866092348 -3.0282417286453126e-17 0 0.159000646637069
0.61810263822894085 0.017597178607585296 0 0.15440976251483848
0.63277436285587818 0.035229490403492755 0 0.14958885101594896
0.64126210099927194 0.045506615788970542 0 0.14667778137244625
0.65575742964875705 0.06319008515517284 0 0.14149717757489719
0.67013940581925013 0.080903095423310145 0 0.13609193895003238
0.67845682037004451 0.091224611752628831 0 0.13284333964830239
0.69265663747646578 0.1089799326465675 0 0.12708739927888255
0.70673956543284899 0.12675920552713069 0 0.12111279281393593
0.71488134219164146 0.13711671508198012 0 0.1175356317021902
0.72877668708743282 0.15492946850181979 0 0.11122020018723514
0.74255182376684004 0.1727606028771243 0 0.10469261500885742
0.75051297548184459 0.18314573480012589 0 0.10079667684780357
0.7640954541076348 0.20100155923425536 0 0.093938976065752175
0.77755462884623328 0.21887022570551432 0 0.086876142789281338
0.78533050391443793 0.22927465737809699 0 0.08267197672718947
0.7985923030124934 0.24715928527421061 0 0.075290513011999669
0.81172793077762051 0.26505126227406217 0 0.067711409620897819
0.81931422050173686 0.27546674015874112 0 0.063210273453977325
0.83224811932042142 0.29336603341769274 0 0.055324739966915677
0.84505321144667633 0.31126724227948077 0 0.04724949187745308
0.85244595583727567 0.32168560212435759 0 0.042463292960786922
0.86504533533396355 0.33958558644676146 0 0.034094468152762916
0.87751350775782511 0.35748212526320883 0 0.025544246950944659
0.88470909988074931 0.36789531157350436 0 0.020485483063078975
0.89696794942890079 0.38578220949946734 0 0.011655123316184221
0.90909342843450569 0.40366038561623413 0 0.0026520314505349514
-0.38592594211725129 -0.91695894866065075 0 0.0025620565477741642
-0.36807680806639137 -0.90524428994987949 0 0.0112630726758539
-0.35021535360916439 -0.8933863887080582 0 0.019802311527776416
-0.33981539712038983 -0.8864195937390219 0 0.024696637356770249
-0.32193901636689809 -0.87433672651092187 0 0.03297265121332784
-0.30405611238350894 -0.86211275745489713 0 0.041077693492339765
-0.2936463585944733 -0.85493394348462926 0 0.045715119687386216
-0.27575778753718 -0.84248861625562721 0 0.053542655139040704
-0.25786859852544525 -0.82990460743860917 0 0.061190365279237324
-0.24745792052824978 -0.82251741127185751 0 0.065557589591608581
-0.22957248305317818 -0.80971609348532458 0 0.072914092214008686
-0.21169242612106168 -0.79677879254887884 0 0.080082309827429046
-0.20128983705587022 -0.78918726897734282 0 0.084166621811163869
-0.18342308551380695 -0.77603714656962419 0 0.091030591211915132
-0.16556779060224458 -0.76275401506855167 0 0.097698256067247705
-0.15518242017111347 -0.75496263299353328 0 0.10148760670793147
-0.1373500944646614 -0.74147160074007834 0 0.10783871575106592
-0.11953536275533697 -0.7278508052303061 0 0.1139859870995437
-0.10917643271566869 -0.71986444189507459 0 0.11746905817274766
-0.091394417696875938 -0.70604109250018376 0 0.12328827049052374
-0.073636178413789805 -0.69209149236294776 0 0.12889664217562755
-0.063312977176427948 -0.68391542568383612 0 0.13206291210428817
-0.045597258575609027 -0.66976903560309953 0 0.13733259344473298
-0.02791152440816836 -0.65550016760465657 0 0.1423850028990363
-0.017633380875836394 -0.64714006660516488 0 0.14522480905413196
1.2799430014627266e-16 -0.63268057861611948 0 0.14992883214550082
0.017597178607585456 -0.61810263822894052 0 0.15440976238392623
0.027820921816233662 -0.60956455159677747 0 0.15691435907990464
0.045355914361148081 -0.59480255416036387 0 0.16103820084107887
0.062848495794447207 -0.57992637369894062 0 0.16493377449980601
0.073008509581614756 -0.57121671650179373 0 0.16709538621953438
0.090429100876982457 -0.55616341998446595 0 0.17062621645400314
0.10780109953762865 -0.5410004436361473 0 0.17392428090325737
0.11788809586359322 -0.53212598224782637 0 0.17573615014395974
0.13517835809414097 -0.51679319210134911 0 0.17866291070521373
0.15241389190559579 -0.50135544795965092 0 0.18135311328253603
0.16241865146064557 -0.4923232832638984 0 0.18280954249877265
0.17956278947332746 -0.47672337028655709 0 0.18512301613076232
0.19664612741674461 -0.46102343952081354 0 0.18719686883813097
0.20655952725847496 -0.45184098847529813 0 0.18829325615352294
0.22354192597187406 -0.43598685630411127 0 0.1899861243673521
0.24045753535847861 -0.42003783962476843 0 0.19143705727562715
0.25027057634318217 -0.41071281528236647 0 0.19216992548124717
0.2670758477127807 -0.3946178652905607 0 0.19323681475266963
0.28380844089802543 -0.37843334689352309 0 0.19406021756791891
0.29351227473479019 -0.36897373699174912 0 0.19442723616068824
0.31012530398019872 -0.35265183078886581 0 0.19486475202584844
0.32665988422692127 -0.33624583998474977 0 0.19505800337995038
0.33624583998474988 -0.3266598842269211 0 0.19505800338317433
0.35265183078886597 -0.31012530398019866 0 0.19486475203767281
0.36897373699174935 -0.29351227473479002 0 0.19442723617727226
0.37843334689352337 -0.28380844089802532 0 0.19406021758578837
0.39461786529056092 -0.26707584771278048 0 0.19323681477451582
0.41071281528236675 -0.25027057634318201 0 0.19216992550991918
0.42003783962476887 -0.2404575353584785 0 0.19143705730944435
0.43598685630411171 -0.22354192597187386 0 0.18998612440992041
0.45184098847529847 -0.20655952725847476 0 0.18829325620442852
0.46102343952081382 -0.19664612741674431 0 0.18719686889368453
0.47672337028655715 -0.17956278947332724 0 0.18512301619374424
0.49232328326389857 -0.16241865146064532 0 0.18280954256844811
0.50135544795965137 -0.15241389190559562 0 0.1813531133559815
0.51679319210134944 -0.13517835809414089 0 0.17866291078816349
0.53212598224782626 -0.1178880958635931 0 0.17573615024069561
0.54100044363614752 -0.10780109953762858 0 0.17392428100954016
0.55616341998446606 -0.090429100876982388 0 0.17062621657253513
0.57121671650179384 -0.073008509581614672 0 0.16709538634410634
0.57992637369894084 -0.062848495794447096 0 0.1649337746253359
0.59480255416036398 -0.045355914361147977 0 0.16103820096839064
0.60956455159677769 -0.027820921816233562 0 0.15691435920981339
0.61810263822894074 -0.017597178607585359 0 0.15440976251579483
0.6326805786161197 -3.8297507130380794e-17 0 0.14992883228263462
0.64714006660516488 0.017633380875836494 0 0.14522480919908515
0.65550016760465679 0.027911524408168496 0 0.14238500304921131
0.66976903560309964 0.045597258575609138 0 0.13733259359738939
0.68391542568383601 0.063312977176428045 0 0.13206291225015176
0.69209149236294787 0.073636178413789971 0 0.1288966423138016
0.70604109250018376 0.091394417696876049 0 0.12328827061703562
0.71986444189507459 0.10917643271566876 0 0.11746905829068484
0.7278508052303061 0.1195353627553371 0 0.11398598721386169
0.74147160074007823 0.13735009446466145 0 0.10783871586080331
0.75496263299353328 0.15518242017111356 0 0.10148760681505233
0.76275401506855167 0.16556779060224466 0 0.097698256173466405
0.77603714656962386 0.18342308551380698 0 0.091030591313371406
0.78918726897734282 0.20128983705587031 0 0.084166621903202052
0.79677879254887873 0.21169242612106176 0 0.08008230991219123
0.80971609348532458 0.22957248305317818 0 0.072914092288385912
0.82251741127185762 0.24745792052824983 0 0.065557589659007043
0.82990460743860928 0.2578685985254453 0 0.06119036534393054
0.84248861625562743 0.27575778753718017 0 0.053542655198264816
0.85493394348462914 0.29364635859447336 0 0.045715119739660873
0.86211275745489713 0.3040561123835091 0 0.041077693539929572
0.87433672651092187 0.32193901636689809 0 0.032972651252352644
0.88641959373902213 0.33981539712038983 0 0.02469663738666477
0.89338638870805842 0.35021535360916456 0 0.019802311552091431
0.9052442899498796 0.36807680806639143 0 0.011263072690020585
0.91695894866065064 0.38592594211725134 0 0.0025620565510717053
-0.36811320181955309 -0.92445626689965965 0 0.002468530923598472
-0.35029654452838332 -0.91316550076429892 0 0.010855319219872171
-0.3324637790072103 -0.90172157486689064 0 0.019091372008935553
-0.32207885572483064 -0.8949911303330621 0 0.023814283752772152
-0.30422558812311723 -0.88330648553388369 0 0.031804204432465247
-0.28636254261759531 -0.87147075145329789 0 0.039633717181432097
-0.27596293255244148 -0.86451328207627287 0 0.044115602983626795
-0.25808950961420513 -0.85244036249246302 0 0.051683935141707896
-0.24021277439841596 -0.84021875027532678 0 0.059082515594183642
-0.22980819254743126 -0.83303785745470604 0 0.063309337091678006
-0.21193140486326226 -0.82058310912470467 0 0.070432255921416748
-0.19405788822777412 -0.80798239061596022 0 0.077376467953192168
-0.18365822640628604 -0.80058216526313086 0 0.081334770571400997
-0.16579515391574101 -0.78775287421520646 0 0.087989497245313103
-0.14794203487855104 -0.77478065931510665 0 0.094457004152192409
-0.13755733374239704 -0.7671656789447111 0 0.098133997699529824
-0.11972529690256786 -0.75396996493612678 0 0.10429893756315212
-0.10190997545193603 -0.74063469373287538 0 0.11026864043926619
-0.09155039512903422 -0.73281001714080451 0 0.1136522795697051
-0.073766903775613901 -0.71925682323098938 0 0.11930715856114779
-0.056006948912543091 -0.70556775394786775 0 0.12475933004823239
-0.045682738404882212 -0.69753891344647778 0 0.12783839084442561
-0.027965438590931316 -0.68363799136486259 0 0.13296438523756968
-0.010278534467082287 -0.66960518409662095 0 0.13788079687845603
1.2474215963512976e-16 -0.66137817529908827 0 0.14064494979403797
0.01763338087583665 -0.64714006660516477 0 0.14522480906405985
0.035229490403492915 -0.63277436285587796 0 0.14958885088576607
0.045452017893528818 -0.62435563202358801 0 0.15202872878213838
0.062983727333865383 -0.60979164509484041 0 0.15604688978985073
0.080471295387825284 -0.59510464316782674 0 0.15984368095012191
0.090627493423183852 -0.58650107215715974 0 0.16195094180232147
0.10803981109781731 -0.57162325507924894 0 0.16539363336518439
0.12540114534129132 -0.55662728140850726 0 0.16861012258570185
0.13548073351666901 -0.54784617027601057 0 0.17037750597911355
0.15275602917474815 -0.53266727974846029 0 0.1732328424421152
0.16997354987107216 -0.51737535629982323 0 0.17585789704866295
0.1799663236880594 -0.50842440364723285 0 0.17727927386942835
0.19708711533080395 -0.49295787005626385 0 0.17953733669962374
0.21414341351146812 -0.47738367796455594 0 0.18156181934251869
0.22403927820596872 -0.46827095912710343 0 0.18263223414178603
0.24098829012564313 -0.45253084797465037 0 0.18428514062672516
0.25786618547051032 -0.43668868761996055 0 0.18570197272077241
0.26765518960158219 -0.42742263082255244 0 0.1864176781840487
0.28441540988831449 -0.41142360073628886 0 0.18745963637391277
0.30109800791925584 -0.39532834849749676 0 0.18826384756595516
0.31077037648740541 -0.38591770912335188 0 0.18862233075446286
0.32732511360593702 -0.36967496670618899 0 0.18904968006696732
0.34379586179742377 -0.3533420286625597 0 0.18923844312169971
0.35334202866255993 -0.34379586179742366 0 0.18923844312472424
0.36967496670618927 -0.32732511360593697 0 0.18904968007822767
0.38591770912335221 -0.31077037648740535 0 0.18862233077061555
0.39532834849749698 -0.30109800791925573 0 0.1882638475836115
0.41142360073628914 -0.28441540988831432 0 0.18745963639482568
0.42742263082255277 -0.26765518960158202 0 0.1864176782094929
0.43668868761996094 -0.25786618547051016 0 0.18570197274945843
0.45253084797465076 -0.24098829012564296 0 0.18428514066230153
0.4682709591271037 -0.22403927820596847 0 0.1826322341859597
0.47738367796455622 -0.2141434135114679 0 0.18156181939235244
0.49295787005626412 -0.1970871153308037 0 0.17953733675835684
0.50842440364723307 -0.1799663236880592 0 0.17727927393573845
0.51737535629982356 -0.16997354987107202 0 0.17585789711894043
0.53266727974846051 -0.15275602917474804 0 0.1732328425209792
0.54784617027601068 -0.13548073351666889 0 0.17037750606915741
0.55662728140850737 -0.12540114534129126 0 0.16861012268321296
0.57162325507924916 -0.10803981109781723 0 0.16539363347365887
0.58650107215715974 -0.090627493423183769 0 0.16195094191890091
0.59510464316782696 -0.080471295387825159 0 0.15984368107017935
0.60979164509484052 -0.062983727333865286 0 0.15604688991490018
0.62435563202358824 -0.045452017893528707 0 0.15202872891109992
0.63277436285587829 -0.035229490403492818 0 0.14958885101660138
0.6471400666051651 -0.01763338087583656 0 0.14522480919884237
0.66137817529908838 -2.4143643800347685e-17 0 0.14064494993388699
0.66960518409662118 0.010278534467082427 0 0.13788079702146241
0.68363799136486281 0.027965438590931428 0 0.13296438538171385
0.69753891344647778 0.045682738404882316 0 0.12783839098364083
0.70556775394786786 0.05600694891254325 0 0.12475933018206965
0.71925682323098938 0.073766903775613984 0 0.11930715868564089
0.73281001714080451 0.091550395129034318 0 0.11365227968532167
0.74063469373287538 0.10190997545193617 0 0.11026864055002406
0.75396996493612689 0.11972529690256795 0 0.10429893766749335
0.7671656789447111 0.13755733374239712 0 0.098133997800089051
0.77478065931510665 0.14794203487855118 0 0.094457004251519247
0.78775287421520634 0.16579515391574109 0 0.087989497340523165
0.80058216526313108 0.1836582264062861 0 0.081334770659455852
0.80798239061596022 0.19405788822777417 0 0.077376468035849147
0.82058310912470467 0.21193140486326234 0 0.070432255995115961
0.83303785745470615 0.22980819254743132 0 0.063309337157165219
0.84021875027532689 0.24021277439841604 0 0.05908251565519762
0.85244036249246324 0.25808950961420524 0 0.051683935195007524
0.86451328207627309 0.27596293255244159 0 0.044115603029098671
0.871470751453298 0.28636254261759542 0 0.039633717222308837
0.8833064855338838 0.30422558812311729 0 0.031804204465563146
0.89499113033306232 0.32207885572483069 0 0.023814283778265093
0.90172157486689086 0.33246377900721047 0 0.01909137203002375
0.91316550076429903 0.35029654452838338 0 0.010855319232533642
0.92445626689965954 0.36811320181955304 0 0.0024685309266270121
-0.3577147106244894 -0.92865006239101522 0 0.0024125106529439273
-0.33991831198273914 -0.91761187093665886 0 0.010610971606986283
-0.32210352131697595 -0.90641474325931215 0 0.01866514632717773
-0.31172805523519542 -0.89982526194085877 0 0.023285152005630982
-0.2938893954967699 -0.88837822081098106 0 0.031103199987956853
-0.27603898927626169 -0.87677424940302684 0 0.038767037132549073
-0.26564587908580034 -0.86994896740110006 0 0.043155328943397034
-0.24778224143541824 -0.85809853656022206 0 0.05056758360572549
-0.22991365588676282 -0.84609353647681274 0 0.057816021584260135
-0.21951311683615921 -0.83903600171327142 0 0.061958167508080357
-0.20164216457364822 -0.82678855862184997 0 0.068940122077694899
-0.18377319673716042 -0.81438926283517865 0 0.075749036750136972
-0.17337564498847019 -0.8071035573710944 0 0.079631179487716822
-0.15551537071900526 -0.79446639666474494 0 0.086159361010997582
-0.13766412643134751 -0.78168045395083774 0 0.092505719890972796
-0.12728014824661998 -0.77417119192367334 0 0.096114664041877601
-0.10944882003639263 -0.76115252042546544 0 0.10216678302154414
-0.091633658987525193 -0.74798848853844391 0 0.10802879521199089
-0.081273978264914143 -0.74026081133798893 0 0.11135209449860643
-0.063490083054757535 -0.72686973829850532 0 0.11690719282145291
-0.045729561225916177 -0.71333707234298205 0 0.12226445409424622
-0.035405005570316499 -0.70539664098156551 0 0.12529049446080395
-0.017687190175696116 -0.69164316348345123 0 0.1303290863625646
1.5567853274529269e-16 -0.67775219943870224 0 0.1351627177751363
0.010278534467082569 -0.66960518409662106 0 0.13788079688655785
0.027911524408168652 -0.65550016760465657 0 0.14238500291604175
0.045506615788970695 -0.64126210099927194 0 0.14667778124281786
0.05572820065764425 -0.63291516775288947 0 0.14907818271644693
0.073257583397536796 -0.61847032183665129 0 0.15303185441086495
0.090741797378361522 -0.60389718161885053 0 0.15676833308002289
0.10089550897822665 -0.59535747638606829 0 0.15884239507691014
0.11830253061610274 -0.58058532568928145 0 0.16223122939840837
0.13565714144989463 -0.5656899433853726 0 0.16539784845484412
0.14573209842587034 -0.55696507315074539 0 0.16713802556226887
0.16299809766935655 -0.54187892372885171 0 0.16994966745226259
0.18020449741903061 -0.52667489802964185 0 0.17253485122729845
0.19018989859295393 -0.51777290943889887 0 0.17393476899955176
0.20729637186990429 -0.50238681063338564 0 0.17615890096057699
0.22433613553095791 -0.48688846759505239 0 0.17815314232272331
0.23422129777932971 -0.47781782303574849 0 0.17920764381221535
0.25114996423367686 -0.46214652509969839 0 0.18083606139095248
0.26800491455855247 -0.44636887419091242 0 0.18223199148606203
0.27777931043256099 -0.43713842550196136 0 0.18293717515096994
0.29451217633259363 -0.42119733323535968 0 0.18396384737948329
0.31116444788453612 -0.40515601950559738 0 0.18475629007058514
0.32081774269757579 -0.39577497948309215 0 0.18510953866263796
0.33733716478520942 -0.37958010217791438 0 0.18553065276361855
0.35376926675184273 -0.36329135486223413 0 0.18571666304325996
0.36329135486223424 -0.3537692667518425 0 0.18571666304569187
0.37958010217791455 -0.33733716478520936 0 0.1855306527731283
0.39577497948309232 -0.32081774269757568 0 0.18510953867724264
0.40515601950559771 -0.31116444788453596 0 0.18475629008730837
0.42119733323535985 -0.29451217633259347 0 0.18396384739940097
0.43713842550196169 -0.27777931043256088 0 0.18293717517366256
0.44636887419091276 -0.2680049145585523 0 0.18223199151035366
0.46214652509969872 -0.25114996423367669 0 0.18083606142066902
0.47781782303574877 -0.23422129777932946 0 0.17920764385112292
0.48688846759505267 -0.22433613553095766 0 0.17815314236846705
0.50238681063338575 -0.20729637186990407 0 0.17615890101689186
0.5177729094388992 -0.19018989859295374 0 0.17393476906442176
0.52667489802964207 -0.1802044974190305 0 0.17253485129633267
0.54187892372885205 -0.16299809766935641 0 0.16994966752877072
0.55696507315074562 -0.14573209842587026 0 0.16713802564689645
0.56568994338537271 -0.13565714144989457 0 0.16539784854449072
0.58058532568928156 -0.11830253061610267 0 0.16223122949714017
0.5953574763860684 -0.10089550897822656 0 0.15884239518530213
0.60389718161885098 -0.090741797378361425 0 0.15676833319416472
0.6184703218366514 -0.073257583397536699 0 0.15303185453303444
0.6329151677528897 -0.055728200657644153 0 0.1490781828440122
0.64126210099927206 -0.045506615788970577 0 0.14667778137239421
0.65550016760465701 -0.027911524408168562 0 0.14238500304835602
0.66960518409662118 -0.010278534467082464 0 0.13788079702087813
0.67775219943870235 -1.2057393419562807e-17 0 0.13516271791021758
0.69164316348345134 0.017687190175696227 0 0.13032908649718683
0.7053966409815654 0.035405005570316603 0 0.12529049459258762
0.71333707234298194 0.045729561225916322 0 0.12226445422330401
0.72686973829850532 0.063490083054757632 0 0.11690719294426322
0.74026081133798904 0.08127397826491424 0 0.11135209461323861
0.74798848853844391 0.091633658987525332 0 0.10802879532117783
0.76115252042546555 0.10944882003639272 0 0.10216678312324089
0.77417119192367345 0.1272801482466201 0 0.09611466413886853
0.78168045395083774 0.13766412643134765 0 0.092505719986320664
0.79446639666474494 0.15551537071900531 0 0.086159361102631768
0.8071035573710944 0.17337564498847025 0 0.07963117957412251
0.81438926283517865 0.18377319673716047 0 0.075749036832807398
0.82678855862184986 0.20164216457364825 0 0.068940122152791994
0.83903600171327153 0.21951311683615926 0 0.061958167574154968
0.84609353647681307 0.22991365588676291 0 0.057816021644510815
0.85809853656022206 0.2477822414354183 0 0.05056758365637283
0.86994896740110006 0.26564587908580034 0 0.043155328985146985
0.87677424940302695 0.2760389892762618 0 0.0387670371694529
0.88837822081098117 0.29388939549676996 0 0.031103200017225267
0.89982526194085899 0.31172805523519553 0 0.023285152028152348
0.90641474325931237 0.32210352131697606 0 0.018665146346077119
0.91761187093665897 0.33991831198273914 0 0.010610971618622506
0.92865006239101522 0.35771471062448934 0 0.0024125106557880741
-0.33980057599646352 -0.93556484286002806 0 0.0023137138874069606
-0.32204094062330951 -0.92497046532723248 0 0.01017982742984801
-0.30425886579285188 -0.91420724607684822 0 0.017912705828389493
-0.29390065906414226 -0.90786570819836132 0 0.022350772439203685
-0.27608873986704535 -0.89683677343945156 0 0.02986471048914216
-0.25826157564891405 -0.88564084837278523 0 0.037235108785990137
-0.24788046919354592 -0.87904839519091016 0 0.041457496248816172
-0.23003499398645219 -0.86759000541755693 0 0.048592879141002729
-0.21218165518912518 -0.8559668844498054 0 0.055574714548939967
-0.20178873994680352 -0.84912691081269565 0 0.059566387190366749
-0.18392890193144412 -0.83724522305753013 0 0.066297657272364835
-0.16606874633441177 -0.82520147312232839 0 0.072865739187980588
-0.15567536047926492 -0.81811798972770033 0 0.076612212702942856
-0.13782075908638344 -0.80582021978305995 0 0.082914812096046231
-0.11997352669305708 -0.79336346655802015 0 0.089045015398955804
-0.10959121956774542 -0.78604109992599547 0 0.092532455788890605
-0.091761797299336562 -0.77333552050530197 0 0.098382996245125004
-0.073947545724750013 -0.76047444428535793 0 0.10405243128845867
-0.063588039589808243 -0.75291843329409203 0 0.10726775368405982
-0.045804015223963906 -0.73981436623904973 0 0.11264418454783039
-0.028043051599064613 -0.72655869180191024 0 0.11783136241008309
-0.017718201428806896 -0.71877488070537898 0 0.12076232595128555
1.1227748370996891e-16 -0.70528268311801179 0 0.12564409527827591
0.017687190175696386 -0.69164316348345112 0 0.13032908637165497
0.027965438590931552 -0.68363799136486259 0 0.13296438525405124
0.04559725857560927 -0.66976903560309931 0 0.13733259346857257
0.063190085155172965 -0.65575742964875672 0 0.14149717744853887
0.073409738514666714 -0.64753791629905955 0 0.14382652637306736
0.090934560119611152 -0.63330456383723888 0 0.14766406992019701
0.10841240408464435 -0.61893360779717588 0 0.15129187518069817
0.11856146598205407 -0.61050733604548679 0 0.15330608853834576
0.13595869060612797 -0.59592290526586444 0 0.15659779213209724
0.15330098134302914 -0.58120627820335247 0 0.15967442305537058
0.16336749744196585 -0.57258137276427346 0 0.16136548661355368
0.18061662272733667 -0.55766010081133199 0 0.16409822214516431
0.19780291622049345 -0.54261238422316538 0 0.16661137247239949
0.20777501985704205 -0.53379748716423725 0 0.16797250673766764
0.22485571814629529 -0.5185544860592487 0 0.17013529741009831
0.24186577548311022 -0.50319111783419901 0 0.17207484824818728
0.25173173334013743 -0.49419536080454596 0 0.17310056262486417
0.26862393006708274 -0.47864656808228823 0 0.17468467086779196
0.28543779563580546 -0.46298379110000693 0 0.17604277198691792
0.29518605312723034 -0.45381676449787178 0 0.17672890899719704
0.31187000451785946 -0.43797888868954282 0 0.17772790700175381
0.32846808327344607 -0.42203369440715716 0 0.17849904039554598
0.33808730927478697 -0.41270541369887737 0 0.17884280941867198
0.35454367873423442 -0.39659587504396449 0 0.17925263136866801
0.37090681191012942 -0.38038594247472102 0 0.17943365615350407
0.38038594247472118 -0.3709068119101292 0 0.17943365615473789
0.39659587504396465 -0.35454367873423431 0 0.17925263137430938
0.41270541369887753 -0.33808730927478692 0 0.17884280942897965
0.42203369440715732 -0.32846808327344584 0 0.17849904040860223
0.43797888868954316 -0.31187000451785929 0 0.17772790701827834
0.45381676449787212 -0.29518605312723017 0 0.17672890901541746
0.46298379110000726 -0.2854377956358054 0 0.1760427720055916
0.47864656808228845 -0.26862393006708257 0 0.1746846708906214
0.49419536080454629 -0.25173173334013726 0 0.17310056265672569
0.50319111783419923 -0.24186577548310997 0 0.17207484828726738
0.51855448605924892 -0.22485571814629504 0 0.17013529746068318
0.53379748716423758 -0.20777501985704183 0 0.16797250679801368
0.5426123842231656 -0.19780291622049329 0 0.16661137253762137
0.55766010081133244 -0.18061662272733656 0 0.16409822221733994
0.57258137276427368 -0.16336749744196577 0 0.16136548669087852
0.58120627820335247 -0.15330098134302908 0 0.15967442313509536
0.59592290526586456 -0.13595869060612792 0 0.15659779221846865
0.61050733604548668 -0.11856146598205397 0 0.15330608863505107
0.61893360779717621 -0.10841240408464425 0 0.15129187528481675
0.63330456383723899 -0.090934560119611055 0 0.14766407003497178
0.64753791629905955 -0.073409738514666617 0 0.14382652649523403
0.65575742964875716 -0.063190085155172868 0 0.14149717757351285
0.66976903560309953 -0.04559725857560918 0 0.13733259359588454
0.6836379913648627 -0.027965438590931445 0 0.13296438538057775
0.69164316348345123 -0.017687190175696237 0 0.13032908649646738
0.7052826831180119 0 0 0.12564409540068244
0.71877488070537898 0.017718201428807003 0 0.1207623260723495
0.72655869180191013 0.028043051599064752 0 0.11783136253065293
0.73981436623904973 0.045804015223964011 0 0.11264418466498771
0.75291843329409214 0.06358803958980834 0 0.10726775379414061
0.76047444428535793 0.073947545724750152 0 0.10405243139300398
0.77333552050530208 0.091761797299336673 0 0.098382996341741677
0.78604109992599547 0.10959121956774553 0 0.092532455880143055
0.79336346655802015 0.11997352669305721 0 0.089045015488148013
0.80582021978305995 0.1378207590863835 0 0.082914812181772921
0.81811798972770045 0.155675360479265 0 0.076612212785050315
0.82520147312232839 0.16606874633441182 0 0.072865739267781796
0.83724522305753002 0.18392890193144415 0 0.066297657345889133
0.84912691081269565 0.20178873994680363 0 0.059566387254421829
0.85596688444980529 0.21218165518912524 0 0.05557471460621094
0.86759000541755693 0.23003499398645225 0 0.048592879187317105
0.87904839519091049 0.24788046919354598 0 0.04145749628546537
0.88564084837278545 0.25826157564891417 0 0.037235108817621529
0.89683677343945178 0.27608873986704541 0 0.029864710513420437
0.90786570819836165 0.29390065906414231 0 0.02235077245775802
0.91420724607684845 0.304258865792852 0 0.017912705844217374
0.92497046532723237 0.32204094062330957 0 0.010179827439871851
0.93556484286002795 0.33980057599646346 0 0.0023137138899141777
-0.32183640000536207 -0.94211200473336454 0 0.0022118055365319472
-0.30411552768183209 -0.93197351216502333 0 0.0097348226832817981
-0.28636802839626568 -0.92165633332317565 0 0.01713558143405652
-0.27602809981051202 -0.91556981844108642 0 0.021385383369309979
-0.25824456455704364 -0.90497117141510042 0 0.028584327729082492
-0.2404421534373416 -0.89419547625738005 0 0.035650400540167271
-0.2300738709086266 -0.88784293492790056 0 0.039700553461020187
-0.21224786889428043 -0.87678872884786663 0 0.046548225855776865
-0.19441096766163452 -0.86555957652478654 0 0.053252682562414708
-0.18402631639855566 -0.85894416744989488 0 0.057087645512246626
-0.16617860617805613 -0.84744019923538561 0 0.063557601342929454
-0.14832817317858524 -0.8357638550235289 0 0.069874342315109125
-0.13793943851726923 -0.82888944057349734 0 0.073479092627798295
-0.12009127286366682 -0.81694271845858157 0 0.079545836506631926
-0.10224873284473281 -0.80482666086856225 0 0.085449785254607918
-0.09186845845599817 -0.7976978099609674 0 0.088809929712616059
-0.074041511006137775 -0.78531655624936603 0 0.094449106030011137
-0.056228679866704365 -0.77276947697459319 0 0.099916399228168751
-0.045869623116791297 -0.76539146373747402 0 0.10301828428222722
-0.028085910268439492 -0.75258511023638164 0 0.10820686527419475
-0.010324915250531764 -0.73961690669196156 0 0.11321503889187494
1.1398263310468059e-16 -0.73199570477821752 0 0.11604585798453355
0.017718201428807121 -0.71877488070537887 0 0.12076232595455424
0.035405005570316769 -0.7053966409815654 0 0.12529049447149465
0.045682738404882454 -0.69753891344647778 0 0.12783839086094431
0.063312977176428184 -0.68391542568383601 0 0.13206291212716773
0.080903095423310256 -0.67013940581925002 0 0.13609193883016485
0.09112053918327169 -0.66205249052091841 0 0.13834610291233079
0.10864027866144491 -0.6480392961718664 0 0.1420606915168523
0.12611116573973744 -0.63387888973698459 0 0.14557334753620749
0.1362552008196537 -0.62557078026974955 0 0.14752410715575756
0.15364191031855345 -0.61118195156435529 0 0.15071277589550092
0.17097106275220575 -0.59665165163414058 0 0.15369388579623611
0.18102861045382521 -0.58813097385687096 0 0.15533278838162415
0.19825985817471492 -0.57338165553896203 0 0.15798168514785824
0.21542490763116504 -0.55849700922342504 0 0.16041825702352563
0.22538298463092879 -0.54977299349697317 0 0.16173814234173955
0.24243653141265259 -0.53467935291703617 0 0.16383566978333527
0.25941533855435339 -0.51945690870837236 0 0.16571700799210781
0.26926111152251547 -0.51053935800859673 0 0.166712070496673
0.28611500460521028 -0.49511852823543867 0 0.16824898729990728
0.30288575264016876 -0.47957577651850208 0 0.16956678620429186
0.31260659253947998 -0.47047503064202939 0 0.17023262605772868
0.32923925852751101 -0.45474504699236429 0 0.17120212835502863
0.34578054564255561 -0.43890035414992207 0 0.17195054569978188
0.35536408123113683 -0.42962725027831628 0 0.17228420773165751
0.37175441743916016 -0.41360698074520935 0 0.17268198944142649
0.3880453473023095 -0.39747951736905252 0 0.1728576982610146
0.39747951736905263 -0.38804534730230938 0 0.17285769826091399
0.41360698074520946 -0.3717544174391601 0 0.17268198944233748
0.42962725027831655 -0.35536408123113677 0 0.17228420773568265
0.43890035414992229 -0.34578054564255545 0 0.17195054570646651
0.45474504699236451 -0.32923925852751079 0 0.17120212836590282
0.47047503064202967 -0.31260659253947981 0 0.17023262607205036
0.47957577651850247 -0.30288575264016865 0 0.16956678622041016
0.495118528235439 -0.28611500460521005 0 0.16824898732076238
0.51053935800859696 -0.26926111152251525 0 0.1667120705246343
0.51945690870837269 -0.25941533855435317 0 0.16571700802522246
0.53467935291703639 -0.2424365314126524 0 0.16383566982596257
0.54977299349697351 -0.2253829846309286 0 0.1617381423945537
0.55849700922342527 -0.21542490763116487 0 0.16041825708243207
0.57338165553896236 -0.19825985817471481 0 0.1579816852152966
0.58813097385687108 -0.18102861045382515 0 0.1553327884548345
0.5966516516341408 -0.17097106275220567 0 0.15369388587176072
0.61118195156435551 -0.1536419103185534 0 0.15071277597661684
0.62557078026974955 -0.13625520081965362 0 0.14752410724498599
0.6338788897369847 -0.12611116573973732 0 0.14557334763116894
0.6480392961718664 -0.10864027866144481 0 0.14206069162117929
0.66205249052091852 -0.091120539183271579 0 0.1383461030250942
0.67013940581925024 -0.080903095423310159 0 0.13609193894727337
0.68391542568383634 -0.063312977176428115 0 0.13206291224867805
0.69753891344647811 -0.04568273840488235 0 0.12783839098269553
0.70539664098156563 -0.035405005570316617 0 0.12529049459165204
0.71877488070537887 -0.017718201428807007 0 0.12076232607167446
0.73199570477821752 -3.9993906352519506e-18 0 0.11604585809862106
0.73961690669196134 0.010324915250531903 0 0.11321503900412123
0.75258511023638164 0.028085910268439592 0 0.10820686538195325
0.76539146373747391 0.045869623116791387 0 0.10301828438366072
0.77276947697459319 0.056228679866704503 0 0.099916399325230262
0.78531655624936603 0.074041511006137886 0 0.094449106120677098
0.79769780996096729 0.091868458455998253 0 0.088809929798620207
0.80482666086856225 0.10224873284473297 0 0.085449785338591433
0.81694271845858157 0.12009127286366687 0 0.079545836586769419
0.82888944057349745 0.13793943851726931 0 0.073479092703397669
0.83576385502352901 0.14832817317858532 0 0.069874342387696783
0.84744019923538561 0.16617860617805616 0 0.063557601408890135
0.85894416744989488 0.18402631639855571 0 0.057087645569638239
0.86555957652478654 0.1944109676616346 0 0.053252682614042403
0.87678872884786663 0.21224786889428049 0 0.046548225897880033
0.8878429349279009 0.23007387090862669 0 0.039700553494319779
0.89419547625738027 0.24044215343734171 0 0.035650400568712784
0.90497117141510064 0.2582445645570437 0 0.028584327750682155
0.91556981844108665 0.27602809981051213 0 0.021385383385585873
0.92165633332317587 0.28636802839626579 0 0.017135581447850212
0.93197351216502367 0.30411552768183214 0 0.0097348226919379173
0.94211200473336454 0.3218364000053619 0 0.0022118055386811078
-0.31136267378464588 -0.94575351066878532 0 0.0021511105608393228
-0.29366506894044025 -0.93588572396048764 0 0.0094696515661802406
-0.27593834258990707 -0.92583356618121937 0 0.016672271714375294
-0.26560940405724309 -0.91989864843274427 0 0.020809664206812094
-0.24784294930988288 -0.90955590234938066 0 0.027820384377632408
-0.23005545106955613 -0.89903027064163821 0 0.034704425606503643
-0.21969490248566445 -0.89282055611225553 0 0.038651474030681247
-0.20188065794875193 -0.88200707839033188 0 0.045326784605147774
-0.18405369814085165 -0.87101269828861161 0 0.051864908309391791
-0.17367405292464558 -0.86453116747703718 0 0.055605825711034423
-0.15583370320340101 -0.85325247671722826 0 0.061918846238614662
-0.13798918883787453 -0.84179537097017021 0 0.068084501194460759
-0.12760329450164887 -0.83504576181181944 0 0.071603995326346814
-0.10975907499638314 -0.82330868153592096 0 0.077528757716373325
-0.09191943370043193 -0.81139618116951084 0 0.08329638383654446
-0.0815404265103431 -0.80438299407296943 0 0.086579775505025769
-0.063715043725039361 -0.7921956589298661 0 0.092091426701440368
-0.045903141855932354 -0.77983640631333773 0 0.097436656631910479
-0.035544398194522181 -0.772564904479766 0 0.10046999644834391
-0.017760944537693089 -0.75993675824682139 0 0.10554499816792108
1.5571255759313662e-16 -0.74714070183904646 0 0.1104448557533995
0.010324915250532031 -0.73961690669196156 0 0.11321503889208924
0.02804305159906488 -0.72655869180191024 0 0.11783136241295146
0.045729561225916489 -0.71333707234298183 0 0.12226445410296029
0.056006948912543375 -0.70556775394786775 0 0.12475933006155997
0.073636178413790096 -0.69209149236294765 0 0.128896642194959
0.09122461175262897 -0.67845682037004451 0 0.13284333953354382
0.10144069488046971 -0.67044948277933003 0 0.13505181660101381
0.11895732459745144 -0.6565684481326246 0 0.13869165547419204
0.1364239755985325 -0.64253447265958674 0 0.14213426588880609
0.14656495750785595 -0.63429733417781331 0 0.14404640814462502
0.16394529181976122 -0.62002601520494183 0 0.14717234555240519
0.18126649131494385 -0.60560768392961895 0 0.15009526904239373
0.19131861511958695 -0.59714965235505435 0 0.1517023848312313
0.20853905833683548 -0.58250370774567495 0 0.15430017315744832
0.22569127715205997 -0.56771711855609874 0 0.15669004254230742
0.23564088592465307 -0.55904776151753333 0 0.15798476293308417
0.25267804590841697 -0.54404396642360531 0 0.16004246426087346
0.26963799862423832 -0.52890631078144945 0 0.16188826689812252
0.27947159579292497 -0.5200358213512446 0 0.16286461303493854
0.29630238765113925 -0.50469200589559382 0 0.16437270859936556
0.31304713607481077 -0.48922150436105627 0 0.16566588774149868
0.32275144548333468 -0.48016066218647296 0 0.16631932603400207
0.33935319439753009 -0.4644956424188017 0 0.16727080429386904
0.35586024979798175 -0.44871147282291507 0 0.16800533848091728
0.3654222748765289 -0.43947160107611949 0 0.16833282275898592
0.38177281711060557 -0.42350510292209631 0 0.16872324470845804
0.39802024027016197 -0.40742732176844354 0 0.16889570397996417
0.40742732176844371 -0.39802024027016181 0 0.16889570397904671
0.42350510292209648 -0.38177281711060551 0 0.16872324470632963
0.43947160107611971 -0.3654222748765289 0 0.16833282275865466
0.44871147282291524 -0.35586024979798159 0 0.16800533848291949
0.46449564241880187 -0.33935319439752998 0 0.1672708043006178
0.48016066218647324 -0.32275144548333456 0 0.16631932604621802
0.48922150436105666 -0.31304713607481055 0 0.16566588775718086
0.50469200589559404 -0.29630238765113903 0 0.16437270862077874
0.52003582135124504 -0.27947159579292474 0 0.16286461306169667
0.52890631078144978 -0.26963799862423815 0 0.16188826692795033
0.54404396642360564 -0.25267804590841669 0 0.16004246429799293
0.55904776151753366 -0.23564088592465288 0 0.15798476298033776
0.56771711855609885 -0.22569127715205983 0 0.1566900425965308
0.58250370774567528 -0.20853905833683534 0 0.15430017322191997
0.59714965235505435 -0.19131861511958689 0 0.15170238490326243
0.60560768392961917 -0.1812664913149438 0 0.15009526911770987
0.62002601520494194 -0.16394529181976117 0 0.14717234563330245
0.63429733417781342 -0.14656495750785586 0 0.14404640823128567
0.64253447265958685 -0.13642397559853239 0 0.14213426597896001
0.65656844813262472 -0.11895732459745136 0 0.13869165557143523
0.67044948277933014 -0.10144069488046961 0 0.13505181670683633
0.67845682037004473 -0.091224611752628873 0 0.13284333964480352
0.69209149236294809 -0.073636178413790013 0 0.128896642312679
0.70556775394786786 -0.056006948912543264 0 0.12475933018158894
0.71333707234298194 -0.04572956122591635 0 0.12226445422250248
0.72655869180191035 -0.028043051599064773 0 0.11783136252965806
0.73961690669196156 -0.010324915250531922 0 0.11321503900360363
0.74714070183904624 -1.5034746145811664e-17 0 0.11044485586093389
0.75993675824682139 0.017760944537693186 0 0.10554499826883872
0.77256490447976589 0.035544398194522271 0 0.10046999654319007
0.77983640631333773 0.045903141855932493 0 0.097436656723496093
0.79219565892986621 0.063715043725039458 0 0.092091426788234843
0.80438299407296943 0.081540426510343197 0 0.086579775588099928
0.81139618116951084 0.091919433700432054 0 0.083296383917824846
0.82330868153592096 0.1097590749963832 0 0.077528757793388275
0.83504576181181966 0.12760329450164895 0 0.071603995397349407
0.84179537097017021 0.13798918883787462 0 0.068084501261234096
0.85325247671722815 0.15583370320340101 0 0.061918846297933941
0.8645311674770374 0.17367405292464566 0 0.055605825762816107
0.87101269828861172 0.18405369814085173 0 0.051864908356750637
0.88200707839033177 0.20188065794875198 0 0.045326784644871346
0.89282055611225575 0.21969490248566451 0 0.038651474062729292
0.89903027064163821 0.23005545106955619 0 0.034704425634124896
0.90955590234938077 0.2478429493098829 0 0.027820384398601669
0.91989864843274449 0.2656094040572432 0 0.020809664222455365
0.92583356618121959 0.27593834258990718 0 0.016672271727428394
0.93588572396048775 0.29366506894044031 0 0.0094696515741688123
0.94575351066878521 0.31136267378464577 0 0.0021511105627818536
-0.29334121513421552 -0.95172121993287528 0 0.0020446405243950525
-0.27568444824900568 -0.94232751844465734 0 0.0090042376000825132
-0.25799418637421739 -0.93273978323056372 0 0.015858646626862375
-0.24768454068623658 -0.92707065477727713 0 0.019798310429691959
-0.22994807037275522 -0.91717678601912023 0 0.02647766003889819
-0.21218674886561556 -0.90709005508112039 0 0.03304088097060718
-0.20183977351729068 -0.90113114104195779 0 0.036806053224695379
-0.18404615799028529 -0.8907405695392393 0 0.043177065637581766
-0.16623663160388846 -0.88015886587139125 0 0.049421222349855562
-0.15586575965633512 -0.87391276639087379 0 0.052995787082937854
-0.13803829846771332 -0.86303040716193125 0 0.059030990566021839
-0.12020413182842549 -0.8519592142439848 0 0.064928909243720412
-0.10982319452569538 -0.84542938351999852 0 0.068297198240719295
-0.091985844913248335 -0.83406162510690285 0 0.073969958498898467
-0.074151225863040668 -0.82250790637946003 0 0.079495389121504986
-0.063774400843818566 -0.81569866232624033 0 0.082642311569825044
-0.045951686473773658 -0.80385338047033739 0 0.087927054164579632
-0.028141332014790431 -0.79182558924239665 0 0.09305489203775974
-0.017783087321761419 -0.78474211749322587 0 0.095966062960397253
1.1243061603798653e-16 -0.77242867893710776 0 0.10083849335705955
0.017760944537693363 -0.7599367582468215 0 0.10554499816804835
0.028085910268439717 -0.75258511023638175 0 0.10820686527519859
0.045804015223964142 -0.73981436623904961 0 0.11264418455168534
0.063490083054757798 -0.72686973829850521 0 0.11690719282986008
0.073766903775614123 -0.71925682323098927 0 0.11930715857288825
0.091394417696876173 -0.70604109250018343 0 0.12328827050761645
0.10897993264656762 -0.69265663747646555 0 0.12708739917293474
0.11919364094109157 -0.68479020805805124 0 0.1292139374181436
0.13670481659871411 -0.67114324893123067 0 0.1327196450615481
0.15416400942116318 -0.65733327294691479 0 0.13603648271734353
0.16429960484125555 -0.64922190483882269 0 0.13787924752544817
0.18166867486003926 -0.63515887667983395 0 0.14089243546799596
0.19897580277142088 -0.6209390690541059 0 0.14371071854868858
0.20901832185435487 -0.61259213408377566 0 0.14526064374145287
0.22621961967705015 -0.59812954800338025 0 0.14776644361003516
0.24334908800278945 -0.5835169278975082 0 0.15007221454517261
0.25328367531389262 -0.5749445611488615 0 0.15132160226748254
0.27029175757172696 -0.56010022030118722 0 0.15330753857712373
0.28721824234490423 -0.54511307307625567 0 0.15508928342786418
0.29703022186207978 -0.53632613406388185 0 0.15603188036593907
0.31381999096524926 -0.52111906391456142 0 0.1574879944711525
0.33051856127719736 -0.50577686765218577 0 0.15873675781724791
0.34019350741473414 -0.4967868958668053 0 0.15936781779980499
0.35674033314985276 -0.48123726496902419 0 0.16028676783072368
0.37318657203515293 -0.46556060774413216 0 0.16099624289459885
0.3827103795970882 -0.45637977293607307 0 0.16131257476029445
0.39899021851249317 -0.44050880488487798 0 0.16168970982018566
0.41516034115244177 -0.42451929351051493 0 0.16185630236944448
0.42451929351051515 -0.41516034115244171 0 0.16185630236739906
0.44050880488487815 -0.39899021851249311 0 0.16168970981402575
0.45637977293607335 -0.38271037959708815 0 0.16131257475453514
0.46556060774413238 -0.37318657203515282 0 0.16099624289100861
0.48123726496902447 -0.35674033314985265 0 0.16028676783202181
0.49678689586680563 -0.34019350741473403 0 0.15936781780714945
0.50577686765218632 -0.3305185612771972 0 0.15873675782852112
0.52111906391456175 -0.31381999096524898 0 0.15748799448801346
0.5363261340638823 -0.29703022186207956 0 0.15603188038665294
0.54511307307625612 -0.28721824234490401 0 0.15508928345028364
0.56010022030118756 -0.27029175757172669 0 0.15330753860553417
0.57494456114886172 -0.25328367531389245 0 0.15132160230631256
0.58351692789750864 -0.24334908800278929 0 0.15007221459181258
0.59812954800338047 -0.22621961967705004 0 0.14776644366868982
0.61259213408377577 -0.20901832185435479 0 0.14526064380972206
0.62093906905410601 -0.19897580277142085 0 0.14371071862146573
0.63515887667983406 -0.18166867486003921 0 0.14089243554689326
0.64922190483882292 -0.1642996048412555 0 0.13787924760844883
0.65733327294691501 -0.1541640094211631 0 0.13603648280201147
0.6711432489312309 -0.13670481659871403 0 0.13271964515097767
0.68479020805805135 -0.11919364094109147 0 0.12921393751517027
0.692656637476466 -0.10897993264656755 0 0.12708739927542792
0.70604109250018388 -0.091394417696876104 0 0.12328827061739915
0.71925682323098961 -0.07376690377561404 0 0.11930715868675572
0.72686973829850543 -0.063490083054757659 0 0.11690719294457681
0.73981436623904984 -0.045804015223964024 0 0.11264418466436912
0.75258511023638175 -0.028085910268439606 0 0.10820686538132725
0.75993675824682139 -0.017760944537693217 0 0.10554499826856932
0.77242867893710765 -1.8904262873643748e-17 0 0.10083849344914472
0.78474211749322575 0.017783087321761506 0 0.095966063046164798
0.79182558924239665 0.02814133201479057 0 0.093054892120782051
0.80385338047033739 0.045951686473773762 0 0.087927054243873398
0.81569866232624011 0.063774400843818649 0 0.082642311646548713
0.82250790637946003 0.074151225863040807 0 0.079495389197091718
0.83406162510690285 0.091985844913248418 0 0.073969958570528141
0.84542938351999863 0.1098231945256954 0 0.068297198305500684
0.85195921424398491 0.12020413182842554 0 0.064928909303375026
0.86303040716193125 0.13803829846771334 0 0.05903099061769037
0.87391276639087401 0.15586575965633515 0 0.05299578712805024
0.88015886587139136 0.16623663160388857 0 0.049421222391723044
0.8907405695392393 0.18404615799028531 0 0.0431770656735668
0.90113114104195791 0.20183977351729074 0 0.036806053254230892
0.90709005508112039 0.21218674886561567 0 0.033040880996199409
0.91717678601912034 0.22994807037275525 0 0.026477660058444489
0.92707065477727735 0.24768454068623663 0 0.019798310444259316
0.93273978323056395 0.25799418637421756 0 0.015858646638942018
0.94232751844465723 0.27568444824900579 0 0.0090042376073961664
0.95172121993287528 0.29334121513421541 0 0.0020446405261570662
-0.27529715590087467 -0.95732458853360447 0 0.0019355151738651021
-0.25768187190837921 -0.94841587547582662 0 0.0085268839994382759
-0.24002862289904334 -0.93930363510736692 0 0.015023565159480737
-0.22973854509566266 -0.93390680720681196 0 0.018759863705809753
-0.21203245704072426 -0.9244731014531884 0 0.025098027494131276
-0.19429761749758043 -0.91483665809870385 0 0.031330467419510219
-0.18396435152961771 -0.90913520788838498 0 0.034907908146603592
-0.16619153005507545 -0.89917903697879398 0 0.040964497058989954
-0.14839951868363541 -0.88902153960175723 0 0.046904498168063691
-0.13803743098847607 -0.88301758826185761 0 0.050306759567120739
-0.1202228182254553 -0.87254309649346373 0 0.056053918891876525
-0.10239888993267848 -0.86186932537449035 0 0.061673888094978396
-0.092022816775469876 -0.85556594957457444 0 0.064885041927943199
-0.074192132220686505 -0.8445789323604842 0 0.070295665659111689
-0.056362280231911775 -0.83339532929243731 0 0.075568851346242
-0.045987469040996744 -0.8267965767997788 0 0.078573501952104843
-0.028167105902584918 -0.81530450403291221 0 0.083621473201809113
-0.010357954586101562 -0.80361919122223879 0 0.088522206549031451
1.0310287242869102e-16 -0.79673008980659576 0 0.091305631480671251
0.017783087321761631 -0.78474211749322542 0 0.09596606295878328
0.035544398194522445 -0.77256490447976589 0 0.10046999644858462
0.045869623116791505 -0.7653914637374738 0 0.10301828428502192
0.063588039589808451 -0.75291843329409203 0 0.10726775369180994
0.081273978264914365 -0.74026081133798882 0 0.11135209451174839
0.091550395129034429 -0.7328100171408044 0 0.11365227958610681
0.10917643271566889 -0.71986444189507448 0 0.11746905819374359
0.1267592055271308 -0.70673956543284877 0 0.12111279271651848
0.13697060735912517 -0.69901936679904264 0 0.12315298372470486
0.15447637859265684 -0.68561540539828358 0 0.12651725351518239
0.17192806551606346 -0.67203806033809266 0 0.12970135926117415
0.18205819648691637 -0.66405734862328047 0 0.13147086007521497
0.19941577275598485 -0.65021076522923416 0 0.13436491631901759
0.21670846715872519 -0.63619732403464746 0 0.13707255785575523
0.22674110450988894 -0.62796590444583733 0 0.13856197831331132
0.24392265770000418 -0.61369401577901161 0 0.14097041394603244
0.26102860890053903 -0.59926237947773486 0 0.14318711939188108
0.27094764624724466 -0.59079093502389224 0 0.14438847425507523
0.2879255923007395 -0.57611254451067595 0 0.14629834296957805
0.30481734947058031 -0.56128207195552082 0 0.14801215802396542
0.31460688061826247 -0.55258212005923402 0 0.14891895232947988
0.33135402351013499 -0.53751743952606834 0 0.15031990747658042
0.34800457939810092 -0.52230886442584834 0 0.15152152428093943
0.35764898178042503 -0.51339270653088964 0 0.15212882360567637
0.37413865636959476 -0.49796326607769353 0 0.15301323042504714
0.39052158930053649 -0.48239860250123578 0 0.15369608883898978
0.40000560613650021 -0.47327926711739593 0 0.1540005731173805
0.41621181834166421 -0.45750781398278129 0 0.15436359219024007
0.43230143094243983 -0.44161025121544895 0 0.15452395169953706
0.44161025121544911 -0.43230143094243978 0 0.1545239516967612
0.45750781398278145 -0.41621181834166415 0 0.15436359218179413
0.47327926711739615 -0.40000560613650016 0 0.15400057310925877
0.48239860250123595 -0.39052158930053626 0 0.15369608883349659
0.49796326607769381 -0.37413865636959459 0 0.15301323042340337
0.51339270653088998 -0.35764898178042492 0 0.15212882360634666
0.52230886442584878 -0.34800457939810081 0 0.15152152428239959
0.53751743952606856 -0.33135402351013471 0 0.15031990748072124
0.55258212005923446 -0.31460688061826225 0 0.14891895233829647
0.56128207195552104 -0.30481734947058003 0 0.14801215803645568
0.57611254451067628 -0.28792559230073922 0 0.14629834299055505
0.59079093502389246 -0.27094764624724443 0 0.14438847428735915
0.59926237947773509 -0.26102860890053892 0 0.14318711943183537
0.61369401577901173 -0.24392265770000401 0 0.14097041399791041
0.62796590444583744 -0.22674110450988885 0 0.13856197837508233
0.63619732403464779 -0.2167084671587251 0 0.13707255792238279
0.65021076522923449 -0.19941577275598479 0 0.1343649163929396
0.66405734862328059 -0.18205819648691626 0 0.13147086015517634
0.67203806033809266 -0.17192806551606332 0 0.12970135934412558
0.68561540539828392 -0.15447637859265673 0 0.12651725360316285
0.69901936679904286 -0.13697060735912506 0 0.12315298381768894
0.70673956543284899 -0.12675920552713071 0 0.12111279281235686
0.7198644418950747 -0.10917643271566883 0 0.11746905829369172
0.73281001714080463 -0.091550395129034332 0 0.11365227968906411
0.74026081133798893 -0.081273978264914226 0 0.11135209461584457
0.75291843329409214 -0.063588039589808354 0 0.10726775379517872
0.7653914637374738 -0.045869623116791387 0 0.10301828438405158
0.77256490447976578 -0.035544398194522285 0 0.10046999654357859
0.78474211749322542 -0.017783087321761537 0 0.095966063046464142
0.79673008980659554 -7.9309901868223836e-18 0 0.09130563156087719
0.80361919122223868 0.010357954586101699 0 0.088522206624948419
0.81530450403291221 0.028167105902585022 0 0.083621473272515179
0.8267965767997788 0.045987469040996841 0 0.078573502020607672
0.83339532929243731 0.056362280231911914 0 0.075568851414589064
0.8445789323604842 0.074192132220686588 0 0.070295665725297732
0.85556594957457455 0.092022816775469932 0 0.064885041989045628
0.86186932537449035 0.10239888993267857 0 0.061673888151921111
0.87254309649346373 0.12022281822545534 0 0.056053918941692642
0.88301758826185783 0.1380374309884761 0 0.050306759610132167
0.88902153960175734 0.14839951868363549 0 0.046904498207253405
0.89917903697879398 0.16619153005507553 0 0.040964497091709011
0.9091352078883852 0.18396435152961779 0 0.034907908172953604
0.91483665809870407 0.19429761749758057 0 0.031330467442248586
0.92447310145318851 0.21203245704072435 0 0.025098027511557292
0.93390680720681196 0.22973854509566266 0 0.018759863719149669
0.93930363510736714 0.24002862289904345 0 0.015023565170896844
0.94841587547582662 0.25768187190837927 0 0.0085268840067034644
0.95732458853360458 0.27529715590087467 0 0.0019355151756890684
-0.2647894159986261 -0.96041872178516396 0 0.0018708307321480112
-0.24719837355113108 -0.95179709232243914 0 0.0082437743450568916
-0.22956672613071444 -0.94296650473864463 0 0.014528018773750588
-0.21928805420560285 -0.93773105458749595 0 0.018143439442280633
-0.20159964855885809 -0.92857020216037189 0 0.024278632487844815
-0.18388018436083522 -0.91920092666669595 0 0.030314075700941384
-0.17355485900079778 -0.91365231248168377 0 0.03377961471225828
-0.15579404636883873 -0.90395413613789399 0 0.03964862918332069
-0.13801210212692488 -0.89404873066181334 0 0.045406989476703401
-0.12765503866924008 -0.88818874738771636 0 0.048706264716916872
-0.10984772884197111 -0.87795686218095104 0 0.054281122771367374
-0.092029557292473918 -0.86751961834502778 0 0.059734660649579718
-0.081656186215598003 -0.86135107738579075 0 0.062851648323589721
-0.063829142134496086 -0.85059085653193534 0 0.068105063254829207
-0.046001807331251421 -0.83962783727509094 0 0.073226826402102846
-0.035628011403333631 -0.83315458624346317 0 0.07614600529298482
-0.017808737925585742 -0.82187319127365355 0 0.081051631593149182
1.3235338050933029e-16 -0.81039225610882659 0 0.085815707348808723
0.010357954586101798 -0.80361919122223857 0 0.088522206546717136
0.028141332014790663 -0.79182558924239621 0 0.093054892034574802
0.045903141855932646 -0.77983640631333739 0 0.097436656632266458
0.056228679866704621 -0.77276947697459308 0 0.099916399232429468
0.073947545724750235 -0.76047444428535771 0 0.10405243129960802
0.091633658987525485 -0.7479884885384438 0 0.10802879522982672
0.10190997545193627 -0.74063469373287516 0 0.11026864046077899
0.11953536275533717 -0.72785080523030576 0 0.11398598712516533
0.13711671508198017 -0.71488134219164101 0 0.11753563160948227
0.14732685881406637 -0.70724871843735071 0 0.1195235102205781
0.16482959457890414 -0.69399032240079861 0 0.12280204904006087
0.18227697349373609 -0.68055237724160289 0 0.12590564997456652
0.19240393404396619 -0.67264997794444292 0 0.12763069208383357
0.20975479019520729 -0.65893315602018177 0 0.13045242460426412
0.22703898771730779 -0.64504346780085819 0 0.13309285998015605
0.23706578488225694 -0.63688133398864832 0 0.13454551240223411
0.25423563307579156 -0.62272384639215295 0 0.13689475957030081
0.27132760162129232 -0.60840080759320048 0 0.13905729675068165
0.28123737657502279 -0.59998993013173629 0 0.14022942808521344
0.29819734529420938 -0.58541114631328528 0 0.14209300351381826
0.31506835519594789 -0.57067472798457541 0 0.14376546294307227
0.32484446225616154 -0.56202700150838492 0 0.14465045431867948
0.34156609446663283 -0.54704781675088743 0 0.14601781202675188
0.35818789137308882 -0.531919479834568 0 0.14719070436521423
0.36781398938234994 -0.52304764875504683 0 0.14778352424818436
0.38426939898228007 -0.50769038739433459 0 0.14864687819017619
0.40061435936373191 -0.49219298099539449 0 0.14931351222453865
0.4100745016521653 -0.48311057807476449 0 0.1496107737815171
0.42623652694157887 -0.46739888424563164 0 0.14996518681591706
0.44227780993089738 -0.45155653183253747 0 0.15012174613710794
0.45155653183253758 -0.44227780993089721 0 0.15012174613410284
0.46739888424563192 -0.42623652694157876 0 0.14996518680695042
0.48311057807476471 -0.4100745016521653 0 0.14961077377335208
0.49219298099539477 -0.40061435936373185 0 0.14931351221948611
0.50769038739433481 -0.38426939898227996 0 0.14864687818790731
0.52304764875504717 -0.36781398938234977 0 0.14778352424444682
0.53191947983456855 -0.35818789137308882 0 0.14719070435910336
0.54704781675088776 -0.34156609446663261 0 0.14601781202061817
0.56202700150838536 -0.32484446225616131 0 0.14465045431859161
0.57067472798457564 -0.31506835519594756 0 0.14376546294906348
0.58541114631328561 -0.2981973452942091 0 0.14209300353115867
0.5999899301317364 -0.28123737657502257 0 0.1402294281145452
0.60840080759320059 -0.27132760162129221 0 0.13905729678718434
0.62272384639215317 -0.25423563307579145 0 0.13689475961790201
0.63688133398864832 -0.23706578488225682 0 0.13454551245916821
0.64504346780085831 -0.22703898771730771 0 0.13309286004179904
0.65893315602018199 -0.20975479019520726 0 0.13045242467411147
0.67264997794444292 -0.19240393404396611 0 0.12763069216221926
0.68055237724160289 -0.18227697349373601 0 0.12590565005791993
0.69399032240079883 -0.16482959457890403 0 0.1228020491296014
0.70724871843735093 -0.14732685881406626 0 0.11952351031301175
0.71488134219164123 -0.13711671508198012 0 0.11753563170225007
0.72785080523030599 -0.11953536275533712 0 0.11398598721865838
0.74063469373287538 -0.10190997545193617 0 0.11026864055553766
0.74798848853844369 -0.091633658987525318 0 0.10802879532546726
0.76047444428535782 -0.073947545724750138 0 0.10405243139545405
0.77276947697459286 -0.056228679866704497 0 0.099916399326610825
0.77983640631333717 -0.045903141855932493 0 0.097436656724575202
0.79182558924239621 -0.028141332014790577 0 0.093054892121406926
0.80361919122223846 -0.010357954586101703 0 0.088522206625130495
0.81039225610882659 4.9454789541085583e-18 0 0.085815707421298515
0.82187319127365355 0.017808737925585839 0 0.081051631658625903
0.83315458624346317 0.035628011403333729 0 0.076146005356128185
0.83962783727509094 0.046001807331251553 0 0.073226826465729644
0.85059085653193534 0.06382914213449617 0 0.068105063317851114
0.86135107738579064 0.081656186215598073 0 0.062851648383551229
0.86751961834502778 0.092029557292474015 0 0.059734660706682007
0.87795686218095104 0.10984772884197115 0 0.05428112282240518
0.88818874738771658 0.12765503866924013 0 0.048706264760542482
0.89404873066181334 0.138012102126925 0 0.04540698951549569
0.90395413613789388 0.15579404636883881 0 0.039648629214386104
0.91365231248168388 0.17355485900079787 0 0.033779614736532008
0.91920092666669584 0.18388018436083531 0 0.030314075721714431
0.928570202160372 0.20159964855885817 0 0.024278632503737976
0.93773105458749595 0.21928805420560285 0 0.018143439454771017
0.94296650473864496 0.22956672613071455 0 0.014528018784797446
0.95179709232243914 0.24719837355113111 0 0.0082437743524353332
0.96041872178516408 0.2647894159986261 0 0.0018708307340694443
-0.24673066138611646 -0.96544984403469603 0 0.0017578725311956827
-0.22918111202872685 -0.95732944240916606 0 0.0077490861727252903
-0.21158636515114376 -0.94899094145527318 0 0.013661613274056161
-0.20132713945102057 -0.94403759286698063 0 0.017065317490332188
-0.18366881128693607 -0.9353539628907479 0 0.022844679431466352
-0.16597540548925618 -0.9264522736285089 0 0.028534354591363453
-0.15566348975469785 -0.9211712838386299 0 0.031803297071173388
-0.13792286789130007 -0.91192509690285717 0 0.037342472607672879
-0.12015772894020815 -0.90246161491067578 0 0.042781061432970599
-0.10980899043059247 -0.89685413344656795 0 0.045898866788751033
-0.09201366584028936 -0.88704795063566999 0 0.05116985426846779
-0.074204783786025366 -0.87702598513909669 0 0.056329549679125783
-0.063835689204041784 -0.87109428550708046 0 0.059280135243474898
-0.046014247175978296 -0.86073261543240365 0 0.064255516177835065
-0.028190559567717315 -0.85015744194282306 0 0.069109196846218926
-0.017818104720179882 -0.84390494979399 0 0.071876926568904251
8.2726398853179923e-17 -0.83299429261788993 0 0.076530132380614665
0.01780873792558596 -0.82187319127365377 0 0.081051631589324297
0.028167105902585109 -0.81530450403291232 0 0.083621473196424309
0.045951686473773852 -0.80385338047033716 0 0.087927054160145374
0.063715043725039597 -0.7921956589298661 0 0.092091426702925555
0.074041511006137969 -0.78531655624936592 0 0.094449106036976135
0.091761797299336728 -0.77333552050530197 0 0.098382996260983416
0.10944882003639284 -0.76115252042546533 0 0.10216678304505447
0.119725296902568 -0.75396996493612656 0 0.10429893759041181
0.13735009446466154 -0.74147160074007779 0 0.10783871578158113
0.15492946850181985 -0.72877668708743271 0 0.11122020010026451
0.16513768544969856 -0.72129881505206672 0 0.11311452591386108
0.18263554311057206 -0.7082977141819935 0 0.1162396641880452
0.20007576442050903 -0.69510624686559519 0 0.11919911559764061
0.21019737262165733 -0.68734234848171738 0 0.12084450674144741
0.22753675702935541 -0.67385507142516743 0 0.12353660476460226
0.24480630846203963 -0.66018435900295114 0 0.12605650585624964
0.254822983500959 -0.65214484825994123 0 0.12744318280642389
0.2719724586935206 -0.63818986693421598 0 0.12968618191011916
0.28903999095869931 -0.62405910242467411 0 0.13175143381268456
0.29893353868842476 -0.61575547658494778 0 0.13287105890629225
0.31586194866714756 -0.60135309932478187 0 0.13465143259123008
0.33269646349918108 -0.58678327844535305 0 0.13624953514874111
0.3424489267843922 -0.57822806738877874 0 0.13709531253359211
0.3591255789466547 -0.56340034670229455 0 0.13840222931270901
0.37569661227944967 -0.54841416914835928 0 0.13952343237130488
0.38529037735141775 -0.53962087498902434 0 0.14009019059172129
0.40168522457591377 -0.52439149887323522 0 0.14091564602704154
0.41796302750731218 -0.50901325353941962 0 0.1415530687297237
0.42738092863476124 -0.49999628108964311 0 0.14183732417948705
0.44346474779102368 -0.48439044897794314 0 0.14217623933232743
0.45942046311269102 -0.46864588429891901 0 0.14232595500285328
0.46864588429891924 -0.45942046311269102 0 0.14232595499998801
0.48439044897794326 -0.44346474779102357 0 0.14217623932395315
0.49999628108964334 -0.42738092863476118 0 0.14183732417232314
0.50901325353941995 -0.41796302750731212 0 0.14155306872579854
0.52439149887323555 -0.40168522457591371 0 0.14091564602453338
0.53962087498902467 -0.38529037735141758 0 0.14009019058417932
0.54841416914835961 -0.37569661227944962 0 0.13952343235855139
0.56340034670229489 -0.35912557894665453 0 0.13840222929751536
0.5782280673887793 -0.34244892678439193 0 0.13709531252566845
0.58678327844535327 -0.33269646349918092 0 0.13624953514902693
0.60135309932478231 -0.31586194866714734 0 0.13465143260506787
0.615755476584948 -0.29893353868842459 0 0.13287105893192988
0.62405910242467433 -0.28903999095869914 0 0.13175143384441404
0.63818986693421609 -0.27197245869352038 0 0.12968618195144999
0.65214484825994135 -0.25482298350095889 0 0.12744318285632827
0.66018435900295114 -0.24480630846203952 0 0.12605650591078912
0.67385507142516776 -0.22753675702935536 0 0.12353660482829708
0.68734234848171749 -0.21019737262165725 0 0.12084450681605263
0.6951062468655953 -0.20007576442050892 0 0.1191991156790432
0.70829771418199372 -0.18263554311057192 0 0.1162396642764609
0.72129881505206705 -0.16513768544969842 0 0.11311452600263792
0.7287766870874326 -0.15492946850181977 0 0.11122020018657891
0.74147160074007823 -0.13735009446466143 0 0.10783871586484699
0.75396996493612678 -0.1197252969025679 0 0.10429893767293731
0.76115252042546522 -0.10944882003639267 0 0.10216678312811756
0.77333552050530197 -0.091761797299336659 0 0.098382996345261833
0.7853165562493658 -0.074041511006137845 0 0.094449106122642595
0.79219565892986599 -0.063715043725039444 0 0.092091426789239261
0.80385338047033716 -0.045951686473773762 0 0.087927054243651978
0.81530450403291221 -0.028167105902585008 0 0.083621473271677474
0.82187319127365366 -0.017808737925585821 0 0.081051631657738044
0.83299429261788993 1.5757409305367603e-17 0 0.076530132440750562
0.84390494979399011 0.017818104720179983 0 0.071876926626118373
0.85015744194282317 0.028190559567717446 0 0.069109196903909403
0.86073261543240387 0.046014247175978379 0 0.06425551623588413
0.87109428550708035 0.063835689204041854 0 0.059280135300710975
0.87702598513909669 0.074204783786025449 0 0.056329549735259443
0.88704795063566999 0.092013665840289416 0 0.051169854320211108
0.89685413344656806 0.1098089904305925 0 0.045898866832768767
0.90246161491067556 0.12015772894020822 0 0.042781061471175011
0.91192509690285717 0.13792286789130012 0 0.03734247263678829
0.92117128383863012 0.15566348975469793 0 0.031803297092777585
0.92645227362850913 0.16597540548925629 0 0.028534354609323909
0.9353539628907479 0.18366881128693613 0 0.022844679444499791
0.94403759286698063 0.2013271394510206 0 0.017065317500125729
0.94899094145527352 0.21158636515114385 0 0.013661613282610365
0.95732944240916584 0.22918111202872685 0 0.0077490861783585437
0.96544984403469614 0.24673066138611646 0 0.0017578725326473847
-0.22867564314473449 -0.97012241065072413 0 0.0016427227408247233
-0.21116698145159804 -0.96251283627974527 0 0.0072444186786033184
-0.19360846956608613 -0.95467629704365908 0 0.012777058874698434
-0.18336827491723981 -0.95001091269371485 0 0.015964126059857104
-0.16573926330004116 -0.94181475746798038 0 0.021378959631671326
-0.14807109581075031 -0.93339110793797631 0 0.026713884232451877
-0.13777208590181611 -0.92838390758773481 0 0.029780880893993559
-0.1200507453465066 -0.91960042318252444 0 0.034980859549420804
-0.1023014497102111 -0.91058970508773163 0 0.040090129418570271
-0.091960453698495953 -0.90524108184045593 0 0.043020830562412932
-0.074176077967996551 -0.89587158571942205 0 0.04797817269949594
-0.056375408764982822 -0.8862759380153199 0 0.05283415276462506
-0.046009947972975987 -0.88058751914480149 0 0.055612554301928144
-0.028192980645454724 -0.87063547121394436 0 0.060299943485657231
-0.010371790246739673 -0.86045920086727978 0 0.064875574267416802
7.8410029130618912e-17 -0.85443388620948202 0 0.067486058116738398
0.017818104720180042 -0.84390494979399 0 0.071876926563992069
0.03562801140333384 -0.83315458624346339 0 0.076146005285987362
0.045987469040996931 -0.82679657679977903 0 0.078573501945252755
0.063774400843818746 -0.81569866232624033 0 0.082642311566325899
0.08154042651034335 -0.80438299407296965 0 0.086579775508932311
0.091868458455998364 -0.79769780996096729 0 0.088809929722441699
0.10959121956774563 -0.78604109992599547 0 0.092532455807595504
0.12728014824662023 -0.77417119192367356 0 0.096114664067237815
0.13755733374239723 -0.76716567894471122 0 0.098133997727694974
0.15518242017111364 -0.75496263299353317 0 0.10148760673848124
0.17276060287712433 -0.74255182376683992 0 0.10469261492438166
0.1829673034566541 -0.73523414801762244 0 0.10648868527785882
0.20046089703071759 -0.72249948723901447 0 0.10945260285369432
0.21789444743852007 -0.70956336495594752 0 0.11226042572761373
0.22801092235188652 -0.70194299509024705 0 0.11382197552668148
0.24533909147323738 -0.68869366495202133 0 0.11637753906943517
0.26259408943590362 -0.67525002200544126 0 0.11877039579301002
0.27260061522622742 -0.66733769894902339 0 0.12008749243175237
0.28972952202497243 -0.65359281064426933 0 0.12221838331714012
0.3067722225435171 -0.63966157665270362 0 0.12418092053807975
0.31664921534787183 -0.63146927078449677 0 0.12524508147184438
0.33354532673164444 -0.61725002112471494 0 0.1269375322166916
0.35034237180676342 -0.60285317463368937 0 0.1284570202628586
0.36007051086085573 -0.59439403066413143 0 0.12926132195323173
0.37670081080769341 -0.57972360103197151 0 0.13050429384047432
0.39321944148087024 -0.56488506057514143 0 0.1315707918789398
0.40277979224447574 -0.55617333057267249 0 0.13210996001120284
0.41911199259799381 -0.54107676582408726 0 0.13289528741745155
0.4353202584215492 -0.52582226137792021 0 0.13350177395640178
0.44469439371290831 -0.51687322661071444 0 0.13377225289617731
0.4606971407074727 -0.50137729518343577 0 0.13409475109860697
0.47656410387563647 -0.48573422140958927 0 0.13423721697927274
0.48573422140958938 -0.47656410387563636 0 0.13423721697725013
0.50137729518343588 -0.46069714070747264 0 0.13409475109271837
0.51687322661071466 -0.44469439371290825 0 0.13377225289120123
0.52582226137792054 -0.43532025842154909 0 0.13350177395374602
0.54107676582408759 -0.41911199259799364 0 0.13289528741561221
0.55617333057267293 -0.40277979224447558 0 0.13210996000528588
0.56488506057514198 -0.39321944148087012 0 0.13157079186895254
0.57972360103197185 -0.37670081080769319 0 0.13050429382900933
0.59439403066413177 -0.36007051086085551 0 0.12926132194845261
0.60285317463368959 -0.35034237180676314 0 0.12845702026529482
0.61725002112471528 -0.33354532673164411 0 0.12693753223071874
0.63146927078449699 -0.3166492153478716 0 0.12524508149551597
0.63966157665270373 -0.30677222254351688 0 0.12418092056655536
0.65359281064426955 -0.28972952202497226 0 0.12221838335379766
0.66733769894902339 -0.27260061522622725 0 0.1200874924766855
0.67525002200544126 -0.26259408943590351 0 0.11877039584284292
0.68869366495202156 -0.24533909147323732 0 0.11637753912845777
0.70194299509024705 -0.22801092235188647 0 0.11382197559595239
0.70956336495594763 -0.21789444743851999 0 0.11226042580301475
0.72249948723901491 -0.20046089703071743 0 0.10945260293505703
0.73523414801762277 -0.18296730345665396 0 0.10648868535873478
0.74255182376683981 -0.17276060287712425 0 0.10469261500239539
0.7549626329935335 -0.1551824201711135 0 0.1014876068129115
0.76716567894471133 -0.13755733374239709 0 0.098133997801039347
0.77417119192367334 -0.12728014824662007 0 0.096114664141014966
0.78604109992599558 -0.10959121956774553 0 0.092532455882723269
0.79769780996096706 -0.091868458455998239 0 0.088809929799510579
0.80438299407296954 -0.081540426510343211 0 0.086579775587187949
0.81569866232624033 -0.063774400843818663 0 0.08264231164347588
0.82679657679977892 -0.045987469040996841 0 0.078573502016883026
0.83315458624346339 -0.035628011403333715 0 0.076146005352690629
0.84390494979399 -0.017818104720179945 0 0.071876926623943002
0.85443388620948213 1.7642256554389255e-17 0 0.067486058172750787
0.86045920086727967 0.010371790246739804 0 0.064875574322335122
0.87063547121394447 0.028192980645454814 0 0.060299943539382055
0.88058751914480127 0.046009947972976049 0 0.0556125543551284
0.8862759380153199 0.056375408764982912 0 0.052834152817633449
0.89587158571942205 0.074176077967996593 0 0.047978172749442202
0.90524108184045615 0.091960453698496009 0 0.043020830605452851
0.91058970508773174 0.1023014497102112 0 0.040090129456038771
0.91960042318252422 0.12005074534650667 0 0.034980859577769911
0.92838390758773448 0.13777208590181617 0 0.029780880914234358
0.93339110793797642 0.1480710958107504 0 0.026713884248460367
0.9418147574679806 0.1657392633000413 0 0.021378959641603575
0.95001091269371496 0.18336827491723984 0 0.015964126065265601
0.95467629704365931 0.19360846956608624 0 0.012777058878171495
0.96251283627974538 0.2111669814515981 0 0.0072444186797605576
0.97012241065072424 0.22867564314473451 0 0.0016427227409065077
-0.21817345406717434 -0.9726778539595724 0 0.0015747453139309346
-0.20068812999070876 -0.96536978325050016 0 0.0069463147482108443
-0.18315022503657397 -0.95782973088504486 0 0.01225424346315351
-0.17292081539723181 -0.95333453101321575 0 0.015313039726725753
-0.15530834762856918 -0.94542662979184944 0 0.02051183528801628
-0.1376543276920871 -0.93728585106235662 0 0.025636267496043873
-0.12736250383467426 -0.93244074770983632 0 0.02858332550031116
-0.10965180952903769 -0.92393135091384004 0 0.033581669966741841
-0.091911139211583295 -0.9151890090828475 0 0.038494954370483676
-0.081574294238157333 -0.90999390249181278 0 0.0413142039783959
-0.063795667377623821 -0.9008835136474066 0 0.046084558527277046
-0.045999140073102344 -0.89154097696405932 0 0.050759273434622797
-0.035635417211538296 -0.88599706649170817 0 0.053434821517277964
-0.01782039891044589 -0.87628844688525287 0 0.05795004023995759
1.1628251570243161e-16 -0.86634937149662772 0 0.06235927204369409
0.010371790246739876 -0.86045920086727989 0 0.064875574263530522
0.028190559567717516 -0.85015744194282317 0 0.06910919683815131
0.046001807331251685 -0.83962783727509116 0 0.073226826393594152
0.056362280231912011 -0.83339532929243743 0 0.075568851339175708
0.074151225863040904 -0.82250790637946003 0 0.079495389119336082
0.091919433700432193 -0.81139618116951062 0 0.083296383842274349
0.10224873284473303 -0.80482666086856203 0 0.08544978526607834
0.11997352669305728 -0.79336346655802015 0 0.089045015418513354
0.13766412643134773 -0.78168045395083763 0 0.092505719915821877
0.14794203487855123 -0.77478065931510665 0 0.094457004178882253
0.16556779060224477 -0.76275401506855167 0 0.097698256095808553
0.18314573480012603 -0.75051297548184481 0 0.10079667676362583
0.19335179372164987 -0.74329105502659598 0 0.10253336731414184
0.21084327409177886 -0.73071569991881469 0 0.10539980122476673
0.22827324753117231 -0.71793230070954106 0 0.10811587909063382
0.23838688105375558 -0.71039779743348463 0 0.10962667238171403
0.25570871522840727 -0.69729085328778528 0 0.11209954195218119
0.27295535534520371 -0.68398312462858279 0 0.114415408106845
0.28295600013301342 -0.67614694605991621 0 0.11569031870613584
0.30007290825261207 -0.66252785862911179 0 0.11775321333497335
0.3171010318207686 -0.64871612540769608 0 0.11965342180513608
0.32696826979282345 -0.64059049971068838 0 0.12068391336113797
0.34384529207712655 -0.62648095597636855 0 0.12232297464580157
0.36062012525297577 -0.61218774595756853 0 0.12379470757081169
0.37033381772174195 -0.60378616431670729 0 0.12457380682153658
0.38693654507736119 -0.58920998641358857 0 0.12577791451790316
0.40342395376333107 -0.57445991534034702 0 0.12681115514286359
0.41296437520586016 -0.5657970610936105 0 0.1273335464483463
0.42925917824543181 -0.5507800778025389 0 0.12809446975627933
0.44542589565096435 -0.53559971254662464 0 0.12868213928841438
0.45477386528893682 -0.52669137779042341 0 0.12894423749551509
0.47072811862457464 -0.51126127497035312 0 0.12925674818239966
0.48654196689128226 -0.49567897626296847 0 0.12939480339553569
0.49567897626296864 -0.48654196689128215 0 0.12939480339428661
0.51126127497035323 -0.47072811862457453 0 0.12925674817872712
0.52669137779042363 -0.45477386528893682 0 0.12894423749231496
0.53559971254662497 -0.4454258956509643 0 0.12868213928659286
0.55078007780253924 -0.42925917824543158 0 0.12809446975523447
0.56579706109361083 -0.41296437520585993 0 0.12733354644557038
0.57445991534034757 -0.40342395376333096 0 0.12681115513825342
0.58920998641358879 -0.38693654507736092 0 0.12577791451369558
0.60378616431670762 -0.37033381772174173 0 0.12457380682292604
0.61218774595756897 -0.36062012525297543 0 0.12379470757757749
0.62648095597636888 -0.34384529207712633 0 0.12232297466135997
0.64059049971068871 -0.32696826979282323 0 0.12068391338434471
0.6487161254076963 -0.31710103182076843 0 0.11965342183235204
0.6625278586291119 -0.3000729082526119 0 0.1177532133696045
0.67614694605991632 -0.28295600013301331 0 0.11569031874902665
0.68398312462858268 -0.27295535534520354 0 0.11441540815488693
0.69729085328778551 -0.25570871522840721 0 0.1120995420090137
0.71039779743348475 -0.23838688105375547 0 0.10962667244716651
0.71793230070954128 -0.22827324753117217 0 0.10811587916082371
0.73071569991881502 -0.21084327409177869 0 0.10539980129957131
0.74329105502659631 -0.19335179372164976 0 0.10253336738868779
0.75051297548184481 -0.18314573480012594 0 0.1007966768360742
0.76275401506855167 -0.16556779060224464 0 0.097698256165688113
0.77478065931510687 -0.14794203487855112 0 0.094457004248117302
0.78168045395083774 -0.13766412643134762 0 0.092505719985492757
0.79336346655802015 -0.11997352669305719 0 0.08904501548924286
0.80482666086856203 -0.10224873284473292 0 0.085449785338102699
0.81139618116951073 -0.091919433700432041 0 0.083296383915044889
0.82250790637946003 -0.074151225863040821 0 0.079495389191620108
0.83339532929243731 -0.056362280231911914 0 0.075568851408500864
0.83962783727509105 -0.046001807331251532 0 0.073226826460176461
0.85015744194282317 -0.028190559567717426 0 0.069109196899953457
0.86045920086728001 -0.010371790246739777 0 0.064875574320707119
0.86634937149662772 1.1542749720461961e-17 0 0.062359272098322684
0.87628844688525287 0.017820398910445977 0 0.057950040291560291
0.88599706649170795 0.035635417211538359 0 0.053434821567710115
0.89154097696405932 0.045999140073102435 0 0.050759273484994344
0.9008835136474066 0.063795667377623877 0 0.046084558575145103
0.90999390249181289 0.081574294238157402 0 0.041314204020259621
0.91518900908284773 0.091911139211583393 0 0.038494954407410006
0.92393135091384004 0.10965180952903776 0 0.033581669995091559
0.93244074770983632 0.12736250383467432 0 0.028583325520305625
0.93728585106235662 0.13765432769208719 0 0.025636267511324241
0.94542662979184933 0.15530834762856924 0 0.020511835296160106
0.95333453101321597 0.17292081539723186 0 0.015313039729042719
0.95782973088504497 0.18315022503657399 0 0.012254243462770341
0.96536978325050038 0.20068812999070887 0 0.0069463147457756733
0.97267785395957262 0.21817345406717437 0 0.0015747453128854567
-0.20014437652777067 -0.97678917805452847 0 0.0014564963685483807
-0.18269806712102332 -0.97000602348388898 0 0.0064274206244266463
-0.16519445301699875 -0.96298253949955626 0 0.011343619741997034
-0.15498290967232314 -0.95878402466242374 0 0.014178573149518536
-0.13739769983455336 -0.95137892851588612 0 0.018999991025278107
-0.11976678814445138 -0.94373191650684829 0 0.023756266535226965
-0.10948659843248486 -0.9391699194142803 0 0.026493336010632234
-0.091792947748646478 -0.93113948316478168 0 0.031138320334161494
-0.074065820602476379 -0.92286643798354806 0 0.035707722387499745
-0.063735353030469566 -0.91793991933573804 0 0.038331223685535855
-0.04596528885146714 -0.90928308873311103 0 0.042772859839364061
-0.028174544035232497 -0.90038389553833775 0 0.047128542063074222
-0.017813023895374064 -0.89509322734939367 0 0.049622894626284587
7.8706493780693411e-17 -0.88581140598202213 0 0.053834536974869666
0.017820398910446084 -0.87628844688525287 0 0.057950040234711855
0.028192980645454894 -0.87063547121394447 0 0.060299943477371526
0.046014247175978455 -0.86073261543240387 0 0.064255516166888862
0.063829142134496294 -0.85059085653193556 0 0.068105063244849107
0.074192132220686699 -0.8445789323604842 0 0.070295665651332759
0.091985844913248557 -0.83406162510690307 0 0.073969958497093757
0.1097590749963834 -0.82330868153592107 0 0.077528757723238639
0.12009127286366704 -0.81694271845858157 0 0.07954583651950109
0.13782075908638361 -0.80582021978305984 0 0.082914812116457653
0.15551537071900551 -0.79446639666474494 0 0.086159361034789897
0.16579515391574118 -0.78775287421520634 0 0.08798949726937387
0.18342308551380712 -0.77603714656962397 0 0.091030591236982941
0.20100155923425544 -0.76409545410763491 0 0.093938975985206105
0.21120701807456743 -0.75704242576164993 0 0.095569727992168174
0.22869564704881717 -0.74474813253751604 0 0.098262143120431467
0.24612013829081425 -0.73223427387095985 0 0.10081432679993027
0.25622921816375904 -0.72485135500456932 0 0.10223439513888222
0.27354062462368633 -0.71199583121832177 0 0.10455937964201997
0.29077321560039698 -0.69892816212801911 0 0.10673747356963476
0.30076386518038883 -0.69122650148711551 0 0.10793685537938373
0.31786021444175988 -0.67782969600374932 0 0.10987796088883459
0.33486317387761516 -0.66422915606054478 0 0.11166647284456425
0.34471349728864387 -0.65622139059762552 0 0.11263660158291069
0.36155730268472491 -0.64230577980944181 0 0.11417991435502597
0.37829334986637175 -0.62819579509234225 0 0.1155659680235568
0.38798176070599605 -0.61989598834305015 0 0.11629983552845624
0.40453614845317848 -0.60548646177023047 0 0.11743417569432046
0.42096871787379236 -0.59089281983708963 0 0.11840769619661795
0.43047409290304955 -0.58231638433344624 0 0.11889995414435393
0.44670306521653086 -0.56744010317093851 0 0.11961703817807169
0.46279656797697927 -0.55239080152068554 0 0.12017089915435436
0.47209839823410749 -0.54355440605994176 0 0.1204179374147924
0.48796709083479495 -0.52824063624371476 0 0.12071249983412111
0.50368716894710097 -0.51276570604944016 0 0.12084262850394493
0.51276570604944027 -0.50368716894710097 0 0.12084262850389317
0.52824063624371498 -0.48796709083479484 0 0.1207124998340202
0.54355440605994199 -0.47209839823410749 0 0.12041793741484161
0.55239080152068598 -0.4627965679769791 0 0.12017089915458916
0.56744010317093885 -0.44670306521653058 0 0.11961703817889398
0.58231638433344668 -0.43047409290304922 0 0.11889995414611675
0.59089281983709019 -0.42096871787379214 0 0.1184076961991347
0.6054864617702308 -0.4045361484531782 0 0.11743417569916115
0.61989598834305071 -0.38798176070599572 0 0.11629983553701444
0.62819579509234247 -0.37829334986637142 0 0.11556596803487393
0.64230577980944203 -0.36155730268472452 0 0.11417991437142562
0.65622139059762574 -0.34471349728864364 0 0.11263660160472647
0.66422915606054511 -0.33486317387761499 0 0.11166647286971798
0.67782969600374954 -0.31786021444175971 0 0.10987796092054868
0.69122650148711551 -0.30076386518038878 0 0.10793685541876853
0.69892816212801911 -0.29077321560039693 0 0.1067374736138854
0.711995831218322 -0.27354062462368622 0 0.1045593796936887
0.72485135500456921 -0.25622921816375893 0 0.1022343951965478
0.73223427387095996 -0.24612013829081417 0 0.10081432686039134
0.74474813253751626 -0.22869564704881704 0 0.09826214318386238
0.75704242576165026 -0.21120701807456729 0 0.095569728056168979
0.76409545410763491 -0.20100155923425542 0 0.093938976048556652
0.77603714656962408 -0.18342308551380693 0 0.091030591299332511
0.78775287421520657 -0.16579515391574109 0 0.087989497331124336
0.79446639666474506 -0.1555153707190054 0 0.086159361096395104
0.80582021978306007 -0.13782075908638353 0 0.082914812178454075
0.81694271845858157 -0.1200912728636669 0 0.079545836582735743
0.82330868153592096 -0.10975907499638322 0 0.077528757787499611
0.83406162510690307 -0.091985844913248446 0 0.073969958562395188
0.84457893236048442 -0.074192132220686616 0 0.070295665716588948
0.85059085653193578 -0.063829142134496183 0 0.068105063309543995
0.86073261543240387 -0.046014247175978365 0 0.06425551622912308
0.87063547121394447 -0.028192980645454797 0 0.060299943535184197
0.87628844688525298 -0.017820398910445963 0 0.057950040289221377
0.88581140598202224 4.8584255420181116e-18 0 0.053834537024982761
0.89509322734939356 0.017813023895374133 0 0.049622894673965773
0.90038389553833775 0.028174544035232577 0 0.047128542110054579
0.90928308873311103 0.045965288851467195 0 0.042772859883574058
0.91793991933573826 0.063735353030469621 0 0.038331223724616718
0.92286643798354817 0.074065820602476462 0 0.035707722422594936
0.93113948316478146 0.091792947748646533 0 0.031138320361856417
0.93916991941428019 0.1094865984324849 0 0.026493336030400459
0.94373191650684851 0.11976678814445148 0 0.023756266550185309
0.95137892851588612 0.13739769983455341 0 0.018999991032287229
0.95878402466242396 0.15498290967232317 0 0.014178573149067408
0.96298253949955637 0.16519445301699887 0 0.011343619737673897
0.97000602348388909 0.18269806712102338 0 0.0064274206179868332
0.97678917805452858 0.20014437652777067 0 0.0014564963662014236
-0.18214401894562154 -0.98055001892696281 0 0.0013365183726219887
-0.16473499219989346 -0.97429997254399014 0 0.0059005106625647308
-0.14726390518603771 -0.96780162643855772 0 0.010418173980832631
-0.13706918653774336 -0.96390494592804565 0 0.013025094225016649
-0.11950941864075294 -0.95701176030538437 0 0.017461587087881467
-0.10189976630448616 -0.9498679200244976 0 0.021841741751934571
-0.091630119982568634 -0.94559462854700849 0 0.024364005931176581
-0.073951614731755433 -0.9380529689723518 0 0.028647086509177161
-0.05623610456300282 -0.93025925653767583 0 0.032863747322287723
-0.045910881842238974 -0.92560725572198721 0 0.035286209845013329
-0.028147417444188062 -0.91741430421917325 0 0.039389852681207711
-0.010360475222214192 -0.90896891553210024 0 0.04341701686954795
7.7255594666274898e-17 -0.90393763019561679 0 0.045724567016381022
0.017813023895374223 -0.89509322734939378 0 0.049622894621370282
0.035635417211538505 -0.88599706649170795 0 0.053434821509140765
0.046009947972976147 -0.8805875191448016 0 0.055612554292677502
0.063835689204041951 -0.87109428550708046 0 0.059280135233278929
0.081656186215598239 -0.86135107738579075 0 0.062851648313631131
0.09202281677547007 -0.85556594957457444 0 0.064885041918814196
0.10982319452569558 -0.84542938351999886 0 0.068297198236397808
0.12760329450164914 -0.83504576181181966 0 0.071603995331449108
0.13793943851726947 -0.82888944057349756 0 0.073479092640071561
0.15567536047926511 -0.81811798972770045 0 0.076612212723547499
0.17337564498847038 -0.8071035573710944 0 0.079631179510588776
0.18365822640628626 -0.80058216526313097 0 0.081334770593188666
0.20128983705587042 -0.78918726897734282 0 0.084166621833122679
0.21887022570551445 -0.77755462884623339 0 0.086876142717024193
0.22907583085898245 -0.77067603625158154 0 0.088395944623822012
0.24656277807987359 -0.75867213703852621 0 0.090905979102027287
0.26398280139206698 -0.74643689090644916 0 0.093286238118728937
0.27408784048526247 -0.73921070960813451 0 0.094611067510477528
0.2913895572596617 -0.72661523197867972 0 0.096780713546173888
0.30860864321210574 -0.71379594643596578 0 0.098813978868569671
0.31858951908385086 -0.70623350378935423 0 0.099933914046730882
0.33566551649556747 -0.69306679952540839 0 0.10174684737513114
0.35264328681080476 -0.67968493813173858 0 0.10341773269835532
0.36247656863077904 -0.67179923153345067 0 0.10432426093552509
0.37928673603464769 -0.65808449108466838 0 0.10576664871258948
0.39598330794355624 -0.6441643127082809 0 0.10706234511101971
0.405645907299647 -0.63596994445658395 0 0.10774849173460146
0.42215081521088971 -0.62173307483787732 0 0.10880920343101837
0.43852710415593193 -0.60730149883097484 0 0.1097196759442393
0.4479964508598524 -0.59881459188166941 0 0.11018011192946969
0.46415765192398578 -0.58408406215403963 0 0.11085089172655044
0.48017567051919502 -0.56917050171963801 0 0.11136903554099621
0.48942988539199617 -0.56040859725082715 0 0.1116001607590026
0.50521020872042499 -0.54521525336678334 0 0.111875756910313
0.52083335725711466 -0.52985141916203515 0 0.11199750909956807
0.52985141916203526 -0.52083335725711455 0 0.11199750910045933
0.54521525336678356 -0.50521020872042499 0 0.11187575691326314
0.56040859725082737 -0.48942988539199606 0 0.11160016076245641
0.56917050171963834 -0.48017567051919491 0 0.11136903554414031
0.58408406215403996 -0.46415765192398556 0 0.11085089172984657
0.59881459188166974 -0.44799645085985229 0 0.11018011193402687
0.60730149883097539 -0.43852710415593171 0 0.10971967594999033
0.62173307483787754 -0.42215081521088932 0 0.10880920343885037
0.63596994445658439 -0.40564590729964672 0 0.10774849174444333
0.64416431270828123 -0.39598330794355591 0 0.10706234512207474
0.65808449108466893 -0.3792867360346473 0 0.10576664872696698
0.67179923153345111 -0.36247656863077893 0 0.10432426095495118
0.67968493813173891 -0.35264328681080453 0 0.10341773272143513
0.69306679952540862 -0.33566551649556731 0 0.10174684740455239
0.70623350378935434 -0.31858951908385075 0 0.099933914082406511
0.71379594643596567 -0.30860864321210563 0 0.098813978907794697
0.72661523197868005 -0.29138955725966165 0 0.096780713590583101
0.73921070960813462 -0.2740878404852623 0 0.094611067558809936
0.74643689090644938 -0.26398280139206687 0 0.093286238168793181
0.75867213703852632 -0.24656277807987348 0 0.090905979154536298
0.77067603625158188 -0.22907583085898234 0 0.088395944678165819
0.77755462884623361 -0.21887022570551437 0 0.086876142772109005
0.78918726897734293 -0.20128983705587028 0 0.084166621888204424
0.80058216526313131 -0.18365822640628618 0 0.081334770646560556
0.8071035573710944 -0.17337564498847027 0 0.07963117956239725
0.81811798972770045 -0.15567536047926497 0 0.076612212774938571
0.82888944057349745 -0.13793943851726934 0 0.073479092694356707
0.83504576181181966 -0.12760329450164901 0 0.0716039953886769
0.84542938351999875 -0.10982319452569546 0 0.068297198296930706
0.85556594957457466 -0.092022816775469987 0 0.064885041979898375
0.86135107738579075 -0.081656186215598073 0 0.062851648373876981
0.87109428550708046 -0.063835689204041868 0 0.059280135291625992
0.88058751914480171 -0.046009947972976049 0 0.05561255434876685
0.88599706649170795 -0.035635417211538373 0 0.053434821563739507
0.89509322734939378 -0.01781302389537414 0 0.049622894672910874
0.90393763019561679 -7.7255594666274895e-18 0 0.045724567064213101
0.90896891553210024 0.010360475222214272 0 0.043417016914926526
0.91741430421917314 0.028147417444188111 0 0.039389852721888614
0.92560725572198743 0.045910881842239015 0 0.035286209880396581
0.93025925653767583 0.056236104563002896 0 0.032863747354326019
0.9380529689723518 0.073951614731755502 0 0.028647086535195911
0.94559462854700826 0.091630119982568647 0 0.02436400595086103
0.94986792002449771 0.10189976630448623 0 0.021841741767765967
0.95701176030538437 0.11950941864075303 0 0.01746158709644904
0.96390494592804588 0.13706918653774339 0 0.013025094225465722
0.96780162643855794 0.14726390518603782 0 0.010418173976521066
0.97429997254399048 0.16473499219989354 0 0.0059005106553712463
0.98055001892696292 0.18214401894562157 0 0.0013365183699356521
-0.17168491351398121 -0.98257889112092378 0 0.0012659426085689623
-0.1542966282099153 -0.97664265518016879 0 0.0055903613982157055
-0.13684350384104893 -0.97045366954608903 0 0.0098730864130825331
-0.12665800837418814 -0.96673490900725156 0 0.012345439742060449
-0.10911206095269833 -0.96014365590634931 0 0.016554554739977374
-0.091513782992505163 -0.9532968148792007 0 0.020712250933150218
-0.081249686482674457 -0.94919403188499463 0 0.023107339308696517
-0.063578979683251741 -0.94194120594474084 0 0.027175949181888898
-0.045869204624419749 -0.9344309462743956 0 0.031183314498068417
-0.035546433405423884 -0.92994137018538159 0 0.033486376888146839
-0.017785772016454763 -0.9220230303536312 0 0.037389097002181071
9.9142606284480611e-17 -0.9138464677459095 0 0.041220744512471742
0.010360475222214369 -0.90896891553210035 0 0.043417016866046362
0.02817454403523267 -0.90038389553833775 0 0.047128542055476869
0.045999140073102573 -0.89154097696405943 0 0.050759273425742428
0.056375408764983016 -0.8862759380153199 0 0.05283415275613737
0.074204783786025547 -0.87702598513909646 0 0.05632954967074056
0.092029557292474182 -0.86751961834502789 0 0.059734660640204024
0.10239888993267873 -0.86186932537449057 0 0.06167388808484002
0.12020413182842574 -0.85195921424398513 0 0.06492890923685167
0.13798918883787481 -0.84179537097017032 0 0.068084501197392774
0.14832817317858549 -0.8357638550235289 0 0.069874342326186306
0.16606874633441196 -0.82520147312232839 0 0.072865739208329922
0.18377319673716067 -0.81438926283517843 0 0.075749036772468803
0.19405788822777434 -0.80798239061596033 0 0.077376467973802585
0.21169242612106193 -0.79677879254887884 0 0.080082309847783681
0.22927465737809713 -0.78533050391443804 0 0.082671976661527161
0.23948074211224904 -0.77855599589608793 0 0.084124867336897988
0.25696733321230775 -0.76672542394517085 0 0.086524851662517568
0.2743853032650182 -0.7546565317870596 0 0.088801297001471491
0.28448827145082145 -0.74752395990309295 0 0.090068585896794603
0.3017847620290427 -0.73508382898475899 0 0.092144336264580545
0.3189963075685896 -0.72241296508643738 0 0.09409000584207923
0.32897163519349987 -0.71493372916328923 0 0.095161866703491887
0.34603594488490252 -0.70190457496394665 0 0.096897210322025848
0.36299910063419116 -0.68865346177035702 0 0.098496854076514054
0.37282243671347148 -0.68084074428455299 0 0.099364846728149742
0.38961288221419599 -0.66724613408743005 0 0.10074606477394868
0.40628620645771257 -0.65343948111764061 0 0.10198697490554444
0.4159335630314614 -0.64530818030757187 0 0.10264417783875686
0.43240918496653064 -0.63117458680636829 0 0.1036602221919472
0.44875208625909063 -0.61683995038355111 0 0.10453243533057367
0.45820002814788052 -0.60840659221258664 0 0.1049735564101139
0.47432091591683578 -0.59376323141307141 0 0.10561622710096732
0.49029397572713318 -0.57893083912527454 0 0.10611268512932555
0.49951980697875209 -0.57021346906179604 0 0.10633414734229044
0.51524741629637572 -0.55509210417367361 0 0.10659822583813548
0.53081270230594557 -0.53979464627091334 0 0.10671489106583
0.53979464627091345 -0.53081270230594557 0 0.10671489106714024
0.55509210417367383 -0.5152474162963756 0 0.10659822584256121
0.57021346906179626 -0.49951980697875198 0 0.10633414734768241
0.57893083912527488 -0.49029397572713301 0 0.10611268513441202
0.59376323141307175 -0.47432091591683556 0 0.1056162271058857
0.60840659221258708 -0.45820002814788025 0 0.10497355641557793
0.61683995038355166 -0.44875208625909047 0 0.10453243533665288
0.63117458680636873 -0.4324091849665303 0 0.10366022219913004
0.64530818030757209 -0.41593356303146106 0 0.10264417784703576
0.65343948111764105 -0.4062862064577123 0 0.10198697491456388
0.66724613408743039 -0.38961288221419571 0 0.10074606478603432
0.68084074428455332 -0.37282243671347121 0 0.099364846745792823
0.68865346177035724 -0.362999100634191 0 0.098496854098373735
0.70190457496394709 -0.34603594488490236 0 0.096897210350363944
0.71493372916328923 -0.32897163519349976 0 0.095161866736992104
0.72241296508643749 -0.31899630756858949 0 0.094090005878007227
0.73508382898475932 -0.30178476202904259 0 0.092144336304117613
0.74752395990309306 -0.28448827145082134 0 0.090068585939292206
0.75465653178705983 -0.27438530326501814 0 0.088801297045427149
0.76672542394517107 -0.25696733321230764 0 0.086524851709023146
0.77855599589608826 -0.23948074211224893 0 0.084124867386079841
0.78533050391443815 -0.22927465737809705 0 0.082671976712187206
0.79677879254887884 -0.21169242612106179 0 0.080082309898765539
0.80798239061596056 -0.19405788822777423 0 0.077376468022021319
0.81438926283517876 -0.18377319673716055 0 0.075749036818027013
0.82520147312232828 -0.16606874633441182 0 0.072865739252982453
0.8357638550235289 -0.14832817317858538 0 0.06987434237531516
0.84179537097017021 -0.13798918883787467 0 0.068084501251155019
0.85195921424398502 -0.12020413182842561 0 0.064928909295453474
0.86186932537449057 -0.10239888993267864 0 0.061673888143425427
0.86751961834502789 -0.092029557292474043 0 0.05973466069684872
0.87702598513909646 -0.074204783786025449 0 0.056329549725140558
0.88627593801532001 -0.056375408764982919 0 0.052834152810283232
0.89154097696405943 -0.045999140073102442 0 0.050759273480430023
0.90038389553833775 -0.028174544035232587 0 0.047128542108932872
0.90896891553210013 -0.010360475222214297 0 0.04341701691508601
0.9138464677459095 -1.5752190931797405e-17 0 0.04122074455764696
0.9220230303536312 0.017785772016454818 0 0.037389097040929388
0.9299413701853817 0.035546433405423919 0 0.033486376921080079
0.9344309462743956 0.045869204624419825 0 0.031183314527879976
0.94194120594474096 0.063578979683251796 0 0.027175949206523744
0.94919403188499452 0.081249686482674499 0 0.023107339328353241
0.95329681487920093 0.09151378299250526 0 0.020712250949915079
0.96014365590634931 0.1091120609526984 0 0.016554554750480482
0.9667349090072519 0.1266580083741882 0 0.012345439744500837
0.97045366954608925 0.13684350384104899 0 0.0098730864104024409
0.97664265518016891 0.15429662820991535 0 0.0055903613919547025
0.98257889112092389 0.17168491351398124 0 0.0012659426060960331
-0.15374882001537749 -0.98579292268251517 0 0.0011435894244333597
-0.13639426902857674 -0.98040159546223404 0 0.0050523073029756635
-0.1189700904878111 -0.97475022138126166 0 0.0089268104252645392
-0.10879931933805381 -0.97134084590382963 0 0.011165086317847711
-0.091275176385464937 -0.96527494500100575 0 0.0149782619314542
-0.07369448438413248 -0.95894526663396795 0 0.018748062485065876
-0.063438777366457491 -0.95513956512878606 0 0.020921158969757752
-0.045779489336507051 -0.94839027460734548 0 0.024615019110179642
-0.028077575480529724 -0.94137452704523872 0 0.02825620471881421
-0.017757851943341958 -0.93716847661392688 0 0.030350151329846746
7.9275752076337041e-17 -0.929729757300084 0 0.033900634864473173
0.017785772016454943 -0.92202303035363131 0 0.03738909699677595
0.028147417444188222 -0.91741430421917325 0 0.039389852672575359
0.045965288851467313 -0.90928308873311126 0 0.042772859827839495
0.063795667377624057 -0.90088351364740682 0 0.046084558516644746
0.074176077967996731 -0.89587158571942227 0 0.047978172690843014
0.092013665840289541 -0.88704795063567021 0 0.051169854261196267
0.10984772884197136 -0.87795686218095126 0 0.054281122762252054
0.12022281822545554 -0.87254309649346407 0 0.056053918880657222
0.13803829846771351 -0.86303040716193125 0 0.059030990556523541
0.1558337032034012 -0.85325247671722826 0 0.061918846238651799
0.16617860617805635 -0.84744019923538561 0 0.063557601351483167
0.18392890193144432 -0.83724522305752991 0 0.066297657290659937
0.20164216457364847 -0.82678855862184986 0 0.068940122098069101
0.21193140486326245 -0.82058310912470467 0 0.070432255939982993
0.22957248305317834 -0.80971609348532469 0 0.072914092232399516
0.24715928527421085 -0.79859230301249351 0 0.07529051295512354
0.25736695835570911 -0.79200106505281787 0 0.076624272673479044
0.27485415098045496 -0.78047577665571333 0 0.078828202898702807
0.29226966972327445 -0.7686999917097902 0 0.080919563969593822
0.30236963838704595 -0.76173239902533629 0 0.082084204508784453
0.31965798430433612 -0.74956612206230211 0 0.083992364879576176
0.33685724021681351 -0.73715697951975212 0 0.085781586588200107
0.34682334010515647 -0.7298244977158892 0 0.086767540729998635
0.36386794238116549 -0.71703798909826877 0 0.088364175318144805
0.38080616173707327 -0.7040175694633275 0 0.089836389561781096
0.39061241374375166 -0.69633365229325028 0 0.090635423711209445
0.40736880704264644 -0.68295105307215243 0 0.091907142867460309
0.42400179143454347 -0.66934477489928723 0 0.093049939166672618
0.43362261755921205 -0.661324795020097 0 0.093655290517541845
0.45004713959788417 -0.64737349808811773 0 0.094591295284000898
0.46633163729212984 -0.63320996899087434 0 0.095394930339045975
0.47574207634167393 -0.62487112365393227 0 0.09580142172223946
0.49179223713812281 -0.61038159882575593 0 0.096393688037479136
0.50768630975188789 -0.59569242456108529 0 0.096851252807127891
0.51686222917788793 -0.58705361728298744 0 0.097055381828967668
0.53249707170000948 -0.5720591958591883 0 0.097298799153645532
0.54796044980929337 -0.55687874997431097 0 0.097406338718422511
0.55687874997431108 -0.54796044980929326 0 0.097406338720036123
0.57205919585918852 -0.53249707170000937 0 0.097298799159168697
0.58705361728298788 -0.51686222917788782 0 0.097055381835866067
0.59569242456108562 -0.50768630975188767 0 0.096851252813794766
0.61038159882575616 -0.49179223713812253 0 0.096393688044022527
0.6248711236539326 -0.4757420763416737 0 0.095801421729297398
0.63320996899087489 -0.46633163729212973 0 0.095394930346637791
0.64737349808811817 -0.45004713959788378 0 0.094591295292016778
0.66132479502009744 -0.43362261755921178 0 0.093655290525231721
0.66934477489928779 -0.4240017914345432 0 0.093049939174014731
0.68295105307215265 -0.40736880704264616 0 0.091907142876774262
0.6963336522932505 -0.39061241374375155 0 0.09063542372613817
0.70401756946332794 -0.38080616173707305 0 0.089836389581401971
0.7170379890982691 -0.36386794238116527 0 0.088364175344506649
0.72982449771588931 -0.34682334010515642 0 0.086767540760900042
0.73715697951975234 -0.33685724021681335 0 0.085781586620797295
0.74956612206230222 -0.31965798430433595 0 0.083992364914441814
0.76173239902533629 -0.30236963838704578 0 0.082084204545244177
0.76869999170979042 -0.29226966972327445 0 0.080919564006743008
0.78047577665571333 -0.27485415098045479 0 0.078828202937709438
0.79200106505281787 -0.25736695835570905 0 0.076624272715342209
0.79859230301249362 -0.24715928527421077 0 0.075290512998897274
0.80971609348532492 -0.22957248305317826 0 0.072914092276699968
0.82058310912470489 -0.21193140486326237 0 0.070432255980894309
0.82678855862184997 -0.20164216457364831 0 0.068940122135670703
0.83724522305753013 -0.18392890193144418 0 0.066297657327196807
0.84744019923538561 -0.16617860617805624 0 0.063557601393741336
0.85325247671722815 -0.15583370320340106 0 0.061918846286786601
0.86303040716193125 -0.13803829846771337 0 0.059030990610663067
0.87254309649346407 -0.12022281822545544 0 0.056053918934465125
0.87795686218095126 -0.10984772884197123 0 0.054281122813414406
0.88704795063567021 -0.092013665840289444 0 0.051169854310355291
0.89587158571942249 -0.074176077967996634 0 0.047978172742141952
0.90088351364740671 -0.063795667377623919 0 0.046084558570661537
0.90928308873311126 -0.04596528885146723 0 0.042772859882668837
0.91741430421917325 -0.028147417444188149 0 0.039389852722479558
0.9220230303536312 -0.017785772016454853 0 0.037389097041504303
0.92972975730008389 -2.2923109034121554e-17 0 0.033900634901049227
0.93716847661392688 0.017757851943341989 0 0.030350151359863978
0.94137452704523861 0.028077575480529797 0 0.028256204745719528
0.94839027460734548 0.045779489336507107 0 0.024615019132603541
0.95513956512878584 0.063438777366457519 0 0.020921158988737112
0.95894526663396795 0.073694484384132522 0 0.018748062502359091
0.96527494500100575 0.091275176385465021 0 0.014978261944049415
0.97134084590382974 0.10879931933805385 0 0.011165086323161797
0.97475022138126222 0.11897009048781118 0 0.0089268104255464352
0.98040159546223427 0.13639426902857679 0 0.0050523072990384735
0.98579292268251517 0.15374882001537749 0 0.0011435894226309658
-0.13586486968929123 -0.98866658694181364 0 0.0010199587994312897
-0.1185413321834726 -0.98382688242632577 0 0.0045081661740010324
-0.10114336680457657 -0.97872030533131338 0 0.0079690010562580953
-0.09098572343739969 -0.97562470211136065 0 0.0099697457186578402
-0.07348063048425782 -0.970092023973531 0 0.013380601972381959
-0.055914755664199095 -0.96428777235423879 0 0.016755584761693507
-0.045665820402639765 -0.96078413066580359 0 0.018702421436623373
-0.028015161601075696 -0.95454719773194496 0 0.0220138378897228
-0.010318308968032789 -0.94803509563879451 0 0.025280717481599164
6.2550729459366238e-17 -0.94411801668886164 0 0.02716063050799598
0.017757851943342097 -0.93716847661392677 0 0.030350151325011402
0.035546433405424044 -0.92994137018538148 0 0.033486376878461198
0.045910881842239112 -0.92560725572198721 0 0.035286209832642634
0.063735353030469705 -0.91793991933573804 0 0.038331223670995507
0.081574294238157555 -0.90999390249181278 0 0.041314203965120984
0.09196045369849612 -0.90524108184045604 0 0.043020830551211517
0.10980899043059263 -0.89685413344656795 0 0.045898866779467716
0.12765503866924033 -0.88818874738771669 0 0.04870626470688702
0.13803743098847629 -0.88301758826185783 0 0.050306759555788789
0.15586575965633534 -0.87391276639087379 0 0.052995787073518319
0.17367405292464586 -0.86453116747703718 0 0.055605825709622976
0.18402631639855585 -0.85894416744989444 0 0.05708764551782812
0.20178873994680371 -0.84912691081269509 0 0.05956638720443426
0.21951311683615943 -0.83903600171327131 0 0.061958167525055632
0.22980819254743143 -0.83303785745470582 0 0.063309337108134925
0.24745792052824994 -0.8225174112718574 0 0.065557589609096883
0.26505126227406223 -0.81172793077762029 0 0.067711409568805669
0.27526159842785114 -0.80532558248390063 0 0.068920706941016915
0.29275110667094956 -0.79411506097889151 0 0.070919657162739749
0.31016570701460455 -0.7826416285492509 0 0.072817325611200134
0.32026347857283927 -0.77584427742206707 0 0.073874463114420919
0.33754489352583072 -0.76396067905548259 0 0.075606995173160607
0.35473285109031144 -0.75182179102783864 0 0.077232132558999869
0.3646901914659913 -0.74464088818402729 0 0.078127928638439356
0.38171569338406286 -0.73210506115445995 0 0.079578912353284931
0.39862932043521948 -0.71932303654662599 0 0.080917230035623372
0.40841856154744782 -0.71177224234832814 0 0.081643767213831625
0.42514079996379189 -0.698608798968679 0 0.082800320462964289
0.44173304074202141 -0.68520967393141319 0 0.083839870844483161
0.45132695736241313 -0.67730478739947542 0 0.084390635341543563
0.46769947168968051 -0.6635419671402828 0 0.085242352681984462
0.48392432298883775 -0.64955533832809687 0 0.085973742906423081
0.49329637704980273 -0.6413141970167674 0 0.086343741847605987
0.50927401477954226 -0.62698367925045073 0 0.08688288263854721
0.52508694115018173 -0.6124424976319004 0 0.087299445376317078
0.53421152155086937 -0.60388484907429796 0 0.087485297971759732
0.54975084635649185 -0.58902151780973477 0 0.087706928247775554
0.5651091822394898 -0.57396183568607684 0 0.087804844443770944
0.57396183568607695 -0.56510918223948969 0 0.087804844445133687
0.589021517809735 -0.54975084635649174 0 0.087706928252446789
0.60388484907429829 -0.53421152155086926 0 0.087485297977609761
0.61244249763190084 -0.52508694115018162 0 0.087299445382031715
0.62698367925045118 -0.50927401477954226 0 0.086882882645035991
0.64131419701676762 -0.49329637704980256 0 0.086343741856484107
0.6495553383280972 -0.48392432298883759 0 0.085973742917242052
0.66354196714028324 -0.46769947168968024 0 0.085242352694158141
0.67730478739947575 -0.45132695736241285 0 0.084390635352157142
0.68520967393141352 -0.44173304074202113 0 0.0838398708531677
0.69860879896867945 -0.42514079996379167 0 0.08280032047141897
0.71177224234832848 -0.4084185615474476 0 0.081643767226632857
0.71932303654662622 -0.3986293204352192 0 0.080917230052808764
0.73210506115446039 -0.38171569338406269 0 0.079578912377447519
0.74464088818402741 -0.36469019146599113 0 0.078127928668346142
0.75182179102783897 -0.35473285109031133 0 0.077232132591635763
0.76396067905548282 -0.3375448935258305 0 0.075606995208708283
0.77584427742206707 -0.3202634785728391 0 0.073874463150539374
0.78264162854925112 -0.3101657070146045 0 0.072817325646736056
0.79411506097889184 -0.29275110667094945 0 0.0709196571981138
0.80532558248390063 -0.27526159842785103 0 0.068920706977625673
0.81172793077762051 -0.26505126227406212 0 0.06771140960660442
0.82251741127185762 -0.24745792052824989 0 0.065557589647194367
0.83303785745470604 -0.22980819254743132 0 0.063309337143974964
0.83903600171327131 -0.21951311683615923 0 0.061958167558734678
0.84912691081269531 -0.20178873994680355 0 0.059566387237844742
0.85894416744989432 -0.18402631639855568 0 0.057087645555988893
0.86453116747703707 -0.17367405292464572 0 0.055605825752436479
0.87391276639087356 -0.15586575965633517 0 0.05299578712139015
0.88301758826185772 -0.13803743098847618 0 0.05030675960416018
0.88818874738771669 -0.12765503866924019 0 0.04870626475379989
0.89685413344656795 -0.10980899043059254 0 0.045898866825949285
0.90524108184045615 -0.091960453698496036 0 0.043020830600580123
0.90999390249181278 -0.08157429423815743 0 0.0413142040173081
0.91793991933573782 -0.063735353030469635 0 0.038331223724257894
0.92560725572198699 -0.045910881842239043 0 0.035286209881451459
0.92994137018538137 -0.035546433405423954 0 0.033486376922430561
0.93716847661392677 -0.017757851943342038 0 0.030350151360987537
0.94411801668886153 -2.843214975425738e-17 0 0.02716063053697268
0.94803509563879462 0.010318308968032866 0 0.025280717506988442
0.95454719773194507 0.028015161601075748 0 0.022013837910267314
0.96078413066580326 0.045665820402639785 0 0.018702421454044299
0.96428777235423901 0.055914755664199164 0 0.016755584777916388
0.970092023973531 0.073480630484257875 0 0.0133806019851061
0.97562470211136076 0.090985723437399732 0 0.0099697457257305923
0.97872030533131349 0.10114336680457664 0 0.0079690010593308665
0.98382688242632577 0.11854133218347264 0 0.0045081661730591166
0.98866658694181375 0.13586486968929123 0 0.0010199587986220726
-0.12548403803665092 -0.99018407685433452 0 0.00094746325840772822
-0.10817716030722728 -0.98566827000784363 0 0.0041888693177654463
-0.090793057736118218 -0.98088184856604321 0 0.0074065813901506147
-0.080642242067346048 -0.97797075637907593 0 0.0092675690426982545
-0.063146836388593489 -0.97275183485187544 0 0.012441460741558346
-0.045588180878276784 -0.96725699759268235 0 0.015583584520089237
-0.035342367538579313 -0.96393134325166407 0 0.017396833100694821
-0.0176953203670293 -0.95799649729309078 0 0.02048221906262563
1.0587153287431162e-16 -0.95178156875724473 0 0.023527593565571304
0.010318308968032954 -0.94803509563879473 0 0.025280717478848021
0.028077575480529905 -0.94137452704523839 0 0.028256204711451221
0.045869204624419971 -0.93443094627439549 0 0.031183314486394716
0.056236104563003 -0.93025925653767561 0 0.032863747308346368
0.074065820602476559 -0.92286643798354784 0 0.035707722371618143
0.091911139211583517 -0.9151890090828475 0 0.03849495435537973
0.10230144971021132 -0.91058970508773163 0 0.040090129405011367
0.12015772894020835 -0.90246161491067556 0 0.042781061421348
0.13801210212692519 -0.89404873066181323 0 0.045406989465726334
0.14839951868363568 -0.88902153960175723 0 0.046904498157082551
0.16623663160388874 -0.88015886587139125 0 0.049421222341572535
0.1840536981408519 -0.87101269828861128 0 0.05186490830773513
0.19441096766163476 -0.86555957652478643 0 0.053252682566125309
0.21218165518912541 -0.85596688444980518 0 0.055574714559726818
0.22991365588676307 -0.84609353647681274 0 0.05781602159870719
0.24021277439841621 -0.84021875027532655 0 0.059082515609387501
0.25786859852544541 -0.82990460743860883 0 0.061190365296595391
0.27546674015874134 -0.81931422050173652 0 0.063210273403074155
0.28567917043999264 -0.8130244002148419 0 0.064344647656498388
0.30317089767746047 -0.80200145477376472 0 0.066220133908450232
0.32058574773652915 -0.79070826763546753 0 0.068001051855885633
0.33068265392154195 -0.78401243282854449 0 0.068993353046605796
0.34796066613769461 -0.77229744067134987 0 0.070619908974684273
0.36514257261049893 -0.7603197959574981 0 0.072145973918428016
0.37509506821578753 -0.75322934955810372 0 0.072987306332985294
0.39210979447935573 -0.74084314744951185 0 0.074350267324597721
0.40900932392386996 -0.72820344333238973 0 0.075607623870891663
0.41878872922210664 -0.72073213355129184 0 0.076290307313658295
0.43549109140154707 -0.70769955650342098 0 0.077377173501962673
0.45205947777538236 -0.69442414227759319 0 0.078354224189494309
0.46163758201400729 -0.68658799180390606 0 0.078871933900400218
0.47797944621545702 -0.67293773423365177 0 0.07967259938134999
0.49416904234526765 -0.65905674988211471 0 0.080360219055606447
0.50351836600740929 -0.65087395265953873 0 0.080708103339280093
0.51945299149058988 -0.63663837429403325 0 0.081215045055426524
0.53521771471586299 -0.62218553555768874 0 0.081606752442758709
0.54431176686423943 -0.61367632227644053 0 0.081781524310224563
0.55979424388641852 -0.59889120119080619 0 0.081989944686142513
0.5750900073269174 -0.58390353307027731 0 0.082082025845498674
0.58390353307027754 -0.57509000732691729 0 0.082082025846499249
0.59889120119080663 -0.55979424388641852 0 0.081989944689559335
0.6136763222764412 -0.54431176686423932 0 0.081781524314473858
0.62218553555768918 -0.53521771471586288 0 0.081606752446938727
0.63663837429403369 -0.51945299149058977 0 0.081215045061204874
0.65087395265953907 -0.50351836600740907 0 0.080708103349204599
0.65905674988211516 -0.49416904234526748 0 0.080360219068810607
0.672937734233652 -0.47797944621545679 0 0.07967259939704481
0.68658799180390651 -0.46163758201400701 0 0.078871933913959066
0.69442414227759364 -0.45205947777538219 0 0.078354224200091027
0.70769955650342131 -0.43549109140154679 0 0.077377173510701586
0.72073213355129229 -0.41878872922210647 0 0.076290307325492399
0.72820344333239007 -0.40900932392386968 0 0.075607623886593367
0.74084314744951207 -0.39210979447935551 0 0.074350267347343832
0.75322934955810383 -0.37509506821578731 0 0.072987306362829615
0.76031979595749832 -0.36514257261049882 0 0.072145973952259385
0.77229744067135009 -0.34796066613769444 0 0.070619909012568982
0.78401243282854483 -0.33068265392154189 0 0.068993353084660161
0.79070826763546753 -0.32058574773652898 0 0.06800105189248197
0.80200145477376505 -0.30317089767746042 0 0.066220133943263149
0.81302440021484201 -0.28567917043999247 0 0.064344647690916398
0.81931422050173675 -0.27546674015874117 0 0.063210273437800876
0.82990460743860905 -0.25786859852544536 0 0.061190365331295994
0.84021875027532655 -0.24021277439841604 0 0.059082515643153234
0.84609353647681274 -0.22991365588676288 0 0.057816021631669552
0.85596688444980507 -0.21218165518912527 0 0.055574714593241425
0.86555957652478632 -0.19441096766163463 0 0.053252682602954744
0.87101269828861128 -0.18405369814085176 0 0.051864908347543121
0.88015886587139114 -0.1662366316038886 0 0.04942122238505843
0.889021539601757 -0.14839951868363555 0 0.046904498201980963
0.89404873066181356 -0.13801210212692505 0 0.045406989510579011
0.90246161491067556 -0.12015772894020825 0 0.042781061467175606
0.91058970508773163 -0.10230144971021123 0 0.040090129453493099
0.9151890090828475 -0.091911139211583393 0 0.038494954405917013
0.92286643798354784 -0.074065820602476476 0 0.035707722422686702
0.93025925653767549 -0.056236104563002924 0 0.032863747355639884
0.9344309462743956 -0.045869204624419888 0 0.031183314529709127
0.94137452704523827 -0.028077575480529842 0 0.028256204747637979
0.94803509563879462 -0.010318308968032921 0 0.025280717507934536
0.95178156875724451 -3.1773249565286171e-17 0 0.023527593590624878
0.95799649729309078 0.017695320367029348 0 0.020482219082222856
0.96393134325166374 0.035342367538579333 0 0.017396833116864071
0.96725699759268235 0.045588180878276853 0 0.015583584535041847
0.97275183485187522 0.063146836388593544 0 0.012441460753537375
0.97797075637907616 0.080642242067346104 0 0.0092675690502885093
0.98088184856604343 0.090793057736118302 0 0.0074065813947066638
0.98566827000784352 0.10817716030722732 0 0.0041888693187691175
0.99018407685433452 0.1254840380366509 0 0.0009474632582848931
-0.10770006954876805 -0.99252839443646279 0 0.00082216259492003661
-0.090419207388299422 -0.98857363633635154 0 0.0036365984743189231
-0.073056311985055647 -0.98434225204822012 0 0.0064330855010705304
-0.062915705722240797 -0.98175124853651741 0 0.0080516527407520182
-0.045434325848733699 -0.97707698394212972 0 0.010814053865973384
-0.027885450684148248 -0.97211970052502295 0 0.013551247822858261
-0.017643472210844287 -0.96910346323295049 0 0.015131933733661821
8.1334821753014089e-17 -0.96369409639719061 0 0.017823402307289675
0.017695320367029487 -0.95799649729309089 0 0.020482219058838985
0.028015161601075839 -0.95454719773194507 0 0.022013837883195168
0.045779489336507218 -0.94839027460734537 0 0.02461501909935793
0.063578979683251921 -0.94194120594474073 0 0.027175949167498825
0.073951614731755599 -0.93805296897235146 0 0.028647086493099681
0.091792947748646644 -0.93113948316478157 0 0.031138320316642421
0.10965180952903789 -0.92393135091384004 0 0.033581669949755651
0.12005074534650678 -0.91960042318252444 0 0.034980859533580745
0.13792286789130018 -0.91192509690285695 0 0.037342472593994362
0.15579404636883895 -0.90395413613789399 0 0.039648629171868434
0.1661915300550757 -0.89917903697879409 0 0.040964497048917047
0.18404615799028548 -0.8907405695392393 0 0.043177065630849325
0.20188065794875218 -0.88200707839033166 0 0.045326784603110251
0.21224786889428068 -0.87678872884786663 0 0.046548225857010336
0.23003499398645233 -0.86759000541755649 0 0.048592879147418618
0.24778224143541838 -0.85809853656022184 0 0.050567583616568088
0.25808950961420529 -0.85244036249246291 0 0.051683935154782132
0.27575778753718017 -0.84248861625562688 0 0.053542655155453443
0.29336603341769274 -0.83224811932042075 0 0.05532473991899825
0.3035830812503959 -0.82615612483964096 0 0.056325958834473937
0.32108025844651555 -0.8154630463985888 0 0.057981885664545839
0.33849701894275025 -0.80448695548577298 0 0.059555019907068456
0.34859322334814907 -0.79796976352848925 0 0.060431858115855011
0.36586659652757303 -0.78655155235899521 0 0.061869586922668612
0.38303912326332479 -0.77485781390798025 0 0.063219006417945908
0.39298379376343745 -0.76792667138766646 0 0.0639631781543607
0.40998069457032726 -0.75580402536824098 0 0.065169040965389113
0.42685646677763733 -0.74341506293372883 0 0.066281821552045109
0.43661913485974596 -0.73608380872566093 0 0.06688615830430418
0.45328743115586762 -0.72328184919211136 0 0.06784848184174723
0.4698146609079204 -0.71022446318062915 0 0.068713785843322259
0.47936537530912199 -0.70250945809240339 0 0.069172374166027353
0.49565397967851671 -0.68905758946846563 0 0.069881705812083125
0.51178212053565308 -0.67536279153887113 0 0.070490993588707071
0.52109174273342218 -0.66728281039985726 0 0.070799291275911821
0.53695111824626207 -0.65321451516492191 0 0.071248585762755209
0.55263136721840966 -0.63891729873173098 0 0.071595785458898969
0.56167186120860768 -0.63049338575197766 0 0.07175071227953389
0.5770545142364224 -0.61584595726001767 0 0.071935472983442675
0.59224029685029322 -0.60098500728849602 0 0.072017102887203532
0.60098500728849624 -0.59224029685029322 0 0.072017102887804607
0.61584595726001801 -0.57705451423642229 0 0.071935472985515281
0.63049338575197811 -0.56167186120860768 0 0.071750712282157583
0.63891729873173153 -0.55263136721840944 0 0.071595785461583294
0.65321451516492235 -0.53695111824626207 0 0.071248585767587705
0.66728281039985782 -0.52109174273342196 0 0.070799291285826987
0.67536279153887158 -0.51178212053565275 0 0.070490993602581264
0.68905758946846585 -0.49565397967851654 0 0.069881705829188082
0.70250945809240384 -0.47936537530912171 0 0.069172374181104113
0.71022446318062971 -0.46981466090792007 0 0.068713785855208459
0.72328184919211147 -0.45328743115586728 0 0.067848481850867726
0.73608380872566115 -0.43661913485974579 0 0.066886158314959476
0.74341506293372916 -0.42685646677763711 0 0.066281821565451288
0.75580402536824132 -0.40998069457032715 0 0.065169040984948176
0.76792667138766668 -0.39298379376343734 0 0.06396317818161687
0.77485781390798047 -0.38303912326332468 0 0.06321900645012106
0.78655155235899532 -0.36586659652757286 0 0.061869586959980183
0.79796976352848958 -0.34859322334814902 0 0.060431858153552655
0.8044869554857732 -0.33849701894275014 0 0.059555019943041909
0.81546304639858924 -0.32108025844651555 0 0.057981885697672611
0.82615612483964118 -0.30358308125039574 0 0.056325958865390394
0.83224811932042098 -0.29336603341769268 0 0.055324739948941187
0.84248861625562721 -0.27575778753718011 0 0.053542655184583038
0.85244036249246324 -0.25808950961420518 0 0.051683935184223935
0.85809853656022184 -0.24778224143541824 0 0.050567583646667906
0.86759000541755638 -0.23003499398645222 0 0.048592879178882276
0.87678872884786641 -0.21224786889428049 0 0.046548225890047645
0.88200707839033154 -0.20188065794875204 0 0.045326784637162727
0.89074056953923919 -0.1840461579902854 0 0.043177065666872017
0.89917903697879398 -0.16619153005507553 0 0.04096449708720061
0.90395413613789388 -0.15579404636883881 0 0.039648629211586239
0.91192509690285695 -0.13792286789130012 0 0.037342472636168009
0.91960042318252433 -0.12005074534650668 0 0.034980859578168925
0.92393135091383993 -0.10965180952903776 0 0.033581669995613017
0.93113948316478157 -0.091792947748646561 0 0.031138320362674502
0.93805296897235146 -0.07395161473175553 0 0.028647086536544346
0.94194120594474073 -0.063578979683251824 0 0.027175949208247008
0.94839027460734537 -0.045779489336507148 0 0.024615019134472293
0.95454719773194496 -0.0280151616010758 0 0.022013837911571441
0.95799649729309067 -0.017695320367029411 0 0.020482219082927088
0.96369409639719061 -2.9916256276970702e-17 0 0.017823402325436978
0.96910346323295027 0.017643472210844311 0 0.015131933747944136
0.97211970052502328 0.027885450684148317 0 0.013551247835737124
0.97707698394212938 0.045434325848733741 0 0.010814053876375995
0.98175124853651752 0.062915705722240839 0 0.0080516527483854867
0.98434225204822035 0.073056311985055702 0 0.0064330855069841212
0.98857363633635165 0.090419207388299491 0 0.0036365984774654712
0.9925283944364629 0.10770006954876805 0 0.00082216259558773688
-0.089989943855735527 -0.99454424422902721 0 0.0006960233442136046
-0.07273153409953674 -0.99115573231379728 0 0.0030801185200497213
-0.055386282416703354 -0.98748513778288161 0 0.0054512634666176391
-0.045253810723981006 -0.98521781547677467 0 0.0068246788837898024
-0.027782889107713264 -0.98109478125392802 0 0.0091703700462227537
-0.010240223300937443 -0.97668210578427039 0 0.011496770091385548
5.3708519873692642e-17 -0.97397960001448847 0 0.012841192746428269
0.017643472210844415 -0.96910346323295038 0 0.015131933731218739
0.035342367538579465 -0.96393134325166363 0 0.017396833094447971
0.045665820402639869 -0.96078413066580337 0 0.018702421427628849
0.063438777366457616 -0.95513956512878595 0 0.02092115895664122
0.081249686482674596 -0.94919403188499429 0 0.023107339292444355
0.091630119982568758 -0.94559462854700815 0 0.024364005913601779
0.10948659843248497 -0.93916991941428007 0 0.026493335992306667
0.12736250383467443 -0.9324407477098362 0 0.028583325483273095
0.13777208590181625 -0.9283839075877347 0 0.029780880878555401
0.15566348975469801 -0.92117128383863001 0 0.031803297058465615
0.17355485900079803 -0.91365231248168377 0 0.033779614702042222
0.1839643515296179 -0.90913520788838487 0 0.034907908137764794
0.20183977351729088 -0.90113114104195779 0 0.0368060532186857
0.21969490248566473 -0.89282055611225553 0 0.038651474028174218
0.23007387090862683 -0.88784293492790056 0 0.039700553460843405
0.24788046919354603 -0.87904839519091005 0 0.041457496252833861
0.26564587908580056 -0.86994896740109984 0 0.043155328951805579
0.27596293255244159 -0.86451328207627254 0 0.044115602994610439
0.29364635859447341 -0.85493394348462859 0 0.045715119701746049
0.31126724227948066 -0.84505321144667556 0 0.047249491834231744
0.3214903015698618 -0.83916471515194546 0 0.048111896981115385
0.33899517378665628 -0.82881110200485897 0 0.049538758104005057
0.35641588536849489 -0.81816149407683247 0 0.05089490140877595
0.3665124746814844 -0.81182829992889038 0 0.051651067084083867
0.38378289076658734 -0.80071586788874893 0 0.052891318484216888
0.40094747061985297 -0.78931475647925753 0 0.054055846020076022
0.41088502844542502 -0.78254785653108949 0 0.054698253660894418
0.42786510765567337 -0.77069700315898204 0 0.055739484651875525
0.44471783368947965 -0.75856668687981599 0 0.056700651402718259
0.45446403714882688 -0.75137992849407109 0 0.057222782312075282
0.47109848252628883 -0.73881592967432252 0 0.058054371975703033
0.48758443719276023 -0.7259835405123487 0 0.058802310612665595
0.49710753355590798 -0.71839355881427114 0 0.059198777954674861
0.51334220298570521 -0.705146429435758 0 0.059812111775572649
0.52940784461266399 -0.69164376410030248 0 0.060339035713204009
0.53867698322097168 -0.68366987038991889 0 0.060605696123132921
0.55445945751078085 -0.66977414972476124 0 0.060994345488861651
0.57005318397234539 -0.65563742643840772 0 0.061294712257625152
0.57903874153541202 -0.64730145368317571 0 0.061428753236418533
0.59431887738609435 -0.63279591804871571 0 0.061588611590484024
0.60939156997278288 -0.61806546219773784 0 0.061659240800972556
0.61806546219773806 -0.60939156997278277 0 0.061659240801540456
0.63279591804871604 -0.59431887738609435 0 0.061588611592539221
0.64730145368317604 -0.5790387415354119 0 0.06142875323924156
0.65563742643840817 -0.57005318397234528 0 0.061294712260658933
0.66977414972476168 -0.55445945751078085 0 0.060994345493300808
0.68366987038991911 -0.53867698322097135 0 0.060605696130500236
0.69164376410030293 -0.52940784461266388 0 0.060339035722803046
0.70514642943575834 -0.51334220298570488 0 0.05981211178729362
0.71839355881427158 -0.4971075335559077 0 0.059198777965984439
0.72598354051234903 -0.48758443719276001 0 0.058802310622758605
0.73881592967432275 -0.47109848252628855 0 0.058054371984863226
0.75137992849407131 -0.45446403714882666 0 0.05722278232216424
0.75856668687981632 -0.44471783368947942 0 0.056700651414201858
0.77069700315898237 -0.4278651076556732 0 0.055739484667222929
0.78254785653108971 -0.41088502844542485 0 0.054698253681952129
0.78931475647925775 -0.40094747061985292 0 0.054055846045098055
0.80071586788874927 -0.38378289076658717 0 0.052891318514039436
0.81182829992889061 -0.3665124746814844 0 0.051651067115734618
0.81816149407683258 -0.35641588536849472 0 0.050894901440207647
0.82881110200485919 -0.33899517378665611 0 0.049538758134054388
0.83916471515194557 -0.32149030156986169 0 0.048111897008687635
0.84505321144667578 -0.3112672422794806 0 0.047249491859986309
0.85493394348462892 -0.29364635859447324 0 0.045715119725625718
0.86451328207627265 -0.27596293255244142 0 0.044115603018450966
0.86994896740109984 -0.2656458790858004 0 0.043155328976377215
0.87904839519090983 -0.24788046919354592 0 0.041457496278656636
0.88784293492790056 -0.23007387090862674 0 0.039700553487727157
0.89282055611225553 -0.21969490248566462 0 0.038651474055622345
0.90113114104195757 -0.20183977351729074 0 0.03680605324752767
0.90913520788838476 -0.18396435152961774 0 0.034907908168604417
0.91365231248168399 -0.17355485900079787 0 0.033779614734296644
0.9211712838386299 -0.15566348975469788 0 0.031803297093231944
0.92838390758773459 -0.13777208590181617 0 0.029780880915884649
0.9324407477098362 -0.12736250383467432 0 0.02858332552201753
0.93916991941428007 -0.1094865984324849 0 0.02649333603184582
0.94559462854700804 -0.091630119982568661 0 0.024364005951674404
0.94919403188499429 -0.081249686482674513 0 0.023107339328669936
0.95513956512878595 -0.063438777366457547 0 0.020921158988549925
0.96078413066580326 -0.045665820402639834 0 0.018702421453870771
0.96393134325166363 -0.035342367538579389 0 0.017396833116898047
0.96910346323295027 -0.017643472210844363 0 0.01513193374812849
0.97397960001448836 -2.4076233046827738e-17 0 0.012841192759273944
0.97668210578427039 0.010240223300937516 0 0.011496770102498404
0.98109478125392802 0.027782889107713319 0 0.009170370054835288
0.98521781547677489 0.045253810723981047 0 0.0068246788904135899
0.98748513778288161 0.055386282416703417 0 0.005451263472269232
0.99115573231379717 0.072731534099536754 0 0.0030801185236254318
0.99454424422902721 0.089989943855735499 0 0.000696023345106659
-0.07971998814075873 -0.99556822049148863 0 0.00062226657663948595
-0.062472890915162768 -0.99251141601463522 0 0.0027544930900463586
-0.045136153997773092 -0.98916962056815483 0 0.0048763280217132797
-0.035007395908386266 -0.98709220696031752 0 0.0061058824133413446
-0.017540806791497429 -0.98329280545041076 0 0.0082067666310052367
8.4980591899824868e-17 -0.97920014231616692 0 0.010291496204789015
0.010240223300937589 -0.9766821057842705 0 0.011496770090544962
0.027885450684148411 -0.97211970052502306 0 0.013551247819575145
0.045588180878276971 -0.96725699759268213 0 0.01558358451300192
0.05591475566419922 -0.96428777235423879 0 0.0167555847518608
0.073694484384132605 -0.95894526663396773 0 0.018748062471168558
0.091513782992505344 -0.95329681487920059 0 0.020712250916250521
0.10189976630448629 -0.94986792002449727 0 0.021841741733836552
0.11976678814445157 -0.9437319165068484 0 0.023756266516846369
0.13765432769208727 -0.93728585106235662 0 0.025636267479769707
0.14807109581075042 -0.93339110793797631 0 0.02671388421836831
0.16597540548925632 -0.92645227362850902 0 0.028534354580467547
0.18388018436083545 -0.91920092666669584 0 0.030314075692173682
0.19429761749758068 -0.91483665809870396 0 0.031330467411576475
0.21218674886561581 -0.90709005508112028 0 0.033040880964757692
0.23005545106955644 -0.89903027064163821 0 0.034704425603762544
0.24044215343734185 -0.89419547625738016 0 0.035650400539668954
0.25826157564891428 -0.88564084837278523 0 0.037235108789460056
0.2760389892762618 -0.87677424940302673 0 0.038767037140040823
0.28636254261759547 -0.87147075145329767 0 0.039633717191225763
0.30405611238350899 -0.86211275745489657 0 0.041077693505058799
0.32168560212435748 -0.85244595583727523 0 0.042463292921064606
0.33191284965275286 -0.84667851028366126 0 0.043242271776075439
0.3494233137565857 -0.83652689474234787 0 0.04453138322658648
0.3668473409115191 -0.82607163597672362 0 0.045756939501046839
0.37694469751011667 -0.81984800419916148 0 0.046440439902735248
0.39421423787658028 -0.80891769856844142 0 0.047561715288432116
0.41137491945266863 -0.7976909340590973 0 0.048614777113348544
0.42130870292259115 -0.7910219113510305 0 0.04919580276049472
0.4382795147737909 -0.77933305910700656 0 0.050137688843484365
0.45511921157717383 -0.76735694064673832 0 0.051007317208561331
0.46485598879293688 -0.76025633868131992 0 0.051479794387990475
0.48147088090091783 -0.74783424029649614 0 0.052232392002677354
0.49793280312325594 -0.73513603329818411 0 0.052909386362664894
0.50743974418603244 -0.72762061493714947 0 0.053268290648477344
0.52364274901894037 -0.71449559056436796 0 0.053823562770561197
0.53967156674798744 -0.70110750479338813 0 0.054300656222316016
0.5489167996771106 -0.69319687092640858 0 0.05454211981922822
0.56465378041862124 -0.67940404097973928 0 0.054894064286589668
0.58019622585500741 -0.66536297990015181 0 0.05516608086448585
0.5891491840620664 -0.65707940939222675 0 0.055287476789716974
0.60436842511911348 -0.64265839561697835 0 0.055432257483139208
0.61937387310363456 -0.62800562787770142 0 0.055496225844262496
0.62800562787770164 -0.61937387310363445 0 0.055496225844957198
0.64265839561697868 -0.60436842511911348 0 0.055432257485707043
0.65707940939222698 -0.58914918406206618 0 0.055287476793360747
0.66536297990015225 -0.58019622585500719 0 0.055166080868424228
0.67940404097973983 -0.56465378041862124 0 0.054894064291003089
0.69319687092640891 -0.54891679967711027 0 0.054542119824153794
0.70110750479338835 -0.53967156674798711 0 0.05430065622756735
0.71449559056436829 -0.52364274901894026 0 0.053823562776583025
0.72762061493715002 -0.5074397441860321 0 0.053268290655558333
0.73513603329818455 -0.49793280312325577 0 0.052909386370475077
0.74783424029649637 -0.48147088090091761 0 0.052232392011636125
0.76025633868132025 -0.46485598879293671 0 0.051479794397923537
0.76735694064673865 -0.45511921157717372 0 0.051007317219052828
0.7793330591070069 -0.43827951477379079 0 0.05013768885600893
0.79102191135103073 -0.42130870292259098 0 0.049195802776557447
0.79769093405909752 -0.41137491945266857 0 0.048614777132057675
0.80891769856844131 -0.39421423787658005 0 0.047561715311144032
0.81984800419916193 -0.37694469751011667 0 0.046440439928544006
0.82607163597672406 -0.36684734091151899 0 0.045756939528177186
0.8365268947423482 -0.34942331375658559 0 0.044531383254169658
0.84667851028366137 -0.3319128496527527 0 0.043242271801686279
0.85244595583727534 -0.32168560212435732 0 0.042463292944591863
0.86211275745489679 -0.30405611238350894 0 0.041077693526038524
0.87147075145329778 -0.28636254261759536 0 0.039633717211327933
0.87677424940302684 -0.27603898927626169 0 0.038767037160345068
0.88564084837278512 -0.25826157564891411 0 0.037235108810562891
0.89419547625738038 -0.24044215343734171 0 0.035650400562027479
0.8990302706416381 -0.23005545106955627 0 0.034704425627036316
0.90709005508112006 -0.21218674886561567 0 0.033040880989553961
0.91483665809870396 -0.19429761749758054 0 0.031330467437780146
0.91920092666669595 -0.18388018436083531 0 0.030314075719183698
0.92645227362850902 -0.16597540548925627 0 0.028534354609447782
0.93339110793797631 -0.14807109581075037 0 0.026713884250135815
0.93728585106235629 -0.13765432769208716 0 0.025636267513394911
0.9437319165068484 -0.11976678814445148 0 0.023756266551995402
0.94986792002449727 -0.1018997663044862 0 0.021841741768129978
0.9532968148792007 -0.091513782992505274 0 0.020712250949013054
0.95894526663396795 -0.073694484384132591 0 0.018748062500305644
0.9642877723542389 -0.055914755664199199 0 0.016755584776238352
0.96725699759268235 -0.045588180878276902 0 0.015583584534179275
0.97211970052502295 -0.027885450684148359 0 0.013551247835811207
0.9766821057842705 -0.010240223300937559 0 0.011496770102719605
0.97920014231616725 -1.6397744543974337e-17 0 0.010291496214999571
0.98329280545041087 0.017540806791497474 0 0.0082067666385058965
0.98709220696031752 0.035007395908386287 0 0.0061058824189604002
0.98916962056815494 0.045136153997773154 0 0.0048763280265531122
0.99251141601463533 0.062472890915162803 0 0.0027544930931645006
0.99556822049148874 0.079719988140758702 0 0.00062226657742935629
-0.062142732782788618 -0.99707479656055786 0 0.0004951250034737056
-0.044911876114919182 -0.99459125349322652 0 0.002192761890812868
-0.027586574900432641 -0.9918182002054079 0 0.0038837738385228081
-0.017462338809176511 -0.99006951091644924 0 0.0048644301816221282
5.1914163126701183e-17 -0.98683068815640196 0 0.0065412707948622195
0.017540806791497561 -0.98329280545041065 0 0.0082067666299662657
0.027782889107713371 -0.98109478125392768 0 0.009170370044352406
0.045434325848733831 -0.97707698394212961 0 0.010814053861783825
0.063146836388593655 -0.97275183485187511 0 0.01244146073383794
0.073480630484257917 -0.970092023973531 0 0.01338060196213775
0.091275176385465076 -0.96527494500100575 0 0.014978261917526327
0.10911206095269849 -0.96014365590634931 0 0.01655455472341336
0.1195094186407531 -0.95701176030538437 0 0.017461587070338753
0.13739769983455349 -0.95137892851588624 0 0.018999991008042005
0.15530834762856935 -0.94542662979184933 0 0.020511835273776612
0.1657392633000413 -0.9418147574679806 0 0.021378959620235435
0.18366881128693621 -0.93535396289074801 0 0.02284467942374295
0.20159964855885829 -0.928570202160372 0 0.02427863248199846
0.21203245704072449 -0.92447310145318851 0 0.025098027488647562
0.22994807037275541 -0.91717678601912056 0 0.026477660034678926
0.24784294930988304 -0.90955590234938077 0 0.027820384375769072
0.25824456455704381 -0.90497117141510042 0 0.028584327729047107
0.27608873986704552 -0.89683677343945156 0 0.029864710492271546
0.29388939549677007 -0.88837822081098095 0 0.03110319999417049
0.30422558812311729 -0.88330648553388347 0 0.031804204440393023
0.32193901636689803 -0.87433672651092142 0 0.03297265122340421
0.33958558644676151 -0.86504533533396333 0 0.034094468120083106
0.34982129674911056 -0.85949038927133836 0 0.034725419735415389
0.3673434181942592 -0.84969349226086099 0 0.03576995910888895
0.38477501872040742 -0.83957965863299877 0 0.036763473024125207
0.39487470049655021 -0.83354855921700233 0 0.03731777026034501
0.41214430968977533 -0.82293838932556196 0 0.03822738288773854
0.42929965639737683 -0.81201818313756069 0 0.039082005368859238
0.43922764557189597 -0.80552129926365901 0 0.039553693929369929
0.45618353536283196 -0.79411741842376038 0 0.040318540454128249
0.47300159952749332 -0.7824126032958757 0 0.041024947239712645
0.48272250044569665 -0.77546361059714486 0 0.041408846504365972
0.49930413225843234 -0.76329124098462242 0 0.042020478551596942
0.51572481735578513 -0.75082920130422437 0 0.04257081196546042
0.52520389865524397 -0.74344502280758429 0 0.042862628491528859
0.54135208469386231 -0.73053491573966634 0 0.043314175258298809
0.55731690914544341 -0.71734848868963574 0 0.043702219469968086
0.5665205004277073 -0.7095491801212106 0 0.043898643480214397
0.58217808247947411 -0.69593739004642519 0 0.044184967112879135
0.59763085289967277 -0.6820646033538259 0 0.044406289774336402
0.60652673305185889 -0.67387318403870111 0 0.044505071014291388
0.62163924208966215 -0.65960075014272668 0 0.044622884873188585
0.63652670121853483 -0.64508446920969653 0 0.044674939664609503
0.64508446920969664 -0.63652670121853472 0 0.044674939665430222
0.6596007501427269 -0.62163924208966204 0 0.044622884876193508
0.67387318403870167 -0.60652673305185889 0 0.044505071018494637
0.68206460335382624 -0.59763085289967244 0 0.044406289778775705
0.69593739004642574 -0.582178082479474 0 0.044184967116816992
0.70954918012121104 -0.56652050042770707 0 0.043898643482489619
0.71734848868963585 -0.55731690914544307 0 0.043702219470899299
0.73053491573966667 -0.54135208469386198 0 0.043314175258666356
0.74344502280758484 -0.52520389865524375 0 0.042862628493874233
0.75082920130422481 -0.51572481735578501 0 0.042570811969948226
0.76329124098462253 -0.49930413225843218 0 0.042020478558799153
0.77546361059714508 -0.48272250044569642 0 0.041408846512684949
0.78241260329587636 -0.47300159952749304 0 0.041024947248035702
0.79411741842376082 -0.45618353536283179 0 0.04031854046267707
0.80552129926365934 -0.43922764557189592 0 0.039553693938607831
0.81201818313756102 -0.42929965639737672 0 0.039082005378760089
0.82293838932556207 -0.41214430968977511 0 0.038227382899983182
0.83354855921700266 -0.39487470049655016 0 0.037317770276554321
0.8395796586329991 -0.38477501872040742 0 0.03676347304317263
0.84969349226086099 -0.36734341819425909 0 0.035769959130521216
0.85949038927133858 -0.3498212967491105 0 0.034725419756299933
0.86504533533396344 -0.33958558644676146 0 0.034094468139183619
0.87433672651092176 -0.32193901636689798 0 0.032972651239789125
0.88330648553388347 -0.30422558812311723 0 0.031804204454878443
0.88837822081098117 -0.29388939549676996 0 0.031103200007951842
0.89683677343945134 -0.27608873986704541 0 0.02986471050595883
0.90497117141510053 -0.2582445645570437 0 0.028584327744099618
0.90955590234938077 -0.24784294930988299 0 0.027820384392178332
0.91717678601912023 -0.22994807037275525 0 0.02647766005280755
0.9244731014531884 -0.21203245704072432 0 0.025098027507506337
0.92857020216037189 -0.20159964855885806 0 0.02427863250094035
0.93535396289074801 -0.18366881128693607 0 0.022844679443903358
0.9418147574679806 -0.16573926330004121 0 0.021378959643194254
0.9454266297918491 -0.15530834762856918 0 0.020511835298919819
0.95137892851588624 -0.13739769983455341 0 0.018999991035405738
0.95701176030538426 -0.11950941864075303 0 0.01746158709765577
0.96014365590634931 -0.1091120609526984 0 0.016554554749730062
0.96527494500100586 -0.091275176385465048 0 0.014978261941356569
0.970092023973531 -0.073480630484257917 0 0.013380601982649405
0.97275183485187522 -0.063146836388593586 0 0.012441460752081406
0.97707698394212938 -0.045434325848733775 0 0.010814053876179069
0.98109478125392779 -0.027782889107713343 0 0.009170370055049868
0.98329280545041087 -0.017540806791497499 0 0.0082067666386175676
0.98683068815640185 -8.1969731252686093e-18 0 0.0065412708007383967
0.99006951091644946 0.017462338809176536 0 0.0048644301857267624
0.99181820020540812 0.027586574900432703 0 0.0038837738419948086
0.99459125349322675 0.044911876114919223 0 0.0021927618930039426
0.9970747965605582 0.062142732782788611 0 0.00049512500401977129
-0.044659176519707647 -0.9982663197545999 0 0.00036754956961852238
-0.027440305217570678 -0.99635971105753696 0 0.0016285799363858406
-0.010122187898938382 -0.99415969950978633 0 0.0028859444451458582
2.1609352595818538e-17 -0.99274251552795101 0 0.0036156923542316616
0.017462338809176584 -0.99006951091644946 0 0.0048644301809997294
0.035007395908386363 -0.98709220696031741 0 0.006105882411687134
0.045253810723981103 -0.98521781547677489 0 0.0068246788813262644
0.062915705722240908 -0.98175124853651752 0 0.0080516527362627464
0.080642242067346187 -0.97797075637907604 0 0.009267569035330726
0.090985723437399774 -0.97562470211136065 0 0.0099697457092897748
0.10879931933805391 -0.97134084590382974 0 0.011165086305580935
0.12665800837418825 -0.96673490900725167 0 0.012345439727744559
0.1370691865377435 -0.96390494592804565 0 0.013025094209971834
0.15498290967232328 -0.95878402466242385 0 0.014178573135054301
0.17292081539723195 -0.95333453101321608 0 0.015313039715335224
0.18336827491723989 -0.95001091269371474 0 0.015964126051243904
0.20132713945102065 -0.94403759286698063 0 0.017065317485561431
0.21928805420560299 -0.93773105458749584 0 0.01814343943978286
0.2297385450956628 -0.93390680720681196 0 0.018759863703980979
0.2476845406862368 -0.92707065477727757 0 0.019798310429060304
0.26560940405724343 -0.91989864843274471 0 0.020809664207607239
0.27602809981051218 -0.91556981844108665 0 0.021385383371036848
0.29390065906414242 -0.90786570819836143 0 0.022350772442627186
0.31172805523519553 -0.89982526194085866 0 0.023285152010861156
0.32207885572483069 -0.89499113033306199 0 0.023814283759078035
0.33981539712038983 -0.88641959373902168 0 0.024696637364560292
0.35748212526320877 -0.87751350775782477 0 0.02554424692656445
0.36772800086619695 -0.87217676320737347 0 0.026021182490875538
0.3852645400149981 -0.86274426166778562 0 0.026811052947515426
0.4027062495001334 -0.85298134933298375 0 0.027562702920514132
0.41280962116253356 -0.84714821307883259 0 0.027982221293350571
0.43008144048485303 -0.83686732489552029 0 0.028670886346572361
0.44723331994773341 -0.82626256350768568 0 0.029318186792414078
0.45715646834182438 -0.8199428598818076 0 0.029675566155709016
0.47409883261308855 -0.80883237102780325 0 0.030255217545841154
0.49089633938595451 -0.797406953203464 0 0.030790762443754338
0.50060183489639198 -0.79061412101911899 0 0.031081885137063156
0.51715073779949339 -0.7786990123328934 0 0.031545804006616086
0.53353035206391963 -0.7664802917068374 0 0.031963339756678699
0.54298149616776847 -0.7592313333559243 0 0.032184786881674858
0.55907442112947314 -0.74654265968432942 0 0.032527499470559253
0.57497440749928475 -0.7335639876992246 0 0.03282207133454354
0.58413567525308185 -0.72587935466908504 0 0.032971203461165895
0.59971235257197475 -0.7124540147834556 0 0.033188611168298104
0.61507351080283035 -0.69875446873305047 0 0.033356681935117032
0.62391098368364994 -0.69065788426636499 0 0.033431702699242054
0.63891412537642811 -0.67653828388187831 0 0.033521181291246697
0.65368051160442608 -0.6621622899157813 0 0.033560717360813952
0.66216228991578152 -0.65368051160442586 0 0.033560717361595528
0.67653828388187864 -0.638914125376428 0 0.033521181293936567
0.69065788426636532 -0.62391098368364972 0 0.033431702702635388
0.6987544687330508 -0.61507351080283013 0 0.033356681938403951
0.71245401478345616 -0.59971235257197464 0 0.033188611171104068
0.72587935466908526 -0.58413567525308152 0 0.032971203463198442
0.73356398769922504 -0.57497440749928441 0 0.032822071336039829
0.74654265968432965 -0.55907442112947303 0 0.032527499471719047
0.75923133335592463 -0.54298149616776825 0 0.032184786883339991
0.76648029170683796 -0.53353035206391952 0 0.031963339758990732
0.77869901233289374 -0.51715073779949328 0 0.0315458040101343
0.79061412101911932 -0.50060183489639165 0 0.031081885141833826
0.79740695320346433 -0.49089633938595439 0 0.030790762449226412
0.80883237102780359 -0.47409883261308844 0 0.030255217551733649
0.81994285988180793 -0.45715646834182422 0 0.029675566160929787
0.8262625635076859 -0.4472333199477333 0 0.029318186796894751
0.83686732489552029 -0.43008144048485275 0 0.028670886351479324
0.84714821307883292 -0.41280962116253345 0 0.027982221301143178
0.8529813493329842 -0.4027062495001334 0 0.027562702930912415
0.86274426166778584 -0.38526454001499799 0 0.026811052960958471
0.87217676320737381 -0.36772800086619684 0 0.026021182505136339
0.877513507757825 -0.35748212526320866 0 0.02554424694034681
0.8864195937390219 -0.33981539712038977 0 0.024696637376856723
0.89499113033306221 -0.32207885572483058 0 0.023814283769193614
0.8998252619408591 -0.31172805523519542 0 0.023285152019509467
0.90786570819836143 -0.29390065906414231 0 0.022350772450221306
0.91556981844108665 -0.27602809981051207 0 0.021385383379670487
0.91989864843274449 -0.26560940405724326 0 0.020809664217664177
0.92707065477727735 -0.24768454068623663 0 0.019798310440886854
0.93390680720681207 -0.22973854509566266 0 0.018759863716437269
0.93773105458749584 -0.21928805420560282 0 0.018143439452193898
0.94403759286698063 -0.20132713945102057 0 0.017065317498827743
0.95001091269371485 -0.18336827491723981 0 0.01596412606676301
0.95333453101321586 -0.17292081539723178 0 0.015313039732673421
0.95878402466242374 -0.1549829096723232 0 0.014178573154444738
0.96390494592804576 -0.13706918653774341 0 0.013025094229798828
0.96673490900725167 -0.12665800837418817 0 0.012345439747127268
0.97134084590382974 -0.10879931933805388 0 0.011165086323566076
0.97562470211136076 -0.090985723437399746 0 0.009969745725164663
0.97797075637907604 -0.080642242067346118 0 0.009267569049678839
0.98175124853651741 -0.062915705722240853 0 0.0080516527478566042
0.98521781547677501 -0.045253810723981075 0 0.00682467889005687
0.98709220696031774 -0.0350073959083863 0 0.0061058824187371673
0.99006951091644946 -0.017462338809176543 0 0.00486443018566574
0.99274251552795112 -3.6015587659697578e-18 0 0.0036156923572164658
0.99415969950978667 0.010122187898938435 0 0.0028859444474459766
0.99635971105753718 0.02744030521757071 0 0.0016285799376244258
0.9982663197545999 0.044659176519707626 0 0.00036754956988484819
-0.03452993093356279 -0.99881692812643141 0 0.00029314114630159027
-0.017315984980563019 -0.9972475471427884 0 0.001299272002681634
5.0850704385551014e-17 -0.99538279592569012 0 0.0023030803372597495
0.010122187898938451 -0.99415969950978622 0 0.002885944444963894
0.027586574900432741 -0.9918182002054079 0 0.003883773837729297
0.045136153997773203 -0.98916962056815483 0 0.0048763280199079669
0.055386282416703451 -0.98748513778288138 0 0.00545126346403041
0.073056311985055786 -0.98434225204822023 0 0.0064330854967092066
0.090793057736118371 -0.9808818485660431 0 0.0074065813834500432
0.1011433668045767 -0.97872030533131349 0 0.0079690010479843785
0.11897009048781124 -0.97475022138126211 0 0.008926810414713271
0.13684350384104907 -0.97045366954608914 0 0.0098730864009137255
0.14726390518603791 -0.96780162643855783 0 0.01041817396809205
0.16519445301699898 -0.96298253949955648 0 0.011343619729857366
0.18315022503657413 -0.95782973088504508 0 0.012254243453776624
0.19360846956608629 -0.95467629704365919 0 0.012777058867801869
0.21158636515114385 -0.94899094145527341 0 0.013661613270871082
0.22956672613071469 -0.94296650473864496 0 0.014528018773275593
0.2400286228990435 -0.93930363510736714 0 0.015023565160134202
0.25799418637421762 -0.93273978323056395 0 0.015858646628952568
0.27593834258990735 -0.9258335661812197 0 0.016672271717299497
0.28636802839626596 -0.92165633332317576 0 0.017135581437225596
0.30425886579285211 -0.91420724607684833 0 0.017912705832175656
0.32210352131697606 -0.90641474325931204 0 0.018665146331919132
0.33246377900721041 -0.90172157486689053 0 0.019091372014371204
0.35021535360916445 -0.89338638870805809 0 0.019802311534358599
0.36789531157350436 -0.88470909988074919 0 0.02048548304402362
0.37814793322383611 -0.87950197335676528 0 0.020869992830081813
0.39569421139201699 -0.87028600915253751 0 0.021506940733117957
0.41314304596348211 -0.86073171423756445 0 0.022113244196075479
0.42324923530651154 -0.85501630036470377 0 0.022451718254720594
0.44052339613738861 -0.84493128091880032 0 0.023007454105656636
0.45767418340506044 -0.83451421900027822 0 0.023529939766720596
0.46759499010537092 -0.82829996775950498 0 0.023818464869350391
0.4845301853495495 -0.81736413275703745 0 0.024286514731680385
0.50131627849045335 -0.80610507482387994 0 0.024719038848307995
0.51101305529045382 -0.79940523785210749 0 0.024954197710082417
0.52754320335298421 -0.78764334763329924 0 0.025328983557445318
0.54389903501787285 -0.77556955565886088 0 0.025666352070659513
0.553333907454026 -0.76840114160974438 0 0.025845304073945762
0.56939450320286256 -0.75584436438961666 0 0.026122276731080467
0.5852563962062356 -0.7429894327306128 0 0.026360370410691926
0.59439273363326239 -0.73537309385119154 0 0.026480920619725977
0.60992165430481549 -0.72205877463685164 0 0.026656671030421446
0.62522862055486272 -0.70846235349081266 0 0.026792547043417544
0.63403149668631709 -0.70042220395868249 0 0.026853200659567353
0.64896978351616952 -0.68639351730964004 0 0.026925544868230736
0.66366429078294709 -0.67210092191256676 0 0.026957510557577113
0.6721009219125671 -0.66366429078294686 0 0.026957510558258482
0.68639351730964027 -0.64896978351616941 0 0.026925544870407568
0.70042220395868293 -0.63403149668631698 0 0.026853200661929023
0.70846235349081299 -0.62522862055486261 0 0.026792547045381126
0.72205877463685209 -0.60992165430481526 0 0.02665667103231581
0.73537309385119176 -0.59439273363326206 0 0.026480920622538165
0.74298943273061302 -0.58525639620623537 0 0.026360370414380475
0.755844364389617 -0.56939450320286233 0 0.026122276735168613
0.76840114160974471 -0.55333390745402578 0 0.025845304076797949
0.77556955565886121 -0.54389903501787251 0 0.025666352072201828
0.78764334763329957 -0.5275432033529841 0 0.025328983558158942
0.79940523785210771 -0.5110130552904536 0 0.024954197712104133
0.80610507482388027 -0.50131627849045313 0 0.024719038851890137
0.81736413275703768 -0.48453018534954934 0 0.024286514736569332
0.82829996775950554 -0.46759499010537081 0 0.023818464873427411
0.83451421900027856 -0.45767418340506033 0 0.023529939769538533
0.84493128091880054 -0.4405233961373885 0 0.023007454107756894
0.855016300364704 -0.42324923530651148 0 0.022451718258315972
0.86073171423756478 -0.41314304596348211 0 0.022113244201425662
0.87028600915253773 -0.39569421139201683 0 0.021506940741060968
0.87950197335676561 -0.37814793322383605 0 0.020869992839812213
0.88470909988074931 -0.3678953115735043 0 0.020485483054384048
0.8933863887080582 -0.35021535360916439 0 0.019802311544465191
0.90172157486689075 -0.3324637790072103 0 0.019091372022458551
0.90641474325931226 -0.32210352131697589 0 0.018665146338197096
0.91420724607684811 -0.30425886579285188 0 0.017912705836863007
0.92165633332317565 -0.28636802839626568 0 0.017135581442592803
0.9258335661812197 -0.27593834258990724 0 0.016672271723962819
0.93273978323056372 -0.25799418637421745 0 0.015858646637333496
0.93930363510736714 -0.24002862289904342 0 0.015023565169305291
0.94296650473864485 -0.22956672613071447 0 0.014528018782561986
0.94899094145527341 -0.21158636515114379 0 0.013661613280952674
0.95467629704365931 -0.19360846956608618 0 0.012777058879592136
0.95782973088504497 -0.18315022503657402 0 0.012254243466894301
0.96298253949955637 -0.16519445301699889 0 0.011343619744572674
0.96780162643855772 -0.14726390518603785 0 0.010418173983374591
0.97045366954608903 -0.13684350384104896 0 0.0098730864160702127
0.97475022138126199 -0.11897009048781118 0 0.0089268104290651466
0.97872030533131338 -0.10114336680457665 0 0.0079690010608248953
0.98088184856604332 -0.090793057736118302 0 0.0074065813951164966
0.98434225204822023 -0.07305631198505573 0 0.0064330855062564654
0.98748513778288172 -0.055386282416703445 0 0.005451263471388584
0.98916962056815494 -0.045136153997773154 0 0.0048763280259786074
0.99181820020540801 -0.027586574900432703 0 0.0038837738418349898
0.99415969950978644 -0.010122187898938439 0 0.0028859444474515702
0.99538279592569023 -1.7881566377336626e-18 0 0.0023030803389669308
0.99724754714278829 0.01731598498056304 0 0.0012992720033755808
0.99881692812643152 0.034529930933562776 0 0.00029314114639831623
-0.017209148359447951 -0.9995214344734823 0 0.00016520319258347824
1.9421158038270504e-17 -0.99853360243440603 0 0.00073259916184749505
0.017315984980563089 -0.99724754714278829 0 0.0012992720025483294
0.027440305217570713 -0.99635971105753696 0 0.0016285799361130211
0.044911876114919251 -0.99459125349322652 0 0.0021927618900790982
0.062472890915162858 -0.99251141601463533 0 0.0027544930885513652
0.072731534099536782 -0.99115573231379706 0 0.0030801185179763989
0.090419207388299519 -0.98857363633635176 0 0.0036365984710928522
0.10817716030722739 -0.98566827000784341 0 0.0041888693131939669
0.11854133218347268 -0.98382688242632588 0 0.0045081661685792643
0.13639426902857685 -0.98040159546223427 0 0.0050523072963210292
0.15429662820991541 -0.97664265518016879 0 0.0055903613906707703
0.1647349921998936 -0.97429997254399003 0 0.0059005106547042998
0.18269806712102346 -0.97000602348388942 0 0.0064274206170289207
0.2006881299907089 -0.96536978325050049 0 0.006946314742656441
0.21116698145159815 -0.96251283627974549 0 0.0072444186746943688
0.22918111202872696 -0.95732944240916629 0 0.0077490861715517369
0.24719837355113125 -0.95179709232243948 0 0.0082437743463441415
0.25768187190837943 -0.94841587547582684 0 0.0085268840019924273
0.27568444824900584 -0.94232751844465734 0 0.0090042376039623472
0.29366506894044048 -0.93588572396048775 0 0.0094696515702161182
0.30411552768183231 -0.93197351216502355 0 0.0097348226869333806
0.32204094062330968 -0.92497046532723237 0 0.010179827433076995
0.33991831198273936 -0.91761187093665886 0 0.010610971610248543
0.35029654452838344 -0.9131655007642987 0 0.010855319223357633
0.36807680806639137 -0.90524428994987927 0 0.011263072679951759
0.38578220949946745 -0.89696794942890068 0 0.011655123305882519
0.39604792683938994 -0.89198805442724283 0 0.011875880686249505
0.41361338657864932 -0.88315183470061598 0 0.012241715001801988
0.43107672416028719 -0.87396355089833366 0 0.012590122741337145
0.44118897797473705 -0.86845474140140511 0 0.012784701228692857
0.45846909366950661 -0.85871357368345458 0 0.013104285799616044
0.47561970740271503 -0.8486261324674933 0 0.013404877910070594
0.48553737026570681 -0.84259711132706061 0 0.01357092597570426
0.5024615569605122 -0.8319681249325479 0 0.013840367638818971
0.51922907975683841 -0.82100141040897068 0 0.014089446157240108
0.52891135209636531 -0.81446501768647106 0 0.014224905455845285
0.54540986120962942 -0.80297244781973875 0 0.014440842353073165
0.56172510985789226 -0.79115342922981868 0 0.01463527450452228
0.57113204173304977 -0.78412661092935876 0 0.014738430736133278
0.58713686086192474 -0.77180170389375091 0 0.014898116170760447
0.6029327369746873 -0.75916428854358253 0 0.015035413415242857
0.61202575154761207 -0.75166798686807845 0 0.015104939963171873
0.62747150000356566 -0.73854877002449526 0 0.015206312805639329
0.64268387751383482 -0.72513352105045514 0 0.015284695160094501
0.65142628243971901 -0.71719248631484733 0 0.015319687598733561
0.66625107870355593 -0.70332340446691599 0 0.01536142617507043
0.68081965405986777 -0.68917712695835687 0 0.015379869039405775
0.68917712695835709 -0.68081965405986744 0 0.015379869039760245
0.70332340446691621 -0.66625107870355571 0 0.015361426176052139
0.71719248631484755 -0.65142628243971878 0 0.015319687599427258
0.72513352105045559 -0.6426838775138346 0 0.015284695160315189
0.73854877002449548 -0.62747150000356533 0 0.015206312806284004
0.75166798686807867 -0.61202575154761185 0 0.015104939966051775
0.75916428854358287 -0.60293273697468708 0 0.015035413420034015
0.77180170389375113 -0.58713686086192451 0 0.014898116176511246
0.7841266109293592 -0.57113204173304954 0 0.014738430739434094
0.79115342922981935 -0.56172510985789192 0 0.014635274505123596
0.8029724478197392 -0.5454098612096292 0 0.014440842351276659
0.81446501768647139 -0.52891135209636519 0 0.014224905455101284
0.82100141040897112 -0.51922907975683819 0 0.014089446158445155
0.83196812493254824 -0.50246155696051209 0 0.013840367641937025
0.84259711132706105 -0.48553737026570665 0 0.013570925978400143
0.84862613246749341 -0.47561970740271486 0 0.013404877911599004
0.85871357368345469 -0.45846909366950639 0 0.013104285799800478
0.86845474140140533 -0.44118897797473694 0 0.012784701228682999
0.873963550898334 -0.43107672416028719 0 0.012590122741723905
0.8831518347006162 -0.41361338657864932 0 0.012241715003496743
0.89198805442724316 -0.39604792683938989 0 0.011875880690003057
0.8969679494289009 -0.38578220949946734 0 0.011655123311048956
0.90524428994987949 -0.36807680806639137 0 0.011263072685970387
0.91316550076429914 -0.35029654452838332 0 0.010855319227978603
0.91761187093665897 -0.33991831198273909 0 0.01061097161320455
0.92497046532723248 -0.32204094062330951 0 0.010179827434371975
0.93197351216502344 -0.30411552768183214 0 0.0097348226884454193
0.93588572396048775 -0.29366506894044031 0 0.0094696515726097556
0.94232751844465712 -0.27568444824900568 0 0.0090042376076305882
0.94841587547582684 -0.25768187190837932 0 0.0085268840064183088
0.95179709232243914 -0.24719837355113103 0 0.0082437743510080166
0.95732944240916629 -0.22918111202872685 0 0.0077490861767730559
0.96251283627974527 -0.21116698145159804 0 0.0072444186807282714
0.96536978325050049 -0.20068812999070881 0 0.0069463147492563326
0.97000602348388887 -0.18269806712102335 0 0.0064274206244138363
0.97429997254399026 -0.16473499219989357 0 0.0059005106625910509
0.97664265518016868 -0.15429662820991533 0 0.0055903613987106126
0.98040159546223415 -0.13639426902857682 0 0.0050523073042329269
0.98382688242632588 -0.11854133218347267 0 0.0045081661758539174
0.98566827000784352 -0.10817716030722734 0 0.0041888693198862377
0.98857363633635154 -0.090419207388299463 0 0.003636598476721647
0.99115573231379739 -0.072731534099536782 0 0.0030801185225057463
0.99251141601463544 -0.062472890915162817 0 0.0027544930924246086
0.99459125349322663 -0.044911876114919223 0 0.0021927618927956717
0.99635971105753707 -0.027440305217570706 0 0.0016285799376366174
0.99724754714278852 -0.017315984980563047 0 0.0012992720033884191
0.99853360243440603 8.8277991083047758e-19 0 0.00073259916194084486
0.9995214344734823 0.017209148359447934 0 0.00016520319251996942
-1.6547432915501537e-17 -0.99992554895591668 0 3.7234517368971608e-05
0.017209148359447955 -0.99952143447348241 0 0.00016520319256676768
0.034529930933562818 -0.9988169281264313 0 0.00029314114624187643
0.04465917651970764 -0.9982663197545999 0 0.00036754956951912311
0.062142732782788625 -0.99707479656055797 0 0.00049512500324448195
0.079719988140758771 -0.99556822049148874 0 0.00062226657619607805
0.089989943855735513 -0.9945442442290271 0 0.00069602334360944291
0.1077000695487681 -0.99252839443646279 0 0.00082216259402801697
0.12548403803665095 -0.99018407685433441 0 0.00094746325722038177
0.13586486968929129 -0.98866658694181397 0 0.0010199587980712055
0.15374882001537754 -0.98579292268251539 0 0.0011435894228145043
0.17168491351398127 -0.98257889112092389 0 0.0012659426067459199
0.18214401894562163 -0.98055001892696314 0 0.0013365183707180666
0.20014437652777073 -0.97678917805452858 0 0.0014564963667619028
0.21817345406717445 -0.9726778539595724 0 0.0015747453126178593
0.2286756431447346 -0.97012241065072424 0 0.0016427227399379611
0.2467306613861166 -0.96544984403469614 0 0.001757872531070101
0.26478941599862627 -0.96041872178516441 0 0.0018708307327865068
0.27529715590087483 -0.95732458853360458 0 0.0019355151749306527
0.29334121513421563 -0.95172121993287551 0 0.0020446405258753063
0.31136267378464605 -0.94575351066878544 0 0.0021511105622845903
0.32183640000536223 -0.94211200473336476 0 0.0022118055377735525
0.33980057599646363 -0.93556484286002828 0 0.0023137138883806028
0.35771471062448962 -0.92865006239101522 0 0.0024125106538117839
0.36811320181955326 -0.92445626689965965 0 0.0024685309244789383
0.3859259421172514 -0.91695894866065053 0 0.0025620565487851311
0.4036603856162343 -0.90909342843450558 0 0.002652031448311009
0.41394119791904632 -0.90434647368755716 0 0.0027027175231222641
0.4315290971747528 -0.89589971786587641 0 0.002786746676444225
0.44900995370326091 -0.88708701863041439 0 0.0028668129239155819
0.45912990754230226 -0.88179030330375552 0 0.0029115458190194579
0.47641856847283065 -0.87240225521682246 0 0.0029850421184315656
0.49357130308078956 -0.86265346468758841 0 0.0030542000655297955
0.50348701299585541 -0.85681480647892516 0 0.0030924159781496987
0.52040197538565869 -0.84650125647398256 0 0.0031544453270065209
0.53715236379858367 -0.83583515504558537 0 0.0032118069240295406
0.54682079942404738 -0.8294668620758251 0 0.0032430112119587596
0.56328851572873684 -0.81825132406677437 0 0.0032927652455269152
0.5795636315442223 -0.80669440632298828 0 0.0033375766678320111
0.58894269596730964 -0.79981326293209853 0 0.0033613565973746144
0.60489152895896459 -0.78772690344721708 0 0.0033981737190597688
0.62062074273210721 -0.77531324780274036 0 0.0034298352161855998
0.62966985298973077 -0.7679404111755026 0 0.0034458709278750188
0.64503106872007376 -0.75502182439290166 0 0.003469254015100255
0.6601470316764172 -0.74179280843156736 0 0.0034873361022162565
0.66882768534917181 -0.73395361562089589 0 0.0034954093036517167
0.68353641369378837 -0.72024844537130372 0 0.0035050392913166129
0.69797599827926993 -0.70625231006171585 0 0.0035092945615412632
0.70625231006171607 -0.6979759982792697 0 0.0035092945613701822
0.72024844537130395 -0.68353641369378804 0 0.0035050392907427503
0.733953615620896 -0.66882768534917147 0 0.0034954093029619117
0.7417928084315677 -0.66014703167641697 0 0.0034873361016006191
0.755021824392902 -0.64503106872007343 0 0.0034692540150024873
0.76794041117550282 -0.62966985298973055 0 0.0034458709288085337
0.77531324780274091 -0.6206207427321071 0 0.0034298352178768017
0.78772690344721752 -0.60489152895896414 0 0.003398173721132697
0.79981326293209876 -0.5889426959673093 0 0.0033613565985001659
0.80669440632298861 -0.57956363154422197 0 0.0033375766679072231
0.81825132406677481 -0.56328851572873673 0 0.0032927652446267794
0.82946686207582543 -0.54682079942404715 0 0.0032430112113669687
0.83583515504558537 -0.53715236379858333 0 0.0032118069241365535
0.84650125647398267 -0.52040197538565847 0 0.0031544453281558632
0.85681480647892516 -0.50348701299585508 0 0.0030924159799931199
0.86265346468758863 -0.49357130308078939 0 0.0030542000676052196
0.87240225521682291 -0.47641856847283048 0 0.0029850421204229509
0.88179030330375574 -0.45912990754230198 0 0.0029115458202940351
0.88708701863041484 -0.44900995370326086 0 0.0028668129245478595
0.89589971786587663 -0.43152909717475274 0 0.0027867466765605802
0.90434647368755738 -0.41394119791904616 0 0.0027027175235977748
0.90909342843450591 -0.40366038561623424 0 0.0026520314493245485
0.91695894866065064 -0.38592594211725134 0 0.0025620565502143572
0.92445626689965965 -0.36811320181955315 0 0.0024685309255347721
0.92865006239101522 -0.35771471062448934 0 0.0024125106543474517
0.93556484286002817 -0.33980057599646346 0 0.0023137138883703172
0.94211200473336454 -0.32183640000536196 0 0.0022118055377750544
0.94575351066878544 -0.31136267378464583 0 0.002151110562518788
0.9517212199328754 -0.29334121513421546 0 0.0020446405264656731
0.95732458853360469 -0.27529715590087472 0 0.0019355151757618804
0.96041872178516396 -0.2647894159986261 0 0.0018708307337072091
0.96544984403469603 -0.24673066138611646 0 0.0017578725320857424
0.97012241065072413 -0.22867564314473454 0 0.0016427227409789762
0.9726778539595724 -0.21817345406717434 0 0.0015747453136472445
0.97678917805452847 -0.20014437652777065 0 0.0014564963678056926
0.98055001892696292 -0.18214401894562154 0 0.00133651837183034
0.98257889112092389 -0.17168491351398119 0 0.0012659426079188105
0.98579292268251517 -0.15374882001537749 0 0.0011435894240695021
0.98866658694181364 -0.13586486968929123 0 0.0010199587993727109
0.99018407685433441 -0.1254840380366509 0 0.00094746325853020989
0.99252839443646268 -0.10770006954876803 0 0.00082216259528116364
0.99454424422902699 -0.089989943855735513 0 0.00069602334471204389
0.99556822049148863 -0.079719988140758702 0 0.00062226657716984068
0.9970747965605582 -0.062142732782788611 0 0.00049512500394649711
0.99826631975460001 -0.044659176519707647 0 0.00036754956988960832
0.99881692812643152 -0.034529930933562776 0 0.00029314114640406722
0.99952143447348241 -0.017209148359447934 0 0.00016520319252157881
0.99992554895591657 0 0 3.7234517328419777e-05
