-0.99970210894572986 -1.5302468770258689e-18 0 0.00014655969660115896
-0.99807897574316906 0.034591113238035293 0 0.0006538139987170979
-0.99522768394727557 0.069588289432790634 0 0.001166019901928658
-0.99298586629584906 0.090120651693375978 0 0.0014513429211341887
-0.98810582403578007 0.12564130948608906 0 0.0019511350028903706
-0.98189424979198781 0.16141089539039222 0 0.0024417220308494054
-0.97765279096784274 0.18231600613630636 0 0.0027232337299053049
-0.96926821633404781 0.21833786300814675 0 0.0031920406986023385
-0.9594750262340046 0.25442378980229824 0 0.0036462640096818926
-0.95311846913063047 0.27542410644701165 0 0.0039036362493778168
-0.94105602420352208 0.31145081462010166 0 0.0043258393522152159
-0.9275420809957966 0.34733415561658015 0 0.0047268633275340611
-0.91900630074558753 0.36811833111096537 0 0.0049520673777023296
-0.90318651334440614 0.40360092701207895 0 0.0053096131150872326
-0.88591316200262482 0.43871790452975934 0 0.0056386044795021361
-0.87519526270121795 0.45895243812590347 0 0.0058225323577309604
-0.85564799524825197 0.49331127589826906 0 0.0060974167198239978
-0.83469027748862368 0.52707744491092834 0 0.0063377518873377666
-0.82185510831465913 0.54642169502989391 0 0.00647299702829325
-0.7987285200469656 0.57907365061676142 0 0.006651046086038716
-0.77428107118050393 0.610912582631575 0 0.0067898396970911268
-0.75946315192964631 0.62903598751772583 0 0.0068703727475092069
-0.73302429085925314 0.65942466140030731 0 0.0069416066091525282
-0.70539838575574432 0.68879852616153714 0 0.0069709348712770937
-0.68879852616153703 0.70539838575574443 0 0.0069929634035327138
-0.65942466140030731 0.73302429085925314 0 0.0069530327153328967
-0.62903598751772571 0.75946315192964642 0 0.0068708074467395538
-0.61091258263157477 0.77428107118050427 0 0.0068329969239989199
-0.57907365061676142 0.79872852004696593 0 0.0066835449833518613
-0.54642169502989379 0.82185510831465902 0 0.0064938180102169585
-0.52707744491092812 0.83469027748862401 0 0.0063975388924340654
-0.4933112758982689 0.85564799524825175 0 0.0061460851394634902
-0.45895243812590331 0.87519526270121784 0 0.0058584626936936069
-0.43871790452975912 0.8859131620026246 0 0.0057075254566279167
-0.40360092701207884 0.90318651334440614 0 0.0053667887771450791
-0.36811833111096537 0.91900630074558776 0 0.0049960993863418851
-0.34733415561658004 0.9275420809957966 0 0.0047969887755010326
-0.3114508146201016 0.94105602420352186 0 0.0043834163378862765
-0.27542410644701171 0.95311846913063047 0 0.0039464109452095062
-0.25442378980229813 0.95947502623400438 0 0.0037061565123826731
-0.21833786300814675 0.96926821633404781 0 0.003238800103540719
-0.18231600613630639 0.97765279096784263 0 0.0027576229030373332
-0.16141089539039216 0.98189424979198769 0 0.002487629660108983
-0.12564130948608904 0.98810582403577996 0 0.0019855289993085099
-0.090120651693376019 0.99298586629584895 0 0.0014725395358932941
-0.069588289432790593 0.99522768394727557 0 0.0011743731195801746
-0.034591113238035293 0.99807897574316917 0 0.00065882063165583979
-4.0660845589544517e-17 0.99970210894572997 0 0.00014859418121998064
-0.99807897574316917 -0.034591113238035306 0 0.00065381399865883721
-0.99413659879447369 -1.435613553017316e-17 0 0.0029026401432871518
-0.98899355434131953 0.03496087513699464 0 0.0051513978960719461
-0.98543421190375091 0.055456845479119325 0 0.006448349401715253
-0.97832445178480376 0.09089165099529195 0 0.0086400082495589718
-0.96993406599299681 0.12655010976674486 0 0.010785562627794133
-0.96445153087346081 0.14738106293914716 0 0.012022303833377719
-0.95398674134767469 0.18326331024468087 0 0.01406675167365848
-0.94218662318729707 0.21919989923241065 0 0.016037103574888512
-0.93469897855606943 0.24011162781774797 0 0.017156516380365371
-0.92076163395850097 0.27598839529558172 0 0.018980951632504225
-0.90546551351569238 0.31173156476035047 0 0.020705195593876017
-0.89593775089006489 0.332441964492382 0 0.021672838517402544
-0.87849507203259825 0.3678170919953736 0 0.023206518158921038
-0.85970616591175542 0.40285863638103148 0 0.024610955189951642
-0.84815727568289345 0.42306758293106855 0 0.025388441633158128
-0.82727205115404445 0.45742008867146283 0 0.026560890977200394
-0.80509194626364178 0.49123525219389758 0 0.027580955763840634
-0.7915991033912384 0.51063700223481501 0 0.02813760288520982
-0.76743504729580336 0.54344343518059124 0 0.02889417116631476
-0.74206658520596247 0.57551435527551775 0 0.029480741767131745
-0.72676563038911102 0.59381157630230463 0 0.029792744701753596
-0.69958607702270548 0.62457056818970569 0 0.030095816365209326
-0.6713292960919629 0.65441109678861609 0 0.030219441345175506
-0.65441109678861598 0.6713292960919629 0 0.030273075079395379
-0.62457056818970569 0.69958607702270548 0 0.030107061087769497
-0.59381157630230452 0.72676563038911124 0 0.02976097477716929
-0.57551435527551764 0.74206658520596247 0 0.029553404587799086
-0.54344343518059113 0.76743504729580336 0 0.028925888719263791
-0.5106370022348149 0.79159910339123818 0 0.028126848201361791
-0.49123525219389746 0.80509194626364189 0 0.027666707640445674
-0.45742008867146278 0.82727205115404456 0 0.026607826687754708
-0.4230675829310685 0.84815727568289345 0 0.02539398980201743
-0.40285863638103131 0.85970616591175542 0 0.024700179958883597
-0.36781709199537349 0.87849507203259825 0 0.023259971921670272
-0.332441964492382 0.89593775089006467 0 0.021689065600404255
-0.31173156476035035 0.90546551351569238 0 0.020790670523447324
-0.27598839529558172 0.92076163395850075 0 0.019033754765108834
-0.240111627817748 0.93469897855606932 0 0.017172425982057891
-0.21919989923241057 0.94218662318729685 0 0.01610177779224805
-0.18326331024468087 0.95398674134767469 0 0.014103284954750616
-0.14738106293914724 0.96445153087346092 0 0.012036719407039443
-0.12655010976674483 0.96993406599299647 0 0.010840106127073937
-0.09089165099529195 0.97832445178480376 0 0.0086763803452513874
-0.055456845479119353 0.98543421190375058 0 0.0064606297693952843
-0.034960875136994612 0.98899355434131953 0 0.0051364750413070721
1.435613553017316e-17 0.99413659879447369 0 0.0028997205327123115
0.034591113238035272 0.99807897574316906 0 0.00065882063192612098
-0.99522768394727557 -0.069588289432790634 0 0.0011660199017191849
-0.98899355434131953 -0.034960875136994682 0 0.0051513978956020407
-0.98159627025866769 -2.5697945172902136e-17 0 0.0090971488731462248
-0.97674552056839825 0.020480711901367882 0 0.011398448844359187
-0.96745764838380022 0.055865959218562231 0 0.015224489659205056
-0.9569476828924971 0.091449467829378572 0 0.018963766861342799
-0.95026161965735312 0.11222719715927043 0 0.021122199654670059
-0.93778562237848606 0.14800543419154596 0 0.024675528324844591
-0.92405220710877778 0.18382755187613992 0 0.028085396888269082
-0.91547795719237623 0.20467050121920141 0 0.030021019852844555
-0.89974407156008351 0.24043023992838297 0 0.033165768642209208
-0.88274546046172719 0.27606430526317738 0 0.036126628280664826
-0.87227219752441676 0.29671794811037472 0 0.037783338839912813
-0.85328582699013955 0.33201262981241025 0 0.040410151143660304
-0.83305869086250128 0.36700242999484201 0 0.042807820462866172
-0.82072249736724623 0.38719779195322707 0 0.044123584709427344
-0.79857140353975598 0.42156108972404138 0 0.046122977138505224
-0.77523640814973849 0.45543740819109263 0 0.04785759266901473
-0.76112271877997417 0.47490121031990212 0 0.048783337115657646
-0.73597974996149407 0.50786521827874165 0 0.050071211342985526
-0.70974233239747964 0.54016481353229184 0 0.051067823729684943
-0.69398545308617843 0.55863079499901536 0 0.051566731855448543
-0.66610607589958326 0.58974579955087347 0 0.052086103617449885
-0.63725187736376065 0.62003136170490014 0 0.052300357042645587
-0.62003136170490014 0.63725187736376077 0 0.052352267496590964
-0.58974579955087347 0.66610607589958337 0 0.052079992652982965
-0.55863079499901536 0.69398545308617865 0 0.051502310111342951
-0.54016481353229173 0.70974233239747975 0 0.051104938870426032
-0.50786521827874154 0.73597974996149407 0 0.050053291245673509
-0.47490121031990201 0.76112271877997417 0 0.048709791212143985
-0.45543740819109257 0.77523640814973882 0 0.047879180582438834
-0.42156108972404138 0.79857140353975609 0 0.046094862928891159
-0.38719779195322707 0.82072249736724634 0 0.044044676963295282
-0.36700242999484189 0.83305869086250128 0 0.042813551147287618
-0.33201262981241014 0.85328582699013955 0 0.040373782504269144
-0.29671794811037466 0.87227219752441665 0 0.037705283186184747
-0.27606430526317727 0.88274546046172719 0 0.036121573047116946
-0.24043023992838289 0.89974407156008329 0 0.033126784064272309
-0.20467050121920138 0.91547795719237601 0 0.029945598661019639
-0.18382755187613981 0.92405220710877778 0 0.028065022681162725
-0.14800543419154591 0.93778562237848584 0 0.024633137063894028
-0.1122271971592705 0.95026161965735345 0 0.021069051887220528
-0.091449467829378531 0.95694768289249688 0 0.018963814221226175
-0.055865959218562238 0.96745764838380033 0 0.015217497669539906
-0.02048071190136792 0.97674552056839803 0 0.011373466791684286
6.2409295419905203e-17 0.98159627025866769 0 0.009047410391819409
0.034960875136994682 0.98899355434131953 0 0.0051364750433762468
0.069588289432790607 0.99522768394727557 0 0.001174373120530542
-0.99298586629584884 -0.090120651693375964 0 0.0014513429207975211
-0.98543421190375058 -0.055456845479119374 0 0.0064483494007859278
-0.97674552056839803 -0.020480711901367934 0 0.0113984488437555
-0.97115694696518773 -2.7395219141444066e-17 0 0.014190887393283311
-0.96062788437640967 0.035371650143202996 0 0.018955963333404477
-0.94891391894771382 0.070926725277222269 0 0.023609692361543904
-0.941545862612022 0.091682260869983462 0 0.02625154041911117
-0.92793282174572433 0.12741488600255915 0 0.030664535517780839
-0.91310945764401552 0.16318497421526937 0 0.034889667784321315
-0.90392389097015802 0.18399617162260076 0 0.037247001049825958
-0.88718127175592754 0.2197015243973201 0 0.04113381894429019
-0.86922896661753568 0.2552850026051719 0 0.04478562089752669
-0.85822696820213651 0.27591266065396403 0 0.046791466655473554
-0.83837869413734045 0.31117165995065121 0 0.050026729910714302
-0.81734997240911178 0.34614102483344694 0 0.052974598185810781
-0.80457553155296591 0.36633333555113895 0 0.054555511208950976
-0.78172054338602803 0.40070973146405314 0 0.05701326405881732
-0.75774406001199623 0.43462629791120727 0 0.059142982450561786
-0.7432857374793912 0.45412782485672831 0 0.060241281210784425
-0.71759956935543601 0.48718425212842509 0 0.061825150650049288
-0.69088000266853999 0.51961485437796273 0 0.063051606965753224
-0.67487006962773832 0.53817647874158503 0 0.063625249306645315
-0.64660197216440507 0.56949180247645059 0 0.064270288006368012
-0.61741537015962167 0.60002628620429976 0 0.064543233910351536
-0.60002628620429976 0.61741537015962189 0 0.064570523905101401
-0.56949180247645059 0.64660197216440507 0 0.064250155635073844
-0.53817647874158503 0.67487006962773854 0 0.063558638844397067
-0.51961485437796273 0.69088000266854022 0 0.063039620704594776
-0.48718425212842509 0.71759956935543612 0 0.061767395707568312
-0.45412782485672831 0.74328573747939142 0 0.060140608831775154
-0.43462629791120727 0.75774406001199657 0 0.059097141923214296
-0.40070973146405309 0.78172054338602814 0 0.056925733903313326
-0.36633333555113895 0.80457553155296602 0 0.054430540975561527
-0.34614102483344689 0.81734997240911211 0 0.052904359516473688
-0.31117165995065116 0.83837869413734056 0 0.049921415690852081
-0.27591266065396408 0.85822696820213651 0 0.046657527787991177
-0.25528500260517184 0.86922896661753557 0 0.044707280793693856
-0.21970152439732005 0.88718127175592731 0 0.041027922900977669
-0.18399617162260076 0.9039238909701578 0 0.037117686254033631
-0.16318497421526931 0.91310945764401563 0 0.034812581332428302
-0.12741488600255915 0.92793282174572422 0 0.030573455466608154
-0.091682260869983517 0.94154586261202211 0 0.026164080001719769
-0.070926725277222241 0.94891391894771371 0 0.023587758355149469
-0.035371650143202996 0.96062788437640978 0 0.018933602972547033
-6.3844790372009474e-18 0.97115694696518728 0 0.014155415037668153
0.020480711901367972 0.97674552056839803 0 0.011373466794028576
0.055456845479119374 0.98543421190375058 0 0.0064606297732705395
0.090120651693375936 0.99298586629584884 0 0.001472539537361899
-0.98810582403577996 -0.12564130948608906 0 0.0019511350023068629
-0.97832445178480376 -0.090891650995292006 0 0.0086400082477490498
-0.96745764838380011 -0.055865959218562279 0 0.015224489657437262
-0.96062788437640956 -0.035371650143203051 0 0.018955963332225077
-0.94801608085464717 -3.403733186248699e-17 0 0.025259644905174419
-0.93428795160248923 0.035529512709893199 0 0.03140033332042029
-0.92578164820214526 0.056260388860976916 0 0.034888046130866601
-0.91027508379699784 0.091937536232708367 0 0.040688662250129494
-0.89364147660991256 0.12764060189992615 0 0.046227427689475499
-0.88344264691410113 0.1484099220928794 0 0.049320845792875684
-0.86503119106438242 0.18404281666945177 0 0.054396428656508566
-0.84550463023005495 0.21955905688074559 0 0.059153330745224372
-0.8336312877788552 0.24015277078627892 0 0.061769840175698837
-0.81236473649330587 0.27536728395215693 0 0.065970679942331065
-0.79001924452753358 0.31031601166848372 0 0.06979166515781092
-0.77652575410665348 0.33051024870745088 0 0.071844032335648317
-0.75251702580267144 0.36491900870216837 0 0.075022875830975652
-0.72749018450050584 0.39891110085989956 0 0.077774208269077091
-0.71246791166496481 0.41847938032157322 0 0.079193730952327263
-0.68589317947995365 0.45169460173805592 0 0.081237998157147565
-0.65838498182268146 0.48434578088075286 0 0.082820707233663013
-0.64196102373020225 0.50306689795099535 0 0.083558062930251878
-0.61305649332714696 0.53471410544793363 0 0.084392617638732556
-0.58332480811899112 0.56565875716086689 0 0.084748486442543944
-0.56565875716086689 0.58332480811899112 0 0.084778366716331835
-0.53471410544793363 0.61305649332714707 0 0.084372354533011312
-0.50306689795099535 0.64196102373020236 0 0.083488552938230293
-0.48434578088075286 0.65838498182268157 0 0.082811315236992158
-0.45169460173805592 0.68589317947995376 0 0.081180146419279592
-0.41847938032157317 0.71246791166496504 0 0.079090044797556047
-0.39891110085989945 0.72749018450050595 0 0.07773162728458631
-0.36491900870216831 0.75251702580267177 0 0.07493591528355116
-0.33051024870745077 0.77652575410665359 0 0.071716791715593198
-0.3103160116684836 0.79001924452753358 0 0.069726848747913212
-0.27536728395215693 0.81236473649330609 0 0.065868042998927082
-0.24015277078627892 0.83363128777885509 0 0.06163529620242407
-0.21955905688074553 0.84550463023005484 0 0.059083321598403647
-0.18404281666945171 0.8650311910643822 0 0.054296127158664664
-0.1484099220928794 0.88344264691410068 0 0.049194830252531317
-0.12764060189992613 0.89364147660991244 0 0.04616525191998179
-0.091937536232708381 0.91027508379699784 0 0.040611473055607646
-0.056260388860976979 0.92578164820214515 0 0.034814033101376492
-0.035529512709893171 0.93428795160248923 0 0.031405920483235747
2.8364443218739166e-17 0.94801608085464728 0 0.025260419382295379
0.035371650143203023 0.96062788437640934 0 0.018933602974458352
0.055865959218562321 0.9674576483838 0 0.015217497673458785
0.090891650995292006 0.97832445178480365 0 0.0086763803500510238
0.12564130948608901 0.98810582403577985 0 0.0019855290009964497
-0.98189424979198769 -0.16141089539039216 0 0.0024417220299885541
-0.96993406599299647 -0.12655010976674491 0 0.010785562624999049
-0.95694768289249676 -0.091449467829378628 0 0.018963766858278545
-0.94891391894771404 -0.070926725277222352 0 0.023609692359054756
-0.93428795160248923 -0.035529512709893268 0 0.031400333319118408
-0.91861923386251776 -3.4561185627667549e-17 0 0.038961514616501394
-0.90901937492767915 0.020721032392151759 0 0.043250077808003183
-0.8916985443952925 0.056367908136888016 0 0.050359441384788713
-0.87333611859707316 0.092028607097429743 0 0.05713234016884193
-0.86217197642382715 0.11277001961843065 0 0.060915183262054376
-0.84217430640900548 0.14835355395364716 0 0.06709950943855765
-0.82115550400825288 0.1838241509223453 0 0.072881365080623095
-0.80845786915929285 0.20439561724901051 0 0.076061744099708672
-0.78585206953016629 0.23958391372525145 0 0.081151157540429286
-0.76226577400404327 0.2745275227902414 0 0.085772269575028814
-0.74809571041961631 0.29473124332319345 0 0.088255224979828573
-0.72300274231238992 0.32918245717029831 0 0.092090923730648089
-0.69699008099150261 0.36325605100589503 0 0.095406567231914902
-0.68143891119689182 0.38289246373003016 0 0.097116851835524973
-0.6540312240325612 0.41626491648102831 0 0.099577055110619539
-0.62578385544501769 0.44912974786846965 0 0.10148071962008856
-0.6089717223391663 0.46800369823177435 0 0.10236513818813368
-0.57947002410581572 0.49996659250670211 0 0.10336946507698654
-0.54922595896738335 0.53129896507623131 0 0.10379887681260366
-0.5312989650762312 0.54922595896738347 0 0.10383036221815753
-0.49996659250670211 0.57947002410581583 0 0.10334584498792171
-0.46800369823177435 0.60897172233916641 0 0.10228729813056017
-0.44912974786846965 0.62578385544501791 0 0.10146661580026275
-0.41626491648102831 0.6540312240325612 0 0.099509754361391728
-0.38289246373003016 0.68143891119689193 0 0.096998954911979143
-0.36325605100589498 0.69699008099150295 0 0.095354570622326218
-0.3291824571702982 0.72300274231239003 0 0.09199025270403223
-0.29473124332319345 0.74809571041961664 0 0.088109991308146951
-0.27452752279024134 0.76226577400404338 0 0.085696098382887137
-0.23958391372525151 0.78585206953016651 0 0.081033471120621911
-0.20439561724901048 0.80845786915929296 0 0.075908437829279529
-0.18382415092234525 0.82115550400825277 0 0.072801437221340526
-0.14835355395364713 0.84217430640900515 0 0.066986741246181952
-0.11277001961843069 0.86217197642382715 0 0.060774866891817596
-0.092028607097429715 0.87333611859707327 0 0.057067987279714197
-0.056367908136888044 0.8916985443952925 0 0.05027875759979198
-0.020721032392151818 0.90901937492767892 0 0.043170624391155418
5.7601976046112591e-17 0.91861923386251776 0 0.038974985077399389
0.035529512709893261 0.93428795160248923 0 0.031405920482646676
0.070926725277222311 0.94891391894771371 0 0.023587758355693662
0.091449467829378669 0.95694768289249688 0 0.018963814223069156
0.12655010976674491 0.96993406599299647 0 0.010840106129645836
0.16141089539039216 0.98189424979198747 0 0.0024876296610479654
-0.97765279096784274 -0.18231600613630633 0 0.0027232337288790932
-0.96445153087346092 -0.14738106293914724 0 0.012022303829989043
-0.95026161965735334 -0.1122271971592705 0 0.021122199650814879
-0.94154586261202211 -0.091682260869983517 0 0.026251540415822137
-0.92578164820214548 -0.056260388860976986 0 0.034888046128752098
-0.90901937492767915 -0.020721032392151822 0 0.043250077807170224
-0.89880461063106465 -2.8903821151245222e-17 0 0.047975580332176866
-0.88046571634406745 0.035639035866404184 0 0.055814648771032351
-0.86113558252209532 0.071284667916869826 0 0.063273522010582783
-0.84943211514067674 0.092015276967687479 0 0.067425548400624979
-0.82854976708227734 0.12757907175142774 0 0.074222238252855149
-0.80670042424371757 0.16303148289473118 0 0.080567837706532572
-0.79354471273180405 0.18359451795857976 0 0.084042192289395468
-0.77019569863305959 0.21877455482672081 0 0.089617482178623975
-0.74592191851342193 0.2537210269754912 0 0.094674928943017669
-0.73137741126653921 0.27393304365759275 0 0.097374731358829514
-0.70568495227126615 0.3084125074674644 0 0.10156766052161793
-0.67912775967592132 0.34253532412816706 0 0.1051898839232865
-0.663284621174275 0.36221153505329678 0 0.10703811785489571
-0.63541728647083129 0.39567405791919563 0 0.10972489091368579
-0.60676208567957701 0.42865949106188489 0 0.11180398332914807
-0.58973574152937724 0.44761907765345599 0 0.11274685911775494
-0.55990432483914354 0.47975795256806708 0 0.11384634462828762
-0.52937699881634237 0.51130551581524974 0 0.11431950795311505
-0.51130551581524963 0.5293769988163427 0 0.1143300607193915
-0.47975795256806708 0.55990432483914376 0 0.11380907181386508
-0.44761907765345599 0.58973574152937736 0 0.11266258736012423
-0.42865949106188489 0.60676208567957723 0 0.11174235644171708
-0.39567405791919569 0.63541728647083151 0 0.10961769304350756
-0.36221153505329678 0.66328462117427534 0 0.10688782304755892
-0.34253532412816701 0.67912775967592165 0 0.10506676762086316
-0.30841250746746429 0.70568495227126637 0 0.10140416555410209
-0.27393304365759275 0.73137741126653921 0 0.097174746930401276
-0.25372102697549115 0.74592191851342171 0 0.094509155419680302
-0.21877455482672084 0.77019569863305981 0 0.089419498109626794
-0.18359451795857981 0.79354471273180405 0 0.083817729908281707
-0.16303148289473116 0.80670042424371746 0 0.080387368382996635
-0.12757907175142771 0.82854976708227734 0 0.07401996964822001
-0.09201527696768752 0.84943211514067674 0 0.067206897583766953
-0.071284667916869812 0.86113558252209543 0 0.063108570609250444
-0.035639035866404212 0.88046571634406745 0 0.055645864869234611
-4.1360279639020357e-17 0.89880461063106443 0 0.047819259179381422
0.020721032392151839 0.90901937492767915 0 0.043170624390047166
0.056260388860976979 0.92578164820214548 0 0.03481403309939151
0.091682260869983476 0.941545862612022 0 0.026164080000157335
0.11222719715927053 0.95026161965735334 0 0.021069051886393686
0.14738106293914724 0.96445153087346092 0 0.012036719407073895
0.18231600613630633 0.97765279096784274 0 0.0027576229031607401
-0.96926821633404803 -0.21833786300814675 0 0.0031920406974733015
-0.9539867413476748 -0.18326331024468087 0 0.014066751669820705
-0.93778562237848584 -0.14800543419154594 0 0.024675528320203394
-0.92793282174572433 -0.12741488600255921 0 0.030664535513505647
-0.91027508379699817 -0.091937536232708422 0 0.040688662246650777
-0.89169854439529272 -0.056367908136888079 0 0.050359441382149032
-0.88046571634406778 -0.035639035866404233 0 0.055814648768967794
-0.86044456138025005 -2.1530634285262818e-17 0 0.064838962099957098
-0.83951914230927194 0.035633037096355846 0 0.073406220493480542
-0.82692816348951026 0.056352643733519309 0 0.078172680810770889
-0.80459240579822167 0.091895023168751991 0 0.085952712565597195
-0.78138128088532 0.12732780854329104 0 0.093200594522729191
-0.7674755828589882 0.14788258529988285 0 0.097167743578957882
-0.7429113481466999 0.1830579744045325 0 0.10351669246618536
-0.71751517995704672 0.21801713025296829 0 0.10926640969007342
-0.70236001314607099 0.23824695169867058 0 0.1123362797558395
-0.6756907759347951 0.27277913103450779 0 0.1170925164569596
-0.6482472130502146 0.30698793965269539 0 0.12119648546357223
-0.63192910064573227 0.32673193897230746 0 0.12329152316998197
-0.60331430526427254 0.36034552228895816 0 0.12633116827001947
-0.57399604404107962 0.39353079968673238 0 0.12868177007389575
-0.55662139738011529 0.41263142030632161 0 0.12974838145687415
-0.52625364304129996 0.44505886838488046 0 0.13099087592767389
-0.49526507276503895 0.47695799723566351 0 0.1315258551543898
-0.47695799723566346 0.49526507276503917 0 0.1315374593346148
-0.44505886838488046 0.52625364304130018 0 0.13094999759411233
-0.41263142030632161 0.55662139738011551 0 0.12965583794887814
-0.39353079968673238 0.57399604404107984 0 0.12861431345470539
-0.36034552228895816 0.60331430526427277 0 0.12621365412178087
-0.3267319389723074 0.63192910064573249 0 0.1231264565888381
-0.30698793965269533 0.64824721305021504 0 0.12106210015265721
-0.27277913103450779 0.67569077593479532 0 0.11691363482747495
-0.23824695169867058 0.70236001314607088 0 0.1121168046207707
-0.21801713025296832 0.71751517995704694 0 0.10908626211724524
-0.18305797440453259 0.7429113481466999 0 0.10330081710298442
-0.14788258529988296 0.7674755828589882 0 0.096922095113451373
-0.12732780854329104 0.78138128088532 0 0.093006387038245708
-0.091895023168751991 0.80459240579822155 0 0.085734387525693567
-0.056352643733519378 0.82692816348951026 0 0.077936097509146471
-0.035633037096355846 0.83951914230927194 0 0.073233610983255523
-2.7402625453970858e-17 0.86044456138025005 0 0.064660607149137642
0.035639035866404149 0.88046571634406756 0 0.055645864866176252
0.056367908136888085 0.8916985443952925 0 0.050278757595610762
0.091937536232708408 0.91027508379699806 0 0.040611473050346035
0.12741488600255915 0.92793282174572433 0 0.030573455461293433
0.14800543419154596 0.93778562237848584 0 0.024633137059011753
0.18326331024468087 0.95398674134767503 0 0.014103284951370839
0.2183378630081467 0.96926821633404769 0 0.003238800102631357
-0.95947502623400471 -0.25442378980229824 0 0.0036462640087049887
-0.94218662318729696 -0.21919989923241068 0 0.016037103571396937
-0.92405220710877778 -0.18382755187613992 0 0.028085396883633533
-0.91310945764401596 -0.16318497421526942 0 0.034889667779611382
-0.89364147660991278 -0.12764060189992624 0 0.046227427684679259
-0.87333611859707339 -0.092028607097429813 0 0.057132340163867042
-0.86113558252209543 -0.071284667916869882 0 0.063273522005559843
-0.83951914230927183 -0.035633037096355881 0 0.073406220489892204
-0.81708522050520449 -1.1854828340220216e-17 0 0.083002621751661343
-0.80365680871157719 0.020715815997443765 0 0.088336416862801082
-0.77995239956582973 0.0562487376210241 0 0.097021456968746339
-0.75546196466364679 0.09167298361490013 0 0.10509675773633018
-0.74085294298783466 0.11222539393138625 0 0.10951455320916159
-0.71515092861801544 0.14740500512424776 0 0.11656891045623276
-0.68870584968749615 0.18238374481013694 0 0.12294741449051461
-0.672980754953588 0.20263429849855208 0 0.1263523762928834
-0.64540093160802925 0.23722203728031721 0 0.13161769929601072
-0.61713207417787685 0.27151651946255995 0 0.13615602079312097
-0.60037205873965616 0.29132648574923675 0 0.13847313625491345
-0.57106222374529014 0.32508488966947813 0 0.14183004330654411
-0.54112763400611508 0.3584594824249912 0 0.14442450493548645
-0.52342923386031637 0.37769288156149794 0 0.14560214314847572
-0.49256277334572957 0.41039082448015723 0 0.14697316094573537
-0.46114490161027216 0.44261825823625073 0 0.1475640592017971
-0.44261825823625067 0.46114490161027233 0 0.14757699877203506
-0.41039082448015723 0.49256277334572968 0 0.14693080637364983
-0.37769288156149794 0.52342923386031648 0 0.14550529222304087
-0.3584594824249912 0.5411276340061153 0 0.14435575670591613
-0.32508488966947818 0.57106222374529025 0 0.14170850108967328
-0.29132648574923675 0.60037205873965638 0 0.1383012722155359
-0.27151651946255984 0.61713207417787697 0 0.13601888819766789
-0.23722203728031716 0.64540093160802947 0 0.13143348423115517
-0.20263429849855216 0.672980754953588 0 0.12612492238969372
-0.18238374481013683 0.68870584968749593 0 0.12276495293470278
-0.14740500512424776 0.71515092861801544 0 0.11634845504827099
-0.11222539393138628 0.74085294298783455 0 0.10926215723945711
-0.091672983614900089 0.75546196466364668 0 0.10490375161189858
-0.056248737621024093 0.77995239956582985 0 0.096802510745407952
-0.020715815997443834 0.80365680871157719 0 0.088097227788170404
1.1854828340220214e-17 0.81708522050520449 0 0.082837550006299387
0.035633037096355825 0.83951914230927183 0 0.073233610978727673
0.071284667916869798 0.86113558252209521 0 0.063108570601672881
0.092028607097429826 0.87333611859707339 0 0.057067987271030476
0.12764060189992624 0.89364147660991278 0 0.04616525191051718
0.1631849742152694 0.91310945764401574 0 0.034812581323574274
0.18382755187613997 0.92405220710877778 0 0.028065022673299776
0.21919989923241068 0.94218662318729696 0 0.01610177778702699
0.25442378980229818 0.9594750262340046 0 0.0037061565110192351
-0.95311846913063092 -0.27542410644701176 0 0.0039036362486043444
-0.93469897855606976 -0.24011162781774806 0 0.017156516377436867
-0.91547795719237635 -0.20467050121920144 0 0.030021019848585441
-0.90392389097015802 -0.18399617162260082 0 0.037247001045143391
-0.88344264691410113 -0.14840992209287948 0 0.049320845787405143
-0.86217197642382748 -0.11277001961843072 0 0.060915183255608088
-0.84943211514067674 -0.09201527696768752 0 0.067425548393639859
-0.82692816348951015 -0.05635264373351935 0 0.078172680804594247
-0.8036568087115773 -0.020715815997443789 0 0.088336416859904787
-0.78976425387250515 -1.4514720904068849e-17 0 0.093969187030268228
-0.76530242363903778 0.035531102838228586 0 0.10314929417837619
-0.74010528612021009 0.070953786036410976 0 0.11167601284392871
-0.72510826138986528 0.091506602166851927 0 0.11632688751895957
-0.69877933521131685 0.12669126073590375 0 0.12376442118676198
-0.67175713283070904 0.16168321788910087 0 0.13048363606279126
-0.65571877703010617 0.18194646117815549 0 0.13405711244620086
-0.62763889629794334 0.21656671742560674 0 0.13959769094654623
-0.5989172629014774 0.25090994138246048 0 0.14437077361469403
-0.58191496470151605 0.27075696837757485 0 0.14679424435017821
-0.55222424398369185 0.30459606614566642 0 0.15032326730199669
-0.52195203978479632 0.33807543984711641 0 0.1530506018266084
-0.50407631636186334 0.35738207023344781 0 0.1542739584335579
-0.47293668442713094 0.39022882825773841 0 0.15571698431994427
-0.44128355163653143 0.42263649926153468 0 0.15634135781832634
-0.42263649926153468 0.44128355163653166 0 0.15634025535032814
-0.39022882825773836 0.47293668442713105 0 0.15566740598713447
-0.35738207023344781 0.50407631636186334 0 0.15417666096228144
-0.33807543984711641 0.52195203978479654 0 0.15295332355103181
-0.30459606614566642 0.55222424398369196 0 0.15018022803818323
-0.27075696837757485 0.58191496470151616 0 0.14660779661342932
-0.25090994138246037 0.59891726290147751 0 0.14419104068017866
-0.21656671742560674 0.62763889629794345 0 0.13937831676929097
-0.18194646117815549 0.65571877703010628 0 0.1338017608390997
-0.16168321788910081 0.67175713283070904 0 0.13024558600100949
-0.12669126073590375 0.69877933521131685 0 0.12349653145254741
-0.091506602166851955 0.72510826138986528 0 0.11603507029782165
-0.070953786036410935 0.74010528612021032 0 0.11141683840950677
-0.035531102838228586 0.76530242363903767 0 0.10287319161263599
-5.7562653841777306e-17 0.78976425387250493 0 0.09368134935294796
0.020715815997443786 0.80365680871157741 0 0.088097227784998899
0.056352643733519288 0.82692816348950993 0 0.07793609750148045
0.092015276967687437 0.84943211514067674 0 0.067206897573124508
0.11277001961843074 0.86217197642382726 0 0.060774866880147577
0.14840992209287945 0.8834426469141009 0 0.049194830240496368
0.18399617162260079 0.90392389097015791 0 0.037117686243421863
0.20467050121920149 0.91547795719237635 0 0.029945598651999809
0.240111627817748 0.93469897855606932 0 0.01717242597648818
0.27542410644701165 0.9531184691306307 0 0.0039464109438656072
-0.94105602420352208 -0.31145081462010166 0 0.0043258393518620054
-0.92076163395850097 -0.27598839529558183 0 0.018980951630874821
-0.89974407156008307 -0.24043023992838297 0 0.033165768639215866
-0.88718127175592754 -0.2197015243973201 0 0.04113381894046006
-0.86503119106438253 -0.18404281666945183 0 0.05439642865114229
-0.84217430640900526 -0.14835355395364719 0 0.067099509431509566
-0.82854976708227712 -0.12757907175142774 0 0.074222238244854952
-0.80459240579822144 -0.091895023168752019 0 0.085952712557487931
-0.77995239956582973 -0.056248737621024121 0 0.097021456962685576
-0.76530242363903744 -0.035531102838228606 0 0.1031492941744353
-0.73960633249860264 -1.1988212367093769e-17 0 0.11311545666510137
-0.71325953330300707 0.035422874988236971 0 0.12235628705756359
-0.69763210209453941 0.055977827483357834 0 0.12739380252307148
-0.67028578433997921 0.091173007676291606 0 0.13543444752851969
-0.64232826245713348 0.12618844827852801 0 0.14268840183913808
-0.62578271864519996 0.1464733140565225 0 0.14654530387377021
-0.5968939256745136 0.1811478117268637 0 0.15251563147388231
-0.56744058654728047 0.21557118803807296 0 0.15765405305720309
-0.55004701381540133 0.23547875981065083 0 0.16026347491263787
-0.51974152117882755 0.26944910887929813 0 0.16405816736385126
-0.4889246843784657 0.30309830039709695 0 0.16698946066031825
-0.47076299143354605 0.32252339270942931 0 0.16830536918826636
-0.43918287599643763 0.35561056485607551 0 0.16985602017569607
-0.40715037007998706 0.3883091011553001 0 0.17052776605587794
-0.3883091011553001 0.40715037007998722 0 0.17052817082886654
-0.35561056485607545 0.43918287599643768 0 0.16980752151314832
-0.32252339270942931 0.47076299143354622 0 0.1682086829563029
-0.30309830039709695 0.48892468437846592 0 0.16689606361677956
-0.26944910887929818 0.51974152117882755 0 0.16391848194538491
-0.23547875981065075 0.55004701381540122 0 0.16007972921163349
-0.21557118803807285 0.56744058654728058 0 0.157481038150315
-0.18114781172686367 0.5968939256745136 0 0.152302228847284
-0.14647331405652247 0.62578271864519996 0 0.14629500549889962
-0.12618844827852793 0.64232826245713337 0 0.14246065286503254
-0.091173007676291634 0.67028578433997932 0 0.13517587857570909
-0.055977827483357834 0.69763210209453919 0 0.12711016636094194
-0.035422874988236923 0.71325953330300707 0 0.12211224103641784
0 0.73960633249860286 0 0.11285304748142083
0.035531102838228523 0.76530242363903755 0 0.1028731916082804
0.0562487376210241 0.77995239956582962 0 0.09680251073788905
0.091895023168751963 0.80459240579822133 0 0.085734387514141683
0.12757907175142771 0.82854976708227734 0 0.074019969634812111
0.14835355395364722 0.84217430640900526 0 0.066986741232667305
0.18404281666945183 0.86503119106438253 0 0.054296127146014582
0.2197015243973201 0.88718127175592731 0 0.041027922890434186
0.24043023992838303 0.89974407156008318 0 0.03312678405548862
0.27598839529558178 0.92076163395850052 0 0.019033754759998151
0.31145081462010155 0.94105602420352197 0 0.0043834163372029012
-0.92754208099579682 -0.34733415561658026 0 0.004726863327681222
-0.9054655135156926 -0.31173156476035058 0 0.02070519559394747
-0.88274546046172742 -0.27606430526317738 0 0.036126628279736492
-0.86922896661753579 -0.25528500260517195 0 0.044785620895625267
-0.84550463023005529 -0.21955905688074565 0 0.059153330741727739
-0.8211555040082531 -0.18382415092234536 0 0.07288136507572103
-0.80670042424371724 -0.16303148289473121 0 0.080567837700911638
-0.78138128088531977 -0.12732780854329107 0 0.093200594516353749
-0.75546196466364668 -0.091672983614900158 0 0.1050967577298384
-0.74010528612021009 -0.070953786036411018 0 0.11167601283772828
-0.71325953330300707 -0.035422874988237006 0 0.12235628705341321
-0.68584404959457046 -2.4099454635388113e-17 0 0.13224281283438477
-0.66963150654712011 0.020556825111188799 0 0.13762864837419217
-0.64134222811200792 0.055761538506428975 0 0.14621125138997002
-0.61251926161916215 0.090798439454692265 0 0.15394434194360293
-0.5955049986780433 0.11110310588507677 0 0.15805461781482044
-0.56586948462857622 0.14582731521564107 0 0.16440840734073087
-0.53574157448882065 0.18032417585305541 0 0.16987201175632971
-0.51798761831705986 0.20028725917525944 0 0.17264657933563951
-0.48711635856005048 0.23437794866975895 0 0.17667704190749811
-0.45579876990592766 0.26818284288680466 0 0.17978915278799945
-0.43737431757642448 0.287716555858467 0 0.18118701303125845
-0.40538968757366434 0.32102419441832769 0 0.18283307054977713
-0.37300898548111716 0.35398952520194427 0 0.18354696013323882
-0.35398952520194427 0.37300898548111738 0 0.18354885789415806
-0.32102419441832764 0.40538968757366456 0 0.18278627332789238
-0.287716555858467 0.43737431757642459 0 0.18109219490828887
-0.26818284288680461 0.45579876990592771 0 0.17970087945709873
-0.23437794866975897 0.48711635856005064 0 0.17654256113192454
-0.20028725917525939 0.51798761831705975 0 0.17246798761612414
-0.1803241758530553 0.53574157448882076 0 0.16970819009258703
-0.14582731521564105 0.56586948462857611 0 0.16420400754659409
-0.11110310588507674 0.59550499867804318 0 0.15781295803867371
-0.090798439454692209 0.61251926161916215 0 0.15373057711354959
-0.055761538506428975 0.64134222811200781 0 0.1459660813410075
-0.020556825111188805 0.66963150654712 0 0.13735753288455704
6.0248636588470267e-17 0.68584404959457046 0 0.13201827381022121
0.035422874988236985 0.71325953330300718 0 0.12211224103379507
0.070953786036410907 0.74010528612020998 0 0.11141683840246577
0.091672983614900116 0.75546196466364646 0 0.10490375160170025
0.12732780854329098 0.78138128088531977 0 0.093006387025050083
0.16303148289473113 0.80670042424371735 0 0.080387368370456527
0.18382415092234539 0.82115550400825299 0 0.072801437210686062
0.21955905688074567 0.84550463023005507 0 0.059083321590520446
0.25528500260517195 0.86922896661753579 0 0.04470728078751484
0.27606430526317743 0.88274546046172742 0 0.036121573041540268
0.31173156476035052 0.90546551351569216 0 0.020790670520136372
0.34733415561658021 0.92754208099579671 0 0.0047969887763106879
-0.91900630074558787 -0.36811833111096548 0 0.0049520673781272891
-0.89593775089006478 -0.33244196449238206 0 0.02167283851845973
-0.87227219752441654 -0.29671794811037466 0 0.037783338840282232
-0.85822696820213673 -0.27591266065396414 0 0.046791466654893601
-0.83363128777885542 -0.24015277078627906 0 0.061769840173761671
-0.80845786915929307 -0.20439561724901062 0 0.07606174409692007
-0.79354471273180438 -0.18359451795857989 0 0.08404219228629059
-0.76747558285898809 -0.14788258529988293 0 0.097167743574886098
-0.74085294298783444 -0.11222539393138632 0 0.10951455320346025
-0.72510826138986528 -0.091506602166851997 0 0.11632688751215924
-0.69763210209453952 -0.055977827483357882 0 0.1273938025165271
-0.66963150654712023 -0.020556825111188854 0 0.137628648370968
-0.65309897850938914 -2.1892461229010646e-17 0 0.14319159390886319
-0.62429456937651118 0.035208263710132845 0 0.15206508481575454
-0.59499942930570959 0.07025533497066222 0 0.16005485871041067
-0.57772968887449372 0.090569950956480391 0 0.16429156878894705
-0.54768754064620029 0.12531986903269701 0 0.1708503914135259
-0.51719268914045591 0.15985545151337688 0 0.1764877289869817
-0.49924286124183065 0.17984803272527178 0 0.17934164426653412
-0.46806434470872549 0.21400302177003669 0 0.18349841125049104
-0.43647507528999346 0.24789148764712682 0 0.18670772813156791
-0.41790817562067306 0.26748364412050801 0 0.18814040489585934
-0.385704423026143 0.3009101232245826 0 0.1898389900302965
-0.35313530888945976 0.3340195204870029 0 0.19057739310326846
-0.33401952048700284 0.35313530888945999 0 0.1905705702375578
-0.30091012322458249 0.385704423026143 0 0.18978879388090392
-0.26748364412050801 0.41790817562067306 0 0.18804748788209638
-0.24789148764712673 0.43647507528999357 0 0.18660340389138455
-0.21400302177003672 0.46806434470872549 0 0.18335336095355576
-0.17984803272527175 0.49924286124183059 0 0.17915789403278098
-0.15985545151337677 0.51719268914045591 0 0.17629932993141262
-0.12531986903269698 0.54768754064620029 0 0.1706272182120141
-0.09056995095648035 0.57772968887449361 0 0.16403685247244684
-0.070255334970662137 0.59499942930570959 0 0.15980644328540336
-0.035208263710132845 0.62429456937651107 0 0.15179154868363554
2.5918660995265472e-17 0.65309897850938892 0 0.14289819340936083
0.020556825111188885 0.66963150654712023 0 0.13735753288362779
0.055977827483357862 0.69763210209453941 0 0.12711016635730712
0.0915066021668519 0.72510826138986506 0 0.11603507028979021
0.11222539393138628 0.74085294298783444 0 0.10926215722836707
0.14788258529988285 0.76747558285898809 0 0.096922095100309497
0.18359451795857978 0.79354471273180416 0 0.083817729897784632
0.20439561724901056 0.80845786915929296 0 0.075908437822162667
0.240152770786279 0.8336312877788552 0 0.061635296199345047
0.27591266065396414 0.85822696820213662 0 0.046657527785931539
0.29671794811037483 0.87227219752441665 0 0.037705283183586499
0.332441964492382 0.89593775089006444 0 0.021689065598641852
0.36811833111096548 0.91900630074558776 0 0.0049960993883101023
-0.90318651334440625 -0.403600927012079 0 0.005309613115132626
-0.87849507203259825 -0.36781709199537355 0 0.023206518158563831
-0.85328582699013955 -0.33201262981241025 0 0.040410151142018166
-0.83837869413734045 -0.31117165995065127 0 0.050026729908002485
-0.81236473649330609 -0.27536728395215704 0 0.065970679938424759
-0.78585206953016651 -0.23958391372525156 0 0.081151157536347163
-0.77019569863305948 -0.2187745548267209 0 0.089617482174818214
-0.74291134814669979 -0.18305797440453256 0 0.10351669246193367
-0.71515092861801566 -0.14740500512424778 0 0.11656891045015344
-0.69877933521131685 -0.12669126073590384 0 0.12376442117913451
-0.67028578433997954 -0.09117300767629169 0 0.1354344475197943
-0.64134222811200781 -0.05576153850642903 0 0.14621125138247673
-0.62429456937651129 -0.035208263710132914 0 0.15206508481010114
-0.59466171831777281 -3.4334216332677634e-17 0 0.16138951329885287
-0.56460816982180229 0.035058167157423159 0 0.16977620504422156
-0.5469284754254613 0.055385907691761806 0 0.17422197252609756
-0.51623442558136656 0.09017250625552814 0 0.18109647212027336
-0.48515199638194462 0.12476599715205158 0 0.18700065493446158
-0.46688881690702017 0.14480359211893526 0 0.18998958256422027
-0.43521922505418598 0.17905798136023318 0 0.19433907306996426
-0.40319629659270673 0.2130769997126149 0 0.19769606517575772
-0.38440227475937927 0.2327609614388278 0 0.1991954671274484
-0.35184957815164336 0.26637487934599868 0 0.20097209725841397
-0.31898098047121115 0.2997123527375975 0 0.20174536954268835
-0.29971235273759744 0.31898098047121132 0 0.20174000231790343
-0.26637487934599857 0.35184957815164353 0 0.20092491241755583
-0.2327609614388278 0.38440227475937944 0 0.199107061114982
-0.21307699971261482 0.40319629659270684 0 0.19759937848066139
-0.17905798136023318 0.43521922505418598 0 0.19420299288987464
-0.14480359211893523 0.46688881690702011 0 0.18981596163190853
-0.12476599715205146 0.48515199638194462 0 0.18682614007167325
-0.090172506255528168 0.51623442558136667 0 0.18088803628603078
-0.055385907691761785 0.54692847542546119 0 0.17398259603841493
-0.035058167157423076 0.56460816982180229 0 0.1695479432015583
4.2412855469778255e-17 0.59466171831777281 0 0.1611362158677723
0.035208263710132914 0.62429456937651129 0 0.15179154868116151
0.055761538506429065 0.64134222811200781 0 0.14596608133612152
0.091173007676291634 0.67028578433997932 0 0.13517587856711227
0.12669126073590373 0.69877933521131674 0 0.12349653144110895
0.14740500512424776 0.71515092861801555 0 0.11634845503571341
0.1830579744045325 0.74291134814669979 0 0.10330081709145565
0.21877455482672076 0.77019569863305959 0 0.089419498103157191
0.23958391372525159 0.78585206953016662 0 0.081033471118576478
0.27536728395215704 0.81236473649330609 0 0.065868043001496096
0.31117165995065127 0.83837869413734034 0 0.049921415693355356
0.33201262981241031 0.85328582699013955 0 0.040373782504940836
0.36781709199537355 0.87849507203259813 0 0.023259971921516909
0.40360092701207895 0.90318651334440625 0 0.0053667887800269874
-0.8859131620026246 -0.43871790452975934 0 0.005638604477963694
-0.85970616591175542 -0.40285863638103153 0 0.024610955183806273
-0.83305869086250128 -0.36700242999484206 0 0.042807820453222463
-0.81734997240911211 -0.34614102483344705 0 0.052974598174696824
-0.79001924452753369 -0.31031601166848377 0 0.069791665145257711
-0.76226577400404338 -0.27452752279024145 0 0.08577226956249813
-0.74592191851342171 -0.25372102697549126 0 0.094674928931141336
-0.71751517995704661 -0.21801713025296837 0 0.10926640967949031
-0.68870584968749604 -0.182383744810137 0 0.12294741448135599
-0.67175713283070904 -0.16168321788910095 0 0.13048363605444493
-0.6423282624571337 -0.12618844827852813 0 0.14268840183093975
-0.61251926161916215 -0.090798439454692334 0 0.15394434193380979
-0.59499942930570981 -0.070255334970662303 0 0.16005485869923963
-0.56460816982180229 -0.035058167157423235 0 0.1697762050353154
-0.53386141628193062 -3.6439102615644058e-17 0 0.17851127806248834
-0.51580748162284262 0.020334243262494677 0 0.18314014980661061
-0.48451906698696767 0.055145578720073252 0 0.19029072733537034
-0.45290180526110657 0.089783961291202044 0 0.1964279019768633
-0.43435380132384649 0.10985833683747338 0 0.19953454282404015
-0.40223850969378794 0.14419657314216691 0 0.20405201434929662
-0.36982283659136411 0.17832847120795325 0 0.20753765908548308
-0.35082352815719875 0.19809282422015706 0 0.20909514284552125
-0.31795616644364882 0.23187237743064176 0 0.21093988866351698
-0.28481849112495328 0.26541304966465074 0 0.21174383926394119
-0.26541304966465074 0.28481849112495344 0 0.21173998331747215
-0.23187237743064176 0.31795616644364888 0 0.21089648347091347
-0.19809282422015706 0.35082352815719881 0 0.20901272305984023
-0.17832847120795317 0.36982283659136422 0 0.20745019902117312
-0.14419657314216691 0.40223850969378794 0 0.20392717126503423
-0.10985833683747336 0.43435380132384638 0 0.19937398352102675
-0.089783961291201947 0.45290180526110674 0 0.19627033225472335
-0.055145578720073245 0.48451906698696762 0 0.19010068213876335
-0.020334243262494663 0.5158074816228424 0 0.18292031512682888
1.1741488620596416e-16 0.53386141628193062 0 0.17830749930608489
0.035058167157423249 0.56460816982180217 0 0.16954794320149016
0.070255334970662303 0.59499942930570981 0 0.15980644327906804
0.090798439454692376 0.61251926161916204 0 0.15373057710125987
0.12618844827852804 0.64232826245713348 0 0.14246065284681877
0.16168321788910081 0.67175713283070881 0 0.13024558598360322
0.18238374481013692 0.68870584968749593 0 0.1227649529205614
0.21801713025296823 0.71751517995704661 0 0.10908626210920201
0.25372102697549109 0.74592191851342149 0 0.094509155417599661
0.27452752279024145 0.76226577400404349 0 0.085696098384041991
0.31031601166848377 0.79001924452753358 0 0.06972684875193999
0.34614102483344705 0.817349972409112 0 0.052904359519575117
0.36700242999484206 0.83305869086250117 0 0.042813551148409602
0.40285863638103148 0.8597061659117553 0 0.024700179958788277
0.43871790452975934 0.88591316200262482 0 0.0057075254588673519
-0.87519526270121761 -0.45895243812590342 0 0.0058225323547915035
-0.84815727568289323 -0.42306758293106855 0 0.02538844162193123
-0.82072249736724601 -0.38719779195322707 0 0.044123584692830495
-0.80457553155296602 -0.36633333555113912 0 0.054555511190585881
-0.77652575410665359 -0.33051024870745077 0 0.071844032315564368
-0.74809571041961631 -0.29473124332319339 0 0.088255224959658277
-0.7313774112665391 -0.27393304365759275 0 0.097374731339393228
-0.70236001314607066 -0.23824695169867063 0 0.1123362797390853
-0.672980754953588 -0.20263429849855216 0 0.12635237628067666
-0.65571877703010628 -0.18194646117815558 0 0.134057112437204
-0.62578271864520008 -0.14647331405652253 0 0.14654530386664513
-0.5955049986780433 -0.11110310588507682 0 0.15805461780429506
-0.57772968887449361 -0.090569950956480447 0 0.16429156877458706
-0.54692847542546141 -0.055385907691761882 0 0.17422197251078941
-0.51580748162284251 -0.020334243262494743 0 0.18314014979876753
-0.49755171453532243 -2.7357153024205908e-17 0 0.18785845786061717
-0.46594309725715571 0.034819099040760672 0 0.19515382496605849
-0.43403813431840793 0.069476646065774708 0 0.20141312408743609
-0.41533711806050183 0.08956814917370215 0 0.20457609947647254
-0.38298274574369623 0.12394731593167546 0 0.20918183392724973
-0.35035686846841879 0.1581362308317224 0 0.21273526549065802
-0.33124792318118801 0.17794187644510923 0 0.21431828589444177
-0.29821294818365895 0.21180750703895732 0 0.21619967410821425
-0.26493255120007242 0.24545486310917294 0 0.21702091577320329
-0.24545486310917283 0.26493255120007259 0 0.21701256029587643
-0.21180750703895732 0.29821294818365907 0 0.21615616726845374
-0.17794187644510923 0.33124792318118801 0 0.21424014653759541
-0.15813623083172235 0.35035686846841879 0 0.21264223551606112
-0.12394731593167545 0.38298274574369617 0 0.20905591376711163
-0.089568149173702122 0.41533711806050172 0 0.2044189090675996
-0.069476646065774597 0.43403813431840793 0 0.20124657396564966
-0.034819099040760679 0.46594309725715571 0 0.19495947341957906
3.1536718069570691e-17 0.49755171453532243 0 0.1876389099553144
0.020334243262494816 0.5158074816228424 0 0.18292031512893753
0.055385907691761882 0.54692847542546119 0 0.17398259603889885
0.090569950956480447 0.57772968887449372 0 0.16403685246313596
0.11110310588507685 0.5955049986780433 0 0.15781295802073084
0.1464733140565225 0.62578271864519985 0 0.14629500547348581
0.18194646117815544 0.65571877703010617 0 0.13380176081739081
0.20263429849855213 0.672980754953588 0 0.12612492237463033
0.23824695169867049 0.70236001314607066 0 0.11211680461530615
0.27393304365759258 0.73137741126653899 0 0.097174746930723255
0.29473124332319345 0.74809571041961631 0 0.088109991310135152
0.33051024870745083 0.77652575410665348 0 0.071716791718561448
0.36633333555113912 0.80457553155296591 0 0.05443054097726506
0.38719779195322712 0.82072249736724612 0 0.044044676963443469
0.42306758293106861 0.84815727568289334 0 0.025393989801313264
0.45895243812590342 0.87519526270121784 0 0.005858462694950454
-0.85564799524825186 -0.4933112758982689 0 0.0060974167150772921
-0.82727205115404434 -0.45742008867146283 0 0.026560890959707276
-0.79857140353975575 -0.42156108972404133 0 0.046122977113964674
-0.78172054338602781 -0.40070973146405309 0 0.057013264032666267
-0.75251702580267132 -0.36491900870216837 0 0.075022875803107347
-0.72300274231238981 -0.32918245717029815 0 0.092090923701976815
-0.70568495227126593 -0.30841250746746429 0 0.10156766049302203
-0.67569077593479498 -0.27277913103450785 0 0.1170925164310886
-0.64540093160802925 -0.23722203728031721 0 0.1316176992764197
-0.62763889629794334 -0.21656671742560676 0 0.13959769093180222
-0.5968939256745136 -0.18114781172686376 0 0.15251563146247388
-0.56586948462857611 -0.14582731521564107 0 0.16440840732533352
-0.54768754064620007 -0.12531986903269704 0 0.17085039139307343
-0.51623442558136645 -0.090172506255528223 0 0.18109647209631025
-0.48451906698696767 -0.055145578720073314 0 0.19029072731587529
-0.46594309725715582 -0.034819099040760734 0 0.19515382495265501
-0.43382708409194209 -2.4348419631177052e-17 0 0.20266692018318996
-0.40146700421149689 0.03467685455838658 0 0.20910959314384372
-0.38252431870297549 0.054789600685635161 0 0.21236504096058545
-0.34979303851135274 0.08922436688424365 0 0.21710270810525079
-0.31683673059902118 0.12349541210906288 0 0.22075721186800396
-0.29755593451777773 0.14336215757428766 0 0.22238579195332953
-0.26425917048476633 0.1773574717653657 0 0.22432095734727453
-0.23075718470060849 0.2111680354728741 0 0.2251668697395813
-0.21116803547287405 0.2307571847006086 0 0.22516002251357067
-0.1773574717653657 0.26425917048476633 0 0.22428232617282914
-0.14336215757428766 0.29755593451777773 0 0.22231582185772142
-0.12349541210906279 0.31683673059902123 0 0.22067554731481109
-0.089224366884243636 0.34979303851135268 0 0.2169911922012662
-0.054789600685635161 0.38252431870297537 0 0.21222507091754741
-0.03467685455838649 0.40146700421149689 0 0.20896399022111045
1.4203244784853278e-17 0.43382708409194209 0 0.20249582393385115
0.034819099040760727 0.4659430972571556 0 0.19495947341779804
0.055145578720073384 0.48451906698696762 0 0.19010068213762921
0.090172506255528237 0.51623442558136645 0 0.18088803628093511
0.12531986903269704 0.54768754064620007 0 0.17062721819536628
0.14582731521564113 0.56586948462857611 0 0.16420400752063907
0.18114781172686367 0.5968939256745136 0 0.15230222881446229
0.21656671742560671 0.62763889629794334 0 0.13937831674318102
0.23722203728031713 0.64540093160802925 0 0.13143348421429257
0.27277913103450768 0.67569077593479498 0 0.11691363482238085
0.30841250746746424 0.70568495227126604 0 0.10140416555348346
0.32918245717029831 0.72300274231238981 0 0.091990252702964515
0.36491900870216837 0.75251702580267166 0 0.074935915281521284
0.40070973146405314 0.78172054338602792 0 0.056925733900797519
0.42156108972404138 0.79857140353975575 0 0.04609486292633555
0.45742008867146272 0.82727205115404434 0 0.026607826685940632
0.49331127589826895 0.85564799524825186 0 0.0061460851394752446
-0.83469027748862357 -0.52707744491092823 0 0.0063377518817216861
-0.80509194626364167 -0.49123525219389763 0 0.02758095574389317
-0.77523640814973827 -0.45543740819109252 0 0.047857592642636275
-0.75774406001199623 -0.43462629791120727 0 0.059142982423752037
-0.72749018450050573 -0.39891110085989945 0 0.077774208241259135
-0.69699008099150261 -0.36325605100589498 0 0.095406567201883258
-0.67912775967592132 -0.34253532412816701 0 0.10518988389159423
-0.6482472130502146 -0.30698793965269544 0 0.12119648543125464
-0.61713207417787674 -0.27151651946255995 0 0.13615602076340966
-0.59891726290147718 -0.25090994138246053 0 0.14437077358772446
-0.56744058654728047 -0.21557118803807299 0 0.15765405303269192
-0.53574157448882076 -0.18032417585305546 0 0.16987201173082228
-0.51719268914045591 -0.15985545151337693 0 0.1764877289595638
-0.48515199638194462 -0.12476599715205162 0 0.18700065490542664
-0.45290180526110668 -0.089783961291202113 0 0.19642790194890741
-0.43403813431840793 -0.069476646065774764 0 0.20141312406156084
-0.40146700421149689 -0.034676854558386622 0 0.20910959312714031
-0.3686997502305781 -2.436792390955917e-17 0 0.21570653107764892
-0.34954138917712912 0.020122589483473872 0 0.21903971144788567
-0.31647475108295342 0.054592811262285039 0 0.22388829835536492
-0.28322585373957565 0.088924795470659609 0 0.2276278180306483
-0.26379363443980147 0.10883966986889548 0 0.22929472484439672
-0.23026764419579646 0.14294102358881725 0 0.23127532895170877
-0.19657369944018271 0.1768891149870348 0 0.2321423518479481
-0.17688911498703477 0.19657369944018283 0 0.23213703463707308
-0.14294102358881725 0.23026764419579646 0 0.2312420439460281
-0.10883966986889548 0.26379363443980147 0 0.22923384119427428
-0.088924795470659554 0.28322585373957576 0 0.22755848391359276
-0.054592811262285039 0.31647475108295342 0 0.22379257804561695
-0.020122589483473882 0.34954138917712907 0 0.21891876761471163
8.9349054335050269e-17 0.36869975023057816 0 0.21558373575896056
0.034676854558386601 0.40146700421149684 0 0.20896399021451523
0.06947664606577475 0.43403813431840793 0 0.20124657395374262
0.089783961291202183 0.45290180526110657 0 0.19627033224018475
0.12476599715205164 0.48515199638194456 0 0.18682614005166182
0.15985545151337693 0.51719268914045591 0 0.17629932990444425
0.18032417585305555 0.53574157448882076 0 0.16970819006130544
0.21557118803807293 0.56744058654728036 0 0.15748103811749287
0.25090994138246037 0.59891726290147729 0 0.14419104065415597
0.27151651946255978 0.61713207417787663 0 0.13601888817879401
0.30698793965269527 0.6482472130502146 0 0.12106210014213205
0.34253532412816695 0.67912775967592121 0 0.10506676761223967
0.36325605100589503 0.69699008099150261 0 0.095354570612207687
0.39891110085989956 0.72749018450050573 0 0.077731627273586415
0.43462629791120727 0.75774406001199601 0 0.059097141914333698
0.45543740819109269 0.7752364081497386 0 0.047879180575986086
0.49123525219389752 0.80509194626364167 0 0.027666707637586458
0.52707744491092823 0.83469027748862379 0 0.0063975388919923128
-0.82185510831465891 -0.54642169502989391 0 0.0064729970225884731
-0.79159910339123807 -0.5106370022348149 0 0.028137602865496422
-0.76112271877997406 -0.47490121031990201 0 0.048783337090777118
-0.7432857374793912 -0.45412782485672826 0 0.060241281186514499
-0.71246791166496493 -0.41847938032157306 0 0.079193730927707595
-0.68143891119689159 -0.38289246373003011 0 0.097116851807667437
-0.66328462117427489 -0.36221153505329667 0 0.10703811782403699
-0.63192910064573216 -0.32673193897230735 0 0.12329152313531089
-0.60037205873965604 -0.2913264857492367 0 0.13847313621861107
-0.58191496470151605 -0.27075696837757485 0 0.1467942443138982
-0.55004701381540133 -0.23547875981065078 0 0.16026347487733389
-0.51798761831705986 -0.20028725917525944 0 0.17264657930241309
-0.49924286124183043 -0.17984803272527178 0 0.17934164423489152
-0.46688881690702011 -0.14480359211893534 0 0.18998958253380602
-0.43435380132384643 -0.10985833683747345 0 0.19953454279268332
-0.41533711806050172 -0.089568149173702191 0 0.20457609944407681
-0.38252431870297543 -0.054789600685635216 0 0.21236504093328998
-0.34954138917712924 -0.020122589483473934 0 0.21903971143550854
-0.33026906905169062 -2.9072630275455614e-17 0 0.22240887702448553
-0.29702577856348633 0.03448088576273222 0 0.22731344341896492
-0.26362353599345906 0.068838045137968956 0 0.23109596198828974
-0.24411237467034866 0.088774721747724633 0 0.23278000417294112
-0.21046770178063456 0.12292662396399529 0 0.2347839894723171
-0.17667555954601044 0.15694281041620778 0 0.23566228066527528
-0.1569428104162077 0.1766755595460105 0 0.23565545715004385
-0.12292662396399529 0.21046770178063456 0 0.2347528453074289
-0.088774721747724647 0.24411237467034866 0 0.23272489827154363
-0.068838045137968901 0.26362353599345911 0 0.23102833841159229
-0.034480885762732227 0.29702577856348633 0 0.22722312911365561
1.6631067974168929e-17 0.33026906905169057 0 0.22229699663940833
0.020122589483473997 0.34954138917712924 0 0.21891876761022711
0.054789600685635195 0.38252431870297543 0 0.21222507090502382
0.089568149173702191 0.41533711806050178 0 0.20441890904649393
0.10985833683747352 0.43435380132384638 0 0.1993739834948659
0.14480359211893531 0.46688881690702005 0 0.18981596159985603
0.17984803272527178 0.49924286124183037 0 0.17915789399878848
0.20028725917525952 0.51798761831705975 0 0.17246798758275322
0.23547875981065072 0.55004701381540122 0 0.16007972918144373
0.27075696837757474 0.58191496470151594 0 0.14660779658892564
0.29132648574923664 0.60037205873965604 0 0.13830127219519642
0.32673193897230723 0.63192910064573193 0 0.12312645657278835
0.36221153505329662 0.66328462117427478 0 0.10688782303151992
0.38289246373003027 0.68143891119689182 0 0.096998954894329067
0.41847938032157311 0.7124679116649647 0 0.079090044779902988
0.45412782485672837 0.74328573747939086 0 0.060140608818409658
0.47490121031990212 0.76112271877997395 0 0.04870979120293091
0.5106370022348149 0.79159910339123796 0 0.028126848197831681
0.54642169502989391 0.82185510831465902 0 0.0064938180097982526
-0.7987285200469656 -0.5790736506167613 0 0.0066510460808285052
-0.76743504729580292 -0.54344343518059113 0 0.028894171148582951
-0.73597974996149385 -0.50786521827874143 0 0.050071211321222588
-0.71759956935543623 -0.48718425212842509 0 0.061825150629380175
-0.68589317947995387 -0.45169460173805587 0 0.081237998136528378
-0.65403122403256098 -0.4162649164810282 0 0.099577055086592509
-0.63541728647083118 -0.39567405791919558 0 0.10972489088622149
-0.60331430526427232 -0.36034552228895794 0 0.12633116823628182
-0.57106222374529003 -0.32508488966947813 0 0.1418300432663864
-0.55222424398369185 -0.30459606614566631 0 0.1503232672583113
-0.51974152117882755 -0.26944910887929818 0 0.16405816731857389
-0.48711635856005064 -0.23437794866975897 0 0.17667704186688696
-0.46806434470872554 -0.21400302177003677 0 0.18349841121493013
-0.43521922505418592 -0.17905798136023324 0 0.19433907303868428
-0.40223850969378794 -0.14419657314216697 0 0.2040520143155313
-0.38298274574369606 -0.12394731593167553 0 0.20918183388965922
-0.34979303851135263 -0.089224366884243692 0 0.21710270806827373
-0.31647475108295348 -0.054592811262285101 0 0.22388829832970114
-0.29702577856348633 -0.034480885762732283 0 0.2273134434041014
-0.26350972559786273 -3.657463354257793e-17 0 0.2322978130290021
-0.22987226660690493 0.034381819845073346 0 0.23614165694823322
-0.21024086544265563 0.054344884953092504 0 0.23785340531230501
-0.17641710787174936 0.088563976255454521 0 0.23989054717651803
-0.14247926388161733 0.12267643252092222 0 0.24078473295874614
-0.1226764325209221 0.14247926388161741 0 0.24077942223520343
-0.088563976255454521 0.17641710787174936 0 0.23986541381930812
-0.054344884953092504 0.21024086544265563 0 0.23780872541219325
-0.034381819845073269 0.22987226660690507 0 0.23608764739703741
2.4383089028385288e-17 0.26350972559786273 0 0.23222521830853751
0.034480885762732255 0.29702577856348633 0 0.22722312910542961
0.05459281126228515 0.31647475108295353 0 0.22379257803146241
0.089224366884243678 0.34979303851135274 0 0.21699119217685373
0.12394731593167553 0.38298274574369612 0 0.20905591373262961
0.14419657314216705 0.40223850969378794 0 0.20392717122505483
0.17905798136023326 0.43521922505418598 0 0.19420299284521267
0.21400302177003677 0.46806434470872543 0 0.18335336091083726
0.23437794866975903 0.48711635856005048 0 0.17654256109302904
0.26944910887929802 0.51974152117882744 0 0.16391848191244104
0.30459606614566626 0.55222424398369174 0 0.15018022800961708
0.32508488966947802 0.57106222374528992 0 0.14170850106288638
0.36034552228895794 0.60331430526427221 0 0.12621365409638921
0.39567405791919541 0.63541728647083096 0 0.10961769301730756
0.41626491648102837 0.65403122403256109 0 0.099509754334001069
0.45169460173805592 0.68589317947995354 0 0.081180146393156877
0.48718425212842509 0.7175995693554359 0 0.061767395687568859
0.50786521827874165 0.73597974996149385 0 0.050053291231125896
0.54344343518059113 0.76743504729580303 0 0.028925888712705614
0.57907365061676142 0.79872852004696582 0 0.0066835449822458502
-0.77428107118050404 -0.61091258263157489 0 0.0067898396931554321
-0.74206658520596214 -0.57551435527551742 0 0.029480741753159338
-0.70974233239747941 -0.54016481353229173 0 0.051067823711177525
-0.69088000266853999 -0.51961485437796273 0 0.063051606946905883
-0.65838498182268135 -0.48434578088075286 0 0.082820707214175573
-0.6257838554450178 -0.44912974786846965 0 0.10148071959930206
-0.6067620856795769 -0.42865949106188478 0 0.11180398330720133
-0.57399604404107951 -0.39353079968673227 0 0.12868177004775416
-0.5411276340061153 -0.35845948242499137 0 0.144424504902149
-0.52195203978479643 -0.33807543984711647 0 0.15305060178812305
-0.48892468437846598 -0.30309830039709706 0 0.16698946061786935
-0.45579876990592783 -0.26818284288680477 0 0.1797891527486927
-0.43647507528999357 -0.24789148764712693 0 0.18670772809682362
-0.40319629659270673 -0.21307699971261493 0 0.19769606514534255
-0.36982283659136411 -0.17832847120795337 0 0.20753765905376756
-0.35035686846841868 -0.15813623083172249 0 0.21273526545613855
-0.31683673059902123 -0.12349541210906298 0 0.22075721183352842
-0.28322585373957571 -0.08892479547065972 0 0.22762781800355797
-0.26362353599345911 -0.068838045137969067 0 0.23109596196846102
-0.22987226660690505 -0.034381819845073436 0 0.23614165693958974
-0.19603426110723771 -4.8773387546326894e-17 0 0.24003276072173252
-0.17630160862430264 0.019974944148416902 0 0.24176592946725126
-0.14232958853125946 0.054235756734055354 0 0.24382894104219249
-0.10827489167559336 0.088418004200065486 0 0.24473587947089631
-0.088418004200065375 0.10827489167559344 0 0.24473209695741496
-0.054235756734055354 0.14232958853125946 0 0.24381011192307339
-0.019974944148416909 0.17630160862430264 0 0.24173224472127119
1.1380457094142943e-16 0.19603426110723779 0 0.23999296632263137
0.034381819845073422 0.22987226660690505 0 0.23608764739156504
0.068838045137969039 0.26362353599345911 0 0.23102833839436207
0.088924795470659762 0.28322585373957576 0 0.22755848388716529
0.12349541210906295 0.31683673059902123 0 0.22067554727663208
0.15813623083172249 0.35035686846841885 0 0.21264223547243866
0.17832847120795342 0.36982283659136417 0 0.20745019897699599
0.21307699971261501 0.40319629659270673 0 0.19759937843561093
0.24789148764712693 0.43647507528999346 0 0.18660340384490723
0.26818284288680483 0.45579876990592771 0 0.179700879409706
0.3030983003970969 0.48892468437846581 0 0.16689606357020603
0.3380754398471163 0.52195203978479621 0 0.15295332350870067
0.3584594824249912 0.54112763400611519 0 0.14435575666733105
0.39353079968673227 0.57399604404107951 0 0.12861431342083138
0.42865949106188461 0.6067620856795769 0 0.11174235640968007
0.44912974786846976 0.62578385544501791 0 0.10146661576821855
0.48434578088075303 0.65838498182268146 0 0.082811315206971839
0.51961485437796273 0.69088000266853999 0 0.063039620679733302
0.54016481353229184 0.70974233239747953 0 0.051104938849887906
0.57551435527551753 0.74206658520596214 0 0.029553404575628394
0.61091258263157489 0.77428107118050404 0 0.0068329969211199729
-0.7594631519296462 -0.62903598751772583 0 0.0068703727445971041
-0.72676563038911102 -0.59381157630230463 0 0.029792744690588374
-0.69398545308617832 -0.55863079499901536 0 0.051566731838789306
-0.67487006962773832 -0.53817647874158492 0 0.063625249288056351
-0.64196102373020225 -0.50306689795099546 0 0.083558062910174202
-0.60897172233916619 -0.46800369823177435 0 0.1023651381688446
-0.58973574152937713 -0.44761907765345593 0 0.1127468590996715
-0.55662139738011518 -0.41263142030632166 0 0.12974838143758841
-0.52342923386031637 -0.377692881561498 0 0.14560214312318587
-0.50407631636186345 -0.35738207023344787 0 0.15427395840302399
-0.47076299143354627 -0.32252339270942948 0 0.16830536915256269
-0.4373743175764247 -0.28771655585846717 0 0.18118701299624751
-0.41790817562067312 -0.26748364412050812 0 0.18814040486358144
-0.38440227475937927 -0.23276096143882791 0 0.19919546709834432
-0.35082352815719875 -0.19809282422015714 0 0.20909514281685457
-0.33124792318118795 -0.17794187644510931 0 0.21431828586504589
-0.29755593451777768 -0.14336215757428783 0 0.22238579192519078
-0.26379363443980158 -0.10883966986889561 0 0.22929472482129057
-0.24411237467034869 -0.088774721747724758 0 0.23278000415431899
-0.21024086544265561 -0.054344884953092601 0 0.23785340530132634
-0.17630160862430266 -0.019974944148417013 0 0.24176592946343861
-0.15651854661246967 -5.9190801701484063e-17 0 0.24350804913046153
-0.12247415890394568 0.034273091764505874 0 0.24558301403558833
-0.088364615254627174 0.068483645363894383 0 0.24649608911373919
-0.068483645363894299 0.088364615254627257 0 0.24649259995848882
-0.034273091764505874 0.12247415890394568 0 0.24556767940342281
5.1061592884112862e-17 0.15651854661246967 0 0.24348105118077815
0.019974944148417082 0.17630160862430272 0 0.24173224472040583
0.054344884953092594 0.21024086544265561 0 0.23780872540445216
0.08877472174772473 0.24411237467034866 0 0.23272489824879547
0.10883966986889564 0.26379363443980164 0 0.2292338411598944
0.14336215757428777 0.29755593451777779 0 0.2223158218111746
0.17794187644510934 0.33124792318118806 0 0.2142401464906076
0.19809282422015723 0.35082352815719886 0 0.20901272301713697
0.23276096143882793 0.38440227475937933 0 0.19910706107450762
0.26748364412050818 0.41790817562067317 0 0.18804748783549011
0.28771655585846717 0.43737431757642459 0 0.18109219485504419
0.32252339270942937 0.47076299143354605 0 0.16820868289798382
0.35738207023344781 0.50407631636186323 0 0.15417666090860119
0.37769288156149783 0.52342923386031637 0 0.14550529217591776
0.41263142030632155 0.55662139738011518 0 0.12965583791070939
0.44761907765345571 0.5897357415293768 0 0.1126625873266284
0.46800369823177446 0.60897172233916619 0 0.10228729809804095
0.50306689795099546 0.64196102373020214 0 0.083488552907995672
0.53817647874158492 0.6748700696277381 0 0.063558638817714633
0.55863079499901547 0.69398545308617843 0 0.051502310087418582
0.59381157630230452 0.72676563038911079 0 0.02976097476104193
0.62903598751772583 0.7594631519296462 0 0.0068708074425093768
-0.73302429085925314 -0.65942466140030731 0 0.0069416066074004523
-0.69958607702270548 -0.62457056818970569 0 0.030095816357045394
-0.66610607589958326 -0.58974579955087358 0 0.052086103602286257
-0.64660197216440485 -0.56949180247645048 0 0.064270287987153535
-0.61305649332714707 -0.53471410544793363 0 0.084392617616633553
-0.57947002410581572 -0.49996659250670217 0 0.10336946505778551
-0.55990432483914354 -0.47975795256806708 0 0.11384634461290802
-0.52625364304129996 -0.44505886838488046 0 0.13099087591466319
-0.49256277334572968 -0.41039082448015746 0 0.14697316092862756
-0.47293668442713105 -0.39022882825773852 0 0.15571698429794778
-0.43918287599643785 -0.35561056485607573 0 0.16985602014804627
-0.40538968757366461 -0.32102419441832786 0 0.18283307052098227
-0.38570442302614311 -0.30091012322458272 0 0.18983899000271082
-0.35184957815164342 -0.26637487934599879 0 0.20097209723310427
-0.31795616644364882 -0.23187237743064198 0 0.21093988864029425
-0.29821294818365901 -0.21180750703895748 0 0.21619967408613044
-0.26425917048476649 -0.1773574717653659 0 0.22432095732721741
-0.23026764419579659 -0.14294102358881741 0 0.23127532893379163
-0.21046770178063468 -0.12292662396399545 0 0.23478398945576606
-0.17641710787174947 -0.088563976255454632 0 0.23989054716358846
-0.14232958853125954 -0.054235756734055472 0 0.24382894103464392
-0.1224741589039457 -0.034273091764505978 0 0.24558301403174973
-0.088328877954814575 -5.0808741246015166e-17 0 0.24767275089974711
-0.054147499476231709 0.034237826707989971 0 0.24859379041566113
-0.034237826707989902 0.054147499476231792 0 0.24859182085257212
4.8776391596174559e-17 0.088328877954814575 0 0.2476640521635349
0.034273091764505971 0.1224741589039457 0 0.24556767939806953
0.054235756734055535 0.14232958853125963 0 0.2438101119159754
0.088563976255454618 0.17641710787174947 0 0.23986541380394102
0.1229266239639954 0.21046770178063468 0 0.23475284527604046
0.14294102358881744 0.23026764419579659 0 0.23124204390270608
0.17735747176536582 0.26425917048476649 0 0.22428232611903565
0.21180750703895745 0.29821294818365907 0 0.2161561672189613
0.23187237743064207 0.3179561664436491 0 0.21089648342948336
0.26637487934599879 0.35184957815164347 0 0.20092491238077992
0.30091012322458277 0.38570442302614316 0 0.18978879383444378
0.3210241944183278 0.40538968757366445 0 0.18278627327043476
0.35561056485607556 0.43918287599643774 0 0.16980752144607872
0.39022882825773841 0.47293668442713088 0 0.15566740592490494
0.41039082448015718 0.49256277334572962 0 0.14693080632005043
0.4450588683848804 0.52625364304129985 0 0.13094999755296199
0.47975795256806703 0.55990432483914343 0 0.1138090717803064
0.49996659250670222 0.57947002410581572 0 0.10334584495671097
0.53471410544793363 0.61305649332714707 0 0.084372354505048902
0.56949180247645037 0.64660197216440474 0 0.064250155609732837
0.58974579955087369 0.66610607589958337 0 0.052079992629142161
0.62457056818970569 0.69958607702270537 0 0.030107061070610942
0.65942466140030731 0.73302429085925302 0 0.0069530327106270915
-0.70539838575574443 -0.68879852616153703 0 0.0069709348697494997
-0.6713292960919629 -0.6544110967886162 0 0.030219441337271745
-0.63725187736376043 -0.62003136170490003 0 0.052300357026631619
-0.61741537015962167 -0.60002628620429965 0 0.06454323388920731
-0.58332480811899101 -0.565658757160867 0 0.08474848641730455
-0.54922595896738324 -0.53129896507623131 0 0.10379887679007671
-0.52937699881634248 -0.51130551581524986 0 0.11431950793474653
-0.49526507276503901 -0.47695799723566351 0 0.13152585513930912
-0.46114490161027238 -0.44261825823625084 0 0.14756405918390933
-0.44128355163653182 -0.42263649926153479 0 0.1563413577964621
-0.40715037007998733 -0.38830910115530032 0 0.17052776603007883
-0.37300898548111749 -0.3539895252019446 0 0.18354696010818505
-0.35313530888945988 -0.33401952048700306 0 0.19057739308053639
-0.31898098047121121 -0.29971235273759761 0 0.20174536952314398
-0.28481849112495339 -0.26541304966465096 0 0.21174383924598855
-0.26493255120007253 -0.24545486310917311 0 0.21702091575552168
-0.23075718470060863 -0.21116803547287427 0 0.22516686972247377
-0.19657369944018288 -0.17688911498703502 0 0.2321423518317241
-0.17667555954601055 -0.15694281041620786 0 0.23566228064978664
-0.14247926388161747 -0.12267643252092235 0 0.24078473294610414
-0.10827489167559345 -0.088418004200065584 0 0.24473587946327385
-0.08836461525462723 -0.06848364536389448 0 0.24649608910979012
-0.054147499476231722 -0.034237826707990075 0 0.24859379041553159
-0.019922349427370957 -4.4711809049292753e-17 0 0.24951981165627538
1.2194129740716207e-16 0.01992234942737103 0 0.24951936566954969
0.034237826707990068 0.054147499476231722 0 0.24859182084315404
0.068483645363894466 0.08836461525462723 0 0.24649259994157577
0.088418004200065639 0.1082748916755935 0 0.24473209693684136
0.12267643252092233 0.14247926388161747 0 0.24077942220673687
0.15694281041620781 0.17667555954601052 0 0.23565545711125732
0.17688911498703497 0.19657369944018291 0 0.23213703459163021
0.21116803547287422 0.23075718470060863 0 0.22516002246264866
0.24545486310917305 0.26493255120007259 0 0.21701256024802251
0.26541304966465107 0.2848184911249535 0 0.21173998327459434
0.29971235273759778 0.31898098047121126 0 0.20174000227777927
0.33401952048700312 0.35313530888945999 0 0.19057057019123766
0.35398952520194449 0.37300898548111738 0 0.18354885784091698
0.38830910115530021 0.40715037007998722 0 0.17052817077009275
0.42263649926153474 0.4412835516365316 0 0.15634025529582218
0.44261825823625062 0.46114490161027222 0 0.14757699872398825
0.47695799723566346 0.49526507276503895 0 0.1315374592965553
0.51130551581524974 0.52937699881634237 0 0.11433006068873923
0.53129896507623131 0.54922595896738324 0 0.10383036219070167
0.56565875716086711 0.58332480811899101 0 0.084778366693877172
0.60002628620429965 0.61741537015962134 0 0.064570523887190159
0.62003136170490014 0.63725187736376065 0 0.052352267481192476
0.65441109678861598 0.67132929609196268 0 0.030273075069575942
0.68879852616153692 0.70539838575574421 0 0.0069929634010630903
-0.68879852616153681 -0.70539838575574432 0 0.0069929634017148259
-0.6544110967886162 -0.67132929609196312 0 0.030273075070417231
-0.62003136170490014 -0.63725187736376065 0 0.052352267479052889
-0.60002628620429965 -0.61741537015962189 0 0.064570523882302069
-0.56565875716086689 -0.58332480811899112 0 0.084778366688883416
-0.53129896507623131 -0.54922595896738347 0 0.10383036219238162
-0.51130551581524974 -0.5293769988163427 0 0.11433006069699342
-0.47695799723566346 -0.49526507276503923 0 0.13153745931495589
-0.44261825823625078 -0.46114490161027233 0 0.14757699875016564
-0.42263649926153485 -0.44128355163653166 0 0.15634025532533929
-0.38830910115530015 -0.40715037007998733 0 0.17052817080190186
-0.35398952520194443 -0.37300898548111761 0 0.18354885787045147
-0.33401952048700284 -0.3531353088894601 0 0.19057057021776183
-0.29971235273759755 -0.31898098047121148 0 0.20174000230243611
-0.26541304966465079 -0.28481849112495361 0 0.21173998330245891
-0.24545486310917294 -0.26493255120007275 0 0.21701256027959448
-0.21116803547287416 -0.23075718470060869 0 0.22516002249625697
-0.17688911498703491 -0.19657369944018291 0 0.23213703462072155
-0.15694281041620781 -0.17667555954601061 0 0.23565545713515237
-0.12267643252092225 -0.1424792638816175 0 0.24077942222410972
-0.088418004200065473 -0.10827489167559354 0 0.24473209695170975
-0.068483645363894369 -0.088364615254627368 0 0.24649259995643133
-0.03423782670798993 -0.054147499476231868 0 0.24859182085432158
1.18892764971983e-16 -0.01992234942737112 0 0.24951936567151656
0.019922349427371196 -4.1028165690118066e-17 0 0.24951981165076906
0.054147499476231868 0.03423782670798993 0 0.24859379039992976
0.088364615254627368 0.068483645363894369 0 0.24649608908847387
0.10827489167559359 0.088418004200065556 0 0.24473587944047243
0.1424792638816175 0.12267643252092225 0 0.24078473292122807
0.17667555954601055 0.15694281041620778 0 0.23566228062305661
0.19657369944018291 0.17688911498703497 0 0.23214235180405979
0.23075718470060863 0.21116803547287416 0 0.22516686969413066
0.2649325512000727 0.24545486310917297 0 0.21702091572776522
0.28481849112495367 0.26541304966465096 0 0.21174383921910631
0.31898098047121148 0.29971235273759755 0 0.20174536949790592
0.3531353088894601 0.33401952048700301 0 0.19057739305701266
0.37300898548111755 0.35398952520194438 0 0.18354696008563326
0.40715037007998733 0.3883091011553001 0 0.17052776600838387
0.44128355163653155 0.42263649926153474 0 0.15634135777447453
0.46114490161027227 0.44261825823625078 0 0.14756405916152357
0.49526507276503917 0.47695799723566346 0 0.1315258551203847
0.52937699881634248 0.51130551581524963 0 0.1143195079251681
0.54922595896738347 0.53129896507623109 0 0.1037988767881039
0.58332480811899112 0.56565875716086678 0 0.084748486424329972
0.61741537015962178 0.60002628620429965 0 0.064543233898919514
0.63725187736376077 0.62003136170490014 0 0.052300357035226792
0.67132929609196301 0.65441109678861609 0 0.03021944134276057
0.70539838575574432 0.68879852616153669 0 0.006970934871130147
-0.65942466140030731 -0.73302429085925325 0 0.0069530327125676451
-0.62457056818970569 -0.69958607702270548 0 0.030107061075831217
-0.58974579955087358 -0.66610607589958348 0 0.052079992632396127
-0.56949180247645048 -0.64660197216440496 0 0.064250155609893347
-0.53471410544793363 -0.61305649332714707 0 0.0843723545031589
-0.49996659250670222 -0.57947002410581583 0 0.1033458449578864
-0.47975795256806719 -0.55990432483914376 0 0.11380907178552187
-0.44505886838488046 -0.52625364304129996 0 0.13094999756795248
-0.41039082448015746 -0.49256277334572968 0 0.14693080634818759
-0.39022882825773852 -0.47293668442713094 0 0.15566740596159756
-0.35561056485607578 -0.43918287599643785 0 0.16980752148966802
-0.32102419441832786 -0.40538968757366461 0 0.18278627330966454
-0.30091012322458272 -0.38570442302614316 0 0.18978879386685585
-0.26637487934599868 -0.35184957815164358 0 0.20092491240748772
-0.23187237743064187 -0.31795616644364905 0 0.21089648346002624
-0.21180750703895737 -0.29821294818365907 0 0.21615616725527723
-0.17735747176536587 -0.26425917048476649 0 0.22428232615855656
-0.14294102358881738 -0.23026764419579657 0 0.23124204393510348
-0.12292662396399545 -0.21046770178063465 0 0.23475284530028595
-0.088563976255454646 -0.17641710787174947 0 0.23986541381858018
-0.054235756734055451 -0.14232958853125954 0 0.24381011192819324
-0.034273091764505936 -0.12247415890394574 0 0.2455676794116286
2.0323496498406067e-17 -0.088328877954814616 0 0.24766405217563731
0.034237826707990068 -0.054147499476231792 0 0.24859182085725309
0.054147499476231868 -0.034237826707989985 0 0.24859379041363658
0.088328877954814616 -2.2355846148246675e-17 0 0.24767275088758198
0.12247415890394574 0.034273091764505936 0 0.2455830140119713
0.14232958853125963 0.054235756734055521 0 0.24382894101163383
0.17641710787174941 0.088563976255454646 0 0.23989054713764776
0.21046770178063462 0.12292662396399544 0 0.23478398943028836
0.23026764419579654 0.1429410235888175 0 0.23127532890990538
0.26425917048476638 0.17735747176536584 0 0.22432095730468327
0.29821294818365907 0.21180750703895743 0 0.21619967406267923
0.3179561664436491 0.23187237743064204 0 0.21093988861554694
0.35184957815164358 0.26637487934599874 0 0.2009720972091136
0.38570442302614316 0.30091012322458277 0 0.18983898998385931
0.4053896875736645 0.32102419441832775 0 0.18283307050667771
0.43918287599643774 0.35561056485607573 0 0.16985602013735018
0.47293668442713088 0.39022882825773847 0 0.15571698428454978
0.49256277334572957 0.4103908244801574 0 0.14697316091137283
0.52625364304129985 0.44505886838488046 0 0.13099087589612246
0.55990432483914354 0.47975795256806703 0 0.1138463446011674
0.57947002410581583 0.49996659250670211 0 0.10336946505320312
0.61305649332714718 0.53471410544793352 0 0.084392617622358446
0.64660197216440507 0.56949180247645037 0 0.064270287999540765
0.66610607589958348 0.58974579955087358 0 0.052086103616716936
0.69958607702270537 0.62457056818970569 0 0.030095816369690477
0.73302429085925325 0.65942466140030731 0 0.006941606611260448
-0.62903598751772571 -0.75946315192964642 0 0.0068708074424830776
-0.59381157630230463 -0.72676563038911124 0 0.029760974760942627
-0.55863079499901536 -0.69398545308617854 0 0.051502310087273087
-0.53817647874158492 -0.67487006962773854 0 0.063558638817567542
-0.50306689795099557 -0.64196102373020225 0 0.083488552908029132
-0.46800369823177435 -0.60897172233916619 0 0.10228729809851164
-0.44761907765345599 -0.58973574152937713 0 0.11266258732779932
-0.41263142030632172 -0.5566213973801154 0 0.12965583791896163
-0.377692881561498 -0.52342923386031637 0 0.1455052921993864
-0.35738207023344792 -0.50407631636186323 0 0.15417666094373994
-0.32252339270942948 -0.47076299143354627 0 0.16820868294457036
-0.28771655585846717 -0.4373743175764247 0 0.18109219490020445
-0.26748364412050812 -0.41790817562067323 0 0.18804748787476294
-0.23276096143882782 -0.38440227475937933 0 0.19910706110788012
-0.19809282422015706 -0.35082352815719892 0 0.20901272305181184
-0.17794187644510928 -0.33124792318118806 0 0.21424014652879658
-0.14336215757428777 -0.29755593451777779 0 0.22231582185173857
-0.10883966986889561 -0.26379363443980158 0 0.22923384119699278
-0.088774721747724758 -0.24411237467034866 0 0.23272489828161064
-0.054344884953092615 -0.21024086544265563 0 0.23780872543233392
-0.019974944148416988 -0.17630160862430266 0 0.24173224474733396
-4.0646044086856009e-18 -0.15651854661246967 0 0.24348105120863392
0.034273091764505943 -0.12247415890394572 0 0.2455676794300681
0.068483645363894466 -0.088364615254627271 0 0.24649259997961837
0.088364615254627341 -0.068483645363894383 0 0.24649608912990167
0.12247415890394572 -0.03427309176450595 0 0.24558301404363064
0.15651854661246967 4.0646044086856009e-18 0 0.24350804913139676
0.17630160862430272 0.019974944148417065 0 0.24176592946066741
0.21024086544265563 0.054344884953092608 0 0.23785340529240642
0.24411237467034863 0.08877472174772473 0 0.23278000413945155
0.26379363443980147 0.10883966986889566 0 0.22929472480316557
0.29755593451777773 0.14336215757428775 0 0.22238579190346305
0.33124792318118806 0.17794187644510928 0 0.21431828584247703
0.35082352815719892 0.19809282422015717 0 0.20909514279501903
0.38440227475937944 0.23276096143882782 0 0.19919546707919891
0.41790817562067323 0.26748364412050818 0 0.18814040484883002
0.43737431757642464 0.28771655585846717 0 0.18118701298457332
0.47076299143354605 0.32252339270942942 0 0.16830536914309249
0.50407631636186312 0.35738207023344781 0 0.15427395839128813
0.52342923386031626 0.37769288156149794 0 0.14560214310847533
0.55662139738011507 0.41263142030632166 0 0.12974838142090978
0.58973574152937702 0.44761907765345571 0 0.1127468590858626
0.6089717223391663 0.46800369823177435 0 0.10236513815877414
0.64196102373020236 0.50306689795099535 0 0.083558062907835934
0.67487006962773832 0.53817647874158481 0 0.063625249294751635
0.69398545308617865 0.55863079499901547 0 0.051566731850802884
0.72676563038911113 0.59381157630230452 0 0.029792744704214395
0.75946315192964642 0.62903598751772571 0 0.0068703727492034645
-0.61091258263157477 -0.77428107118050438 0 0.0068329969187005965
-0.57551435527551764 -0.74206658520596247 0 0.029553404568706369
-0.54016481353229162 -0.70974233239747964 0 0.051104938844316418
-0.51961485437796262 -0.69088000266854033 0 0.063039620677191016
-0.48434578088075275 -0.65838498182268146 0 0.082811315207440089
-0.4491297478684696 -0.6257838554450178 0 0.10146661576800842
-0.42865949106188478 -0.60676208567957712 0 0.11174235640798616
-0.39353079968673227 -0.57399604404107973 0 0.12861431342380694
-0.3584594824249912 -0.54112763400611519 0 0.14435575668536788
-0.33807543984711635 -0.52195203978479643 0 0.15295332353925728
-0.30309830039709695 -0.48892468437846598 0 0.16689606361466952
-0.26818284288680472 -0.45579876990592788 0 0.17970087945631058
-0.24789148764712679 -0.43647507528999369 0 0.18660340388801408
-0.21307699971261482 -0.403196296592707 0 0.19759937847417372
-0.17832847120795314 -0.36982283659136422 0 0.20745019901428027
-0.15813623083172237 -0.35035686846841896 0 0.21264223551033326
-0.12349541210906285 -0.31683673059902129 0 0.2206755473157736
-0.088924795470659637 -0.28322585373957582 0 0.22755848392749506
-0.068838045137968984 -0.26362353599345911 0 0.23102833843535214
-0.034381819845073359 -0.22987226660690507 0 0.23608764743335478
5.5886173230166221e-17 -0.19603426110723776 0 0.23999296636477502
0.019974944148417037 -0.17630160862430275 0 0.24173224476334104
0.054235756734055514 -0.14232958853125963 0 0.24381011196321939
0.088418004200065653 -0.10827489167559354 0 0.24473209699320109
0.10827489167559359 -0.08841800420006557 0 0.24473587950314257
0.14232958853125963 -0.054235756734055528 0 0.24382894106830127
0.17630160862430275 -0.019974944148417037 0 0.24176592948740661
0.19603426110723787 1.7908978239666905e-17 0 0.24003276073833396
0.22987226660690507 0.034381819845073359 0 0.2361416569472474
0.26362353599345911 0.068838045137968984 0 0.23109596196320903
0.28322585373957576 0.088924795470659707 0 0.22762781798950874
0.31683673059902118 0.12349541210906281 0 0.22075721181045602
0.35035686846841885 0.15813623083172237 0 0.21273526543291513
0.36982283659136428 0.17832847120795325 0 0.20753765903405175
0.40319629659270689 0.21307699971261485 0 0.197696065130438
0.43647507528999357 0.24789148764712679 0 0.1867077280841416
0.45579876990592777 0.26818284288680472 0 0.17978915273619867
0.48892468437846581 0.3030983003970969 0 0.16698946060505823
0.5219520397847961 0.33807543984711624 0 0.15305060177436622
0.54112763400611508 0.35845948242499126 0 0.14442450488761732
0.5739960440410794 0.39353079968673227 0 0.12868177003249925
0.6067620856795769 0.42865949106188461 0 0.11180398329213448
0.62578385544501769 0.44912974786846949 0 0.10148071958494093
0.65838498182268135 0.48434578088075264 0 0.082820707204617885
0.69088000266853999 0.5196148543779624 0 0.063051606947041067
0.70974233239747975 0.54016481353229173 0 0.051067823718477734
0.74206658520596236 0.57551435527551753 0 0.029480741764747614
0.77428107118050438 0.61091258263157477 0 0.0067898396974336913
-0.5790736506167613 -0.79872852004696582 0 0.0066835449775138915
-0.54344343518059102 -0.76743504729580314 0 0.028925888698827507
-0.50786521827874154 -0.73597974996149396 0 0.050053291219034471
-0.48718425212842503 -0.71759956935543623 0 0.061767395680703635
-0.45169460173805592 -0.68589317947995376 0 0.081180146391026192
-0.41626491648102826 -0.65403122403256109 0 0.099509754329528924
-0.39567405791919558 -0.63541728647083118 0 0.10961769300907147
-0.360345522288958 -0.60331430526427232 0 0.12621365409008076
-0.32508488966947813 -0.57106222374529003 0 0.1417085010708978
-0.30459606614566637 -0.55222424398369174 0 0.15018022803060657
-0.26944910887929818 -0.51974152117882755 0 0.16391848194911848
-0.23437794866975897 -0.48711635856005064 0 0.17654256113481229
-0.21400302177003672 -0.4680643447087256 0 0.18335336095119542
-0.17905798136023315 -0.43521922505418603 0 0.1942029928826729
-0.14419657314216691 -0.40223850969378799 0 0.20392717126005744
-0.12394731593167546 -0.38298274574369623 0 0.20905591376662791
-0.089224366884243692 -0.34979303851135279 0 0.21699119221329113
-0.054592811262285101 -0.31647475108295342 0 0.22379257807608532
-0.034480885762732283 -0.29702577856348628 0 0.2272231291569286
-4.063848171397547e-17 -0.26350972559786268 0 0.2322252183674117
0.034381819845073366 -0.22987226660690493 0 0.23608764745651684
0.054344884953092559 -0.21024086544265561 0 0.23780872546925483
0.088563976255454605 -0.17641710787174944 0 0.23986541387265298
0.12267643252092233 -0.14247926388161741 0 0.2407794222861355
0.1424792638816175 -0.12267643252092222 0 0.24078473300870709
0.17641710787174944 -0.088563976255454618 0 0.23989054722294648
0.21024086544265563 -0.054344884953092559 0 0.23785340535247929
0.22987226660690505 -0.03438181984507329 0 0.23614165698339398
0.26350972559786268 4.063848171397547e-17 0 0.23229781305132893
0.29702577856348628 0.034480885762732276 0 0.22731344340799808
0.31647475108295353 0.054592811262285171 0 0.22388829832109075
0.34979303851135274 0.08922436688424365 0 0.21710270804728113
0.38298274574369617 0.12394731593167548 0 0.20918183386951847
0.40223850969378799 0.14419657314216697 0 0.20405201430110462
0.43521922505418598 0.17905798136023313 0 0.19433907302984127
0.46806434470872549 0.21400302177003672 0 0.18349841120443799
0.48711635856005053 0.23437794866975906 0 0.17667704185257979
0.51974152117882733 0.26944910887929818 0 0.16405816729989101
0.55222424398369163 0.30459606614566626 0 0.15032326723901687
0.57106222374528992 0.32508488966947818 0 0.14183004324822224
0.60331430526427221 0.360345522288958 0 0.12633116821885185
0.63541728647083107 0.39567405791919541 0 0.10972489086747771
0.65403122403256109 0.4162649164810282 0 0.099577055066537593
0.68589317947995365 0.45169460173805576 0 0.081237998119141563
0.71759956935543612 0.48718425212842476 0 0.061825150621696988
0.73597974996149418 0.50786521827874154 0 0.050071211321635188
0.76743504729580314 0.54344343518059091 0 0.02889417115570941
0.79872852004696582 0.5790736506167613 0 0.0066510460839717019
-0.54642169502989391 -0.82185510831465935 0 0.0064938180055945875
-0.5106370022348149 -0.79159910339123829 0 0.028126848184635123
-0.47490121031990201 -0.76112271877997428 0 0.048709791189125981
-0.4541278248567282 -0.74328573747939131 0 0.06014060880746705
-0.41847938032157311 -0.71246791166496493 0 0.079090044770627518
-0.38289246373003016 -0.68143891119689171 0 0.096998954881319224
-0.36221153505329667 -0.66328462117427489 0 0.10688782301460674
-0.32673193897230735 -0.63192910064573227 0 0.12312645655731602
-0.2913264857492367 -0.60037205873965616 0 0.13830127219304206
-0.27075696837757485 -0.58191496470151605 0 0.14660779659894738
-0.23547875981065083 -0.55004701381540133 0 0.16007972920547203
-0.20028725917525947 -0.51798761831705986 0 0.17246798760985346
-0.17984803272527175 -0.49924286124183054 0 0.17915789402326177
-0.14480359211893523 -0.46688881690702033 0 0.18981596162177297
-0.10985833683747336 -0.43435380132384643 0 0.19937398351803198
-0.08956814917370215 -0.41533711806050189 0 0.2044189090721788
-0.054789600685635209 -0.38252431870297549 0 0.21222507093888549
-0.020122589483473934 -0.34954138917712912 0 0.2189187676572143
-4.0625509555221808e-17 -0.33026906905169062 0 0.22229699669564248
0.034480885762732207 -0.29702577856348628 0 0.22722312917848811
0.068838045137968984 -0.263623535993459 0 0.23102833847435753
0.088774721747724716 -0.24411237467034866 0 0.23272489832888166
0.1229266239639954 -0.21046770178063468 0 0.23475284535866209
0.15694281041620789 -0.17667555954601052 0 0.23565545720073455
0.17667555954601061 -0.15694281041620775 0 0.2356622807176483
0.21046770178063468 -0.12292662396399544 0 0.23478398952243629
0.24411237467034871 -0.088774721747724716 0 0.23278000421308145
0.26362353599345911 -0.068838045137968928 0 0.23109596201944135
0.29702577856348628 -0.034480885762732207 0 0.22731344343490645
0.33026906905169062 2.8437856688655268e-17 0 0.22240887702632711
0.34954138917712907 0.020122589483474004 0 0.21903971142995279
0.38252431870297543 0.054789600685635181 0 0.21236504092098901
0.41533711806050194 0.089568149173702136 0 0.20457609943321831
0.43435380132384649 0.10985833683747344 0 0.19953454278576693
0.46688881690702022 0.14480359211893523 0 0.18998958252896295
0.49924286124183043 0.17984803272527172 0 0.17934164422474899
0.51798761831705975 0.2002872591752595 0 0.17264657928630237
0.55004701381540122 0.23547875981065081 0 0.16026347485358083
0.58191496470151582 0.27075696837757474 0 0.1467942442868895
0.60037205873965604 0.29132648574923675 0 0.13847313619158261
0.63192910064573193 0.32673193897230729 0 0.12329152310912932
0.66328462117427467 0.36221153505329656 0 0.1070381177995013
0.68143891119689182 0.38289246373003011 0 0.097116851784559824
0.71246791166496493 0.41847938032157295 0 0.079193730909546706
0.7432857374793912 0.45412782485672815 0 0.0602412811766663
0.76112271877997439 0.47490121031990207 0 0.04878333708687542
0.79159910339123818 0.5106370022348149 0 0.028137602867441269
0.82185510831465924 0.54642169502989368 0 0.0064729970239510264
-0.52707744491092823 -0.83469027748862401 0 0.0063975388891592015
-0.49123525219389735 -0.80509194626364189 0 0.02766670762772289
-0.45543740819109246 -0.77523640814973882 0 0.047879180563007662
-0.43462629791120722 -0.75774406001199646 0 0.059097141901049303
-0.39891110085989939 -0.72749018450050584 0 0.077731627258326913
-0.36325605100589498 -0.69699008099150273 0 0.095354570592597859
-0.34253532412816695 -0.67912775967592154 0 0.1050667675895684
-0.30698793965269533 -0.64824721305021482 0 0.12106210012158786
-0.27151651946255984 -0.61713207417787685 0 0.13601888817083388
-0.25090994138246042 -0.59891726290147729 0 0.14419104065727409
-0.2155711880380729 -0.56744058654728058 0 0.15748103813215539
-0.18032417585305538 -0.53574157448882087 0 0.16970819007588842
-0.1598554515133768 -0.51719268914045602 0 0.17629932991446468
-0.12476599715205147 -0.48515199638194484 0 0.186826140058863
-0.089783961291201947 -0.45290180526110674 0 0.19627033225266741
-0.069476646065774625 -0.43403813431840799 0 0.20124657397272563
-0.034676854558386525 -0.401467004211497 0 0.20896399024667422
5.0131926793103486e-17 -0.36869975023057816 0 0.21558373580618057
0.020122589483473945 -0.34954138917712918 0 0.2189187676709636
0.054592811262285094 -0.31647475108295353 0 0.22379257810904363
0.088924795470659734 -0.28322585373957576 0 0.22755848397235545
0.10883966986889564 -0.26379363443980158 0 0.22923384124571589
0.14294102358881744 -0.23026764419579659 0 0.23124204398983086
0.17688911498703502 -0.19657369944018291 0 0.23213703468131158
0.19657369944018302 -0.17688911498703497 0 0.2321423518953345
0.23026764419579659 -0.14294102358881744 0 0.23127532899702885
0.26379363443980164 -0.10883966986889564 0 0.22929472487641211
0.28322585373957582 -0.088924795470659665 0 0.22762781805055438
0.31647475108295353 -0.054592811262285101 0 0.22388829835944049
0.34954138917712918 -0.020122589483473952 0 0.21903971144417933
0.36869975023057822 1.9164356824705382e-17 0 0.21570653107285001
0.40146700421149689 0.034676854558386504 0 0.20910959312226615
0.43403813431840804 0.069476646065774625 0 0.2014131240583078
0.45290180526110674 0.089783961291202016 0 0.19642790194706325
0.48515199638194473 0.12476599715205146 0 0.18700065490204537
0.51719268914045602 0.15985545151337677 0 0.17648772894896586
0.53574157448882076 0.18032417585305538 0 0.16987201171379057
0.56744058654728047 0.2155711880380729 0 0.15765405300652049
0.59891726290147729 0.25090994138246037 0 0.14437077355564135
0.61713207417787685 0.27151651946255978 0 0.13615602072944236
0.64824721305021438 0.30698793965269527 0 0.12119648539763747
0.67912775967592143 0.34253532412816678 0 0.10518988386299168
0.69699008099150284 0.36325605100589492 0 0.095406567178092844
0.72749018450050573 0.39891110085989934 0 0.077774208225367639
0.75774406001199646 0.43462629791120699 0 0.05914298241478462
0.77523640814973871 0.45543740819109246 0 0.0478575926371822
0.80509194626364189 0.49123525219389735 0 0.027580955742514034
0.83469027748862379 0.52707744491092801 0 0.0063377518817886126
-0.49331127589826895 -0.85564799524825208 0 0.0061460851373691307
-0.45742008867146278 -0.82727205115404479 0 0.026607826678345575
-0.42156108972404138 -0.79857140353975609 0 0.046094862911976377
-0.40070973146405309 -0.78172054338602792 0 0.056925733882089567
-0.36491900870216831 -0.75251702580267155 0 0.074935915256801627
-0.32918245717029831 -0.72300274231239003 0 0.091990252674447187
-0.30841250746746424 -0.70568495227126593 0 0.10140416552395685
-0.27277913103450779 -0.6756907759347951 0 0.11691363479604538
-0.23722203728031721 -0.64540093160802936 0 0.13143348419773357
-0.21656671742560676 -0.62763889629794334 0 0.13937831673454318
-0.18114781172686376 -0.5968939256745136 0 0.15230222881260266
-0.14582731521564107 -0.56586948462857611 0 0.16420400751528857
-0.12531986903269698 -0.54768754064620007 0 0.1706272181842064
-0.09017250625552814 -0.51623442558136656 0 0.18088803626755962
-0.055145578720073252 -0.48451906698696778 0 0.19010068213385167
-0.034819099040760693 -0.46594309725715577 0 0.19495947342444328
-1.4203244784853281e-17 -0.43382708409194221 0 0.20249582395849719
0.034676854558386559 -0.40146700421149678 0 0.20896399026259738
0.054789600685635147 -0.38252431870297549 0 0.21222507096780588
0.089224366884243622 -0.34979303851135268 0 0.2169911922576655
0.1234954121090629 -0.31683673059902118 0 0.22067554736499323
0.14336215757428777 -0.29755593451777773 0 0.22231582189951762
0.17735747176536587 -0.26425917048476655 0 0.22428232620604091
0.21116803547287422 -0.2307571847006086 0 0.22516002254755837
0.23075718470060874 -0.21116803547287422 0 0.22516686977738787
0.26425917048476655 -0.17735747176536587 0 0.22432095738314306
0.29755593451777773 -0.14336215757428777 0 0.2223857919744707
0.31683673059902118 -0.12349541210906281 0 0.22075721187576983
0.34979303851135268 -0.089224366884243636 0 0.21710270809843046
0.38252431870297543 -0.054789600685635154 0 0.21236504095214401
0.40146700421149695 -0.034676854558386497 0 0.20910959313972344
0.43382708409194209 -4.0580699385295077e-18 0 0.20266692018479218
0.46594309725715577 0.034819099040760679 0 0.19515382495630623
0.48451906698696773 0.055145578720073321 0 0.19029072731900176
0.51623442558136656 0.090172506255528154 0 0.18109647209517415
0.54768754064620007 0.12531986903269698 0 0.17085039138337754
0.56586948462857611 0.14582731521564113 0 0.16440840730894227
0.59689392567451349 0.18114781172686373 0 0.15251563143565722
0.62763889629794334 0.21656671742560674 0 0.13959769089648391
0.64540093160802914 0.23722203728031718 0 0.13161769923729455
0.67569077593479498 0.27277913103450774 0 0.11709251639130214
0.70568495227126615 0.30841250746746418 0 0.10156766046051782
0.72300274231239015 0.32918245717029815 0 0.092090923676797609
0.75251702580267155 0.36491900870216826 0 0.075022875787553692
0.78172054338602792 0.40070973146405303 0 0.0570132640218406
0.79857140353975609 0.42156108972404133 0 0.046122977103976011
0.82727205115404479 0.45742008867146272 0 0.026560890952542975
0.85564799524825186 0.49331127589826879 0 0.0060974167131255417
-0.45895243812590353 -0.87519526270121806 0 0.0058584626909626361
-0.42306758293106861 -0.84815727568289356 0 0.025393989790346416
-0.38719779195322712 -0.82072249736724634 0 0.044044676943351665
-0.36633333555113912 -0.80457553155296602 0 0.05443054095122854
-0.33051024870745077 -0.77652575410665337 0 0.071716791686027598
-0.2947312433231935 -0.74809571041961664 0 0.088109991276527536
-0.27393304365759269 -0.73137741126653899 0 0.097174746898778253
-0.23824695169867058 -0.70236001314607088 0 0.11211680458733884
-0.20263429849855216 -0.672980754953588 0 0.12612492235162287
-0.18194646117815555 -0.65571877703010628 0 0.13380176079741798
-0.14647331405652256 -0.62578271864519996 0 0.14629500545509316
-0.11110310588507684 -0.59550499867804352 0 0.157812957998715
-0.090569950956480419 -0.57772968887449372 0 0.16403685243726121
-0.055385907691761813 -0.54692847542546141 0 0.17398259601304278
-0.020334243262494688 -0.51580748162284262 0 0.18292031511285925
0 -0.49755171453532254 0 0.18763890994894228
0.034819099040760679 -0.46594309725715577 0 0.19495947343033146
0.06947664606577468 -0.43403813431840788 0 0.20124657399308959
0.089568149173702122 -0.41533711806050194 0 0.20441890910407548
0.12394731593167543 -0.38298274574369612 0 0.20905591381119581
0.15813623083172243 -0.35035686846841874 0 0.21264223555672004
0.17794187644510928 -0.33124792318118795 0 0.21424014657192039
0.21180750703895745 -0.29821294818365912 0 0.21615616729566925
0.24545486310917305 -0.26493255120007259 0 0.21701256032235169
0.26493255120007275 -0.245454863109173 0 0.21702091580157326
0.29821294818365912 -0.21180750703895745 0 0.21619967413464453
0.33124792318118806 -0.17794187644510928 0 0.2143182859110509
0.3503568684684189 -0.15813623083172237 0 0.21273526549856298
0.38298274574369617 -0.12394731593167545 0 0.20918183392487241
0.41533711806050183 -0.089568149173702136 0 0.20457609947110672
0.43403813431840788 -0.069476646065774611 0 0.20141312408337675
0.46594309725715566 -0.0348190990407607 0 0.19515382496473865
0.49755171453532249 -2.0264557795708073e-17 0 0.1878584578619821
0.51580748162284262 0.02033424326249475 0 0.18314014980144089
0.5469284754254613 0.055385907691761806 0 0.17422197251174082
0.57772968887449372 0.090569950956480391 0 0.16429156876832415
0.5955049986780433 0.11110310588507685 0 0.15805461779162155
0.62578271864519974 0.14647331405652253 0 0.14654530384396625
0.65571877703010617 0.18194646117815549 0 0.13405711240646254
0.672980754953588 0.20263429849855216 0 0.12635237624629547
0.70236001314607099 0.23824695169867055 0 0.11233627970293823
0.73137741126653899 0.27393304365759258 0 0.097374731307469639
0.74809571041961676 0.29473124332319334 0 0.088255224932536569
0.77652575410665359 0.33051024870745077 0 0.071844032294719015
0.80457553155296624 0.36633333555113901 0 0.05455551117267339
0.82072249736724623 0.38719779195322707 0 0.04412358467547875
0.84815727568289356 0.42306758293106855 0 0.025388441608938189
0.87519526270121784 0.45895243812590325 0 0.0058225323511574296
-0.43871790452975912 -0.8859131620026246 0 0.0057075254527532227
-0.40285863638103148 -0.85970616591175564 0 0.024700179943558578
-0.36700242999484201 -0.83305869086250184 0 0.042813551123301472
-0.34614102483344694 -0.817349972409112 0 0.052904359488724365
-0.31031601166848366 -0.79001924452753369 0 0.069726848715848264
-0.27452752279024134 -0.76226577400404361 0 0.085696098349273164
-0.25372102697549115 -0.74592191851342182 0 0.094509155386167207
-0.21801713025296826 -0.71751517995704694 0 0.10908626208198177
-0.18238374481013686 -0.68870584968749615 0 0.12276495289473403
-0.16168321788910087 -0.67175713283070904 0 0.13024558595734714
-0.12618844827852801 -0.64232826245713359 0 0.14246065281901357
-0.090798439454692251 -0.61251926161916226 0 0.15373057707102769
-0.070255334970662206 -0.59499942930570993 0 0.15980644324731857
-0.03505816715742309 -0.5646081698218024 0 0.16954794317166133
9.3881299100027417e-17 -0.53386141628193085 0 0.17830749928449585
0.020334243262494778 -0.51580748162284262 0 0.18292031511267043
0.055145578720073321 -0.48451906698696773 0 0.19010068213896239
0.0897839612912021 -0.45290180526110668 0 0.19627033227074314
0.10985833683747342 -0.43435380132384649 0 0.19937398354640617
0.14419657314216697 -0.4022385096937881 0 0.20392717129985205
0.17832847120795331 -0.36982283659136406 0 0.20745019905591736
0.19809282422015714 -0.35082352815719886 0 0.20901272309069402
0.23187237743064207 -0.3179561664436491 0 0.21089648349650236
0.26541304966465101 -0.2848184911249535 0 0.21173998334072372
0.28481849112495367 -0.26541304966465101 0 0.21174383928693849
0.3179561664436491 -0.23187237743064207 0 0.21093988868448982
0.35082352815719892 -0.19809282422015714 0 0.20909514286194833
0.36982283659136422 -0.17832847120795325 0 0.20753765909821528
0.40223850969378805 -0.14419657314216694 0 0.2040520143554477
0.43435380132384643 -0.10985833683747344 0 0.19953454282354724
0.45290180526110674 -0.089783961291202044 0 0.19642790197270277
0.48451906698696767 -0.055145578720073342 0 0.19029072732882474
0.51580748162284262 -0.020334243262494795 0 0.18314014980312204
0.53386141628193073 -2.4672309062675656e-17 0 0.17851127806275527
0.56460816982180251 0.035058167157423104 0 0.16977620503730392
0.59499942930570981 0.070255334970662192 0 0.16005485869584829
0.61251926161916226 0.090798439454692279 0 0.15394434192442183
0.64232826245713337 0.12618844827852801 0 0.14268840181252951
0.67175713283070904 0.16168321788910084 0 0.13048363602948118
0.68870584968749593 0.18238374481013686 0 0.12294741445371074
0.71751517995704683 0.21801713025296826 0 0.10926640964946759
0.74592191851342182 0.25372102697549104 0 0.094674928901547425
0.76226577400404372 0.27452752279024134 0 0.08577226953430736
0.7900192445275338 0.31031601166848355 0 0.06979166511941709
0.81734997240911222 0.34614102483344683 0 0.052974598150832275
0.83305869086250162 0.36700242999484206 0 0.042807820430615422
0.85970616591175564 0.40285863638103137 0 0.024610955167454606
0.88591316200262471 0.43871790452975906 0 0.0056386044734891509
-0.40360092701207878 -0.90318651334440603 0 0.0053667887713415695
-0.36781709199537366 -0.87849507203259847 0 0.023259971900415583
-0.33201262981241025 -0.85328582699013977 0 0.040373782474334353
-0.31117165995065127 -0.83837869413734056 0 0.049921415658699217
-0.27536728395215693 -0.81236473649330609 0 0.06586804296436137
-0.23958391372525151 -0.78585206953016651 0 0.081033471084946157
-0.21877455482672081 -0.77019569863305981 0 0.089419498073726109
-0.1830579744045325 -0.74291134814669979 0 0.10330081706489828
-0.14740500512424773 -0.71515092861801566 0 0.11634845500538048
-0.12669126073590378 -0.69877933521131697 0 0.12349653140600227
-0.091173007676291676 -0.67028578433997932 0 0.13517587852623825
-0.055761538506429023 -0.64134222811200803 0 0.14596608129355249
-0.03520826371013288 -0.6242945693765114 0 0.15179154863938799
2.6255577195577013e-17 -0.59466171831777281 0 0.16113621582963708
0.035058167157423221 -0.5646081698218024 0 0.16954794316974164
0.05538590769176184 -0.54692847542546141 0 0.17398259601149924
0.090172506255528181 -0.51623442558136678 0 0.18088803627025909
0.12476599715205154 -0.48515199638194462 0 0.18682614007048004
0.14480359211893523 -0.46688881690702022 0 0.18981596164029335
0.17905798136023315 -0.43521922505418598 0 0.19420299290997745
0.2130769997126149 -0.40319629659270673 0 0.19759937850544887
0.23276096143882782 -0.38440227475937933 0 0.19910706113947202
0.26637487934599879 -0.35184957815164358 0 0.2009249124396715
0.29971235273759766 -0.31898098047121137 0 0.20174000233574377
0.31898098047121143 -0.29971235273759761 0 0.2017453695574056
0.35184957815164358 -0.26637487934599879 0 0.20097209727046017
0.38440227475937944 -0.23276096143882782 0 0.19919546714075798
0.40319629659270695 -0.21307699971261487 0 0.19769606519114244
0.43521922505418598 -0.17905798136023315 0 0.19433907308396656
0.46688881690702011 -0.1448035921189352 0 0.18998958256956169
0.48515199638194456 -0.12476599715205146 0 0.18700065493210927
0.51623442558136645 -0.090172506255528168 0 0.18109647211089919
0.54692847542546119 -0.055385907691761847 0 0.17422197251903446
0.56460816982180251 -0.035058167157423145 0 0.1697762050420954
0.59466171831777292 -2.0196597842751546e-17 0 0.16138951330064871
0.6242945693765114 0.03520826371013288 0 0.15206508480856032
0.64134222811200792 0.055761538506429051 0 0.14621125137608626
0.6702857843399791 0.091173007676291662 0 0.13543444750661238
0.69877933521131697 0.12669126073590375 0 0.12376442116201625
0.71515092861801555 0.14740500512424778 0 0.11656891043189664
0.7429113481466999 0.1830579744045325 0 0.10351669244150254
0.77019569863305959 0.21877455482672076 0 0.089617482151610722
0.78585206953016673 0.23958391372525148 0 0.081151157511316713
0.81236473649330621 0.27536728395215687 0 0.065970679911159125
0.83837869413734056 0.3111716599506511 0 0.050026729879766842
0.85328582699013977 0.3320126298124102 0 0.040410151114114626
0.87849507203259847 0.3678170919953736 0 0.023206518137484727
0.90318651334440603 0.40360092701207878 0 0.0053096131092129203
-0.36811833111096548 -0.91900630074558787 0 0.0049960993788093142
-0.332441964492382 -0.895937750890065 0 0.021689065574185557
-0.29671794811037472 -0.87227219752441676 0 0.037705283152173023
-0.27591266065396414 -0.85822696820213684 0 0.046657527753857696
-0.24015277078627895 -0.8336312877788552 0 0.061635296168099804
-0.20439561724901051 -0.80845786915929319 0 0.075908437793709982
-0.18359451795857984 -0.79354471273180438 0 0.083817729871481714
-0.14788258529988285 -0.7674755828589882 0 0.096922095073153774
-0.11222539393138627 -0.74085294298783444 0 0.10926215719388119
-0.091506602166851969 -0.72510826138986539 0 0.11603507024859622
-0.055977827483357882 -0.69763210209453941 0 0.12711016630777852
-0.02055682511118883 -0.66963150654712023 0 0.13735753283089949
1.6104799065019327e-17 -0.65309897850938925 0 0.14289819335700124
0.035208263710132907 -0.62429456937651129 0 0.15179154863435421
0.070255334970662289 -0.59499942930570993 0 0.15980644324203161
0.090569950956480433 -0.57772968887449372 0 0.16403685243380176
0.12531986903269698 -0.54768754064620029 0 0.17062721818405638
0.15985545151337688 -0.51719268914045591 0 0.17629932991735342
0.17984803272527175 -0.49924286124183059 0 0.17915789402791371
0.21400302177003669 -0.46806434470872538 0 0.18335336096120475
0.24789148764712679 -0.43647507528999346 0 0.18660340390660396
0.26748364412050807 -0.41790817562067312 0 0.1880474878994455
0.30091012322458283 -0.38570442302614322 0 0.18978879389813913
0.33401952048700306 -0.35313530888945999 0 0.19057057024990731
0.35313530888946015 -0.33401952048700306 0 0.19057739311102476
0.38570442302614322 -0.30091012322458283 0 0.18983899003405166
0.41790817562067312 -0.26748364412050812 0 0.18814040490150385
0.43647507528999369 -0.24789148764712679 0 0.18670772814052494
0.46806434470872554 -0.21400302177003669 0 0.18349841126133848
0.49924286124183054 -0.17984803272527172 0 0.17934164427339111
0.5171926891404558 -0.15985545151337677 0 0.17648772898925053
0.54768754064620007 -0.12531986903269698 0 0.17085039141080433
0.57772968887449361 -0.090569950956480419 0 0.16429156878584064
0.59499942930570981 -0.070255334970662206 0 0.16005485870885117
0.6242945693765114 -0.035208263710132914 0 0.15206508481464451
0.65309897850938903 -8.0523995325096603e-18 0 0.14319159390466718
0.66963150654712023 0.020556825111188871 0 0.137628648363607
0.69763210209453907 0.055977827483357875 0 0.12739380250519614
0.72510826138986528 0.091506602166851941 0 0.11632688749925121
0.74085294298783444 0.11222539393138631 0 0.10951455319059678
0.7674755828589882 0.14788258529988285 0 0.097167743561796874
0.79354471273180427 0.18359451795857978 0 0.084042192272315519
0.80845786915929341 0.20439561724901054 0 0.07606174408202343
0.8336312877788552 0.24015277078627889 0 0.061769840155506274
0.85822696820213673 0.27591266065396403 0 0.046791466630859799
0.87227219752441698 0.29671794811037477 0 0.037783338812485114
0.895937750890065 0.332441964492382 0 0.021672838494067665
0.91900630074558776 0.36811833111096537 0 0.0049520673707210998
-0.34733415561658015 -0.92754208099579682 0 0.0047969887670845628
-0.31173156476035041 -0.90546551351569271 0 0.020790670494952264
-0.27606430526317732 -0.88274546046172742 0 0.03612157301176968
-0.25528500260517184 -0.86922896661753579 0 0.044707280759586972
-0.21955905688074556 -0.84550463023005518 0 0.059083321565419795
-0.18382415092234522 -0.82115550400825299 0 0.072801437186793105
-0.16303148289473113 -0.80670042424371757 0 0.080387368346404794
-0.12732780854329098 -0.78138128088532011 0 0.093006386997090712
-0.091672983614900061 -0.75546196466364679 0 0.10490375156505904
-0.070953786036410935 -0.74010528612021009 0 0.1114168383590194
-0.035422874988236958 -0.71325953330300707 0 0.12211224098128391
4.3931297512426254e-17 -0.68584404959457068 0 0.13201827375283756
0.020556825111188885 -0.66963150654712023 0 0.13735753282623306
0.055761538506429086 -0.64134222811200803 0 0.14596608128457791
0.090798439454692376 -0.61251926161916248 0 0.15373057706340762
0.11110310588507687 -0.59550499867804352 0 0.15781295799406297
0.14582731521564113 -0.56586948462857634 0 0.16420400751350284
0.18032417585305546 -0.53574157448882076 0 0.16970819007324783
0.20028725917525941 -0.51798761831705986 0 0.17246798760550225
0.23437794866975897 -0.48711635856005048 0 0.17654256113365061
0.26818284288680472 -0.45579876990592783 0 0.1797008794671871
0.28771655585846706 -0.43737431757642453 0 0.18109219492133061
0.32102419441832786 -0.4053896875736645 0 0.18278627334181458
0.35398952520194449 -0.37300898548111738 0 0.18354885790348116
0.37300898548111755 -0.35398952520194443 0 0.18354696013780394
0.4053896875736645 -0.32102419441832786 0 0.18283307054940912
0.43737431757642459 -0.28771655585846712 0 0.18118701303101437
0.45579876990592783 -0.26818284288680466 0 0.17978915278986421
0.48711635856005053 -0.23437794866975895 0 0.17667704191226569
0.51798761831705975 -0.20028725917525941 0 0.17264657934177374
0.53574157448882076 -0.1803241758530553 0 0.16987201176255509
0.565869484628576 -0.14582731521564107 0 0.16440840734583451
0.5955049986780433 -0.11110310588507684 0 0.1580546178171866
0.61251926161916248 -0.090798439454692292 0 0.15394434194370277
0.64134222811200803 -0.055761538506429086 0 0.14621125138618157
0.66963150654712023 -0.020556825111188871 0 0.13762864836667124
0.68584404959457046 8.6607415095926004e-18 0 0.1322428128248338
0.71325953330300695 0.035422874988236965 0 0.12235628704170473
0.74010528612020987 0.070953786036410893 0 0.11167601282569045
0.75546196466364679 0.09167298361490013 0 0.10509675771839361
0.78138128088531988 0.12732780854329095 0 0.093200594506499743
0.80670042424371757 0.1630314828947311 0 0.080567837693254096
0.8211555040082531 0.18382415092234525 0 0.072881365069288898
0.84550463023005518 0.21955905688074553 0 0.059153330732710917
0.86922896661753579 0.25528500260517173 0 0.044785620877485326
0.88274546046172764 0.27606430526317738 0 0.03612662825433282
0.90546551351569271 0.31173156476035035 0 0.020705195568456319
0.92754208099579682 0.34733415561658015 0 0.0047268633194916376
-0.31145081462010166 -0.94105602420352208 0 0.0043834163295631756
-0.27598839529558172 -0.92076163395850097 0 0.019033754737353897
-0.24043023992838294 -0.89974407156008307 0 0.033126784030835632
-0.2197015243973201 -0.88718127175592765 0 0.041027922869647716
-0.1840428166694518 -0.86503119106438253 0 0.054296127129180909
-0.14835355395364713 -0.84217430640900504 0 0.06698674121476883
-0.12757907175142769 -0.82854976708227712 0 0.074019969614141909
-0.091895023168751963 -0.80459240579822167 0 0.085734387486296776
-0.056248737621024079 -0.77995239956582973 0 0.096802510700133501
-0.035531102838228586 -0.76530242363903755 0 0.1028731915638178
0 -0.73960633249860253 0 0.11285304742758542
0.035422874988237006 -0.71325953330300707 0 0.12211224097656648
0.055977827483357896 -0.69763210209453963 0 0.12711016629923058
0.091173007676291676 -0.67028578433997954 0 0.13517587851500373
0.12618844827852813 -0.64232826245713381 0 0.14246065281085041
0.1464733140565225 -0.62578271864520008 0 0.14629500545085394
0.1811478117268637 -0.5968939256745136 0 0.15230222881130415
0.21557118803807299 -0.56744058654728047 0 0.15748103812791245
0.23547875981065075 -0.55004701381540133 0 0.16007972919758182
0.26944910887929807 -0.51974152117882755 0 0.16391848194306399
0.30309830039709706 -0.48892468437846598 0 0.16689606362235257
0.32252339270942931 -0.47076299143354611 0 0.16820868296468355
0.35561056485607573 -0.43918287599643768 0 0.16980752152312134
0.38830910115530026 -0.40715037007998717 0 0.17052817083630387
0.40715037007998733 -0.38830910115530021 0 0.17052776606019027
0.43918287599643774 -0.35561056485607567 0 0.16985602017555859
0.47076299143354622 -0.32252339270942942 0 0.16830536918537967
0.48892468437846598 -0.3030983003970969 0 0.16698946065677261
0.51974152117882755 -0.26944910887929813 0 0.16405816736328846
0.55004701381540122 -0.23547875981065072 0 0.16026347492060372
0.56744058654728036 -0.21557118803807285 0 0.15765405307200311
0.59689392567451338 -0.18114781172686364 0 0.152515631493047
0.62578271864519985 -0.1464733140565225 0 0.14654530388651441
0.64232826245713348 -0.12618844827852799 0 0.14268840184384729
0.67028578433997932 -0.091173007676291676 0 0.13543444752235267
0.6976321020945393 -0.055977827483357855 0 0.12739380251113161
0.71325953330300695 -0.035422874988236937 0 0.12235628704446613
0.73960633249860241 1.3986247761609395e-17 0 0.11311545665167691
0.76530242363903744 0.035531102838228551 0 0.1031492941624733
0.77995239956582951 0.056248737621024121 0 0.097021456952380944
0.80459240579822133 0.091895023168751949 0 0.085952712551188762
0.82854976708227723 0.12757907175142766 0 0.074222238243985578
0.84217430640900537 0.14835355395364716 0 0.067099509433967239
0.86503119106438242 0.18404281666945177 0 0.054396428652334648
0.88718127175592743 0.21970152439732005 0 0.041133818930667247
0.89974407156008329 0.240430239928383 0 0.033165768619795859
0.92076163395850097 0.27598839529558172 0 0.018980951607981335
0.94105602420352197 0.31145081462010155 0 0.004325839344091858
-0.27542410644701171 -0.9531184691306307 0 0.0039464109391105662
-0.24011162781774803 -0.93469897855606954 0 0.017172425961341047
-0.20467050121920147 -0.91547795719237623 0 0.029945598635213372
-0.18399617162260085 -0.90392389097015813 0 0.037117686229064396
-0.14840992209287948 -0.88344264691410113 0 0.049194830227915341
-0.11277001961843069 -0.86217197642382748 0 0.060774866865216631
-0.092015276967687507 -0.84943211514067685 0 0.067206897555054559
-0.056352643733519336 -0.82692816348951037 0 0.0779360974759543
-0.020715815997443796 -0.80365680871157719 0 0.08809722774964554
-2.3819029175907855e-17 -0.78976425387250504 0 0.093681349311123596
0.035531102838228551 -0.76530242363903767 0 0.10287319156235047
0.070953786036410976 -0.74010528612021009 0 0.11141683835480409
0.091506602166851955 -0.72510826138986539 0 0.11603507024244498
0.12669126073590381 -0.69877933521131719 0 0.12349653139917081
0.16168321788910092 -0.67175713283070915 0 0.13024558595368832
0.18194646117815552 -0.65571877703010628 0 0.13380176079710504
0.21656671742560674 -0.62763889629794345 0 0.13937831673841736
0.25090994138246048 -0.5989172629014774 0 0.14419104066279123
0.27075696837757479 -0.58191496470151616 0 0.14660779660464121
0.30459606614566637 -0.55222424398369185 0 0.1501802280402014
0.33807543984711635 -0.52195203978479643 0 0.15295332355810395
0.35738207023344781 -0.50407631636186323 0 0.15417666096991692
0.39022882825773852 -0.47293668442713099 0 0.15566740599574552
0.42263649926153485 -0.4412835516365316 0 0.15634025536051949
0.44128355163653171 -0.42263649926153474 0 0.15634135782954056
0.47293668442713099 -0.39022882825773852 0 0.15571698433016437
0.50407631636186323 -0.35738207023344781 0 0.15427395843891159
0.52195203978479643 -0.33807543984711635 0 0.15305060182798644
0.55222424398369185 -0.30459606614566637 0 0.15032326730432943
0.58191496470151605 -0.27075696837757485 0 0.14679424436468289
0.59891726290147729 -0.25090994138246031 0 0.14437077364026027
0.62763889629794334 -0.21656671742560668 0 0.13959769097967484
0.65571877703010617 -0.18194646117815547 0 0.1340571124699117
0.67175713283070915 -0.16168321788910084 0 0.1304836360742469
0.69877933521131708 -0.12669126073590375 0 0.12376442118156461
0.72510826138986528 -0.091506602166851941 0 0.11632688750484835
0.74010528612021009 -0.070953786036410893 0 0.1116760128279824
0.76530242363903767 -0.035531102838228537 0 0.10314929416210106
0.78976425387250504 -3.969838195984642e-18 0 0.093969187016787317
0.80365680871157719 0.020715815997443845 0 0.088336416849353283
0.82692816348951004 0.056352643733519316 0 0.078172680799327376
0.84943211514067674 0.092015276967687451 0 0.067425548393711593
0.86217197642382737 0.11277001961843072 0 0.060915183258518482
0.88344264691410102 0.14840992209287945 0 0.049320845790037919
0.90392389097015813 0.18399617162260073 0 0.037247001040456432
0.91547795719237623 0.20467050121920147 0 0.030021019837209961
0.93469897855606954 0.24011162781774803 0 0.017156516363154753
0.9531184691306307 0.27542410644701165 0 0.0039036362436687109
-0.25442378980229813 -0.95947502623400449 0 0.0037061565083862432
-0.21919989923241057 -0.94218662318729685 0 0.016101777778059941
-0.18382755187613986 -0.92405220710877778 0 0.028065022662023851
-0.16318497421526942 -0.91310945764401619 0 0.034812581312483992
-0.12764060189992615 -0.89364147660991289 0 0.046165251898657854
-0.092028607097429702 -0.87333611859707339 0 0.05706798725650087
-0.071284667916869798 -0.86113558252209543 0 0.063108570584722051
-0.035633037096355798 -0.83951914230927238 0 0.073233610955376796
6.2361336581366752e-17 -0.8170852205052046 0 0.082837549973723612
0.020715815997443834 -0.80365680871157719 0 0.088097227749355606
0.056248737621024142 -0.77995239956582985 0 0.096802510699172853
0.091672983614900186 -0.75546196466364679 0 0.10490375156324637
0.11222539393138635 -0.74085294298783488 0 0.10926215719162019
0.1474050051242479 -0.71515092861801577 0 0.11634845500374748
0.18238374481013706 -0.68870584968749637 0 0.12276495289573777
0.20263429849855227 -0.67298075495358822 0 0.12612492235506642
0.23722203728031724 -0.64540093160802925 0 0.13143348420651299
0.27151651946256 -0.61713207417787697 0 0.13601888818637425
0.29132648574923675 -0.60037205873965627 0 0.13830127221310159
0.32508488966947818 -0.57106222374529014 0 0.14170850109728955
0.35845948242499132 -0.54112763400611541 0 0.14435575671606776
0.377692881561498 -0.52342923386031648 0 0.14550529223172698
0.4103908244801574 -0.49256277334572973 0 0.14693080638248951
0.44261825823625078 -0.46114490161027222 0 0.14757699878553959
0.46114490161027233 -0.44261825823625084 0 0.14756405921959923
0.49256277334572984 -0.41039082448015746 0 0.14697316096564828
0.52342923386031648 -0.37769288156149805 0 0.1456021431627314
0.54112763400611541 -0.35845948242499126 0 0.1444245049437918
0.57106222374529014 -0.32508488966947818 0 0.14183004331383761
0.60037205873965627 -0.29132648574923675 0 0.13847313627483612
0.61713207417787708 -0.27151651946255984 0 0.13615602082531361
0.64540093160802914 -0.23722203728031721 0 0.13161769933653722
0.672980754953588 -0.20263429849855222 0 0.12635237632271093
0.68870584968749637 -0.18238374481013697 0 0.12294741450649463
0.71515092861801577 -0.14740500512424787 0 0.11656891045298588
0.74085294298783466 -0.11222539393138635 0 0.10951455319486979
0.75546196466364668 -0.091672983614900116 0 0.10509675771919988
0.77995239956582973 -0.056248737621024128 0 0.097021456950527857
0.80365680871157708 -0.020715815997443859 0 0.088336416847898905
0.81708522050520438 -1.4571559834854011e-17 0 0.083002621740460705
0.83951914230927216 0.035633037096355791 0 0.07340622048421154
0.86113558252209532 0.071284667916869715 0 0.063273522003832308
0.8733361185970735 0.092028607097429729 0 0.057132340163666091
0.89364147660991278 0.12764060189992613 0 0.046227427684630992
0.91310945764401596 0.16318497421526934 0 0.034889667776504533
0.924052207108778 0.18382755187613989 0 0.028085396877644317
0.94218662318729696 0.21919989923241059 0 0.016037103564406657
0.95947502623400438 0.25442378980229807 0 0.0036462640063419029
-0.21833786300814673 -0.96926821633404792 0 0.0032388001022037299
-0.18326331024468084 -0.9539867413476748 0 0.014103284948755982
-0.14800543419154594 -0.93778562237848606 0 0.024633137053119637
-0.12741488600255921 -0.92793282174572456 0 0.030573455453093638
-0.091937536232708381 -0.91027508379699806 0 0.04061147303867043
-0.056367908136888051 -0.89169854439529295 0 0.050278757581265411
-0.035639035866404198 -0.88046571634406801 0 0.055645864850488461
1.7615973506124127e-17 -0.86044456138025027 0 0.064660607128888353
0.035633037096355881 -0.83951914230927216 0 0.073233610955293973
0.05635264373351935 -0.82692816348951037 0 0.077936097475699059
0.091895023168751991 -0.80459240579822155 0 0.085734387486470873
0.12732780854329109 -0.78138128088532022 0 0.093006386998742571
0.14788258529988293 -0.76747558285898831 0 0.09692209507612197
0.18305797440453261 -0.74291134814670001 0 0.10330081707040267
0.2180171302529684 -0.71751517995704683 0 0.10908626209030738
0.23824695169867061 -0.7023600131460711 0 0.1121168045976212
0.27277913103450779 -0.6756907759347951 0 0.1169136348127276
0.30698793965269544 -0.64824721305021482 0 0.12106210014889464
0.3267319389723074 -0.63192910064573227 0 0.12312645659222562
0.36034552228895811 -0.60331430526427243 0 0.12621365413248134
0.39353079968673238 -0.57399604404107973 0 0.12861431346552779
0.41263142030632166 -0.5566213973801154 0 0.12965583795707683
0.44505886838488051 -0.52625364304130007 0 0.13094999760251838
0.47695799723566362 -0.49526507276503906 0 0.13153745935051897
0.49526507276503906 -0.47695799723566357 0 0.13152585517727947
0.52625364304130007 -0.44505886838488051 0 0.13099087595581105
0.5566213973801154 -0.41263142030632166 0 0.12974838148011988
0.57399604404107973 -0.39353079968673238 0 0.1286817700906048
0.60331430526427243 -0.36034552228895811 0 0.12633116828401919
0.63192910064573216 -0.3267319389723074 0 0.12329152319415396
0.64824721305021493 -0.30698793965269527 0 0.12119648549833723
0.67569077593479498 -0.27277913103450779 0 0.11709251649852546
0.70236001314607088 -0.23824695169867066 0 0.11233627978712307
0.71751517995704694 -0.21801713025296834 0 0.10926640970850529
0.74291134814670001 -0.18305797440453259 0 0.10351669246608498
0.76747558285898831 -0.14788258529988296 0 0.097167743566904552
0.78138128088532 -0.12732780854329101 0 0.093200594506681916
0.80459240579822133 -0.091895023168751963 0 0.08595271254721909
0.82692816348951037 -0.056352643733519364 0 0.078172680795630542
0.83951914230927194 -0.035633037096355825 0 0.073406220482409815
0.86044456138025016 -2.5445295064401513e-17 0 0.064838962094041802
0.88046571634406778 0.035639035866404128 0 0.055814648765149445
0.89169854439529272 0.056367908136888051 0 0.050359441378334473
0.91027508379699806 0.091937536232708339 0 0.040688662243361345
0.92793282174572445 0.12741488600255912 0 0.030664535511751943
0.93778562237848606 0.14800543419154594 0 0.024675528319699241
0.9539867413476748 0.18326331024468084 0 0.014066751670464435
0.96926821633404769 0.2183378630081467 0 0.003192040697821058
-0.18231600613630639 -0.97765279096784263 0 0.00275762290272625
-0.14738106293914721 -0.96445153087346081 0 0.012036719404283172
-0.1122271971592705 -0.95026161965735367 0 0.021069051879935272
-0.091682260869983545 -0.94154586261202233 0 0.026164079991094904
-0.056260388860977006 -0.92578164820214537 0 0.034814033086812898
-0.020721032392151832 -0.90901937492767915 0 0.043170624375405441
-4.6439612226268487e-17 -0.89880461063106498 0 0.047819259164026226
0.03563903586640417 -0.88046571634406789 0 0.055645864850822742
0.071284667916869826 -0.86113558252209543 0 0.063108570585124438
0.092015276967687479 -0.84943211514067674 0 0.067206897555448453
0.12757907175142771 -0.82854976708227734 0 0.074019969615452805
0.16303148289473121 -0.80670042424371757 0 0.080387368349956481
0.18359451795857989 -0.79354471273180438 0 0.083817729876913868
0.21877455482672087 -0.7701956986330597 0 0.08941949808309145
0.2537210269754912 -0.74592191851342193 0 0.094509155400290659
0.27393304365759269 -0.7313774112665391 0 0.097174746916061691
0.30841250746746429 -0.70568495227126604 0 0.10140416554726481
0.34253532412816706 -0.67912775967592154 0 0.10506676761965844
0.36221153505329667 -0.663284621174275 0 0.1068878230487376
0.39567405791919547 -0.63541728647083129 0 0.10961769304726685
0.42865949106188489 -0.60676208567957701 0 0.11174235644610919
0.44761907765345593 -0.58973574152937724 0 0.11266258736424048
0.47975795256806725 -0.55990432483914376 0 0.11380907182041929
0.51130551581524997 -0.52937699881634259 0 0.11433006073259211
0.5293769988163427 -0.51130551581524986 0 0.11431950797166129
0.55990432483914376 -0.47975795256806725 0 0.11384634465184613
0.58973574152937713 -0.44761907765345593 0 0.11274685914007103
0.60676208567957701 -0.42865949106188478 0 0.11180398334835591
0.63541728647083129 -0.39567405791919558 0 0.10972489093101287
0.66328462117427489 -0.36221153505329662 0 0.10703811787576864
0.67912775967592143 -0.3425353241281669 0 0.10518988394815512
0.70568495227126604 -0.30841250746746424 0 0.10156766054808221
0.73137741126653921 -0.27393304365759269 0 0.097374731379040833
0.74592191851342193 -0.2537210269754912 0 0.094674928956393428
0.77019569863305981 -0.21877455482672081 0 0.089617482181088823
0.79354471273180438 -0.18359451795857984 0 0.084042192282881789
0.80670042424371746 -0.16303148289473113 0 0.080567837695800074
0.82854976708227712 -0.12757907175142769 0 0.074222238238796617
0.84943211514067674 -0.092015276967687493 0 0.067425548388412054
0.86113558252209532 -0.071284667916869757 0 0.063273522001476956
0.88046571634406756 -0.035639035866404177 0 0.055814648765766757
0.89880461063106476 -2.3219806113134244e-17 0 0.047975580328184705
0.90901937492767892 0.020721032392151832 0 0.043250077802919742
0.92578164820214537 0.056260388860976965 0 0.034888046124951201
0.941545862612022 0.091682260869983462 0 0.026251540413932233
0.95026161965735345 0.1122271971592705 0 0.021122199650582027
0.96445153087346103 0.14738106293914724 0 0.012022303831171375
0.97765279096784241 0.1823160061363063 0 0.0027232337294316317
-0.16141089539039213 -0.98189424979198769 0 0.0024876296597193433
-0.12655010976674483 -0.96993406599299647 0 0.010840106124147526
-0.091449467829378572 -0.95694768289249699 0 0.018963814213959436
-0.070926725277222283 -0.94891391894771382 0 0.023587758344764571
-0.035529512709893206 -0.93428795160248945 0 0.03140592046926613
2.9521012723632705e-17 -0.91861923386251787 0 0.038974985062516801
0.020721032392151818 -0.90901937492767915 0 0.043170624375702266
0.056367908136888085 -0.89169854439529306 0 0.050278757581936818
0.092028607097429813 -0.87333611859707339 0 0.057067987257426414
0.11277001961843074 -0.86217197642382737 0 0.060774866866293228
0.14835355395364719 -0.84217430640900537 0 0.066986741216868165
0.18382415092234541 -0.82115550400825321 0 0.072801437190987375
0.20439561724901062 -0.8084578691592933 0 0.075908437799640516
0.23958391372525162 -0.78585206953016662 0 0.081033471095354193
0.27452752279024151 -0.76226577400404361 0 0.085696098366100523
0.29473124332319361 -0.74809571041961664 0 0.088109991297756721
0.32918245717029837 -0.72300274231239003 0 0.091990252700824074
0.36325605100589498 -0.69699008099150273 0 0.095354570620576853
0.38289246373003011 -0.68143891119689182 0 0.096998954908781951
0.41626491648102815 -0.6540312240325612 0 0.099509754357350447
0.44912974786846971 -0.62578385544501802 0 0.1014666157982248
0.46800369823177446 -0.60897172233916652 0 0.10228729813086726
0.49996659250670217 -0.57947002410581583 0 0.10334584499275053
0.53129896507623131 -0.54922595896738347 0 0.10383036222781475
0.54922595896738358 -0.53129896507623131 0 0.10379887682508659
0.57947002410581583 -0.49996659250670217 0 0.10336946509309694
0.60897172233916641 -0.46800369823177446 0 0.10236513820607998
0.62578385544501791 -0.44912974786846954 0 0.10148071963830242
0.6540312240325612 -0.41626491648102826 0 0.099577055128273431
0.68143891119689182 -0.38289246373003016 0 0.097116851851354727
0.69699008099150284 -0.36325605100589486 0 0.095406567246128157
0.72300274231239003 -0.32918245717029831 0 0.092090923742145878
0.74809571041961676 -0.2947312433231935 0 0.088255224988780259
0.76226577400404349 -0.2745275227902414 0 0.085772269582486252
0.78585206953016662 -0.23958391372525156 0 0.081151157544017929
0.8084578691592933 -0.20439561724901059 0 0.076061744097589187
0.82115550400825299 -0.1838241509223453 0 0.072881365074585952
0.84217430640900526 -0.14835355395364719 0 0.067099509428769244
0.86217197642382737 -0.11277001961843075 0 0.060915183252780725
0.87333611859707339 -0.092028607097429757 0 0.057132340161577796
0.89169854439529261 -0.056367908136888079 0 0.050359441380222858
0.90901937492767904 -0.020721032392151881 0 0.043250077804680619
0.91861923386251765 -1.7760609280884715e-17 0 0.038961514613307137
0.93428795160248923 0.035529512709893164 0 0.031400333316186996
0.9489139189477136 0.070926725277222213 0 0.023609692356582328
0.95694768289249676 0.091449467829378586 0 0.01896376685617113
0.96993406599299659 0.12655010976674483 0 0.010785562623683751
0.98189424979198758 0.16141089539039211 0 0.0024417220296654987
-0.12564130948608904 -0.98810582403577996 0 0.0019855289989611775
-0.090891650995291978 -0.97832445178480376 0 0.008676380342747321
-0.055865959218562258 -0.96745764838380033 0 0.015217497663425592
-0.03537165014320303 -0.96062788437640945 0 0.018933602963870439
-1.1345777287495666e-17 -0.94801608085464717 0 0.025260419370657202
0.03552951270989322 -0.93428795160248923 0 0.031405920470250828
0.056260388860976951 -0.92578164820214537 0 0.034814033087471538
0.091937536232708381 -0.91027508379699806 0 0.040611473039413253
0.12764060189992618 -0.89364147660991267 0 0.04616525190061934
0.14840992209287943 -0.88344264691410102 0 0.049194830231076875
0.18404281666945177 -0.86503119106438231 0 0.05429612713478129
0.21955905688074562 -0.84550463023005495 0 0.059083321573860155
0.24015277078627897 -0.83363128777885531 0 0.06163529617845178
0.27536728395215704 -0.81236473649330609 0 0.065868042979185665
0.31031601166848377 -0.7900192445275338 0 0.06972684873679276
0.33051024870745088 -0.77652575410665359 0 0.071716791710947358
0.36491900870216842 -0.75251702580267177 0 0.0749359152843245
0.39891110085989956 -0.72749018450050584 0 0.077731627282409219
0.41847938032157317 -0.71246791166496481 0 0.079090044790459321
0.45169460173805581 -0.68589317947995387 0 0.081180146407779569
0.48434578088075286 -0.65838498182268146 0 0.082811315227598561
0.50306689795099557 -0.64196102373020247 0 0.08348855293270227
0.53471410544793374 -0.6130564933271474 0 0.084372354533687174
0.56565875716086711 -0.58332480811899134 0 0.08477836672189408
0.58332480811899123 -0.565658757160867 0 0.084748486450384977
0.6130564933271474 -0.53471410544793374 0 0.084392617650190724
0.64196102373020236 -0.50306689795099557 0 0.083558062945032915
0.65838498182268146 -0.48434578088075275 0 0.082820707249991465
0.68589317947995376 -0.45169460173805581 0 0.081237998171677303
0.71246791166496493 -0.41847938032157311 0 0.079193730958887348
0.72749018450050595 -0.39891110085989934 0 0.077774208268738543
0.75251702580267144 -0.36491900870216831 0 0.075022875824226815
0.77652575410665359 -0.33051024870745083 0 0.071844032330610319
0.79001924452753369 -0.31031601166848355 0 0.069791665156946084
0.81236473649330598 -0.27536728395215693 0 0.065970679945516128
0.8336312877788552 -0.24015277078627895 0 0.061769840177824116
0.84550463023005495 -0.21955905688074556 0 0.059153330744692173
0.86503119106438242 -0.18404281666945174 0 0.054396428652601699
0.88344264691410102 -0.14840992209287943 0 0.049320845787726407
0.89364147660991256 -0.12764060189992613 0 0.046227427684513427
0.91027508379699795 -0.091937536232708381 0 0.040688662246125808
0.92578164820214526 -0.056260388860976993 0 0.03488804612847711
0.93428795160248923 -0.035529512709893206 0 0.031400333319163268
0.94801608085464717 -1.3236740168744942e-17 0 0.025259644904600267
0.96062788437640934 0.035371650143202975 0 0.018955963330554038
0.96745764838380011 0.055865959218562279 0 0.015224489654488367
0.97832445178480376 0.090891650995291978 0 0.0086400082444373708
0.98810582403577996 0.12564130948608901 0 0.0019511350012040736
-0.090120651693376005 -0.99298586629584884 0 0.0014725395360006967
-0.055456845479119395 -0.98543421190375091 0 0.0064606297687917237
-0.020480711901367951 -0.97674552056839825 0 0.011373466788747741
-5.2004483793927714e-17 -0.97115694696518728 0 0.014155415032825107
0.035371650143202968 -0.96062788437640956 0 0.018933602967178709
0.070926725277222269 -0.94891391894771404 0 0.023587758347396518
0.091682260869983434 -0.94154586261202211 0 0.026164079991877216
0.12741488600255915 -0.92793282174572433 0 0.030573455453138141
0.16318497421526937 -0.91310945764401574 0 0.034812581315600444
0.18399617162260073 -0.90392389097015813 0 0.037117686235518949
0.21970152439732007 -0.8871812717559272 0 0.041027922881780886
0.2552850026051719 -0.86922896661753568 0 0.044707280776903932
0.27591266065396414 -0.85822696820213684 0 0.046657527773948805
0.31117165995065127 -0.83837869413734045 0 0.049921415681986582
0.346141024833447 -0.81734997240911211 0 0.052904359513176458
0.36633333555113912 -0.80457553155296613 0 0.054430540975450477
0.40070973146405314 -0.78172054338602803 0 0.056925733905087497
0.43462629791120733 -0.75774406001199635 0 0.059097141921891909
0.45412782485672826 -0.7432857374793912 0 0.060140608826744539
0.48718425212842498 -0.71759956935543601 0 0.061767395698072561
0.51961485437796273 -0.69088000266854022 0 0.063039620693832524
0.53817647874158492 -0.67487006962773854 0 0.063558638834419326
0.56949180247645059 -0.64660197216440518 0 0.064250155630110231
0.60002628620429987 -0.61741537015962178 0 0.064570523909936631
0.61741537015962189 -0.60002628620429965 0 0.064543233922581739
0.64660197216440529 -0.56949180247645059 0 0.064270288025850511
0.67487006962773854 -0.53817647874158492 0 0.063625249325334379
0.69088000266854022 -0.51961485437796262 0 0.063051606980551553
0.7175995693554359 -0.48718425212842498 0 0.061825150656689649
0.74328573747939131 -0.4541278248567282 0 0.060241281208030538
0.75774406001199646 -0.4346262979112071 0 0.059142982442121898
0.78172054338602803 -0.40070973146405309 0 0.05701326404579575
0.80457553155296613 -0.36633333555113901 0 0.054555511198628968
0.81734997240911211 -0.34614102483344694 0 0.052974598179947485
0.83837869413734056 -0.31117165995065121 0 0.050026729910374289
0.85822696820213684 -0.27591266065396408 0 0.046791466657002311
0.86922896661753568 -0.25528500260517178 0 0.044785620898598368
0.88718127175592731 -0.21970152439732005 0 0.041133818943838468
0.90392389097015813 -0.18399617162260073 0 0.037247001047203902
0.91310945764401563 -0.16318497421526929 0 0.03488966778028775
0.92793282174572433 -0.12741488600255915 0 0.030664535513371557
0.94154586261202211 -0.091682260869983476 0 0.026251540417177768
0.94891391894771371 -0.070926725277222227 0 0.023609692362091754
0.96062788437640956 -0.035371650143202982 0 0.018955963336099429
0.97115694696518728 -7.4292119705611031e-18 0 0.014190887394988597
0.97674552056839792 0.020480711901367979 0 0.011398448843648032
0.98543421190375069 0.055456845479119395 0 0.0064483493991987738
0.99298586629584884 0.090120651693375978 0 0.0014513429201092152
-0.069588289432790579 -0.99522768394727534 0 0.0011743731201052112
-0.034960875136994626 -0.98899355434131964 0 0.0051364750423610519
2.9598526136646213e-17 -0.98159627025866769 0 0.0090474103915067147
0.020480711901367934 -0.97674552056839803 0 0.011373466792134582
0.055865959218562279 -0.96745764838380033 0 0.015217497669414007
0.0914494678293786 -0.95694768289249688 0 0.018963814217725389
0.11222719715927049 -0.95026161965735345 0 0.021069051880656667
0.14800543419154594 -0.93778562237848584 0 0.024633137052470645
0.18382755187613992 -0.92405220710877778 0 0.02806502266576226
0.20467050121920147 -0.91547795719237646 0 0.029945598643870922
0.240430239928383 -0.89974407156008318 0 0.03312678404755872
0.27606430526317743 -0.88274546046172719 0 0.03612157303551225
0.29671794811037483 -0.87227219752441698 0 0.037705283179411346
0.33201262981241042 -0.85328582699013977 0 0.040373782503540935
0.36700242999484217 -0.83305869086250151 0 0.042813551149140677
0.38719779195322734 -0.82072249736724645 0 0.04404467696520005
0.42156108972404144 -0.79857140353975598 0 0.046094862930032857
0.45543740819109263 -0.77523640814973871 0 0.04787918058209685
0.47490121031990229 -0.76112271877997417 0 0.048709791210609248
0.50786521827874165 -0.73597974996149396 0 0.050053291241059089
0.54016481353229184 -0.70974233239747986 0 0.051104938861385202
0.55863079499901536 -0.69398545308617865 0 0.051502310099619572
0.58974579955087381 -0.66610607589958359 0 0.052079992644449291
0.62003136170490025 -0.63725187736376088 0 0.052352267502276562
0.63725187736376077 -0.62003136170489992 0 0.052300357060587062
0.66610607589958359 -0.58974579955087381 0 0.052086103645946555
0.69398545308617865 -0.55863079499901536 0 0.05156673187877104
0.70974233239747986 -0.54016481353229173 0 0.051067823743621912
0.73597974996149396 -0.50786521827874165 0 0.050071211343425348
0.76112271877997417 -0.47490121031990212 0 0.048783337107864616
0.77523640814973882 -0.45543740819109257 0 0.047857592658767129
0.79857140353975609 -0.42156108972404144 0 0.046122977126837779
0.82072249736724634 -0.38719779195322718 0 0.04412358469965813
0.83305869086250139 -0.36700242999484201 0 0.042807820455547728
0.85328582699013966 -0.33201262981241031 0 0.040410151140090486
0.87227219752441687 -0.29671794811037483 0 0.037783338839139161
0.8827454604617273 -0.27606430526317732 0 0.036126628281031893
0.89974407156008329 -0.24043023992838294 0 0.033165768642699073
0.91547795719237646 -0.20467050121920147 0 0.030021019851039926
0.92405220710877789 -0.18382755187613986 0 0.028085396884270458
0.93778562237848573 -0.14800543419154594 0 0.024675528319881828
0.95026161965735345 -0.11222719715927054 0 0.021122199652778582
0.95694768289249676 -0.091449467829378586 0 0.01896376686280624
0.96745764838380022 -0.055865959218562293 0 0.015224489664001596
0.97674552056839792 -0.020480711901367986 0 0.011398448848891617
0.98159627025866769 -6.8833781713130746e-18 0 0.0090971488760632144
0.98899355434131964 0.034960875136994626 0 0.0051513978964530995
0.99522768394727557 0.069588289432790551 0 0.0011660199017361245
-0.034591113238035313 -0.99807897574316928 0 0.00065882063241740855
-3.58903388254329e-18 -0.99413659879447369 0 0.0028997205349307392
0.034960875136994654 -0.98899355434131964 0 0.0051364750453342595
0.055456845479119325 -0.98543421190375047 0 0.0064606297743632583
0.090891650995291964 -0.97832445178480376 0 0.0086763803497056282
0.12655010976674486 -0.96993406599299659 0 0.010840106128036219
0.14738106293914721 -0.96445153087346103 0 0.012036719404795029
0.18326331024468087 -0.95398674134767469 0 0.014103284947653246
0.21919989923241065 -0.94218662318729707 0 0.016101777781487431
0.240111627817748 -0.93469897855606943 0 0.017172425969903468
0.27598839529558178 -0.92076163395850086 0 0.019033754754358652
0.31173156476035052 -0.9054655135156926 0 0.020790670519294546
0.332441964492382 -0.89593775089006489 0 0.021689065602011563
0.36781709199537371 -0.87849507203259836 0 0.023259971928887967
0.40285863638103153 -0.85970616591175553 0 0.024700179965345216
0.42306758293106866 -0.84815727568289345 0 0.025393989805538291
0.45742008867146272 -0.82727205115404434 0 0.0266078266881438
0.49123525219389763 -0.80509194626364189 0 0.027666707641045472
0.51063700223481501 -0.79159910339123829 0 0.028126848203272367
0.54344343518059124 -0.76743504729580336 0 0.028925888720057642
0.57551435527551764 -0.74206658520596247 0 0.029553404582452453
0.59381157630230463 -0.72676563038911102 0 0.029760974766752751
0.6245705681897058 -0.69958607702270559 0 0.030107061078217756
0.65441109678861642 -0.67132929609196301 0 0.030273075084590276
0.67132929609196301 -0.65441109678861609 0 0.030219441363955751
0.69958607702270559 -0.62457056818970569 0 0.030095816394922176
0.72676563038911124 -0.59381157630230463 0 0.029792744723711531
0.74206658520596247 -0.57551435527551753 0 0.029480741777146255
0.76743504729580336 -0.54344343518059113 0 0.028894171161447896
0.79159910339123818 -0.5106370022348149 0 0.028137602875123686
0.80509194626364178 -0.49123525219389746 0 0.027580955754705934
0.82727205115404434 -0.45742008867146278 0 0.026560890969437936
0.84815727568289334 -0.42306758293106855 0 0.025388441625444461
0.85970616591175553 -0.40285863638103137 0 0.024610955181805248
0.87849507203259847 -0.3678170919953736 0 0.023206518151612801
0.89593775089006478 -0.332441964492382 0 0.021672838513242917
0.90546551351569249 -0.31173156476035041 0 0.020705195592381438
0.92076163395850086 -0.27598839529558172 0 0.018980951633096776
0.93469897855606932 -0.240111627817748 0 0.017156516379441135
0.94218662318729696 -0.21919989923241057 0 0.016037103571731413
0.95398674134767469 -0.18326331024468087 0 0.01406675166937503
0.96445153087346103 -0.14738106293914724 0 0.012022303831976857
0.96993406599299647 -0.12655010976674483 0 0.010785562629645402
0.97832445178480376 -0.090891650995291978 0 0.0086400082549211825
0.98543421190375047 -0.055456845479119374 0 0.006448349407487286
0.98899355434131953 -0.034960875136994626 0 0.0051513979008043255
0.99413659879447369 1.794516941271645e-18 0 0.002902640145978283
0.99807897574316917 0.034591113238035272 0 0.00065381399927042329
-4.1972485769852399e-17 -0.99970210894572975 0 0.00014859418150005242
0.034591113238035258 -0.99807897574316906 0 0.00065882063280577616
0.069588289432790593 -0.99522768394727557 0 0.0011743731214707972
0.09012065169337595 -0.99298586629584895 0 0.0014725395381099933
0.12564130948608904 -0.98810582403578007 0 0.0019855290013680504
0.16141089539039216 -0.98189424979198781 0 0.0024876296610104854
0.1823160061363063 -0.97765279096784263 0 0.0027576229028662526
0.2183378630081467 -0.96926821633404781 0 0.0032388001017838622
0.25442378980229824 -0.95947502623400471 0 0.0037061565094673775
0.27542410644701165 -0.9531184691306307 0 0.0039464109419130519
0.31145081462010166 -0.94105602420352208 0 0.0043834163355704944
0.34733415561658015 -0.92754208099579671 0 0.0047969887764312937
0.36811833111096542 -0.91900630074558765 0 0.0049960993899558328
0.40360092701207889 -0.90318651334440614 0 0.005366788783031355
0.43871790452975934 -0.88591316200262482 0 0.00570752546133427
0.45895243812590347 -0.87519526270121772 0 0.0058584626963621225
0.49331127589826895 -0.85564799524825197 0 0.0061460851399110263
0.52707744491092834 -0.83469027748862368 0 0.0063975388927716226
0.54642169502989391 -0.82185510831465902 0 0.0064938180112773195
0.5790736506167613 -0.7987285200469656 0 0.0066835449843013466
0.61091258263157489 -0.77428107118050415 0 0.0068329969227365487
0.6290359875177256 -0.7594631519296462 0 0.006870807443532875
0.65942466140030731 -0.73302429085925314 0 0.006953032712110431
0.68879852616153703 -0.70539838575574432 0 0.0069929634051524598
0.70539838575574454 -0.68879852616153692 0 0.0069709348774527665
0.73302429085925302 -0.65942466140030731 0 0.0069416066189074942
0.75946315192964631 -0.6290359875177256 0 0.0068703727544307657
0.77428107118050404 -0.61091258263157466 0 0.0067898396998273235
0.79872852004696582 -0.5790736506167613 0 0.0066510460838013338
0.82185510831465891 -0.54642169502989379 0 0.0064729970247533672
0.83469027748862379 -0.52707744491092812 0 0.0063377518844904843
0.85564799524825175 -0.49331127589826884 0 0.0060974167169161441
0.87519526270121784 -0.45895243812590336 0 0.0058225323526806478
0.88591316200262471 -0.43871790452975906 0 0.0056386044724589619
0.90318651334440603 -0.40360092701207878 0 0.0053096131068245444
0.91900630074558765 -0.36811833111096537 0 0.0049520673714325671
0.92754208099579671 -0.34733415561658004 0 0.0047268633236895322
0.94105602420352186 -0.3114508146201016 0 0.0043258393511132649
0.95311846913063047 -0.27542410644701171 0 0.0039036362488099568
0.95947502623400427 -0.25442378980229807 0 0.0036462640085564418
0.96926821633404781 -0.2183378630081467 0 0.0031920406972465384
0.97765279096784252 -0.1823160061363063 0 0.0027232337295143051
0.98189424979198781 -0.16141089539039211 0 0.0024417220314893661
0.98810582403577996 -0.12564130948608901 0 0.0019511350046733332
0.99298586629584884 -0.090120651693375964 0 0.0014513429231291612
0.99522768394727557 -0.069588289432790551 0 0.0011660199036757992
0.99807897574316917 -0.034591113238035265 0 0.00065381399980990549
0.99970210894572986 1.7488535737438498e-18 0 0.00014655969687108681
