0.0070438540862036427 0.0070438540862036427 0 0.00049177905308082079
0.0070438540862036427 0.03125 0 0.0021736466691951823
0.0070438540862036427 0.055456145913796356 0 0.0038429239836042725
0.0070438540862036427 0.069543854086203644 0 0.0048075832717555276
0.0070438540862036427 0.09375 0 0.0064374079220854592
0.0070438540862036427 0.11795614591379636 0 0.0080299455783416386
0.0070438540862036427 0.13204385408620364 0 0.0089386347806925497
0.0070438540862036427 0.15625 0 0.010453783255826006
0.0070438540862036427 0.18045614591379636 0 0.011908380894127563
0.0070438540862036427 0.19454385408620364 0 0.012726179550630249
0.0070438540862036427 0.21875 0 0.014068425515571555
0.0070438540862036427 0.24295614591379638 0 0.01532918380678403
0.0070438540862036427 0.25704385408620367 0 0.016024664424395593
0.0070438540862036427 0.28125 0 0.017142426149022359
0.0070438540862036427 0.30545614591379638 0 0.01816089480130036
0.0070438540862036427 0.31954385408620367 0 0.018707330384001745
0.0070438540862036427 0.34375 0 0.019557652863755666
0.0070438540862036427 0.36795614591379638 0 0.020294692748870032
0.0070438540862036427 0.38204385408620367 0 0.020671084150709489
0.0070438540862036427 0.40625000000000006 0 0.021221290022951603
0.0070438540862036427 0.43045614591379638 0 0.021648577068734992
0.0070438540862036427 0.44454385408620367 0 0.021840459717528644
0.0070438540862036427 0.46875 0 0.022069404822870127
0.0070438540862036427 0.49295614591379644 0 0.022170518650470605
0.0070438540862036427 0.50704385408620367 0 0.022170518648221119
0.0070438540862036427 0.53125 0 0.022069404809361457
0.0070438540862036427 0.55545614591379633 0 0.021840459687293923
0.0070438540862036427 0.56954385408620367 0 0.021648577026812311
0.0070438540862036427 0.59375 0 0.021221289966174024
0.0070438540862036427 0.61795614591379622 0 0.020671084086909458
0.0070438540862036427 0.63204385408620367 0 0.020294692683794885
0.0070438540862036427 0.65624999999999989 0 0.01955765278921906
0.0070438540862036427 0.68045614591379633 0 0.018707330289087765
0.0070438540862036427 0.69454385408620356 0 0.01816089469086405
0.0070438540862036427 0.71875 0 0.017142426026389164
0.0070438540862036427 0.74295614591379633 0 0.016024664310823448
0.0070438540862036427 0.75704385408620367 0 0.015329183706524547
0.0070438540862036427 0.78125 0 0.014068425425367456
0.0070438540862036427 0.80545614591379622 0 0.012726179450480653
0.0070438540862036427 0.81954385408620367 0 0.011908380780899324
0.0070438540862036427 0.84374999999999989 0 0.010453783136823987
0.0070438540862036427 0.86795614591379611 0 0.0089386346811916352
0.0070438540862036427 0.88204385408620345 0 0.0080299454993180419
0.0070438540862036427 0.90624999999999989 0 0.0064374078557032496
0.0070438540862036427 0.93045614591379611 0 0.0048075831840675579
0.0070438540862036427 0.94454385408620356 0 0.0038429238704116488
0.0070438540862036427 0.96874999999999978 0 0.002173646528121877
0.0070438540862036427 0.99295614591379611 0 0.00049177890976176549
0.0070438540862036427 1.0070438540862032 0 -0.00049177918730409565
0.0070438540862036427 1.03125 0 -0.0021736467912328227
0.0070438540862036427 1.0554561459137961 0 -0.0038429241008465995
0.0070438540862036427 1.0695438540862037 0 -0.004807583389032438
0.0070438540862036427 1.0937499999999998 0 -0.0064374080354835947
0.0070438540862036427 1.1179561459137961 0 -0.0080299456816294041
0.0070438540862036427 1.1320438540862034 0 -0.0089386348761487291
0.0070438540862036427 1.1562499999999998 0 -0.010453783348524776
0.0070438540862036427 1.1804561459137959 0 -0.011908380999596364
0.0070438540862036427 1.1945438540862034 0 -0.012726179668718215
0.0070438540862036427 1.2187499999999998 0 -0.014068425634359101
0.0070438540862036427 1.2429561459137961 0 -0.015329183895483862
0.0070438540862036427 1.2570438540862032 0 -0.016024664484093929
0.0070438540862036427 1.28125 0 -0.017142426180036911
0.0070438540862036427 1.3054561459137963 0 -0.018160894836193299
0.0070438540862036427 1.3195438540862037 0 -0.018707330434320525
0.0070438540862036427 1.34375 0 -0.019557652935438995
0.0070438540862036427 1.3679561459137966 0 -0.020294692831462291
0.0070438540862036427 1.3820438540862037 0 -0.020671084235021335
0.0070438540862036427 1.4062499999999998 0 -0.02122129010506852
0.0070438540862036427 1.4304561459137966 0 -0.021648577142546307
0.0070438540862036427 1.4445438540862039 0 -0.021840459785024822
0.0070438540862036427 1.4687500000000002 0 -0.022069404897273069
0.0070438540862036427 1.4929561459137968 0 -0.022170518757122948
0.0070438540862036427 1.5070438540862039 0 -0.022170518783026321
0.0070438540862036427 1.5312500000000002 0 -0.022069404973866703
0.0070438540862036427 1.5554561459137963 0 -0.02184045985293363
0.0070438540862036427 1.5695438540862041 0 -0.021648577181671212
0.0070438540862036427 1.5937500000000002 0 -0.021221290108907664
0.0070438540862036427 1.6179561459137966 0 -0.020671084229320107
0.0070438540862036427 1.6320438540862037 0 -0.020294692830995744
0.0070438540862036427 1.6562500000000002 0 -0.019557652946267597
0.0070438540862036427 1.6804561459137968 0 -0.018707330457039796
0.0070438540862036427 1.6945438540862039 0 -0.018160894865668711
0.0070438540862036427 1.7187500000000004 0 -0.017142426214157645
0.0070438540862036427 1.7429561459137966 0 -0.016024664513104681
0.0070438540862036427 1.7570438540862039 0 -0.015329183917155294
0.0070438540862036427 1.7812500000000002 0 -0.014068425637832439
0.0070438540862036427 1.8054561459137966 0 -0.01272617964720239
0.0070438540862036427 1.8195438540862037 0 -0.011908380961325092
0.0070438540862036427 1.8437500000000002 0 -0.010453783291601185
0.0070438540862036427 1.8679561459137966 0 -0.0089386348153751346
0.0070438540862036427 1.8820438540862039 0 -0.008029945624172306
0.0070438540862036427 1.90625 0 -0.0064374079741081275
0.0070438540862036427 1.9304561459137961 0 -0.0048075833088498604
0.0070438540862036427 1.9445438540862034 0 -0.0038429240038538111
0.0070438540862036427 1.9687499999999998 0 -0.0021736466703625866
0.0070438540862036436 1.9929561459137966 0 -0.00049177905103506747
0.03125 0.0070438540862036427 0 0.0021736466699404291
0.03125 0.03125 0 0.009607444288873928
0.03125 0.055456145913796356 0 0.016985593236937359
0.03125 0.069543854086203644 0 0.021249354490047296
0.03125 0.09375 0 0.028453124006996833
0.03125 0.11795614591379636 0 0.035492086246746782
0.03125 0.13204385408620364 0 0.039508461582319195
0.03125 0.15625 0 0.046205366274727218
0.03125 0.18045614591379636 0 0.052634638360731845
0.03125 0.19454385408620364 0 0.056249280618757648
0.03125 0.21875 0 0.062181962125303539
0.03125 0.24295614591379636 0 0.067754470846884532
0.03125 0.25704385408620367 0 0.070828471481628269
0.03125 0.28125 0 0.075768940244367103
0.03125 0.30545614591379644 0 0.080270537045483453
0.03125 0.31954385408620367 0 0.082685763750311544
0.03125 0.34375 0 0.086444160193406283
0.03125 0.36795614591379644 0 0.089701851387171627
0.03125 0.38204385408620378 0 0.091365488551628946
0.03125 0.40625000000000006 0 0.093797379772803197
0.03125 0.43045614591379644 0 0.095685974008005575
0.03125 0.44454385408620373 0 0.096534088822099892
0.03125 0.46875 0 0.097546018433796067
0.03125 0.49295614591379638 0 0.097992938108568128
0.03125 0.50704385408620356 0 0.097992938081091233
0.03125 0.53125 0 0.097546018326121836
0.03125 0.55545614591379633 0 0.096534088656268446
0.03125 0.56954385408620367 0 0.09568597381756995
0.03125 0.59375 0 0.093797379542198078
0.03125 0.61795614591379633 0 0.091365488281554857
0.03125 0.63204385408620378 0 0.089701851093685156
0.03125 0.65625 0 0.086444159847278434
0.03125 0.68045614591379633 0 0.08268576333418888
0.03125 0.69454385408620367 0 0.080270536583804591
0.03125 0.71875 0 0.075768939744439295
0.03125 0.74295614591379633 0 0.0708284710009391
0.03125 0.75704385408620367 0 0.067754470399423963
0.03125 0.78125 0 0.06218196170521631
0.03125 0.80545614591379633 0 0.056249280178840295
0.03125 0.81954385408620367 0 0.052634637892131096
0.03125 0.84375 0 0.04620536579732977
0.03125 0.86795614591379622 0 0.039508461157277339
0.03125 0.88204385408620356 0 0.035492085874211529
0.03125 0.90624999999999978 0 0.028453123669312529
0.03125 0.93045614591379611 0 0.021249354103931761
0.03125 0.94454385408620356 0 0.016985592789869504
0.03125 0.96874999999999978 0 0.0096074437657425495
0.03125 0.99295614591379611 0 0.0021736461190940953
0.03125 1.0070438540862034 0 -0.002173647216320589
0.03125 1.03125 0 -0.0096074448175187468
0.03125 1.0554561459137963 0 -0.016985593738735719
0.03125 1.0695438540862037 0 -0.021249354972749091
0.03125 1.09375 0 -0.028453124461928252
0.03125 1.1179561459137963 0 -0.035492086681850915
0.03125 1.1320438540862034 0 -0.039508462010195644
0.03125 1.1562499999999998 0 -0.046205366707578459
0.03125 1.1804561459137961 0 -0.052634638821970371
0.03125 1.1945438540862037 0 -0.056249281102702366
0.03125 1.21875 0 -0.062181962588867892
0.03125 1.2429561459137963 0 -0.067754471205002456
0.03125 1.2570438540862037 0 -0.070828471747219846
0.03125 1.28125 0 -0.075768940419443986
0.03125 1.3054561459137961 0 -0.080270537233988914
0.03125 1.3195438540862039 0 -0.082685763988281841
0.03125 1.34375 0 -0.086444160493397371
0.03125 1.3679561459137963 0 -0.089701851706672123
0.03125 1.3820438540862037 0 -0.091365488864435504
0.03125 1.40625 0 -0.093797380066300479
0.03125 1.4304561459137963 0 -0.095685974275629179
0.03125 1.4445438540862041 0 -0.096534089075665547
0.03125 1.4687500000000002 0 -0.097546018726247213
0.03125 1.4929561459137968 0 -0.097992938528339707
0.03125 1.5070438540862041 0 -0.097992938607787072
0.03125 1.5312500000000002 0 -0.097546018972714921
0.03125 1.5554561459137968 0 -0.09653408932493926
0.03125 1.5695438540862039 0 -0.095685974459872619
0.03125 1.5937500000000002 0 -0.093797380160450819
0.03125 1.6179561459137963 0 -0.091365488915261167
0.03125 1.6320438540862041 0 -0.089701851752676184
0.03125 1.6562500000000002 0 -0.086444160548822729
0.03125 1.680456145913797 0 -0.082685764073043164
0.03125 1.6945438540862041 0 -0.080270537342534407
0.03125 1.7187500000000002 0 -0.075768940542931568
0.03125 1.7429561459137968 0 -0.070828471847537572
0.03125 1.7570438540862039 0 -0.067754471274679082
0.03125 1.7812500000000002 0 -0.062181962582336534
0.03125 1.8054561459137963 0 -0.056249280991022499
0.03125 1.8195438540862041 0 -0.05263463863965033
0.03125 1.8437500000000002 0 -0.046205366446774712
0.03125 1.867956145913797 0 -0.039508461733559208
0.03125 1.8820438540862039 0 -0.035492086419617361
0.03125 1.9062500000000002 0 -0.02845312418537687
0.03125 1.9304561459137963 0 -0.021249354621143975
0.03125 1.9445438540862037 0 -0.016985593320003399
0.03125 1.96875 0 -0.0096074443119632431
0.03125 1.9929561459137963 0 -0.0021736466697984832
0.055456145913796356 0.0070438540862036436 0 0.0038429239862492986
0.055456145913796356 0.03125 0 0.016985593242804672
0.055456145913796356 0.055456145913796356 0 0.030029877843061895
0.055456145913796356 0.069543854086203644 0 0.037568044369102327
0.055456145913796356 0.09375 0 0.050304032821340418
0.055456145913796356 0.11795614591379637 0 0.06274864826658097
0.055456145913796356 0.13204385408620367 0 0.069849445895454679
0.055456145913796356 0.15625000000000003 0 0.081689316706447274
0.055456145913796356 0.18045614591379638 0 0.093056023383608563
0.055456145913796356 0.19454385408620367 0 0.099446572403596348
0.055456145913796356 0.21875000000000003 0 0.10993532595747309
0.055456145913796356 0.24295614591379641 0 0.11978730776043786
0.055456145913796356 0.25704385408620367 0 0.12522202301569682
0.055456145913796356 0.28125000000000006 0 0.13395658239437808
0.055456145913796356 0.30545614591379644 0 0.14191523303541745
0.055456145913796356 0.31954385408620367 0 0.14618526132473636
0.055456145913796356 0.34375000000000011 0 0.15282996222193784
0.055456145913796356 0.36795614591379644 0 0.15858943536468845
0.055456145913796356 0.38204385408620378 0 0.16153068206734353
0.055456145913796356 0.40625000000000011 0 0.16583017250625764
0.055456145913796356 0.43045614591379644 0 0.16916913475763098
0.055456145913796356 0.44454385408620367 0 0.17066856928327789
0.055456145913796356 0.46875 0 0.17245762210081808
0.055456145913796356 0.49295614591379644 0 0.1732477589703425
0.055456145913796356 0.50704385408620356 0 0.17324775891495864
0.055456145913796356 0.53125 0 0.17245762189899946
0.055456145913796356 0.55545614591379633 0 0.17066856900302083
0.055456145913796356 0.56954385408620378 0 0.16916913445839299
0.055456145913796356 0.59375000000000011 0 0.16583017214960125
0.055456145913796356 0.61795614591379644 0 0.16153068161184675
0.055456145913796356 0.63204385408620389 0 0.15858943483538371
0.055456145913796356 0.65625000000000022 0 0.15282996158028869
0.055456145913796356 0.68045614591379655 0 0.14618526059509274
0.055456145913796356 0.69454385408620367 0 0.14191523226629313
0.055456145913796356 0.71875000000000011 0 0.1339565815855267
0.055456145913796356 0.74295614591379633 0 0.12522202220378967
0.055456145913796356 0.75704385408620367 0 0.11978730696165499
0.055456145913796356 0.78125 0 0.10993532517667771
0.055456145913796356 0.80545614591379633 0 0.099446571630720709
0.055456145913796356 0.81954385408620378 0 0.093056022611897979
0.055456145913796356 0.84375 0 0.081689315948972357
0.055456145913796356 0.86795614591379633 0 0.069849445170267976
0.055456145913796356 0.88204385408620356 0 0.062748647566532784
0.055456145913796356 0.90625 0 0.05030403214545956
0.055456145913796356 0.93045614591379622 0 0.037568043689069582
0.055456145913796356 0.94454385408620345 0 0.030029877147495301
0.055456145913796356 0.96874999999999989 0 0.01698559249677805
0.055456145913796356 0.99295614591379611 0 0.0038429231595376945
0.055456145913796356 1.0070438540862034 0 -0.0038429248687205132
0.055456145913796356 1.03125 0 -0.016985594158267038
0.055456145913796356 1.0554561459137966 0 -0.030029878700994411
0.055456145913796356 1.0695438540862037 0 -0.03756804515898518
0.055456145913796356 1.09375 0 -0.050304033543198366
0.055456145913796356 1.1179561459137963 0 -0.062748648997666814
0.055456145913796356 1.1320438540862034 0 -0.069849446662545972
0.055456145913796356 1.1562499999999998 0 -0.081689317512904161
0.055456145913796356 1.1804561459137961 0 -0.093056024190279168
0.055456145913796356 1.1945438540862034 0 -0.099446573191505114
0.055456145913796356 1.21875 0 -0.10993532666754025
0.055456145913796356 1.2429561459137963 0 -0.11978730833313533
0.055456145913796356 1.2570438540862037 0 -0.12522202348832864
0.055456145913796356 1.28125 0 -0.13395658277158282
0.055456145913796356 1.3054561459137961 0 -0.14191523342974829
0.055456145913796356 1.3195438540862039 0 -0.14618526177317998
0.055456145913796356 1.34375 0 -0.15282996272230259
0.055456145913796356 1.3679561459137966 0 -0.15858943584840998
0.055456145913796356 1.3820438540862039 0 -0.16153068251452049
0.055456145913796356 1.4062500000000004 0 -0.16583017291622795
0.055456145913796356 1.4304561459137966 0 -0.16916913517296195
0.055456145913796356 1.4445438540862043 0 -0.17066856972286026
0.055456145913796356 1.4687500000000004 0 -0.17245762264179207
0.055456145913796356 1.492956145913797 0 -0.17324775969154599
0.055456145913796356 1.5070438540862041 0 -0.17324775976958326
0.055456145913796356 1.5312500000000004 0 -0.17245762291353317
0.055456145913796356 1.5554561459137968 0 -0.17066857007293595
0.055456145913796356 1.5695438540862039 0 -0.16916913551884785
0.055456145913796356 1.5937500000000004 0 -0.16583017322016019
0.055456145913796356 1.6179561459137966 0 -0.16153068273979629
0.055456145913796356 1.6320438540862041 0 -0.15858943601536044
0.055456145913796356 1.6562500000000004 0 -0.15282996283376452
0.055456145913796356 1.680456145913797 0 -0.14618526189514597
0.055456145913796356 1.6945438540862046 0 -0.14191523358293781
0.055456145913796356 1.7187500000000004 0 -0.13395658294123208
0.055456145913796356 1.742956145913797 0 -0.12522202361597454
0.055456145913796356 1.7570438540862039 0 -0.11978730840981232
0.055456145913796356 1.7812500000000004 0 -0.10993532661701369
0.055456145913796356 1.8054561459137966 0 -0.099446572964525415
0.055456145913796356 1.8195438540862041 0 -0.093056023844499236
0.055456145913796356 1.8437500000000007 0 -0.081689317035419706
0.055456145913796356 1.867956145913797 0 -0.069849446159179304
0.055456145913796356 1.8820438540862041 0 -0.062748648519308017
0.055456145913796356 1.9062500000000004 0 -0.050304033044872062
0.055456145913796356 1.9304561459137963 0 -0.037568044542346732
0.055456145913796356 1.9445438540862039 0 -0.03002987797845506
0.055456145913796356 1.96875 0 -0.016985593315562163
0.05545614591379637 1.9929561459137968 0 -0.0038429240018516865
0.069543854086203644 0.0070438540862036419 0 0.0048075832758527901
0.069543854086203644 0.03125 0 0.02124935450102397
0.069543854086203644 0.055456145913796356 0 0.037568044375802995
0.069543854086203644 0.06954385408620363 0 0.046998458210973683
0.069543854086203644 0.093749999999999986 0 0.062931462756870504
0.069543854086203644 0.11795614591379636 0 0.078499953159286401
0.069543854086203644 0.13204385408620367 0 0.087383208736059301
0.069543854086203644 0.15625000000000003 0 0.10219515016445828
0.069543854086203644 0.18045614591379638 0 0.11641515278622445
0.069543854086203644 0.19454385408620364 0 0.12440987162263122
0.069543854086203644 0.21875 0 0.13753153537342552
0.069543854086203644 0.24295614591379638 0 0.14985658346915287
0.069543854086203644 0.25704385408620367 0 0.15665553296628362
0.069543854086203644 0.28125000000000006 0 0.16758266078267472
0.069543854086203644 0.30545614591379644 0 0.17753910957643895
0.069543854086203644 0.31954385408620378 0 0.18288100986545355
0.069543854086203644 0.34375000000000011 0 0.19119367834009265
0.069543854086203644 0.3679561459137965 0 0.19839890718336267
0.069543854086203644 0.38204385408620378 0 0.20207847212791552
0.069543854086203644 0.40625000000000011 0 0.2074572301683778
0.069543854086203644 0.43045614591379638 0 0.21163434614472199
0.069543854086203644 0.44454385408620373 0 0.2135101720750176
0.069543854086203644 0.46875 0 0.21574831692890079
0.069543854086203644 0.49295614591379644 0 0.21673679571754664
0.069543854086203644 0.50704385408620356 0 0.21673679564513751
0.069543854086203644 0.53125 0 0.21574831667255207
0.069543854086203644 0.55545614591379633 0 0.21351017173526254
0.069543854086203644 0.56954385408620378 0 0.21163434579518792
0.069543854086203644 0.59375 0 0.20745722975402986
0.069543854086203644 0.61795614591379633 0 0.20207847157172587
0.069543854086203644 0.63204385408620378 0 0.19839890651518366
0.069543854086203644 0.65625000000000011 0 0.19119367752069871
0.069543854086203644 0.68045614591379644 0 0.18288100896002266
0.069543854086203644 0.69454385408620367 0 0.1775391086483227
0.069543854086203644 0.71875000000000011 0 0.16758265982273379
0.069543854086203644 0.74295614591379633 0 0.15665553197787688
0.069543854086203644 0.75704385408620367 0 0.14985658246708777
0.069543854086203644 0.78125 0 0.13753153437365831
0.069543854086203644 0.80545614591379622 0 0.12440987066069534
0.069543854086203644 0.81954385408620378 0 0.11641515185960657
0.069543854086203644 0.84374999999999989 0 0.10219514927476885
0.069543854086203644 0.86795614591379633 0 0.087383207846623415
0.069543854086203644 0.88204385408620356 0 0.07849995225649424
0.069543854086203644 0.90625 0 0.062931461859451074
0.069543854086203644 0.93045614591379633 0 0.04699845736207376
0.069543854086203644 0.94454385408620356 0 0.037568043568390101
0.069543854086203644 0.96874999999999978 0 0.02124935368683439
0.069543854086203644 0.99295614591379611 0 0.0048075823418325678
0.069543854086203644 1.0070438540862034 0 -0.0048075843200947044
0.069543854086203644 1.0312500000000002 0 -0.021249355627924259
0.069543854086203644 1.0554561459137961 0 -0.037568045425313355
0.069543854086203644 1.0695438540862039 0 -0.0469984591543188
0.069543854086203644 1.09375 0 -0.062931463604152957
0.069543854086203644 1.1179561459137963 0 -0.078499954046947804
0.069543854086203644 1.1320438540862034 0 -0.087383209699999215
0.069543854086203644 1.1562499999999998 0 -0.10219515119719369
0.069543854086203644 1.1804561459137961 0 -0.11641515378723877
0.069543854086203644 1.1945438540862034 0 -0.12440987256251948
0.069543854086203644 1.2187499999999998 0 -0.13753153618998459
0.069543854086203644 1.2429561459137963 0 -0.1498565841470853
0.069543854086203644 1.2570438540862037 0 -0.15665553356108972
0.069543854086203644 1.28125 0 -0.16758266130049723
0.069543854086203644 1.3054561459137963 0 -0.17753911011050599
0.069543854086203644 1.3195438540862039 0 -0.18288101044453006
0.069543854086203644 1.3437500000000002 0 -0.19119367894535363
0.069543854086203644 1.3679561459137966 0 -0.1983989077341462
0.069543854086203644 1.3820438540862037 0 -0.20207847261707845
0.069543854086203644 1.4062500000000002 0 -0.20745723061029414
0.069543854086203644 1.4304561459137966 0 -0.211634346629195
0.069543854086203644 1.4445438540862041 0 -0.21351017262368568
0.069543854086203644 1.4687500000000004 0 -0.2157483176264465
0.069543854086203644 1.4929561459137968 0 -0.21673679660858103
0.069543854086203644 1.5070438540862041 0 -0.21673679666392751
0.069543854086203644 1.5312500000000004 0 -0.21574831785472035
0.069543854086203644 1.5554561459137968 0 -0.21351017299813141
0.069543854086203644 1.5695438540862041 0 -0.21163434707223844
0.069543854086203644 1.5937500000000004 0 -0.20745723107954164
0.069543854086203644 1.6179561459137966 0 -0.20207847298761858
0.069543854086203644 1.6320438540862041 0 -0.19839890799934673
0.069543854086203644 1.6562500000000004 0 -0.19119367909378032
0.069543854086203644 1.680456145913797 0 -0.1828810105782544
0.069543854086203644 1.6945438540862043 0 -0.17753911027550651
0.069543854086203644 1.7187500000000007 0 -0.16758266147858467
0.069543854086203644 1.7429561459137968 0 -0.15665553368532473
0.069543854086203644 1.7570438540862041 0 -0.14985658420949338
0.069543854086203644 1.7812500000000004 0 -0.13753153609881097
0.069543854086203644 1.8054561459137966 0 -0.12440987225862296
0.069543854086203644 1.8195438540862041 0 -0.11641515334021099
0.069543854086203644 1.8437500000000004 0 -0.10219515059141572
0.069543854086203644 1.8679561459137968 0 -0.087383209062846412
0.069543854086203644 1.8820438540862043 0 -0.078499953439895562
0.069543854086203644 1.9062500000000002 0 -0.062931462975235372
0.069543854086203644 1.9304561459137966 0 -0.046998458388182812
0.069543854086203644 1.9445438540862037 0 -0.037568044536528768
0.069543854086203644 1.9687499999999998 0 -0.021249354612121189
0.069543854086203657 1.9929561459137966 0 -0.0048075833055213242
0.09375 0.0070438540862036427 0 0.0064374079264545025
0.09375 0.03125 0 0.028453124019551756
0.09375 0.055456145913796363 0 0.050304032831502858
0.093749999999999986 0.069543854086203644 0 0.062931462761544446
0.09375 0.09375 0 0.08426593459377249
0.09375 0.11795614591379636 0 0.10511231787387192
0.093749999999999986 0.13204385408620367 0 0.11700709672460168
0.09375 0.15625000000000006 0 0.13684045243716769
0.09375 0.18045614591379638 0 0.15588119546666104
0.093749999999999986 0.19454385408620367 0 0.16658621367973112
0.09375 0.21875000000000003 0 0.18415626863406648
0.09375 0.24295614591379638 0 0.20065964626317134
0.09375 0.25704385408620367 0 0.20976351588159828
0.09375 0.28125000000000006 0 0.22439506258684913
0.09375 0.30545614591379644 0 0.23772685923361678
0.09375 0.31954385408620378 0 0.24487972367400518
0.09375 0.34375000000000011 0 0.25601048003926674
0.09375 0.3679561459137965 0 0.26565836228022011
0.09375 0.38204385408620378 0 0.27058534099981496
0.09375 0.40625000000000011 0 0.2777875583354053
0.09375 0.43045614591379644 0 0.28338076348779362
0.09375 0.44454385408620378 0 0.28589251546054728
0.09375 0.46875 0 0.28888941654019762
0.09375 0.49295614591379644 0 0.29021300073375322
0.09375 0.50704385408620356 0 0.2902130006376008
0.09375 0.53125 0 0.28888941619442948
0.09375 0.55545614591379633 0 0.28589251499035634
0.09375 0.56954385408620378 0 0.28338076299410198
0.09375 0.59375000000000011 0 0.27778755775242331
0.09375 0.61795614591379633 0 0.27058534024676545
0.09375 0.63204385408620378 0 0.26565836139774407
0.09375 0.65625000000000022 0 0.25601047898479135
0.09375 0.68045614591379644 0 0.24487972252586546
0.09375 0.69454385408620378 0 0.23772685806315547
0.09375 0.71875000000000011 0 0.22439506137432086
0.09375 0.74295614591379633 0 0.20976351461389919
0.09375 0.75704385408620367 0 0.20065964496081903
0.09375 0.78125 0 0.18415626732097767
0.09375 0.80545614591379633 0 0.16658621242518501
0.09375 0.81954385408620378 0 0.15588119427178823
0.09375 0.84375 0 0.13684045129291381
0.09375 0.86795614591379633 0 0.11700709555166978
0.09375 0.88204385408620367 0 0.10511231665549103
0.09375 0.90625 0 0.084265933365973961
0.09375 0.93045614591379633 0 0.062931461627974528
0.09375 0.94454385408620367 0 0.050304031788736839
0.09375 0.96874999999999978 0 0.028453123015470511
0.09375 0.99295614591379611 0 0.0064374067871915408
0.09375 1.0070438540862034 0 -0.0064374092086159837
0.09375 1.03125 0 -0.028453125416482334
0.09375 1.0554561459137963 0 -0.050304034143529762
0.09375 1.0695438540862037 0 -0.062931463947931934
0.09375 1.09375 0 -0.084265935672557898
0.09375 1.1179561459137963 0 -0.105112319016032
0.09375 1.1320438540862034 0 -0.11700709796940736
0.09375 1.1562499999999998 0 -0.13684045377395018
0.09375 1.1804561459137961 0 -0.15588119676060322
0.09375 1.1945438540862034 0 -0.16658621489233141
0.09375 1.21875 0 -0.18415626969617097
0.09375 1.2429561459137963 0 -0.20065964717349552
0.09375 1.2570438540862037 0 -0.20976351670676596
0.09375 1.28125 0 -0.22439506332862202
0.09375 1.3054561459137961 0 -0.23772685997973442
0.09375 1.3195438540862039 0 -0.24487972445545006
0.09375 1.34375 0 -0.25601048082201544
0.09375 1.3679561459137966 0 -0.26565836297268852
0.09375 1.3820438540862039 0 -0.27058534160735137
0.09375 1.4062500000000004 0 -0.27778755889032136
0.09375 1.4304561459137966 0 -0.28338076412928392
0.09375 1.4445438540862041 0 -0.28589251621103484
0.09375 1.4687500000000004 0 -0.28888941749534103
0.09375 1.4929561459137966 0 -0.29021300190364008
0.09375 1.5070438540862041 0 -0.29021300193468363
0.09375 1.5312500000000004 0 -0.28888941767689108
0.09375 1.5554561459137966 0 -0.28589251661098525
0.09375 1.5695438540862039 0 -0.28338076467560264
0.09375 1.5937500000000004 0 -0.27778755953838941
0.09375 1.6179561459137966 0 -0.2705853421418013
0.09375 1.6320438540862041 0 -0.26565836335663529
0.09375 1.6562500000000004 0 -0.25601048102749596
0.09375 1.680456145913797 0 -0.24487972461584911
0.09375 1.6945438540862043 0 -0.23772686016624228
0.09375 1.7187500000000004 0 -0.224395063511836
0.09375 1.7429561459137966 0 -0.20976351680613056
0.09375 1.7570438540862039 0 -0.20065964718800186
0.09375 1.7812500000000004 0 -0.18415626951853692
0.09375 1.8054561459137966 0 -0.16658621446620758
0.09375 1.8195438540862041 0 -0.15588119617209165
0.09375 1.8437500000000004 0 -0.13684045300045891
0.09375 1.8679561459137968 0 -0.11700709714757714
0.09375 1.8820438540862043 0 -0.10511231821812166
0.09375 1.9062500000000004 0 -0.084265934839769172
0.09375 1.9304561459137966 0 -0.062931462960641338
0.09375 1.9445438540862039 0 -0.050304033022498661
0.09375 1.96875 0 -0.028453124161819672
0.093750000000000014 1.9929561459137966 0 -0.0064374079663302025
0.11795614591379636 0.0070438540862036427 0 0.0080299455797697688
0.11795614591379636 0.03125 0 0.035492086250335515
0.11795614591379636 0.055456145913796363 0 0.062748648268074442
0.11795614591379634 0.069543854086203644 0 0.078499953157981944
0.11795614591379636 0.09375 0 0.10511231787085179
0.11795614591379636 0.11795614591379636 0 0.13111584679167007
0.11795614591379634 0.13204385408620367 0 0.14595325152877281
0.11795614591379636 0.15625000000000006 0 0.17069314198136626
0.11795614591379636 0.18045614591379638 0 0.19444433682709386
0.11795614591379634 0.19454385408620367 0 0.20779764834142425
0.11795614591379636 0.21875000000000003 0 0.22971432449230675
0.11795614591379636 0.24295614591379638 0 0.25030044015694697
0.11795614591379636 0.25704385408620367 0 0.26165649813678965
0.11795614591379636 0.28125000000000006 0 0.27990771434218964
0.11795614591379636 0.30545614591379644 0 0.29653763787863985
0.11795614591379636 0.31954385408620378 0 0.30546003534966637
0.11795614591379636 0.34375000000000011 0 0.3193444075948938
0.11795614591379636 0.3679561459137965 0 0.33137906042344778
0.11795614591379636 0.38204385408620378 0 0.33752491471131335
0.11795614591379636 0.40625000000000011 0 0.34650887439814299
0.11795614591379636 0.43045614591379644 0 0.35348577151461669
0.11795614591379636 0.44454385408620378 0 0.35661890082412173
0.11795614591379636 0.46875 0 0.36035719931756216
0.11795614591379636 0.49295614591379644 0 0.36200822238921565
0.11795614591379636 0.50704385408620356 0 0.36200822227726315
0.11795614591379636 0.53125 0 0.36035719888832696
0.11795614591379636 0.55545614591379633 0 0.35661890018208331
0.11795614591379636 0.56954385408620378 0 0.35348577079235949
0.11795614591379636 0.59375000000000011 0 0.34650887354491605
0.11795614591379636 0.61795614591379644 0 0.33752491372609361
0.11795614591379636 0.63204385408620378 0 0.33137905936128931
0.11795614591379636 0.65625000000000022 0 0.31934440640567707
0.11795614591379636 0.68045614591379655 0 0.30546003404065308
0.11795614591379636 0.69454385408620367 0 0.29653763650433818
0.11795614591379636 0.71875 0 0.279907712879925
0.11795614591379636 0.74295614591379633 0 0.26165649661954515
0.11795614591379636 0.75704385408620367 0 0.2503004386229486
0.11795614591379636 0.78125 0 0.22971432295662897
0.11795614591379636 0.80545614591379633 0 0.20779764683846785
0.11795614591379636 0.81954385408620378 0 0.19444433535576819
0.11795614591379636 0.84375 0 0.1706931405364841
0.11795614591379636 0.86795614591379633 0 0.14595325006799681
0.11795614591379636 0.88204385408620356 0 0.13111584530677667
0.11795614591379636 0.90625 0 0.10511231638945169
0.11795614591379636 0.93045614591379633 0 0.078499951746922245
0.11795614591379636 0.94454385408620367 0 0.062748646921197901
0.11795614591379636 0.96874999999999978 0 0.035492084938923911
0.11795614591379636 0.99295614591379611 0 0.0080299441928852744
0.11795614591379636 1.0070438540862034 0 -0.0080299470518051669
0.11795614591379636 1.03125 0 -0.03549208778943988
0.11795614591379636 1.0554561459137961 0 -0.062748649752685431
0.11795614591379636 1.0695438540862037 0 -0.078499954564569499
0.11795614591379636 1.09375 0 -0.10511231921096342
0.11795614591379636 1.1179561459137963 0 -0.13111584817171934
0.11795614591379636 1.1320438540862034 0 -0.1459532529738829
0.11795614591379636 1.1562499999999998 0 -0.17069314350080453
0.11795614591379636 1.1804561459137961 0 -0.19444433835792427
0.11795614591379636 1.1945438540862034 0 -0.20779764984911955
0.11795614591379636 1.21875 0 -0.22971432589702032
0.11795614591379636 1.2429561459137963 0 -0.25030044137702012
0.11795614591379636 1.2570438540862037 0 -0.26165649922065537
0.11795614591379636 1.28125 0 -0.27990771527743624
0.11795614591379636 1.3054561459137961 0 -0.29653763879246542
0.11795614591379636 1.3195438540862039 0 -0.30546003630041119
0.11795614591379636 1.34375 0 -0.3193444085541311
0.11795614591379636 1.3679561459137966 0 -0.33137906130179717
0.11795614591379636 1.3820438540862039 0 -0.3375249155111239
0.11795614591379636 1.4062500000000004 0 -0.3465088751565748
0.11795614591379636 1.4304561459137966 0 -0.35348577237099887
0.11795614591379636 1.4445438540862043 0 -0.35661890179646011
0.11795614591379636 1.4687500000000004 0 -0.36035720051130138
0.11795614591379636 1.4929561459137968 0 -0.36200822382109654
0.11795614591379636 1.5070438540862041 0 -0.36200822385384962
0.11795614591379636 1.5312500000000004 0 -0.36035720069970734
0.11795614591379636 1.5554561459137968 0 -0.35661890220728465
0.11795614591379636 1.5695438540862039 0 -0.35348577293027966
0.11795614591379636 1.5937500000000004 0 -0.34650887582485057
0.11795614591379636 1.6179561459137966 0 -0.33752491607823526
0.11795614591379636 1.6320438540862041 0 -0.33137906172723269
0.11795614591379636 1.6562500000000004 0 -0.31934440880651177
0.11795614591379636 1.680456145913797 0 -0.30546003649901032
0.11795614591379636 1.6945438540862043 0 -0.29653763900565644
0.11795614591379636 1.7187500000000004 0 -0.27990771545710397
0.11795614591379636 1.7429561459137966 0 -0.26165649927313739
0.11795614591379636 1.7570438540862039 0 -0.25030044131522061
0.11795614591379636 1.7812500000000004 0 -0.22971432561323032
0.11795614591379636 1.8054561459137966 0 -0.20779764931714623
0.11795614591379636 1.8195438540862041 0 -0.19444433767512284
0.11795614591379636 1.8437500000000004 0 -0.17069314263430652
0.11795614591379636 1.8679561459137968 0 -0.14595325203140716
0.11795614591379636 1.8820438540862043 0 -0.1311158472262432
0.11795614591379636 1.9062500000000002 0 -0.105112318203537
0.11795614591379636 1.9304561459137966 0 -0.078499953405207878
0.11795614591379636 1.9445438540862039 0 -0.062748648471944349
0.11795614591379636 1.96875 0 -0.035492086372642763
0.11795614591379636 1.9929561459137966 0 -0.008029945609011848
0.13204385408620364 0.0070438540862036436 0 0.0089386347792416165
0.13204385408620364 0.03125 0 0.039508461576894041
0.13204385408620364 0.055456145913796363 0 0.069849445887172026
0.13204385408620364 0.069543854086203657 0 0.087383208726732928
0.13204385408620364 0.093750000000000014 0 0.11700709671615094
0.13204385408620364 0.11795614591379637 0 0.14595325152480043
0.13204385408620364 0.13204385408620367 0 0.1624696949679105
0.13204385408620364 0.15625000000000006 0 0.19000921473897561
0.13204385408620364 0.18045614591379638 0 0.21644815554230742
0.13204385408620364 0.19454385408620367 0 0.23131256192768357
0.13204385408620364 0.21875000000000003 0 0.25570938520938363
0.13204385408620364 0.24295614591379638 0 0.27862507841535211
0.13204385408620364 0.25704385408620367 0 0.29126621699975963
0.13204385408620364 0.28125000000000011 0 0.31158278756539448
0.13204385408620364 0.30545614591379644 0 0.33009459581587547
0.13204385408620364 0.31954385408620378 0 0.34002667461631636
0.13204385408620364 0.34375000000000011 0 0.35548223796683426
0.13204385408620364 0.3679561459137965 0 0.36887876293852195
0.13204385408620364 0.38204385408620378 0 0.37572009785059896
0.13204385408620364 0.40625000000000011 0 0.38572070542341036
0.13204385408620364 0.43045614591379638 0 0.39348712605052039
0.13204385408620364 0.44454385408620373 0 0.39697480826305376
0.13204385408620364 0.46875 0 0.40113614214920573
0.13204385408620364 0.49295614591379644 0 0.40297399921145821
0.13204385408620364 0.50704385408620356 0 0.40297399909395804
0.13204385408620364 0.53125 0 0.40113614167515727
0.13204385408620364 0.55545614591379633 0 0.39697480750564085
0.13204385408620364 0.56954385408620378 0 0.3934871251621021
0.13204385408620364 0.59375000000000011 0 0.38572070437150885
0.13204385408620364 0.61795614591379644 0 0.37572009671358847
0.13204385408620364 0.63204385408620378 0 0.36887876178193801
0.13204385408620364 0.65625000000000011 0 0.35548223673478341
0.13204385408620364 0.68045614591379655 0 0.34002667324261404
0.13204385408620364 0.69454385408620367 0 0.33009459433561428
0.13204385408620364 0.71875000000000011 0 0.31158278595739142
0.13204385408620364 0.74295614591379633 0 0.29126621534778363
0.13204385408620364 0.75704385408620367 0 0.27862507677226445
0.13204385408620364 0.78125 0 0.25570938357856754
0.13204385408620364 0.80545614591379622 0 0.23131256029647604
0.13204385408620364 0.81954385408620378 0 0.21644815390600339
0.13204385408620364 0.84374999999999989 0 0.19000921310019886
0.13204385408620364 0.86795614591379633 0 0.16246969333669276
0.13204385408620364 0.88204385408620356 0 0.14595324990252695
0.13204385408620364 0.90625 0 0.11700709511594296
0.13204385408620364 0.93045614591379633 0 0.087383207156898082
0.13204385408620364 0.94454385408620356 0 0.069849444337325803
0.13204385408620364 0.96874999999999978 0 0.039508460042306258
0.13204385408620364 0.99295614591379611 0 0.0089386332324961834
0.13204385408620364 1.0070438540862034 0 -0.0089386363433627929
0.13204385408620364 1.0312500000000002 0 -0.039508463150018901
0.13204385408620364 1.0554561459137961 0 -0.069849447437897144
0.13204385408620364 1.0695438540862039 0 -0.087383210252608493
0.13204385408620364 1.09375 0 -0.11700709821933106
0.13204385408620364 1.1179561459137963 0 -0.14595325303631479
0.13204385408620364 1.1320438540862034 0 -0.16246969649804291
0.13204385408620364 1.1562499999999998 0 -0.19000921631687384
0.13204385408620364 1.1804561459137961 0 -0.21644815718679233
0.13204385408620364 1.1945438540862034 0 -0.23131256361189709
0.13204385408620364 1.2187499999999998 0 -0.255709386846321
0.13204385408620364 1.2429561459137963 0 -0.27862507984224322
0.13204385408620364 1.2570438540862037 0 -0.29126621824336912
0.13204385408620364 1.28125 0 -0.31158278860103444
0.13204385408620364 1.3054561459137963 0 -0.33009459680894104
0.13204385408620364 1.3195438540862039 0 -0.34002667565030059
0.13204385408620364 1.3437500000000002 0 -0.35548223902479559
0.13204385408620364 1.3679561459137966 0 -0.36887876393920122
0.13204385408620364 1.3820438540862039 0 -0.37572009878903551
0.13204385408620364 1.4062500000000002 0 -0.38572070633486094
0.13204385408620364 1.4304561459137966 0 -0.39348712705454553
0.13204385408620364 1.4445438540862041 0 -0.39697480937248714
0.13204385408620364 1.4687500000000004 0 -0.40113614347480719
0.13204385408620364 1.4929561459137968 0 -0.40297400078991863
0.13204385408620364 1.5070438540862041 0 -0.40297400083449014
0.13204385408620364 1.5312500000000004 0 -0.40113614368960437
0.13204385408620364 1.5554561459137968 0 -0.39697480978393213
0.13204385408620364 1.5695438540862041 0 -0.39348712758442222
0.13204385408620364 1.5937500000000004 0 -0.3857207069503949
0.13204385408620364 1.6179561459137966 0 -0.37572009932348682
0.13204385408620364 1.6320438540862041 0 -0.36887876436062866
0.13204385408620364 1.6562500000000004 0 -0.35548223930545081
0.13204385408620364 1.680456145913797 0 -0.34002667588146235
0.13204385408620364 1.6945438540862043 0 -0.33009459704515742
0.13204385408620364 1.7187500000000007 0 -0.31158278877970436
0.13204385408620364 1.7429561459137968 0 -0.29126621826303339
0.13204385408620364 1.7570438540862041 0 -0.27862507972708256
0.13204385408620364 1.7812500000000004 0 -0.25570938649425318
0.13204385408620364 1.8054561459137966 0 -0.23131256302589612
0.13204385408620364 1.8195438540862041 0 -0.21644815646904905
0.13204385408620364 1.8437500000000004 0 -0.1900092154266107
0.13204385408620364 1.8679561459137968 0 -0.16246969550992674
0.13204385408620364 1.8820438540862041 0 -0.14595325202001758
0.13204385408620364 1.90625 0 -0.11700709711859744
0.13204385408620364 1.9304561459137966 0 -0.08738320900973344
0.13204385408620364 1.9445438540862039 0 -0.069849446091014233
0.13204385408620364 1.9687500000000002 0 -0.039508461668376689
0.13204385408620367 1.9929561459137966 0 -0.0089386347939990497
0.15625 0.0070438540862036436 0 0.01045378325217094
0.15625 0.03125 0 0.04620536626342947
0.15625 0.055456145913796363 0 0.08168931668625061
0.15625 0.069543854086203657 0 0.10219515013905037
0.15625 0.093750000000000028 0 0.13684045241107659
0.15625 0.11795614591379638 0 0.17069314196623459
0.15625 0.13204385408620367 0 0.19000921473426169
0.15625 0.15625000000000006 0 0.22221683675918188
0.15625 0.18045614591379638 0 0.25313732551429879
0.15625 0.19454385408620367 0 0.27052133169059328
0.15625 0.21875000000000003 0 0.29905355261512712
0.15625 0.24295614591379638 0 0.32585358368475714
0.15625 0.25704385408620367 0 0.34063746580767568
0.15625 0.28125000000000006 0 0.36439780846272585
0.15625 0.30545614591379644 0 0.38604747150698643
0.15625 0.31954385408620378 0 0.39766309308049647
0.15625 0.34375000000000011 0 0.41573846066926462
0.15625 0.3679561459137965 0 0.43140577140840219
0.15625 0.38204385408620378 0 0.43940675078943836
0.15625 0.40625000000000011 0 0.45110251716362804
0.15625 0.43045614591379644 0 0.46018538939178077
0.15625 0.44454385408620378 0 0.46426425316438458
0.15625 0.46875 0 0.4691309563273256
0.15625 0.49295614591379644 0 0.47128034041932093
0.15625 0.50704385408620356 0 0.47128034029842225
0.15625 0.53125 0 0.46913095579835029
0.15625 0.55545614591379633 0 0.46426425223878254
0.15625 0.56954385408620378 0 0.46018538824810234
0.15625 0.59375000000000011 0 0.45110251578127336
0.15625 0.61795614591379633 0 0.43940674935664331
0.15625 0.63204385408620378 0 0.43140577001877756
0.15625 0.65625000000000022 0 0.41573845926303071
0.15625 0.68045614591379633 0 0.39766309151218726
0.15625 0.69454385408620367 0 0.38604746978941096
0.15625 0.71875 0 0.36439780657760545
0.15625 0.74295614591379633 0 0.34063746389356175
0.15625 0.75704385408620367 0 0.32585358180889346
0.15625 0.78125 0 0.29905355076770579
0.15625 0.80545614591379633 0 0.27052132980567517
0.15625 0.81954385408620378 0 0.25313732358274554
0.15625 0.84375 0 0.22221683478937113
0.15625 0.86795614591379633 0 0.19000921279117061
0.15625 0.88204385408620367 0 0.17069314006419758
0.15625 0.90625 0 0.13684045055618879
0.15625 0.93045614591379633 0 0.1021951482921622
0.15625 0.94454385408620367 0 0.081689314829482454
0.15625 0.96874999999999978 0 0.046205364417870445
0.15625 0.99295614591379611 0 0.010453781461028206
0.15625 1.0070438540862034 0 -0.010453784999266252
0.15625 1.03125 0 -0.046205367965819401
0.15625 1.0554561459137963 0 -0.081689318399419161
0.15625 1.0695438540862037 0 -0.10219515187980599
0.15625 1.09375 0 -0.13684045417139484
0.15625 1.1179561459137961 0 -0.17069314370173647
0.15625 1.1320438540862034 0 -0.19000921644063681
0.15625 1.1562499999999996 0 -0.2222168384778794
0.15625 1.1804561459137961 0 -0.25313732733664956
0.15625 1.1945438540862034 0 -0.27052133360204161
0.15625 1.21875 0 -0.29905355452676113
0.15625 1.2429561459137963 0 -0.32585358537443893
0.15625 1.2570438540862037 0 -0.34063746728269362
0.15625 1.28125 0 -0.36439780967769769
0.15625 1.3054561459137961 0 -0.38604747263589084
0.15625 1.3195438540862039 0 -0.39766309423019752
0.15625 1.34375 0 -0.41573846183617663
0.15625 1.3679561459137966 0 -0.43140577254911477
0.15625 1.3820438540862039 0 -0.43940675190076262
0.15625 1.4062500000000004 0 -0.45110251828925285
0.15625 1.4304561459137966 0 -0.46018539062631791
0.15625 1.4445438540862041 0 -0.46426425450417314
0.15625 1.4687500000000004 0 -0.46913095789414949
0.15625 1.4929561459137966 0 -0.47128034226790305
0.15625 1.5070438540862041 0 -0.4712803423338307
0.15625 1.5312500000000004 0 -0.46913095815826628
0.15625 1.5554561459137966 0 -0.46426425492252799
0.15625 1.5695438540862039 0 -0.46018539111274664
0.15625 1.5937500000000004 0 -0.45110251883315072
0.15625 1.6179561459137966 0 -0.43940675242374222
0.15625 1.6320438540862041 0 -0.43140577302827093
0.15625 1.6562500000000004 0 -0.41573846225329014
0.15625 1.680456145913797 0 -0.39766309461166477
0.15625 1.6945438540862043 0 -0.38604747300251097
0.15625 1.7187500000000004 0 -0.36439780993360876
0.15625 1.7429561459137966 0 -0.34063746730660205
0.15625 1.7570438540862039 0 -0.32585358521508168
0.15625 1.7812500000000004 0 -0.29905355408540452
0.15625 1.8054561459137966 0 -0.27052133293677161
0.15625 1.8195438540862041 0 -0.25313732656579946
0.15625 1.8437500000000004 0 -0.22221683753755328
0.15625 1.867956145913797 0 -0.19000921534157028
0.15625 1.8820438540862039 0 -0.17069314251539691
0.15625 1.9062500000000002 0 -0.13684045284647459
0.15625 1.9304561459137966 0 -0.10219515043105593
0.15625 1.9445438540862039 0 -0.081689316884562435
0.15625 1.9687500000000002 0 -0.046205366334968336
0.15625 1.9929561459137966 0 -0.010453783247575815
0.18045614591379636 0.0070438540862036436 0 0.011908380892412522
0.18045614591379636 0.03125 0 0.052634638358016961
0.18045614591379636 0.05545614591379637 0 0.093056023359526244
0.18045614591379636 0.069543854086203657 0 0.11641515274261463
0.18045614591379636 0.093750000000000028 0 0.15588119541214016
0.18045614591379636 0.11795614591379638 0 0.19444433679524886
0.18045614591379636 0.13204385408620367 0 0.2164481555361846
0.18045614591379636 0.15625000000000006 0 0.25313732552912338
0.18045614591379636 0.18045614591379638 0 0.28836026338009013
0.18045614591379636 0.19454385408620367 0 0.3081631770490984
0.18045614591379636 0.21875000000000003 0 0.34066553017959467
0.18045614591379636 0.24295614591379638 0 0.3711946668885252
0.18045614591379636 0.25704385408620367 0 0.38803566073082424
0.18045614591379636 0.28125000000000006 0 0.41510214983846772
0.18045614591379636 0.30545614591379644 0 0.43976426762755905
0.18045614591379636 0.31954385408620378 0 0.45299615151326067
0.18045614591379636 0.34375000000000011 0 0.47358662647506167
0.18045614591379636 0.3679561459137965 0 0.49143397414300638
0.18045614591379636 0.38204385408620378 0 0.50054825438561257
0.18045614591379636 0.40625000000000011 0 0.51387143486472708
0.18045614591379636 0.43045614591379644 0 0.52421814852921733
0.18045614591379636 0.44454385408620378 0 0.5288645681193076
0.18045614591379636 0.46875 0 0.53440845146981497
0.18045614591379636 0.49295614591379644 0 0.53685691286043102
0.18045614591379636 0.50704385408620356 0 0.5368569127438686
0.18045614591379636 0.53125 0 0.53440845091604183
0.18045614591379636 0.55545614591379633 0 0.52886456707155338
0.18045614591379636 0.56954385408620378 0 0.52421814718093818
0.18045614591379636 0.59375000000000011 0 0.51387143317741257
0.18045614591379636 0.61795614591379644 0 0.50054825261192093
0.18045614591379636 0.63204385408620378 0 0.49143397241826908
0.18045614591379636 0.65625000000000022 0 0.47358662474444141
0.18045614591379636 0.68045614591379644 0 0.45299614962586282
0.18045614591379636 0.69454385408620367 0 0.43976426559184528
0.18045614591379636 0.71875 0 0.41510214763876363
0.18045614591379636 0.74295614591379633 0 0.38803565850890598
0.18045614591379636 0.75704385408620367 0 0.37119466470981571
0.18045614591379636 0.78125 0 0.34066552803240013
0.18045614591379636 0.80545614591379633 0 0.30816317485956907
0.18045614591379636 0.81954385408620378 0 0.2883602611377229
0.18045614591379636 0.84375 0 0.25313732323590232
0.18045614591379636 0.86795614591379633 0 0.21644815325518973
0.18045614591379636 0.88204385408620356 0 0.19444433454761961
0.18045614591379636 0.90625 0 0.15588119322443192
0.18045614591379636 0.93045614591379633 0 0.11641515061204474
0.18045614591379636 0.94454385408620367 0 0.093056021261039207
0.18045614591379636 0.96874999999999978 0 0.052634636314322428
0.18045614591379636 0.99295614591379611 0 0.011908378903327473
0.18045614591379636 1.0070438540862034 0 -0.011908382861804708
0.18045614591379636 1.03125 0 -0.052634640301208825
0.18045614591379636 1.0554561459137961 0 -0.093056025312250518
0.18045614591379636 1.0695438540862037 0 -0.11641515471436693
0.18045614591379636 1.09375 0 -0.15588119739447859
0.18045614591379636 1.1179561459137961 0 -0.19444433875377293
0.18045614591379636 1.1320438540862034 0 -0.21644815746894419
0.18045614591379636 1.1562499999999996 0 -0.25313732745709527
0.18045614591379636 1.1804561459137961 0 -0.28836026536172893
0.18045614591379636 1.1945438540862034 0 -0.30816317907960755
0.18045614591379636 1.21875 0 -0.34066553218300455
0.18045614591379636 1.2429561459137963 0 -0.3711946687042742
0.18045614591379636 1.2570438540862037 0 -0.38803566237441384
0.18045614591379636 1.28125 0 -0.41510215124536998
0.18045614591379636 1.3054561459137961 0 -0.439764268896355
0.18045614591379636 1.3195438540862039 0 -0.45299615274400523
0.18045614591379636 1.34375 0 -0.47358662766653997
0.18045614591379636 1.3679561459137966 0 -0.49143397532159372
0.18045614591379636 1.3820438540862039 0 -0.50054825557141547
0.18045614591379636 1.4062500000000004 0 -0.51387143612748443
0.18045614591379636 1.4304561459137966 0 -0.52421814995613891
0.18045614591379636 1.4445438540862043 0 -0.52886456968017193
0.18045614591379636 1.4687500000000004 0 -0.53440845330018349
0.18045614591379636 1.4929561459137968 0 -0.53685691500626853
0.18045614591379636 1.5070438540862041 0 -0.53685691509237743
0.18045614591379636 1.5312500000000004 0 -0.53440845361372424
0.18045614591379636 1.555456145913797 0 -0.52886457011505517
0.18045614591379636 1.5695438540862039 0 -0.52421815041811792
0.18045614591379636 1.5937500000000004 0 -0.51387143664224744
0.18045614591379636 1.6179561459137966 0 -0.5005482561583775
0.18045614591379636 1.6320438540862041 0 -0.49143397595626703
0.18045614591379636 1.6562500000000004 0 -0.47358662834348758
0.18045614591379636 1.680456145913797 0 -0.45299615340598043
0.18045614591379636 1.6945438540862043 0 -0.43976426951932968
0.18045614591379636 1.7187500000000004 0 -0.41510215168932879
0.18045614591379636 1.7429561459137966 0 -0.38803566248921501
0.18045614591379636 1.7570438540862039 0 -0.37119466856971806
0.18045614591379636 1.7812500000000004 0 -0.34066553169337871
0.18045614591379636 1.8054561459137966 0 -0.30816317835229468
0.18045614591379636 1.8195438540862043 0 -0.28836026454264263
0.18045614591379636 1.8437500000000004 0 -0.25313732644629017
0.18045614591379636 1.8679561459137968 0 -0.21644815620715224
0.18045614591379636 1.8820438540862039 0 -0.19444433732568309
0.18045614591379636 1.9062500000000002 0 -0.15588119575349682
0.18045614591379636 1.9304561459137966 0 -0.11641515296792218
0.18045614591379638 1.9445438540862039 0 -0.093056023546435926
0.18045614591379636 1.9687500000000002 0 -0.05263463846076475
0.18045614591379636 1.9929561459137966 0 -0.011908380878282884
0.19454385408620364 0.0070438540862036436 0 0.012726179551463913
0.19454385408620364 0.03125 0 0.056249280625963113
0.19454385408620364 0.05545614591379637 0 0.099446572380006384
0.19454385408620364 0.069543854086203657 0 0.12440987156773295
0.19454385408620364 0.093750000000000014 0 0.16658621360481726
0.19454385408620364 0.11795614591379637 0 0.2077976482972903
0.19454385408620364 0.13204385408620367 0 0.23131256192079971
0.19454385408620364 0.15625000000000006 0 0.2705213317192387
0.19454385408620364 0.18045614591379638 0 0.30816317706848217
0.19454385408620364 0.19454385408620367 0 0.32932604023860312
0.19454385408620364 0.21875000000000003 0 0.36406046685819715
0.19454385408620364 0.24295614591379638 0 0.39668616794702005
0.19454385408620364 0.25704385408620367 0 0.4146837037449943
0.19454385408620364 0.28125000000000011 0 0.44360896263068456
0.19454385408620364 0.30545614591379644 0 0.46996473191043198
0.19454385408620364 0.31954385408620378 0 0.48410530499414484
0.19454385408620364 0.34375000000000011 0 0.50610981459535975
0.19454385408620364 0.3679561459137965 0 0.52518281479362816
0.19454385408620364 0.38204385408620378 0 0.53492301104420481
0.19454385408620364 0.40625000000000011 0 0.54916115043490854
0.19454385408620364 0.43045614591379638 0 0.56021841649908133
0.19454385408620364 0.44454385408620373 0 0.56518392528945549
0.19454385408620364 0.46875 0 0.57110853046279164
0.19454385408620364 0.49295614591379644 0 0.57372513802425917
0.19454385408620364 0.50704385408620356 0 0.57372513791195412
0.19454385408620364 0.53125 0 0.57110852990230232
0.19454385408620364 0.55545614591379633 0 0.56518392418434515
0.19454385408620364 0.56954385408620378 0 0.56021841504818282
0.19454385408620364 0.59375000000000011 0 0.5491611485777127
0.19454385408620364 0.61795614591379644 0 0.53492300905202195
0.19454385408620364 0.63204385408620378 0 0.52518281283105706
0.19454385408620364 0.65625000000000011 0 0.50610981261456078
0.19454385408620364 0.68045614591379644 0 0.48410530287141906
0.19454385408620364 0.69454385408620356 0 0.46996472965857844
0.19454385408620364 0.71875 0 0.44360896023583324
0.19454385408620364 0.74295614591379633 0 0.41468370132949051
0.19454385408620364 0.75704385408620367 0 0.39668616556804764
0.19454385408620364 0.78125 0 0.36406046450694896
0.19454385408620364 0.80545614591379622 0 0.32932603785389331
0.19454385408620364 0.81954385408620378 0 0.30816317464043746
0.19454385408620364 0.84374999999999989 0 0.27052132924139777
0.19454385408620364 0.86795614591379633 0 0.23131255943369769
0.19454385408620364 0.88204385408620356 0 0.20779764582388652
0.19454385408620364 0.90625 0 0.16658621119427172
0.19454385408620364 0.93045614591379633 0 0.1244098692706859
0.19454385408620364 0.94454385408620356 0 0.099446570167228632
0.19454385408620364 0.96874999999999978 0 0.056249278511559572
0.19454385408620364 0.99295614591379611 0 0.012726177465673793
0.19454385408620364 1.0070438540862034 0 -0.012726181665003848
0.19454385408620364 1.0312500000000002 0 -0.056249282751832622
0.19454385408620364 1.0554561459137961 0 -0.099446574500206095
0.19454385408620364 1.0695438540862039 0 -0.12440987367735321
0.19454385408620364 1.09375 0 -0.16658621569909191
0.19454385408620364 1.1179561459137961 0 -0.20779765038198625
0.19454385408620364 1.1320438540862034 0 -0.23131256400225031
0.19454385408620364 1.1562499999999998 0 -0.27052133379415227
0.19454385408620364 1.1804561459137961 0 -0.3081631791349369
0.19454385408620364 1.1945438540862034 0 -0.32932604229600471
0.19454385408620364 1.2187499999999998 0 -0.36406046884346294
0.19454385408620364 1.2429561459137963 0 -0.39668616978156912
0.19454385408620364 1.2570438540862037 0 -0.41468370545997668
0.19454385408620364 1.28125 0 -0.44360896415140472
0.19454385408620364 1.3054561459137963 0 -0.4699647332604191
0.19454385408620364 1.3195438540862039 0 -0.4841053062578845
0.19454385408620364 1.3437500000000002 0 -0.50610981576828751
0.19454385408620364 1.3679561459137966 0 -0.52518281595325333
0.19454385408620364 1.3820438540862039 0 -0.5349230122323444
0.19454385408620364 1.4062500000000002 0 -0.54916115174310054
0.19454385408620364 1.4304561459137966 0 -0.56021841801840822
0.19454385408620364 1.4445438540862041 0 -0.56518392697102138
0.19454385408620364 1.4687500000000004 0 -0.57110853245159288
0.19454385408620364 1.4929561459137968 0 -0.57372514035070687
0.19454385408620364 1.5070438540862041 0 -0.57372514044723
0.19454385408620364 1.5312500000000004 0 -0.57110853279198071
0.19454385408620364 1.5554561459137968 0 -0.56518392741919865
0.19454385408620364 1.5695438540862041 0 -0.56021841847567877
0.19454385408620364 1.5937500000000004 0 -0.54916115226109752
0.19454385408620364 1.617956145913797 0 -0.53492301288764454
0.19454385408620364 1.6320438540862041 0 -0.52518281671573608
0.19454385408620364 1.6562500000000004 0 -0.50610981664016297
0.19454385408620364 1.680456145913797 0 -0.48410530712729105
0.19454385408620364 1.6945438540862043 0 -0.46996473407451644
0.19454385408620364 1.7187500000000007 0 -0.44360896474167011
0.19454385408620364 1.7429561459137968 0 -0.41468370565841811
0.19454385408620364 1.7570438540862041 0 -0.39668616968811093
0.19454385408620364 1.7812500000000004 0 -0.36406046834412403
0.19454385408620364 1.8054561459137966 0 -0.32932604154100575
0.19454385408620364 1.8195438540862041 0 -0.30816317828974304
0.19454385408620364 1.8437500000000004 0 -0.27052133273370466
0.19454385408620364 1.8679561459137968 0 -0.23131256262741118
0.19454385408620364 1.8820438540862039 0 -0.20779764878971835
0.19454385408620364 1.90625 0 -0.16658621384450117
0.19454385408620364 1.9304561459137966 0 -0.12440987172540438
0.19454385408620364 1.9445438540862039 0 -0.099446572556405141
0.19454385408620364 1.9687500000000002 0 -0.056249280763667919
0.19454385408620364 1.9929561459137966 0 -0.012726179534507939
0.21875 0.0070438540862036436 0 0.014068425515781776
0.21875 0.03125 0 0.062181962131651641
0.21875 0.05545614591379637 0 0.1099353259250985
0.21875 0.069543854086203657 0 0.1375315353022204
0.21875 0.093750000000000028 0 0.18415626853457209
0.21875 0.11795614591379638 0 0.22971432442257386
0.21875 0.13204385408620367 0 0.25570938517899289
0.21875 0.15625000000000006 0 0.29905355261848271
0.21875 0.18045614591379638 0 0.34066553016368356
0.21875 0.19454385408620367 0 0.36406046681452625
0.21875 0.21875000000000003 0 0.40245837656892969
0.21875 0.24295614591379638 0 0.43852515087326066
0.21875 0.25704385408620367 0 0.45842090911817163
0.21875 0.28125000000000006 0 0.49039695098477665
0.21875 0.30545614591379644 0 0.51953249600458573
0.21875 0.31954385408620378 0 0.53516449291341672
0.21875 0.34375000000000011 0 0.55948984549933567
0.21875 0.3679561459137965 0 0.58057449873455813
0.21875 0.38204385408620378 0 0.59134200558678229
0.21875 0.40625000000000011 0 0.60708185922992486
0.21875 0.43045614591379644 0 0.61930534888327893
0.21875 0.44454385408620378 0 0.62479457605404298
0.21875 0.46875 0 0.63134405669201421
0.21875 0.49295614591379644 0 0.63423664109721389
0.21875 0.50704385408620356 0 0.63423664096734778
0.21875 0.53125 0 0.63134405603941535
0.21875 0.55545614591379633 0 0.62479457476027633
0.21875 0.56954385408620378 0 0.61930534717966712
0.21875 0.59375000000000011 0 0.60708185703086515
0.21875 0.61795614591379633 0 0.59134200319493313
0.21875 0.63204385408620378 0 0.58057449635361968
0.21875 0.65625000000000022 0 0.55948984310144567
0.21875 0.68045614591379633 0 0.53516449041821657
0.21875 0.69454385408620367 0 0.51953249342294405
0.21875 0.71875 0 0.49039694831293346
0.21875 0.74295614591379633 0 0.45842090644547184
0.21875 0.75704385408620367 0 0.43852514823466238
0.21875 0.78125 0 0.402458373948824
0.21875 0.80545614591379633 0 0.36406046414802967
0.21875 0.81954385408620378 0 0.34066552744463346
0.21875 0.84375 0 0.29905354983100652
0.21875 0.86795614591379633 0 0.25570938236011675
0.21875 0.88204385408620367 0 0.22971432160519109
0.21875 0.90625 0 0.18415626579523797
0.21875 0.93045614591379633 0 0.13753153274227731
0.21875 0.94454385408620367 0 0.10993532350594915
0.21875 0.96874999999999978 0 0.062181959860482916
0.21875 0.99295614591379611 0 0.01406842325154127
0.21875 1.0070438540862034 0 -0.014068427851636927
0.21875 1.03125 0 -0.062181964510135489
0.21875 1.0554561459137963 0 -0.10993532826781005
0.21875 1.0695438540862037 0 -0.13753153759381265
0.21875 1.09375 0 -0.18415627077456312
0.21875 1.1179561459137961 0 -0.22971432666935321
0.21875 1.1320438540862034 0 -0.25570938745135063
0.21875 1.1562499999999996 0 -0.29905355489187629
0.21875 1.1804561459137961 0 -0.34066553237245106
0.21875 1.1945438540862034 0 -0.3640604689580757
0.21875 1.21875 0 -0.40245837859294104
0.21875 1.2429561459137963 0 -0.43852515277397464
0.21875 1.2570438540862037 0 -0.45842091094365944
0.21875 1.28125 0 -0.49039695264854821
0.21875 1.3054561459137961 0 -0.51953249746183017
0.21875 1.3195438540862039 0 -0.53516449423680001
0.21875 1.34375 0 -0.55948984667540369
0.21875 1.3679561459137966 0 -0.58057449988297893
0.21875 1.3820438540862039 0 -0.59134200677393489
0.21875 1.4062500000000004 0 -0.60708186057375557
0.21875 1.4304561459137966 0 -0.6193053504971493
0.21875 1.4445438540862041 0 -0.6247945778730668
0.21875 1.4687500000000004 0 -0.63134405888208522
0.21875 1.4929561459137966 0 -0.63423664367266719
0.21875 1.5070438540862041 0 -0.63423664377275024
0.21875 1.5312500000000004 0 -0.63134405923534764
0.21875 1.555456145913797 0 -0.6247945783389115
0.21875 1.5695438540862043 0 -0.61930535097451034
0.21875 1.5937500000000004 0 -0.6070818611415274
0.21875 1.617956145913797 0 -0.59134200754468458
0.21875 1.6320438540862041 0 -0.58057450081151629
0.21875 1.6562500000000004 0 -0.55948984775776023
0.21875 1.680456145913797 0 -0.53516449529826071
0.21875 1.6945438540862043 0 -0.51953249843160243
0.21875 1.7187500000000004 0 -0.4903969533378934
0.21875 1.7429561459137966 0 -0.45842091119918504
0.21875 1.7570438540862039 0 -0.438525152719207
0.21875 1.7812500000000004 0 -0.40245837810080654
0.21875 1.8054561459137966 0 -0.36406046817748183
0.21875 1.8195438540862043 0 -0.34066553148155487
0.21875 1.8437500000000004 0 -0.29905355374310999
0.21875 1.867956145913797 0 -0.25570938593447856
0.21875 1.8820438540862041 0 -0.22971432489991331
0.21875 1.9062500000000002 0 -0.18415626869452403
0.21875 1.9304561459137966 0 -0.1375315353861116
0.21875000000000003 1.9445438540862039 0 -0.10993532605891015
0.21875 1.9687500000000002 0 -0.062181962255299879
0.21875 1.9929561459137966 0 -0.014068425471249263
0.24295614591379638 0.0070438540862036436 0 0.015329183798985825
0.24295614591379638 0.03125 0 0.067754470825985194
0.24295614591379638 0.05545614591379637 0 0.11978730770505702
0.24295614591379638 0.069543854086203657 0 0.14985658338615704
0.24295614591379638 0.093750000000000028 0 0.20065964615475204
0.24295614591379638 0.11795614591379638 0 0.25030044005593582
0.24295614591379638 0.13204385408620367 0 0.27862507833021272
0.24295614591379638 0.15625000000000006 0 0.32585358359257055
0.24295614591379638 0.18045614591379638 0 0.37119466673818474
0.24295614591379638 0.19454385408620367 0 0.39668616774796828
0.24295614591379638 0.21875 0 0.43852515069700909
0.24295614591379638 0.24295614591379638 0 0.47782409081386679
0.24295614591379638 0.25704385408620367 0 0.4995028305213785
0.24295614591379638 0.28125000000000006 0 0.5343444424926479
0.24295614591379638 0.30545614591379644 0 0.56609100320320027
0.24295614591379638 0.31954385408620378 0 0.58312387966578827
0.24295614591379638 0.34375000000000011 0 0.60962917696674668
0.24295614591379638 0.3679561459137965 0 0.6326033558783436
0.24295614591379638 0.38204385408620378 0 0.64433580535501522
0.24295614591379638 0.40625000000000011 0 0.661486204249633
0.24295614591379638 0.43045614591379644 0 0.67480511611168148
0.24295614591379638 0.44454385408620378 0 0.68078626674201603
0.24295614591379638 0.46875 0 0.68792268666202561
0.24295614591379638 0.49295614591379644 0 0.69107449332221893
0.24295614591379638 0.50704385408620356 0 0.69107449313937341
0.24295614591379638 0.53125 0 0.68792268580209082
0.24295614591379638 0.55545614591379633 0 0.68078626512948048
0.24295614591379638 0.56954385408620378 0 0.674805114043871
0.24295614591379638 0.59375000000000011 0 0.66148620163655991
0.24295614591379638 0.61795614591379644 0 0.64433580253431399
0.24295614591379638 0.63204385408620378 0 0.63260335307585613
0.24295614591379638 0.65625000000000022 0 0.60962917418476892
0.24295614591379638 0.68045614591379644 0 0.58312387685510447
0.24295614591379638 0.69454385408620367 0 0.56609100035786641
0.24295614591379638 0.71875 0 0.53434443962880418
0.24295614591379638 0.74295614591379633 0 0.49950282770113019
0.24295614591379638 0.75704385408620367 0 0.47782408804035253
0.24295614591379638 0.78125 0 0.43852514793029806
0.24295614591379638 0.80545614591379633 0 0.39668616487944081
0.24295614591379638 0.81954385408620378 0 0.37119466376873633
0.24295614591379638 0.84375 0 0.32585358050525021
0.24295614591379638 0.86795614591379633 0 0.27862507521334207
0.24295614591379638 0.88204385408620356 0 0.25030043696244214
0.24295614591379638 0.90625 0 0.20065964316986709
0.24295614591379638 0.93045614591379633 0 0.14985658059622428
0.24295614591379638 0.94454385408620367 0 0.11978730505902001
0.24295614591379638 0.96874999999999978 0 0.067754468337517124
0.24295614591379638 0.99295614591379611 0 0.015329181334482271
0.24295614591379638 1.0070438540862034 0 -0.015329186317856645
0.24295614591379638 1.03125 0 -0.067754473360480086
0.24295614591379638 1.0554561459137963 0 -0.1197873101716207
0.24295614591379638 1.0695438540862037 0 -0.14985658578162608
0.24295614591379638 1.09375 0 -0.20065964847911161
0.24295614591379638 1.1179561459137961 0 -0.25030044238872334
0.24295614591379638 1.1320438540862034 0 -0.27862508069848396
0.24295614591379638 1.1562499999999998 0 -0.32585358598232272
0.24295614591379638 1.1804561459137961 0 -0.37119466908638243
0.24295614591379638 1.1945438540862034 0 -0.3966861700442294
0.24295614591379638 1.21875 0 -0.43852515287564414
0.24295614591379638 1.2429561459137963 0 -0.47782409284173877
0.24295614591379638 1.2570438540862037 0 -0.49950283244679933
0.24295614591379638 1.28125 0 -0.53434444422507854
0.24295614591379638 1.3054561459137961 0 -0.56609100472239193
0.24295614591379638 1.3195438540862039 0 -0.5831238810564342
0.24295614591379638 1.34375 0 -0.60962917820325191
0.24295614591379638 1.3679561459137966 0 -0.63260335705567006
0.24295614591379638 1.3820438540862039 0 -0.64433580654418443
0.24295614591379638 1.4062500000000004 0 -0.66148620557783189
0.24295614591379638 1.4304561459137966 0 -0.67480511773452945
0.24295614591379638 1.4445438540862043 0 -0.6807862686020657
0.24295614591379638 1.4687500000000004 0 -0.68792268895231445
0.24295614591379638 1.4929561459137968 0 -0.69107449605854543
0.24295614591379638 1.5070438540862041 0 -0.69107449614234973
0.24295614591379638 1.5312500000000004 0 -0.6879226892721404
0.24295614591379638 1.555456145913797 0 -0.68078626907739914
0.24295614591379638 1.5695438540862043 0 -0.67480511826929213
0.24295614591379638 1.5937500000000004 0 -0.66148620625263754
0.24295614591379638 1.617956145913797 0 -0.64433580741999563
0.24295614591379638 1.6320438540862043 0 -0.63260335806579615
0.24295614591379638 1.6562500000000004 0 -0.6096291793103199
0.24295614591379638 1.680456145913797 0 -0.58312388206792121
0.24295614591379638 1.6945438540862043 0 -0.56609100559460601
0.24295614591379638 1.7187500000000004 0 -0.53434444479022059
0.24295614591379638 1.7429561459137966 0 -0.49950283263001904
0.24295614591379638 1.7570438540862039 0 -0.47782409277422311
0.24295614591379638 1.7812500000000004 0 -0.43852515241982615
0.24295614591379638 1.8054561459137968 0 -0.39668616926689365
0.24295614591379638 1.8195438540862043 0 -0.37119466814811652
0.24295614591379638 1.8437500000000004 0 -0.32585358474310011
0.24295614591379638 1.8679561459137968 0 -0.27862507911751427
0.24295614591379638 1.8820438540862039 0 -0.25030044059546114
0.24295614591379638 1.90625 0 -0.20065964638005482
0.24295614591379638 1.9304561459137966 0 -0.14985658346301753
0.24295614591379638 1.9445438540862039 0 -0.1197873077627282
0.24295614591379638 1.9687500000000002 0 -0.067754470827198071
0.24295614591379638 1.9929561459137966 0 -0.015329183694249448
0.25704385408620367 0.0070438540862036436 0 0.01602466440928443
0.25704385408620367 0.03125 0 0.070828471435185267
0.25704385408620367 0.05545614591379637 0 0.12522202294188242
0.25704385408620367 0.069543854086203671 0 0.15665553287843956
0.25704385408620367 0.093750000000000028 0 0.20976351577408783
0.25704385408620367 0.11795614591379638 0 0.2616564980153932
0.25704385408620367 0.13204385408620367 0 0.29126621687075116
0.25704385408620367 0.15625000000000006 0 0.34063746563298092
0.25704385408620367 0.18045614591379638 0 0.38803566046446003
0.25704385408620367 0.19454385408620367 0 0.41468370341304805
0.25704385408620367 0.21875 0 0.45842090878877356
0.25704385408620367 0.24295614591379636 0 0.49950283035962478
0.25704385408620367 0.25704385408620362 0 0.52216512817883542
0.25704385408620367 0.28125000000000006 0 0.55858749394788543
0.25704385408620367 0.30545614591379644 0 0.5917743868809151
0.25704385408620367 0.31954385408620378 0 0.60958003999261245
0.25704385408620367 0.34375000000000011 0 0.63728787491882888
0.25704385408620367 0.3679561459137965 0 0.66130438564023952
0.25704385408620367 0.38204385408620378 0 0.6735691329336847
0.25704385408620367 0.40625000000000011 0 0.69149764043170947
0.25704385408620367 0.43045614591379644 0 0.70542082744491341
0.25704385408620367 0.44454385408620373 0 0.71167334113518588
0.25704385408620367 0.46875 0 0.71913353832768423
0.25704385408620367 0.49295614591379638 0 0.72242834149362378
0.25704385408620367 0.50704385408620356 0 0.72242834126791566
0.25704385408620367 0.53125 0 0.71913353730897311
0.25704385408620367 0.55545614591379633 0 0.71167333929657917
0.25704385408620367 0.56954385408620378 0 0.70542082513306814
0.25704385408620367 0.59375 0 0.69149763756217475
0.25704385408620367 0.61795614591379644 0 0.67356912986484296
0.25704385408620367 0.63204385408620367 0 0.66130438260366065
0.25704385408620367 0.65625000000000022 0 0.6372878719374705
0.25704385408620367 0.68045614591379644 0 0.60958003702987407
0.25704385408620367 0.69454385408620367 0 0.5917743839157843
0.25704385408620367 0.71875 0 0.55858749101110394
0.25704385408620367 0.74295614591379633 0 0.52216512531930293
0.25704385408620367 0.75704385408620378 0 0.49950282755921699
0.25704385408620367 0.78125 0 0.45842090598708957
0.25704385408620367 0.80545614591379633 0 0.41468370046191394
0.25704385408620367 0.81954385408620367 0 0.38803565737025675
0.25704385408620367 0.84375 0 0.34063746238137171
0.25704385408620367 0.86795614591379622 0 0.29126621359985172
0.25704385408620367 0.88204385408620367 0 0.26165649479319886
0.25704385408620367 0.90625 0 0.20976351268291593
0.25704385408620367 0.93045614591379633 0 0.15665552997020418
0.25704385408620367 0.94454385408620356 0 0.12522202015768746
0.25704385408620367 0.96874999999999978 0 0.070828468797886263
0.25704385408620367 0.992956145913796 0 0.016024661821403573
0.25704385408620367 1.0070438540862034 0 -0.016024667016929988
0.25704385408620367 1.03125 0 -0.070828474019679399
0.25704385408620367 1.0554561459137963 0 -0.12522202543895461
0.25704385408620367 1.0695438540862037 0 -0.15665553530109833
0.25704385408620367 1.09375 0 -0.20976351812071453
0.25704385408620367 1.1179561459137963 0 -0.26165650036465782
0.25704385408620367 1.1320438540862032 0 -0.2912662192529587
0.25704385408620367 1.1562499999999996 0 -0.34063746805245398
0.25704385408620367 1.1804561459137961 0 -0.38803566288630581
0.25704385408620367 1.1945438540862034 0 -0.41468370581784791
0.25704385408620367 1.21875 0 -0.45842091109658561
0.25704385408620367 1.2429561459137963 0 -0.49950283247972688
0.25704385408620367 1.2570438540862037 0 -0.52216513015305532
0.25704385408620367 1.28125 0 -0.55858749568665111
0.25704385408620367 1.3054561459137961 0 -0.59177438841458874
0.25704385408620367 1.3195438540862039 0 -0.60958004142193412
0.25704385408620367 1.34375 0 -0.63728787621037064
0.25704385408620367 1.3679561459137966 0 -0.66130438684873727
0.25704385408620367 1.3820438540862037 0 -0.6735691341246377
0.25704385408620367 1.4062500000000004 0 -0.69149764173061778
0.25704385408620367 1.4304561459137966 0 -0.70542082903850956
0.25704385408620367 1.4445438540862043 0 -0.71167334297930063
0.25704385408620367 1.4687500000000004 0 -0.71913354063208079
0.25704385408620367 1.4929561459137968 0 -0.72242834428091984
0.25704385408620367 1.5070438540862039 0 -0.72242834434699177
0.25704385408620367 1.5312500000000004 0 -0.71913354091282122
0.25704385408620367 1.555456145913797 0 -0.71167334345551847
0.25704385408620367 1.5695438540862043 0 -0.70542082962030572
0.25704385408620367 1.5937500000000007 0 -0.69149764248963075
0.25704385408620367 1.617956145913797 0 -0.67356913505697225
0.25704385408620367 1.6320438540862043 0 -0.66130438787250412
0.25704385408620367 1.6562500000000004 0 -0.6372878772584627
0.25704385408620367 1.680456145913797 0 -0.6095800423098805
0.25704385408620367 1.6945438540862043 0 -0.5917743891320324
0.25704385408620367 1.7187500000000007 0 -0.55858749609451586
0.25704385408620367 1.742956145913797 0 -0.52216513024689426
0.25704385408620367 1.7570438540862037 0 -0.49950283238844084
0.25704385408620367 1.7812500000000004 0 -0.45842091067829976
0.25704385408620367 1.8054561459137968 0 -0.41468370506060714
0.25704385408620367 1.8195438540862043 0 -0.38803566192803718
0.25704385408620367 1.8437500000000004 0 -0.34063746676890055
0.25704385408620367 1.867956145913797 0 -0.29126621767335786
0.25704385408620367 1.8820438540862039 0 -0.26165649862442991
0.25704385408620367 1.90625 0 -0.20976351609724717
0.25704385408620367 1.9304561459137963 0 -0.15665553298134632
0.25704385408620367 1.9445438540862037 0 -0.12522202294701559
0.25704385408620367 1.9687500000000004 0 -0.07082847132763298
0.25704385408620367 1.9929561459137966 0 -0.016024664259411646
0.28125 0.0070438540862036436 0 0.017142426128185454
0.28125 0.03125 0 0.075768940174937766
0.28125 0.05545614591379637 0 0.13395658230313345
0.28125 0.069543854086203657 0 0.1675826606889661
0.28125 0.093750000000000028 0 0.22439506247455443
0.28125 0.11795614591379638 0 0.27990771418861399
0.28125 0.13204385408620367 0 0.31158278737660611
0.28125 0.15625000000000006 0 0.364397808182929
0.28125 0.18045614591379638 0 0.41510214942749035
0.28125 0.19454385408620367 0 0.4436089621340456
0.28125 0.21875 0 0.49039695046486576
0.28125 0.24295614591379638 0 0.53434444212605869
0.28125 0.25704385408620367 0 0.55858749373980021
0.28125 0.28125000000000006 0 0.59755041357465966
0.28125 0.30545614591379644 0 0.63305217798247249
0.28125 0.31954385408620378 0 0.65209982137203515
0.28125 0.34375000000000011 0 0.6817403493159413
0.28125 0.3679561459137965 0 0.70743207364954075
0.28125 0.38204385408620378 0 0.72055231871790204
0.28125 0.40625000000000011 0 0.73973138588794218
0.28125 0.43045614591379644 0 0.75462575114373354
0.28125 0.44454385408620378 0 0.76131439381330224
0.28125 0.46875 0 0.76929495902245415
0.28125 0.49295614591379644 0 0.77281958320241917
0.28125 0.50704385408620356 0 0.77281958294758268
0.28125 0.53125 0 0.76929495789315616
0.28125 0.55545614591379633 0 0.76131439181152816
0.28125 0.56954385408620378 0 0.75462574865090426
0.28125 0.59375000000000011 0 0.73973138282100248
0.28125 0.61795614591379633 0 0.7205523154520691
0.28125 0.63204385408620378 0 0.70743207042383471
0.28125 0.65625000000000022 0 0.68174034617012136
0.28125 0.68045614591379633 0 0.65209981828332486
0.28125 0.69454385408620367 0 0.63305217491877785
0.28125 0.71875 0 0.59755041057433156
0.28125 0.74295614591379633 0 0.55858749083352488
0.28125 0.75704385408620378 0 0.53434443927996711
0.28125 0.78125000000000011 0 0.49039694759920804
0.28125 0.80545614591379633 0 0.44360895907449538
0.28125 0.81954385408620378 0 0.41510214618973285
0.28125 0.84375 0 0.36439780475363553
0.28125 0.86795614591379633 0 0.31158278393308253
0.28125 0.88204385408620367 0 0.27990771081168192
0.28125 0.90625 0 0.22439505923779593
0.28125 0.93045614591379633 0 0.16758265761027752
0.28125 0.94454385408620367 0 0.13395657932185814
0.28125 0.96874999999999978 0 0.075768937327360592
0.28125 0.99295614591379611 0 0.017142423365598815
0.28125 1.0070438540862034 0 -0.017142428863273794
0.28125 1.03125 0 -0.07576894283125403
0.28125 1.0554561459137966 0 -0.13395658483983161
0.28125 1.0695438540862037 0 -0.16758266314213141
0.28125 1.0937500000000002 0 -0.22439506483478414
0.28125 1.1179561459137963 0 -0.27990771653048718
0.28125 1.1320438540862034 0 -0.31158278973893522
0.28125 1.1562499999999998 0 -0.3643978105852223
0.28125 1.1804561459137961 0 -0.41510215186889982
0.28125 1.1945438540862034 0 -0.44360896459171889
0.28125 1.21875 0 -0.49039695284613821
0.28125 1.2429561459137963 0 -0.53434444428573835
0.28125 1.2570438540862037 0 -0.55858749571326782
0.28125 1.28125 0 -0.59755041527603636
0.28125 1.3054561459137961 0 -0.63305217949310832
0.28125 1.3195438540862039 0 -0.65209982280636314
0.28125 1.34375 0 -0.68174035063686755
0.28125 1.3679561459137966 0 -0.70743207487348858
0.28125 1.3820438540862039 0 -0.7205523199011904
0.28125 1.4062500000000004 0 -0.73973138715380593
0.28125 1.4304561459137966 0 -0.75462575270274634
0.28125 1.4445438540862041 0 -0.76131439563147452
0.28125 1.4687500000000004 0 -0.76929496131020136
0.28125 1.4929561459137966 0 -0.77281958597221079
0.28125 1.5070438540862041 0 -0.77281958600695566
0.28125 1.5312500000000004 0 -0.76929496151588184
0.28125 1.555456145913797 0 -0.7613143960879295
0.28125 1.5695438540862043 0 -0.75462575333465609
0.28125 1.5937500000000004 0 -0.73973138802740479
0.28125 1.617956145913797 0 -0.72055232092515364
0.28125 1.6320438540862043 0 -0.70743207593940494
0.28125 1.6562500000000004 0 -0.68174035164298741
0.28125 1.680456145913797 0 -0.65209982357831908
0.28125 1.6945438540862043 0 -0.63305218005956432
0.28125 1.7187500000000004 0 -0.59755041553893551
0.28125 1.7429561459137966 0 -0.55858749575924926
0.28125 1.7570438540862039 0 -0.53434444423724436
0.28125 1.7812500000000004 0 -0.49039695256616822
0.28125 1.8054561459137966 0 -0.44360896397522892
0.28125 1.8195438540862043 0 -0.41510215101631642
0.28125 1.8437500000000004 0 -0.36439780938153721
0.28125 1.8679561459137968 0 -0.3115827882707573
0.28125 1.8820438540862039 0 -0.27990771493998556
0.28125 1.90625 0 -0.22439506296244419
0.28125 1.9304561459137961 0 -0.1675826608794152
0.28125 1.9445438540862039 0 -0.13395658231395483
0.28125 1.9687500000000002 0 -0.075768940004840551
0.28125 1.9929561459137966 0 -0.017142425958439716
0.30545614591379638 0.0070438540862036436 0 0.018160894785008531
0.30545614591379638 0.03125 0 0.080270536984844876
0.30545614591379638 0.05545614591379637 0 0.14191523294801378
0.30545614591379638 0.069543854086203657 0 0.17753910947984175
0.30545614591379638 0.093750000000000028 0 0.23772685910611704
0.30545614591379638 0.11795614591379638 0 0.29653763769742514
0.30545614591379638 0.13204385408620367 0 0.33009459559218879
0.30545614591379638 0.15625000000000006 0 0.38604747118025401
0.30545614591379638 0.18045614591379638 0 0.43976426715822797
0.30545614591379638 0.19454385408620367 0 0.46996473134903793
0.30545614591379638 0.21875 0 0.5195324954087126
0.30545614591379638 0.24295614591379638 0 0.56609100274908963
0.30545614591379638 0.25704385408620367 0 0.59177438657871384
0.30545614591379638 0.28125000000000006 0 0.63305217788174684
0.30545614591379638 0.30545614591379644 0 0.6706631790041484
0.30545614591379638 0.31954385408620378 0 0.69084248413511251
0.30545614591379638 0.34375000000000011 0 0.72224402001291899
0.30545614591379638 0.36795614591379644 0 0.74946214528357791
0.30545614591379638 0.38204385408620378 0 0.76336189249138131
0.30545614591379638 0.40625000000000011 0 0.78368042954520833
0.30545614591379638 0.43045614591379644 0 0.79945970130389477
0.30545614591379638 0.44454385408620367 0 0.80654573074103186
0.30545614591379638 0.46875 0 0.81500043866702399
0.30545614591379638 0.49295614591379633 0 0.818734468478439
0.30545614591379638 0.50704385408620356 0 0.81873446826004559
0.30545614591379638 0.53125 0 0.81500043766467822
0.30545614591379638 0.55545614591379633 0 0.80654572890292009
0.30545614591379638 0.56954385408620378 0 0.79945969897319202
0.30545614591379638 0.59375000000000011 0 0.783680426626856
0.30545614591379638 0.61795614591379644 0 0.76336188935086979
0.30545614591379638 0.63204385408620378 0 0.74946214216576146
0.30545614591379638 0.65625000000000022 0 0.72224401694729268
0.30545614591379638 0.68045614591379655 0 0.6908424811030266
0.30545614591379638 0.69454385408620367 0 0.67066317598455449
0.30545614591379638 0.71875 0 0.63305217489527676
0.30545614591379638 0.74295614591379633 0 0.59177438364349033
0.30545614591379638 0.75704385408620378 0 0.56609099984541467
0.30545614591379638 0.78125000000000011 0 0.51953249246129474
0.30545614591379638 0.80545614591379633 0 0.46996472821966606
0.30545614591379638 0.81954385408620367 0 0.43976426387138451
0.30545614591379638 0.84374999999999989 0 0.3860474677179237
0.30545614591379638 0.86795614591379633 0 0.3300945921007582
0.30545614591379638 0.88204385408620367 0 0.29653763425133095
0.30545614591379638 0.90625 0 0.23772685576691208
0.30545614591379638 0.93045614591379633 0 0.17753910627306124
0.30545614591379638 0.94454385408620345 0 0.14191522982785737
0.30545614591379638 0.96874999999999978 0 0.080270533996400079
0.30545614591379638 0.99295614591379611 0 0.018160891901839053
0.30545614591379638 1.0070438540862034 0 -0.018160897616582218
0.30545614591379638 1.03125 0 -0.080270539703152261
0.30545614591379638 1.0554561459137966 0 -0.14191523551651605
0.30545614591379638 1.0695438540862037 0 -0.17753911194885169
0.30545614591379638 1.0937500000000002 0 -0.23772686145183347
0.30545614591379638 1.1179561459137963 0 -0.29653763998990351
0.30545614591379638 1.1320438540862034 0 -0.33009459788324463
0.30545614591379638 1.1562499999999998 0 -0.38604747347866608
0.30545614591379638 1.1804561459137961 0 -0.43976426947054548
0.30545614591379638 1.1945438540862034 0 -0.46996473366680153
0.30545614591379638 1.21875 0 -0.51953249764495879
0.30545614591379638 1.2429561459137963 0 -0.5660910047766321
0.30545614591379638 1.2570438540862037 0 -0.59177438843471208
0.30545614591379638 1.28125 0 -0.63305217948605774
0.30545614591379638 1.3054561459137961 0 -0.67066318042961581
0.30545614591379638 1.3195438540862039 0 -0.69084248548812055
0.30545614591379638 1.34375 0 -0.72224402126667375
0.30545614591379638 1.3679561459137966 0 -0.74946214646585452
0.30545614591379638 1.3820438540862039 0 -0.76336189365176255
0.30545614591379638 1.4062500000000004 0 -0.78368043080728433
0.30545614591379638 1.4304561459137966 0 -0.79945970285881995
0.30545614591379638 1.4445438540862041 0 -0.80654573254503092
0.30545614591379638 1.4687500000000004 0 -0.81500044089142665
0.30545614591379638 1.4929561459137968 0 -0.81873447109334907
0.30545614591379638 1.5070438540862039 0 -0.81873447109758013
0.30545614591379638 1.5312500000000004 0 -0.81500044101573688
0.30545614591379638 1.555456145913797 0 -0.80654573295292065
0.30545614591379638 1.5695438540862043 0 -0.79945970349431772
0.30545614591379638 1.5937500000000007 0 -0.78368043174775759
0.30545614591379638 1.617956145913797 0 -0.76336189476076077
0.30545614591379638 1.6320438540862046 0 -0.74946214760852636
0.30545614591379638 1.6562500000000004 0 -0.72224402233228768
0.30545614591379638 1.680456145913797 0 -0.69084248630265477
0.30545614591379638 1.6945438540862043 0 -0.67066318103076983
0.30545614591379638 1.7187500000000004 0 -0.63305217980102579
0.30545614591379638 1.742956145913797 0 -0.59177438859313491
0.30545614591379638 1.7570438540862039 0 -0.56609100489258413
0.30545614591379638 1.7812500000000004 0 -0.51953249760314324
0.30545614591379638 1.8054561459137966 0 -0.4699647333360325
0.30545614591379638 1.8195438540862043 0 -0.43976426891881132
0.30545614591379638 1.8437500000000002 0 -0.38604747257231647
0.30545614591379638 1.8679561459137966 0 -0.33009459667045316
0.30545614591379638 1.8820438540862039 0 -0.29653763861518423
0.30545614591379638 1.90625 0 -0.23772685973929295
0.30545614591379638 1.9304561459137963 0 -0.17753910981064558
0.30545614591379638 1.9445438540862039 0 -0.14191523310152679
0.30545614591379638 1.9687500000000004 0 -0.080270536936296863
0.30545614591379638 1.9929561459137966 0 -0.01816089467900478
0.31954385408620367 0.0070438540862036436 0 0.018707330373968704
0.31954385408620367 0.03125 0 0.082685763707157259
0.31954385408620367 0.05545614591379637 0 0.14618526124804193
0.31954385408620367 0.069543854086203671 0 0.1828810097685756
0.31954385408620367 0.093750000000000028 0 0.24487972353412851
0.31954385408620367 0.11795614591379638 0 0.30546003515525211
0.31954385408620367 0.13204385408620367 0 0.34002667438356515
0.31954385408620367 0.15625000000000006 0 0.39766309275095402
0.31954385408620367 0.18045614591379638 0 0.45299615104504748
0.31954385408620367 0.19454385408620367 0 0.48410530443496264
0.31954385408620367 0.21875 0 0.53516449231773477
0.31954385408620367 0.24295614591379636 0 0.58312387920465414
0.31954385408620367 0.25704385408620362 0 0.60958003967723107
0.31954385408620367 0.28125000000000006 0 0.65209982125079291
0.31954385408620367 0.30545614591379644 0 0.69084248411229854
0.31954385408620367 0.31954385408620373 0 0.71162895594120656
0.31954385408620367 0.34375 0 0.74397531952475993
0.31954385408620367 0.3679561459137965 0 0.77201239958559331
0.31954385408620367 0.38204385408620378 0 0.78633037046652543
0.31954385408620367 0.40625000000000011 0 0.80726026348867175
0.31954385408620367 0.43045614591379644 0 0.82351431118712692
0.31954385408620367 0.44454385408620373 0 0.83081354923029394
0.31954385408620367 0.46875 0 0.83952264739181004
0.31954385408620367 0.49295614591379633 0 0.84336902894526367
0.31954385408620367 0.50704385408620356 0 0.84336902877221864
0.31954385408620367 0.53125 0 0.83952264655279818
0.31954385408620367 0.55545614591379633 0 0.83081354761486004
0.31954385408620367 0.56954385408620378 0 0.82351430908829415
0.31954385408620367 0.59375 0 0.80726026079960311
0.31954385408620367 0.61795614591379644 0 0.78633036753305907
0.31954385408620367 0.63204385408620367 0 0.77201239665362964
0.31954385408620367 0.65625000000000022 0 0.7439753166065598
0.31954385408620367 0.68045614591379644 0 0.71162895301730755
0.31954385408620367 0.69454385408620367 0 0.69084248117751379
0.31954385408620367 0.71875 0 0.65209981830551156
0.31954385408620367 0.74295614591379633 0 0.60958003673485028
0.31954385408620367 0.75704385408620378 0 0.5831238762655544
0.31954385408620367 0.78125000000000011 0 0.53516448931727112
0.31954385408620367 0.80545614591379633 0 0.48410530127849238
0.31954385408620367 0.81954385408620367 0 0.4529961477626091
0.31954385408620367 0.84375 0 0.39766308931962463
0.31954385408620367 0.86795614591379622 0 0.3400266709069828
0.31954385408620367 0.88204385408620367 0 0.30546003169761127
0.31954385408620367 0.90625 0 0.244879720149763
0.31954385408620367 0.93045614591379633 0 0.18288100650369418
0.31954385408620367 0.94454385408620356 0 0.14618525807096533
0.31954385408620367 0.96874999999999978 0 0.082685760666513675
0.31954385408620367 0.992956145913796 0 0.018707327444976721
0.31954385408620367 1.0070438540862034 0 -0.01870733324753884
0.31954385408620367 1.03125 0 -0.082685766456017093
0.31954385408620367 1.0554561459137966 0 -0.14618526383090089
0.31954385408620367 1.0695438540862037 0 -0.18288101224036013
0.31954385408620367 1.09375 0 -0.24487972585948872
0.31954385408620367 1.1179561459137963 0 -0.30546003740022809
0.31954385408620367 1.1320438540862032 0 -0.34002667660944813
0.31954385408620367 1.1562499999999998 0 -0.39766309495026297
0.31954385408620367 1.1804561459137961 0 -0.45299615321977088
0.31954385408620367 1.1945438540862034 0 -0.48410530659246798
0.31954385408620367 1.21875 0 -0.53516449438233882
0.31954385408620367 1.2429561459137963 0 -0.58312388108800173
0.31954385408620367 1.2570438540862037 0 -0.60958004141999833
0.31954385408620367 1.28125 0 -0.65209982277683676
0.31954385408620367 1.3054561459137961 0 -0.69084248546513616
0.31954385408620367 1.3195438540862039 0 -0.71162895721378561
0.31954385408620367 1.34375 0 -0.74397532070254346
0.31954385408620367 1.3679561459137966 0 -0.77201240072419308
0.31954385408620367 1.3820438540862037 0 -0.786330371612316
0.31954385408620367 1.4062500000000004 0 -0.8072602647653474
0.31954385408620367 1.4304561459137966 0 -0.82351431275408127
0.31954385408620367 1.4445438540862043 0 -0.83081355103014132
0.31954385408620367 1.4687500000000002 0 -0.83952264955804567
0.31954385408620367 1.4929561459137966 0 -0.84336903141471442
0.31954385408620367 1.5070438540862039 0 -0.84336903140232711
0.31954385408620367 1.5312500000000004 0 -0.83952264963413648
0.31954385408620367 1.555456145913797 0 -0.83081355139772683
0.31954385408620367 1.5695438540862043 0 -0.82351431337012371
0.31954385408620367 1.5937500000000009 0 -0.80726026572038978
0.31954385408620367 1.617956145913797 0 -0.78633037276339957
0.31954385408620367 1.6320438540862043 0 -0.77201240192204268
0.31954385408620367 1.6562500000000004 0 -0.74397532184194992
0.31954385408620367 1.680456145913797 0 -0.71162895811598115
0.31954385408620367 1.6945438540862043 0 -0.69084248616028654
0.31954385408620367 1.7187500000000007 0 -0.65209982320054249
0.31954385408620367 1.742956145913797 0 -0.60958004170774815
0.31954385408620367 1.7570438540862037 0 -0.58312388134819837
0.31954385408620367 1.7812500000000004 0 -0.53516449451914005
0.31954385408620367 1.8054561459137966 0 -0.48410530648626371
0.31954385408620367 1.8195438540862043 0 -0.45299615292160061
0.31954385408620367 1.8437500000000004 0 -0.39766309430436714
0.31954385408620367 1.8679561459137968 0 -0.340026675603046
0.31954385408620367 1.8820438540862039 0 -0.305460036177442
0.31954385408620367 1.9062499999999998 0 -0.24487972424309576
0.31954385408620367 1.9304561459137961 0 -0.1828810102012938
0.31954385408620367 1.9445438540862037 0 -0.14618526153819575
0.31954385408620367 1.9687500000000004 0 -0.082685763801762721
0.31954385408620367 1.9929561459137966 0 -0.018707330338076394
0.34375 0.0070438540862036436 0 0.019557652853693284
0.34375 0.03125 0 0.086444160167083561
0.34375 0.05545614591379637 0 0.15282996215810674
0.34375 0.069543854086203657 0 0.19119367824560146
0.34375 0.093750000000000028 0 0.2560104798914164
0.34375 0.11795614591379638 0 0.31934440739489317
0.34375 0.13204385408620367 0 0.3554822377346587
0.34375 0.15625000000000006 0 0.41573846034237788
0.34375 0.18045614591379638 0 0.47358662599844814
0.34375 0.19454385408620367 0 0.50610981401541144
0.34375 0.21875 0 0.55948984485322151
0.34375 0.24295614591379638 0 0.6096291764151226
0.34375 0.25704385408620367 0 0.63728787448652413
0.34375 0.28125 0 0.68174034905235426
0.34375 0.30545614591379644 0 0.72224401985123443
0.34375 0.31954385408620373 0 0.74397531939858019
0.34375 0.34375000000000006 0 0.77779195367822274
0.34375 0.36795614591379644 0 0.80710343034755738
0.34375 0.38204385408620378 0 0.8220722098391704
0.34375 0.40625000000000011 0 0.84395344962009333
0.34375 0.43045614591379644 0 0.86094630840901509
0.34375 0.44454385408620367 0 0.8685773258795787
0.34375 0.46874999999999994 0 0.87768228724638353
0.34375 0.49295614591379633 0 0.88170350219680715
0.34375 0.50704385408620356 0 0.88170350205096282
0.34375 0.53125 0 0.87768228653828495
0.34375 0.55545614591379633 0 0.86857732451462955
0.34375 0.56954385408620378 0 0.8609463066333003
0.34375 0.59375000000000011 0 0.8439534473192678
0.34375 0.61795614591379633 0 0.82207220727438013
0.34375 0.63204385408620378 0 0.8071034277379936
0.34375 0.65625000000000022 0 0.77779195100545473
0.34375 0.68045614591379633 0 0.74397531665527006
0.34375 0.69454385408620367 0 0.72224401706420438
0.34375 0.71875 0 0.68174034619649582
0.34375 0.74295614591379633 0 0.63728787157134137
0.34375 0.75704385408620378 0 0.60962917346624224
0.34375 0.78125000000000011 0 0.55948984179378702
0.34375 0.80545614591379633 0 0.50610981077115114
0.34375 0.81954385408620367 0 0.47358662261990653
0.34375 0.84374999999999989 0 0.41573845680118976
0.34375 0.86795614591379622 0 0.35548223413313496
0.34375 0.88204385408620367 0 0.31934440380375917
0.34375 0.90625 0 0.2560104763720159
0.34375 0.93045614591379633 0 0.19119367486258929
0.34375 0.94454385408620367 0 0.1528299588803218
0.34375 0.96874999999999978 0 0.086444157054865522
0.34375 0.99295614591379611 0 0.019557649879275805
0.34375 1.0070438540862034 0 -0.019557655776536335
0.34375 1.03125 0 -0.086444162943700234
0.34375 1.0554561459137966 0 -0.15282996475007846
0.34375 1.0695438540862037 0 -0.19119368071569179
0.34375 1.0937500000000002 0 -0.25601048217709743
0.34375 1.1179561459137963 0 -0.3193444095348813
0.34375 1.1320438540862034 0 -0.355482239807342
0.34375 1.1562499999999998 0 -0.41573846232432926
0.34375 1.1804561459137961 0 -0.47358662792043438
0.34375 1.1945438540862034 0 -0.50610981591327064
0.34375 1.21875 0 -0.55948984667642099
0.34375 1.2429561459137963 0 -0.60962917811431816
0.34375 1.2570438540862037 0 -0.63728787609280424
0.34375 1.28125 0 -0.68174035049335124
0.34375 1.3054561459137961 0 -0.72224402112410524
0.34375 1.3195438540862039 0 -0.74397532057728522
0.34375 1.34375 0 -0.77779195477753238
0.34375 1.3679561459137966 0 -0.80710343148249142
0.34375 1.3820438540862039 0 -0.82207221104551487
0.34375 1.4062500000000004 0 -0.84395345100158714
0.34375 1.4304561459137966 0 -0.86094631002703093
0.34375 1.4445438540862041 0 -0.86857732765918894
0.34375 1.4687500000000002 0 -0.87768228927904501
0.34375 1.4929561459137966 0 -0.88170350444204348
0.34375 1.5070438540862041 0 -0.88170350441473488
0.34375 1.5312500000000004 0 -0.87768228930193182
0.34375 1.555456145913797 0 -0.86857732795541864
0.34375 1.5695438540862043 0 -0.86094631057071336
0.34375 1.5937500000000004 0 -0.84395345190342685
0.34375 1.617956145913797 0 -0.82207221218958948
0.34375 1.6320438540862043 0 -0.80710343271051976
0.34375 1.6562500000000004 0 -0.77779195599604423
0.34375 1.680456145913797 0 -0.7439753215839312
0.34375 1.6945438540862043 0 -0.72224402192953951
0.34375 1.7187500000000004 0 -0.68174035105158448
0.34375 1.7429561459137966 0 -0.6372878765615142
0.34375 1.7570438540862039 0 -0.60962917859196397
0.34375 1.7812500000000004 0 -0.55948984709821381
0.34375 1.8054561459137966 0 -0.50610981616409989
0.34375 1.8195438540862041 0 -0.47358662801942741
0.34375 1.8437500000000004 0 -0.41573846208247145
0.34375 1.8679561459137968 0 -0.35548223912496735
0.34375 1.8820438540862039 0 -0.31934440855655638
0.34375 1.90625 0 -0.2560104807184137
0.34375 1.9304561459137961 0 -0.19119367882594585
0.34375 1.9445438540862039 0 -0.15282996263069634
0.34375 1.9687500000000002 0 -0.08644416044403308
0.34375 1.9929561459137966 0 -0.019557652911481854
0.36795614591379638 0.0070438540862036436 0 0.020294692722724376
0.36795614591379638 0.03125 0 0.089701851356068882
0.36795614591379638 0.05545614591379637 0 0.15858943530385614
0.36795614591379638 0.069543854086203657 0 0.19839890709495181
0.36795614591379638 0.093750000000000028 0 0.26565836214395899
0.36795614591379638 0.11795614591379638 0 0.33137906024120017
0.36795614591379638 0.13204385408620367 0 0.3688787627268878
0.36795614591379638 0.15625000000000006 0 0.43140577108869949
0.36795614591379638 0.18045614591379638 0 0.49143397363488528
0.36795614591379638 0.19454385408620367 0 0.52518281414858881
0.36795614591379638 0.21875 0 0.58057449795573657
0.36795614591379638 0.24295614591379638 0 0.63260335511516208
0.36795614591379638 0.25704385408620367 0 0.66130438494820809
0.36795614591379638 0.28125 0 0.70743207308363287
0.36795614591379638 0.30545614591379644 0 0.74946214483404816
0.36795614591379638 0.31954385408620367 0 0.77201239920243947
0.36795614591379638 0.34375000000000011 0 0.80710343012387054
0.36795614591379638 0.36795614591379644 0 0.83751952429789156
0.36795614591379638 0.38204385408620378 0 0.85305240963876483
0.36795614591379638 0.40625000000000011 0 0.87575825480958369
0.36795614591379638 0.43045614591379644 0 0.89339149802444418
0.36795614591379638 0.44454385408620367 0 0.90131009427621822
0.36795614591379638 0.46874999999999994 0 0.91075818073355808
0.36795614591379638 0.49295614591379633 0 0.9149309371599722
0.36795614591379638 0.50704385408620356 0 0.91493093696407268
0.36795614591379638 0.53125 0 0.91075817992384034
0.36795614591379638 0.55545614591379633 0 0.90131009294468822
0.36795614591379638 0.56954385408620378 0 0.8933914964322669
0.36795614591379638 0.59375000000000011 0 0.87575825285398912
0.36795614591379638 0.61795614591379644 0 0.85305240742799582
0.36795614591379638 0.63204385408620378 0 0.83751952198490176
0.36795614591379638 0.65625000000000022 0 0.8071034276607798
0.36795614591379638 0.68045614591379655 0 0.77201239661384213
0.36795614591379638 0.69454385408620367 0 0.74946214218315088
0.36795614591379638 0.71875 0 0.70743207033532385
0.36795614591379638 0.74295614591379633 0 0.66130438211341069
0.36795614591379638 0.75704385408620389 0 0.63260335222883435
0.36795614591379638 0.78125000000000011 0 0.58057449488392843
0.36795614591379638 0.80545614591379633 0 0.52518281075522755
0.36795614591379638 0.81954385408620367 0 0.49143397000633143
0.36795614591379638 0.84375 0 0.43140576719588514
0.36795614591379638 0.86795614591379633 0 0.36887875877831611
0.36795614591379638 0.88204385408620367 0 0.33137905634966813
0.36795614591379638 0.90625 0 0.26565835840518393
0.36795614591379638 0.93045614591379633 0 0.19839890356404061
0.36795614591379638 0.94454385408620345 0 0.15858943191542266
0.36795614591379638 0.96874999999999978 0 0.089701848190468461
0.36795614591379638 0.99295614591379611 0 0.020294689743774748
0.36795614591379638 1.0070438540862034 0 -0.020294695666110391
0.36795614591379638 1.03125 0 -0.089701854126993302
0.36795614591379638 1.0554561459137966 0 -0.15858943788407501
0.36795614591379638 1.0695438540862037 0 -0.1983989095558365
0.36795614591379638 1.0937500000000002 0 -0.26565836438626139
0.36795614591379638 1.1179561459137963 0 -0.33137906224792146
0.36795614591379638 1.1320438540862034 0 -0.36887876459419183
0.36795614591379638 1.1562499999999998 0 -0.43140577279653497
0.36795614591379638 1.1804561459137961 0 -0.49143397529647442
0.36795614591379638 1.1945438540862034 0 -0.52518281582821003
0.36795614591379638 1.21875 0 -0.58057449963417374
0.36795614591379638 1.2429561459137966 0 -0.63260335673616219
0.36795614591379638 1.2570438540862037 0 -0.66130438651067536
0.36795614591379638 1.28125 0 -0.70743207451445411
0.36795614591379638 1.3054561459137961 0 -0.74946214609565898
0.36795614591379638 1.3195438540862039 0 -0.77201240035772434
0.36795614591379638 1.34375 0 -0.80710343122697381
0.36795614591379638 1.3679561459137966 0 -0.83751952553432807
0.36795614591379638 1.3820438540862039 0 -0.85305241102641993
0.36795614591379638 1.4062500000000004 0 -0.87575825640394234
0.36795614591379638 1.4304561459137966 0 -0.89339149973274801
0.36795614591379638 1.4445438540862041 0 -0.90131009601615686
0.36795614591379638 1.4687500000000002 0 -0.91075818259055419
0.36795614591379638 1.4929561459137966 0 -0.91493093923071944
0.36795614591379638 1.5070438540862039 0 -0.91493093920738799
0.36795614591379638 1.5312500000000004 0 -0.91075818260215569
0.36795614591379638 1.555456145913797 0 -0.90131009624101999
0.36795614591379638 1.5695438540862043 0 -0.8933915001545788
0.36795614591379638 1.5937500000000007 0 -0.87575825714848443
0.36795614591379638 1.617956145913797 0 -0.85305241205371485
0.36795614591379638 1.6320438540862043 0 -0.83751952669904528
0.36795614591379638 1.6562500000000004 0 -0.80710343244791838
0.36795614591379638 1.680456145913797 0 -0.7720124013884746
0.36795614591379638 1.6945438540862043 0 -0.74946214692124891
0.36795614591379638 1.7187500000000004 0 -0.70743207511442707
0.36795614591379638 1.742956145913797 0 -0.66130438708666994
0.36795614591379638 1.7570438540862039 0 -0.63260335737661111
0.36795614591379638 1.7812500000000004 0 -0.58057450030033297
0.36795614591379638 1.8054561459137966 0 -0.52518281638125841
0.36795614591379638 1.8195438540862041 0 -0.49143397571922964
0.36795614591379638 1.8437500000000002 0 -0.43140577287614457
0.36795614591379638 1.8679561459137966 0 -0.36887876417865956
0.36795614591379638 1.8820438540862039 0 -0.33137906148425844
0.36795614591379638 1.90625 0 -0.26565836307397267
0.36795614591379638 1.9304561459137963 0 -0.19839890777930241
0.36795614591379638 1.9445438540862039 0 -0.1585894358721234
0.36795614591379638 1.9687500000000004 0 -0.089701851708127125
0.36795614591379638 1.9929561459137966 0 -0.020294692828428582
0.38204385408620373 0.0070438540862036436 0 0.020671084110214559
0.38204385408620367 0.03125 0 0.091365488511711501
0.38204385408620367 0.05545614591379637 0 0.16153068200702395
0.38204385408620373 0.069543854086203671 0 0.20207847204685009
0.38204385408620367 0.093750000000000028 0 0.27058534087984171
0.38204385408620367 0.11795614591379638 0 0.33752491455001665
0.38204385408620373 0.13204385408620367 0 0.37572009766005554
0.38204385408620367 0.15625000000000006 0 0.43940675047743816
0.38204385408620367 0.18045614591379638 0 0.50054825385326462
0.38204385408620373 0.19454385408620367 0 0.53492301034830014
0.38204385408620367 0.21875 0 0.59134200470479059
0.38204385408620367 0.24295614591379636 0 0.64433580442914151
0.38204385408620367 0.25704385408620362 0 0.67356913204311364
0.38204385408620367 0.28125 0 0.72055231792205265
0.38204385408620367 0.30545614591379644 0 0.76336189182327674
0.38204385408620367 0.31954385408620367 0 0.78633036988850824
0.38204385408620367 0.34375000000000011 0 0.82207220945121851
0.38204385408620367 0.36795614591379644 0 0.85305240948664296
0.38204385408620367 0.38204385408620378 0 0.86887337229734274
0.38204385408620367 0.40625000000000011 0 0.89200032680507924
0.38204385408620367 0.43045614591379644 0 0.90996060144387869
0.38204385408620367 0.44454385408620367 0 0.9180260583928741
0.38204385408620367 0.46875 0 0.92764937191370622
0.38204385408620367 0.49295614591379633 0 0.93189951748116584
0.38204385408620367 0.50704385408620356 0 0.93189951722707576
0.38204385408620367 0.53125 0 0.92764937095675126
0.38204385408620367 0.55545614591379633 0 0.91802605699690176
0.38204385408620367 0.56954385408620378 0 0.90996059990247458
0.38204385408620367 0.59375 0 0.89200032502926285
0.38204385408620367 0.61795614591379644 0 0.86887337028193457
0.38204385408620367 0.63204385408620367 0 0.85305240733176946
0.38204385408620367 0.65625000000000022 0 0.82207220709263651
0.38204385408620367 0.68045614591379644 0 0.78633036737676232
0.38204385408620367 0.69454385408620367 0 0.76336188924407067
0.38204385408620367 0.71875000000000011 0 0.72055231523997654
0.38204385408620367 0.74295614591379633 0 0.67356912927120516
0.38204385408620367 0.75704385408620378 0 0.64433580160191317
0.38204385408620367 0.78125000000000011 0 0.59134200163945871
0.38204385408620367 0.80545614591379633 0 0.53492300684437766
0.38204385408620367 0.81954385408620367 0 0.50054825002332592
0.38204385408620367 0.84375 0 0.43940674629403398
0.38204385408620367 0.86795614591379622 0 0.37572009343129115
0.38204385408620367 0.88204385408620367 0 0.33752491042530153
0.38204385408620367 0.90625 0 0.2705853369844391
0.38204385408620367 0.93045614591379633 0 0.20207846841990454
0.38204385408620367 0.94454385408620356 0 0.16153067855092129
0.38204385408620367 0.96874999999999978 0 0.091365485322170467
0.38204385408620367 0.99295614591379611 0 0.020671081145694142
0.38204385408620367 1.0070438540862034 0 -0.020671087050684045
0.38204385408620367 1.03125 0 -0.091365491261027096
0.38204385408620367 1.0554561459137966 0 -0.16153068456646003
0.38204385408620367 1.0695438540862037 0 -0.20207847449380092
0.38204385408620367 1.09375 0 -0.27058534309102011
0.38204385408620367 1.1179561459137963 0 -0.33752491646612898
0.38204385408620367 1.1320438540862032 0 -0.37572009938726958
0.38204385408620367 1.1562499999999998 0 -0.43940675200490131
0.38204385408620367 1.1804561459137961 0 -0.50054825536077097
0.38204385408620367 1.1945438540862034 0 -0.53492301191605773
0.38204385408620367 1.2187500000000002 0 -0.59134200633333778
0.38204385408620367 1.2429561459137963 0 -0.64433580604076612
0.38204385408620367 1.2570438540862037 0 -0.67356913361023663
0.38204385408620367 1.28125 0 -0.72055231937027553
0.38204385408620367 1.3054561459137961 0 -0.76336189310138858
0.38204385408620367 1.3195438540862039 0 -0.78633037105583714
0.38204385408620367 1.34375 0 -0.82207221058777413
0.38204385408620367 1.3679561459137966 0 -0.85305241081979089
0.38204385408620367 1.3820438540862037 0 -0.86887337383147178
0.38204385408620367 1.4062500000000004 0 -0.89200032855731304
0.38204385408620367 1.4304561459137966 0 -0.90996060321404859
0.38204385408620367 1.4445438540862043 0 -0.91802606009908205
0.38204385408620367 1.4687500000000002 0 -0.92764937365274081
0.38204385408620367 1.4929561459137966 0 -0.9318995194720201
0.38204385408620367 1.5070438540862039 0 -0.93189951945941318
0.38204385408620367 1.5312500000000004 0 -0.92764937367737443
0.38204385408620367 1.555456145913797 0 -0.9180260602857645
0.38204385408620367 1.5695438540862043 0 -0.90996060354819341
0.38204385408620367 1.5937500000000009 0 -0.89200032917055472
0.38204385408620367 1.617956145913797 0 -0.86887337474697723
0.38204385408620367 1.6320438540862043 0 -0.85305241190916059
0.38204385408620367 1.6562500000000004 0 -0.8220722117785112
0.38204385408620367 1.680456145913797 0 -0.78633037207079393
0.38204385408620367 1.6945438540862043 0 -0.76336189390801779
0.38204385408620367 1.7187500000000007 0 -0.72055231996547398
0.38204385408620367 1.742956145913797 0 -0.67356913422608111
0.38204385408620367 1.7570438540862041 0 -0.64433580675876767
0.38204385408620367 1.7812500000000004 0 -0.59134200712722174
0.38204385408620367 1.8054561459137966 0 -0.534923012623578
0.38204385408620367 1.8195438540862043 0 -0.5005482559430714
0.38204385408620367 1.8437500000000004 0 -0.43940675223918013
0.38204385408620367 1.8679561459137966 0 -0.37572009910497706
0.38204385408620367 1.8820438540862039 0 -0.33752491581645483
0.38204385408620367 1.9062499999999998 0 -0.27058534186082511
0.38204385408620367 1.9304561459137961 0 -0.20207847277078803
0.38204385408620367 1.9445438540862037 0 -0.16153068259318781
0.38204385408620367 1.9687500000000004 0 -0.091365488862337335
0.38204385408620367 1.9929561459137966 0 -0.020671084224083477
0.40625000000000006 0.0070438540862036436 0 0.021221289985841156
0.40625 0.03125 0 0.093797379767080052
0.40625 0.05545614591379637 0 0.16583017249514609
0.40625000000000006 0.069543854086203657 0 0.20745723013859002
0.40625 0.093750000000000028 0 0.27778755826800833
0.40625 0.11795614591379638 0 0.34650887428917765
0.40625000000000006 0.13204385408620367 0 0.38572070528395924
0.40625 0.15625000000000006 0 0.45110251689282121
0.40625 0.18045614591379638 0 0.51387143435301141
0.40625000000000006 0.19454385408620367 0 0.54916114974244945
0.40625 0.21875 0 0.60708185830812855
0.40625 0.24295614591379638 0 0.66148620322268126
0.40625 0.25704385408620367 0 0.69149763939846742
0.40625 0.28125 0 0.73973138490381551
0.40625 0.30545614591379644 0 0.78368042868104937
0.40625 0.31954385408620378 0 0.80726026272520413
0.40625 0.34375000000000011 0 0.84395344905607206
0.40625 0.36795614591379644 0 0.87575825447463562
0.40625 0.38204385408620378 0 0.89200032661261952
0.40625 0.40625000000000011 0 0.9157428553279896
0.40625 0.43045614591379644 0 0.9341811817888932
0.40625 0.44454385408620367 0 0.94246131845810355
0.40625 0.46874999999999994 0 0.95234077742636158
0.40625 0.49295614591379633 0 0.95670404982546597
0.40625 0.50704385408620356 0 0.95670404952065369
0.40625 0.53125 0 0.9523407763539582
0.40625 0.55545614591379633 0 0.94246131705171898
0.40625 0.56954385408620378 0 0.93418118036363762
0.40625 0.59375000000000011 0 0.91574285380428955
0.40625 0.61795614591379633 0 0.89200032485463876
0.40625 0.63204385408620378 0 0.8757582525269566
0.40625 0.65625000000000022 0 0.84395344683078288
0.40625 0.68045614591379655 0 0.80726026030336251
0.40625 0.69454385408620378 0 0.78368042617875266
0.40625 0.71875000000000011 0 0.73973138227007662
0.40625 0.74295614591379633 0 0.69149763663454233
0.40625 0.75704385408620389 0 0.66148620037432582
0.40625 0.78125000000000011 0 0.60708185515891477
0.40625 0.80545614591379633 0 0.54916114607535171
0.40625 0.81954385408620378 0 0.51387143030928129
0.40625 0.84375 0 0.45110251244892763
0.40625 0.86795614591379633 0 0.38572070080575388
0.40625 0.88204385408620367 0 0.34650886994527397
0.40625 0.90625 0 0.27778755420423323
0.40625 0.93045614591379633 0 0.20745722638661776
0.40625 0.94454385408620367 0 0.1658301689370138
0.40625 0.96874999999999978 0 0.093797376529631729
0.40625 0.99295614591379611 0 0.02122128704863099
0.40625 1.0070438540862034 0 -0.021221292870643248
0.40625 1.03125 0 -0.093797382403650667
0.40625 1.0554561459137966 0 -0.16583017492878782
0.40625 1.0695438540862037 0 -0.20745723246882736
0.40625 1.0937500000000002 0 -0.27778756035195296
0.40625 1.1179561459137963 0 -0.34650887602670533
0.40625 1.1320438540862034 0 -0.38572070678787546
0.40625 1.1562499999999998 0 -0.45110251815518776
0.40625 1.1804561459137961 0 -0.51387143560652926
0.40625 1.1945438540862034 0 -0.54916115108435892
0.40625 1.2187500000000002 0 -0.60708185975555873
0.40625 1.2429561459137966 0 -0.66148620468752062
0.40625 1.2570438540862037 0 -0.6914976408347
0.40625 1.28125 0 -0.73973138625212709
0.40625 1.3054561459137961 0 -0.78368042989638953
0.40625 1.3195438540862039 0 -0.80726026385429184
0.40625 1.34375 0 -0.84395345020275925
0.40625 1.3679561459137966 0 -0.87575825587432876
0.40625 1.3820438540862039 0 -0.89200032824562836
0.40625 1.4062500000000004 0 -0.91574285716978365
0.40625 1.4304561459137966 0 -0.93418118354816126
0.40625 1.4445438540862041 0 -0.9424613200622266
0.40625 1.4687500000000002 0 -0.95234077899134184
0.40625 1.4929561459137966 0 -0.95670405169746309
0.40625 1.5070438540862041 0 -0.9567040517133113
0.40625 1.5312500000000004 0 -0.95234077907666193
0.40625 1.555456145913797 0 -0.94246132024027029
0.40625 1.5695438540862043 0 -0.93418118379450998
0.40625 1.5937500000000004 0 -0.91574285761358165
0.40625 1.617956145913797 0 -0.89200032899602066
0.40625 1.6320438540862043 0 -0.8757582568372525
0.40625 1.6562500000000004 0 -0.84395345134325683
0.40625 1.680456145913797 0 -0.80726026490010694
0.40625 1.6945438540862043 0 -0.78368043078235095
0.40625 1.7187500000000004 0 -0.73973138699725549
0.40625 1.742956145913797 0 -0.69149764165290728
0.40625 1.7570438540862043 0 -0.66148620563057181
0.40625 1.7812500000000004 0 -0.60708186080815718
0.40625 1.805456145913797 0 -0.54916115207869731
0.40625 1.8195438540862041 0 -0.513871436488192
0.40625 1.8437500000000004 0 -0.4511025186847466
0.40625 1.8679561459137966 0 -0.38572070676165077
0.40625 1.8820438540862039 0 -0.34650887559641719
0.40625 1.90625 0 -0.27778755928952525
0.40625 1.9304561459137961 0 -0.20745723088140772
0.40625 1.9445438540862039 0 -0.16583017307994613
0.40625 1.9687500000000002 0 -0.093797380102026706
0.40625 1.9929561459137966 0 -0.021221290100379271
0.43045614591379638 0.0070438540862036436 0 0.021648577075674715
0.43045614591379638 0.03125 0 0.095685974107360836
0.43045614591379638 0.05545614591379637 0 0.1691691348640115
0.43045614591379638 0.069543854086203657 0 0.2116343462196584
0.43045614591379638 0.093750000000000028 0 0.28338076350522695
0.43045614591379638 0.11795614591379638 0 0.35348577147835836
0.43045614591379638 0.13204385408620367 0 0.39348712598081953
0.43045614591379638 0.15625000000000006 0 0.46018538920063445
0.43045614591379638 0.18045614591379638 0 0.52421814812715761
0.43045614591379638 0.19454385408620367 0 0.56021841594104049
0.43045614591379638 0.21875 0 0.61930534812140392
0.43045614591379638 0.24295614591379638 0 0.67480511524439046
0.43045614591379638 0.25704385408620367 0 0.70542082655978977
0.43045614591379638 0.28125 0 0.75462575027548262
0.43045614591379638 0.30545614591379644 0 0.79945970050870085
0.43045614591379638 0.31954385408620373 0 0.8235143104594258
0.43045614591379638 0.34375000000000011 0 0.86094630782663095
0.43045614591379638 0.36795614591379644 0 0.89339149762254677
0.43045614591379638 0.38204385408620378 0 0.90996060115955457
0.43045614591379638 0.40625000000000011 0 0.93418118167234843
0.43045614591379638 0.43045614591379644 0 0.95299076064883803
0.43045614591379638 0.44454385408620367 0 0.96143761640428771
0.43045614591379638 0.46874999999999994 0 0.97151599654087029
0.43045614591379638 0.49295614591379633 0 0.97596712269393504
0.43045614591379638 0.50704385408620356 0 0.97596712241481354
0.43045614591379638 0.53125 0 0.97151599556806756
0.43045614591379638 0.55545614591379633 0 0.96143761514914383
0.43045614591379638 0.56954385408620378 0 0.95299075939411504
0.43045614591379638 0.59375000000000011 0 0.93418118032605812
0.43045614591379638 0.61795614591379655 0 0.90996059955153918
0.43045614591379638 0.63204385408620389 0 0.89339149579489163
0.43045614591379638 0.65625000000000022 0 0.86094630567382213
0.43045614591379638 0.68045614591379655 0 0.823514308071432
0.43045614591379638 0.69454385408620389 0 0.79945969802006267
0.43045614591379638 0.71875000000000011 0 0.75462574759709622
0.43045614591379638 0.74295614591379644 0 0.70542082365912839
0.43045614591379638 0.75704385408620389 0 0.6748051121967843
0.43045614591379638 0.78125000000000011 0 0.61930534475130772
0.43045614591379638 0.80545614591379633 0 0.56021841215428514
0.43045614591379638 0.81954385408620378 0 0.52421814406933642
0.43045614591379638 0.84375 0 0.46018538485323729
0.43045614591379638 0.86795614591379633 0 0.39348712159867744
0.43045614591379638 0.88204385408620367 0 0.35348576718483843
0.43045614591379638 0.90625 0 0.28338075942189761
0.43045614591379638 0.93045614591379633 0 0.21163434240134341
0.43045614591379638 0.94454385408620356 0 0.16916913122468577
0.43045614591379638 0.96874999999999978 0 0.095685970810735071
0.43045614591379638 0.99295614591379622 0 0.021648574165137657
0.43045614591379638 1.0070438540862034 0 -0.021648579837191873
0.43045614591379638 1.03125 0 -0.095685976529296196
0.43045614591379638 1.0554561459137966 0 -0.1691691370485493
0.43045614591379638 1.0695438540862037 0 -0.21163434830477873
0.43045614591379638 1.0937500000000002 0 -0.2833807653596247
0.43045614591379638 1.1179561459137963 0 -0.35348577300828798
0.43045614591379638 1.1320438540862034 0 -0.3934871272909638
0.43045614591379638 1.1562499999999998 0 -0.46018539026606542
0.43045614591379638 1.1804561459137961 0 -0.52421814914244891
0.43045614591379638 1.1945438540862034 0 -0.560218417006072
0.43045614591379638 1.2187500000000002 0 -0.61930534924511371
0.43045614591379638 1.2429561459137966 0 -0.6748051163697758
0.43045614591379638 1.2570438540862037 0 -0.70542082766237135
0.43045614591379638 1.28125 0 -0.75462575133556498
0.43045614591379638 1.3054561459137961 0 -0.79945970152743917
0.43045614591379638 1.3195438540862039 0 -0.82351431146108045
0.43045614591379638 1.34375 0 -0.86094630890919555
0.43045614591379638 1.3679561459137966 0 -0.89339149893942249
0.43045614591379638 1.3820438540862039 0 -0.90996060266647483
0.43045614591379638 1.4062500000000004 0 -0.93418118333977118
0.43045614591379638 1.4304561459137966 0 -0.95299076223005041
0.43045614591379638 1.4445438540862041 0 -0.96143761784685566
0.43045614591379638 1.4687500000000002 0 -0.97151599797592536
0.43045614591379638 1.4929561459137966 0 -0.97596712446768175
0.43045614591379638 1.5070438540862041 0 -0.97596712452403189
0.43045614591379638 1.5312500000000004 0 -0.97151599817100143
0.43045614591379638 1.555456145913797 0 -0.96143761809557415
0.43045614591379638 1.5695438540862043 0 -0.95299076248114789
0.43045614591379638 1.5937500000000007 0 -0.93418118370286451
0.43045614591379638 1.617956145913797 0 -0.90996060330041995
0.43045614591379638 1.6320438540862043 0 -0.89339149978957211
0.43045614591379638 1.6562500000000004 0 -0.86094631000953714
0.43045614591379638 1.680456145913797 0 -0.82351431262663954
0.43045614591379638 1.6945438540862043 0 -0.79945970265767308
0.43045614591379638 1.7187500000000004 0 -0.75462575246018893
0.43045614591379638 1.742956145913797 0 -0.70542082887681801
0.43045614591379638 1.7570438540862043 0 -0.67480511767121565
0.43045614591379638 1.7812500000000004 0 -0.61930535061519132
0.43045614591379638 1.805456145913797 0 -0.56021841832257258
0.43045614591379638 1.8195438540862043 0 -0.5242181503660277
0.43045614591379638 1.8437500000000002 0 -0.46018539114036744
0.43045614591379638 1.8679561459137966 0 -0.3934871275643711
0.43045614591379638 1.8820438540862039 0 -0.35348577283315719
0.43045614591379638 1.90625 0 -0.28338076450329835
0.43045614591379638 1.9304561459137963 0 -0.21163434691735619
0.43045614591379638 1.9445438540862039 0 -0.16916913541152262
0.43045614591379638 1.9687500000000004 0 -0.095685974419086828
0.43045614591379638 1.9929561459137966 0 -0.021648577176916872
0.44454385408620367 0.0070438540862036436 0 0.021840459765191458
0.44454385408620367 0.03125 0 0.096534089008100926
0.44454385408620367 0.05545614591379637 0 0.17066856948292111
0.44454385408620367 0.069543854086203671 0 0.21351017223097096
0.44454385408620367 0.093750000000000028 0 0.28589251554075429
0.44454385408620367 0.11795614591379638 0 0.35661890084027043
0.44454385408620367 0.13204385408620367 0 0.39697480824400616
0.44454385408620367 0.15625000000000006 0 0.46426425303819724
0.44454385408620367 0.18045614591379638 0 0.52886456781982771
0.44454385408620367 0.19454385408620367 0 0.56518392486491753
0.44454385408620367 0.21875 0 0.62479457546831962
0.44454385408620367 0.24295614591379636 0 0.68078626607656711
0.44454385408620367 0.25704385408620362 0 0.71167334045847708
0.44454385408620367 0.28125 0 0.76131439314163563
0.44454385408620367 0.30545614591379644 0 0.80654573010011399
0.44454385408620367 0.31954385408620373 0 0.83081354862002854
0.44454385408620367 0.34375000000000011 0 0.86857732535796717
0.44454385408620367 0.36795614591379644 0 0.90131009389075967
0.44454385408620367 0.38204385408620378 0 0.91802605810490501
0.44454385408620367 0.40625000000000011 0 0.94246131831387869
0.44454385408620367 0.43045614591379644 0 0.9614376163659053
0.44454385408620367 0.44454385408620367 0 0.96995934095495795
0.44454385408620367 0.46875 0 0.98012705098606923
0.44454385408620367 0.49295614591379633 0 0.98461762982354339
0.44454385408620367 0.50704385408620356 0 0.98461762959171228
0.44454385408620367 0.53125 0 0.98012705016247703
0.44454385408620367 0.55545614591379633 0 0.96995933985707083
0.44454385408620367 0.56954385408620378 0 0.96143761523477123
0.44454385408620367 0.59375 0 0.94246131704160385
0.44454385408620367 0.61795614591379655 0 0.91802605654236114
0.44454385408620367 0.63204385408620378 0 0.90131009210054502
0.44454385408620367 0.65625000000000022 0 0.86857732322678727
0.44454385408620367 0.68045614591379655 0 0.83081354623291936
0.44454385408620367 0.69454385408620389 0 0.80654572759714349
0.44454385408620367 0.71875000000000011 0 0.76131439040405047
0.44454385408620367 0.74295614591379644 0 0.71167333742818717
0.44454385408620367 0.75704385408620389 0 0.68078626285282973
0.44454385408620367 0.78125000000000011 0 0.62479457192808285
0.44454385408620367 0.80545614591379633 0 0.56518392103618975
0.44454385408620367 0.81954385408620367 0 0.52886456384025582
0.44454385408620367 0.84375 0 0.46426424889218548
0.44454385408620367 0.86795614591379622 0 0.39697480405784713
0.44454385408620367 0.88204385408620367 0 0.35661889668693292
0.44454385408620367 0.90625 0 0.2858925115105978
0.44454385408620367 0.93045614591379633 0 0.21351016840418754
0.44454385408620367 0.94454385408620356 0 0.17066856581206499
0.44454385408620367 0.96874999999999978 0 0.096534085679629372
0.44454385408620367 0.99295614591379633 0 0.021840456874655197
0.44454385408620367 1.0070438540862034 0 -0.021840462425471961
0.44454385408620367 1.03125 0 -0.096534091264085395
0.44454385408620367 1.0554561459137966 0 -0.17066857147268802
0.44454385408620367 1.0695438540862037 0 -0.21351017412052706
0.44454385408620367 1.09375 0 -0.28589251721738262
0.44454385408620367 1.1179561459137963 0 -0.35661890223326326
0.44454385408620367 1.1320438540862032 0 -0.39697480944815605
0.44454385408620367 1.1562499999999998 0 -0.46426425401088456
0.44454385408620367 1.1804561459137961 0 -0.5288645686977187
0.44454385408620367 1.1945438540862034 0 -0.56518392574384524
0.44454385408620367 1.2187500000000002 0 -0.62479457634334878
0.44454385408620367 1.2429561459137966 0 -0.6807862669259469
0.44454385408620367 1.2570438540862037 0 -0.71167334128559057
0.44454385408620367 1.28125 0 -0.76131439395865663
0.44454385408620367 1.3054561459137961 0 -0.80654573094846072
0.44454385408620367 1.3195438540862039 0 -0.83081354950698716
0.44454385408620367 1.34375 0 -0.86857732636631158
0.44454385408620367 1.3679561459137966 0 -0.90131009509292837
0.44454385408620367 1.3820438540862037 0 -0.91802605944309534
0.44454385408620367 1.4062500000000004 0 -0.94246131977125502
0.44454385408620367 1.4304561459137966 0 -0.96143761777566905
0.44454385408620367 1.4445438540862043 0 -0.96995934227964919
0.44454385408620367 1.4687500000000002 0 -0.98012705236214193
0.44454385408620367 1.4929561459137968 0 -0.98461763154294735
0.44454385408620367 1.5070438540862041 0 -0.98461763162571692
0.44454385408620367 1.5312500000000004 0 -0.98012705263524669
0.44454385408620367 1.555456145913797 0 -0.9699593425973061
0.44454385408620367 1.5695438540862043 0 -0.96143761806556904
0.44454385408620367 1.5937500000000009 0 -0.94246132012591166
0.44454385408620367 1.617956145913797 0 -0.91802606003383458
0.44454385408620367 1.6320438540862043 0 -0.90131009588827127
0.44454385408620367 1.6562500000000004 0 -0.86857732745087024
0.44454385408620367 1.680456145913797 0 -0.83081355077660657
0.44454385408620367 1.6945438540862043 0 -0.80654573228189996
0.44454385408620367 1.7187500000000007 0 -0.7613143953883067
0.44454385408620367 1.742956145913797 0 -0.71167334280327943
0.44454385408620367 1.7570438540862041 0 -0.68078626848809654
0.44454385408620367 1.7812500000000007 0 -0.62479457792429216
0.44454385408620367 1.805456145913797 0 -0.56518392726421351
0.44454385408620367 1.8195438540862043 0 -0.52886457013771637
0.44454385408620367 1.8437500000000004 0 -0.46426425510447478
0.44454385408620367 1.8679561459137968 0 -0.39697480991334971
0.44454385408620367 1.8820438540862039 0 -0.35661890222258208
0.44454385408620367 1.9062499999999998 0 -0.28589251649947589
0.44454385408620367 1.9304561459137961 0 -0.21351017287772533
0.44454385408620362 1.9445438540862037 0 -0.17066856999515381
0.44454385408620367 1.9687500000000004 0 -0.096534089303764281
0.44454385408620367 1.9929561459137966 0 -0.021840459853267501
0.46875 0.0070438540862036436 0 0.022069404911022668
0.46875 0.03125 0 0.097546018703616053
0.46875 0.05545614591379637 0 0.17245762240359161
0.46875 0.069543854086203657 0 0.21574831718939824
0.46875 0.093750000000000028 0 0.28888941672926877
0.46875 0.11795614591379638 0 0.36035719945196054
0.46875 0.13204385408620367 0 0.40113614225689681
0.46875 0.15625000000000006 0 0.46913095635826474
0.46875 0.18045614591379638 0 0.53440845137933546
0.46875 0.19454385408620367 0 0.57110853028608133
0.46875 0.21875 0 0.63134405641656266
0.46875 0.24295614591379638 0 0.68792268636116893
0.46875 0.25704385408620367 0 0.71913353804141
0.46875 0.28125 0 0.76929495874473031
0.46875 0.30545614591379644 0 0.81500043836744185
0.46875 0.31954385408620378 0 0.83952264706979951
0.46875 0.34375000000000011 0 0.8776822869345845
0.46875 0.36795614591379644 0 0.91075818050292212
0.46875 0.38204385408620378 0 0.92764937175859019
0.46875 0.40625000000000011 0 0.95234077738284073
0.46875 0.43045614591379644 0 0.97151599657646637
0.46875 0.44454385408620367 0 0.98012705104796116
0.46875 0.46874999999999994 0 0.99040134522335121
0.46875 0.49295614591379633 0 0.99493899714964396
0.46875 0.50704385408620356 0 0.99493899701137889
0.46875 0.53125 0 0.99040134469470564
0.46875 0.55545614591379633 0 0.98012705026025415
0.46875 0.56954385408620378 0 0.97151599568892122
0.46875 0.59375000000000011 0 0.95234077626612601
0.46875 0.61795614591379655 0 0.92764937031917671
0.46875 0.63204385408620389 0 0.91075817883899879
0.46875 0.65625000000000022 0 0.87768228491869427
0.46875 0.68045614591379655 0 0.83952264475846961
0.46875 0.69454385408620389 0 0.81500043590577698
0.46875 0.71875000000000011 0 0.76929495599458142
0.46875 0.74295614591379633 0 0.71913353495504317
0.46875 0.75704385408620389 0 0.68792268306422388
0.46875 0.78125000000000011 0 0.6313440528399894
0.46875 0.80545614591379633 0 0.57110852654915567
0.46875 0.81954385408620378 0 0.53440844759917605
0.46875 0.84375 0 0.46913095251642145
0.46875 0.86795614591379633 0 0.40113613835883383
0.46875 0.88204385408620367 0 0.36035719552814777
0.46875 0.90625 0 0.28888941284109498
0.46875 0.93045614591379633 0 0.21574831344752982
0.46875 0.94454385408620367 0 0.17245761879905236
0.46875 0.96874999999999989 0 0.097546015443545506
0.46875 0.99295614591379633 0 0.022069402135279075
0.46875 1.0070438540862034 0 -0.022069407371716591
0.46875 1.03125 0 -0.097546020693435972
0.46875 1.0554561459137966 0 -0.17245762407940335
0.46875 1.0695438540862037 0 -0.21574831874656658
0.46875 1.0937500000000002 0 -0.28888941806912299
0.46875 1.1179561459137963 0 -0.36035720053987863
0.46875 1.1320438540862034 0 -0.40113614318668928
0.46875 1.1562499999999998 0 -0.46913095706423008
0.46875 1.1804561459137961 0 -0.53440845193163189
0.46875 1.1945438540862034 0 -0.57110853077989665
0.46875 1.2187500000000002 0 -0.63134405684256778
0.46875 1.2429561459137966 0 -0.68792268675775048
0.46875 1.2570438540862037 0 -0.71913353843930061
0.46875 1.28125 0 -0.76929495918815693
0.46875 1.3054561459137961 0 -0.81500043891278384
0.46875 1.3195438540862039 0 -0.83952264769808493
0.46875 1.34375 0 -0.87768228771054724
0.46875 1.3679561459137966 0 -0.91075818142803722
0.46875 1.3820438540862039 0 -0.92764937276829706
0.46875 1.4062500000000004 0 -0.95234077849000343
0.46875 1.4304561459137966 0 -0.97151599771425468
0.46875 1.4445438540862041 0 -0.98012705218283869
0.46875 1.4687500000000002 0 -0.99040134647052491
0.46875 1.4929561459137966 0 -0.99493899867919455
0.46875 1.5070438540862043 0 -0.99493899877112102
0.46875 1.5312500000000004 0 -0.9904013467733831
0.46875 1.555456145913797 0 -0.98012705253400445
0.46875 1.5695438540862043 0 -0.97151599803267141
0.46875 1.5937500000000004 0 -0.9523407788610202
0.46875 1.617956145913797 0 -0.927649373359964
0.46875 1.6320438540862043 0 -0.91075818221691784
0.46875 1.6562500000000004 0 -0.87768228882592936
0.46875 1.680456145913797 0 -0.83952264910573859
0.46875 1.6945438540862043 0 -0.81500044047326536
0.46875 1.7187500000000004 0 -0.76929496095848948
0.46875 1.742956145913797 0 -0.71913354034951449
0.46875 1.7570438540862043 0 -0.68792268871639761
0.46875 1.7812500000000004 0 -0.6313440588160979
0.46875 1.805456145913797 0 -0.57110853268025163
0.46875 1.8195438540862043 0 -0.53440845374047308
0.46875 1.8437500000000004 0 -0.46913095850386061
0.46875 1.867956145913797 0 -0.40113614397090941
0.46875 1.8820438540862039 0 -0.36035720083129796
0.46875 1.90625 0 -0.28888941763335052
0.46875 1.9304561459137961 0 -0.21574831777905312
0.46874999999999994 1.9445438540862039 0 -0.17245762287702865
0.46875 1.9687500000000002 0 -0.097546018981377408
0.46875 1.9929561459137966 0 -0.022069404982408568
0.49295614591379638 0.0070438540862036436 0 0.022170518733945981
0.49295614591379638 0.03125 0 0.097992938364445989
0.49295614591379638 0.05545614591379637 0 0.17324775928980599
0.49295614591379638 0.069543854086203657 0 0.21673679602891427
0.49295614591379638 0.093750000000000028 0 0.2902130010298189
0.49295614591379638 0.11795614591379638 0 0.36200822267906418
0.49295614591379638 0.13204385408620367 0 0.40297399949927759
0.49295614591379638 0.15625000000000006 0 0.47128034066685404
0.49295614591379638 0.18045614591379638 0 0.53685691301552219
0.49295614591379638 0.19454385408620367 0 0.57372513810778147
0.49295614591379638 0.21875 0 0.63423664112238598
0.49295614591379638 0.24295614591379638 0 0.69107449338429683
0.49295614591379638 0.25704385408620367 0 0.72242834161333924
0.49295614591379638 0.28125 0 0.77281958336602596
0.49295614591379638 0.30545614591379644 0 0.81873446859951282
0.49295614591379638 0.31954385408620373 0 0.84336902900949529
0.49295614591379638 0.34375000000000011 0 0.8817035022255798
0.49295614591379638 0.36795614591379644 0 0.91493093724865371
0.49295614591379638 0.38204385408620378 0 0.93189951764240186
0.49295614591379638 0.40625000000000011 0 0.95670405008138759
0.49295614591379638 0.43045614591379644 0 0.97596712299314048
0.49295614591379638 0.44454385408620367 0 0.98461763012148096
0.49295614591379638 0.46874999999999994 0 0.99493899735732505
0.49295614591379638 0.49295614591379633 0 0.99949743925373191
0.49295614591379638 0.50704385408620356 0 0.99949743921842971
0.49295614591379638 0.53125 0 0.99493899715553979
0.49295614591379638 0.55545614591379633 0 0.98461762968323785
0.49295614591379638 0.56954385408620378 0 0.97596712238715955
0.49295614591379638 0.59375000000000011 0 0.95670404916731655
0.49295614591379638 0.61795614591379655 0 0.93189951639965563
0.49295614591379638 0.63204385408620389 0 0.91493093580611506
0.49295614591379638 0.65625000000000022 0 0.8817035004399123
0.49295614591379638 0.68045614591379655 0 0.84336902688301185
0.49295614591379638 0.69454385408620389 0 0.81873446627735647
0.49295614591379638 0.71875000000000011 0 0.77281958073685919
0.49295614591379638 0.74295614591379644 0 0.72242833871758771
0.49295614591379638 0.75704385408620389 0 0.69107449035161572
0.49295614591379638 0.78125000000000011 0 0.63423663787978513
0.49295614591379638 0.80545614591379633 0 0.57372513468647368
0.49295614591379638 0.81954385408620378 0 0.53685690950499221
0.49295614591379638 0.84375 0 0.47128033703473909
0.49295614591379638 0.86795614591379633 0 0.40297399578658005
0.49295614591379638 0.88204385408620367 0 0.36200821894167928
0.49295614591379638 0.90625 0 0.29021299733902989
0.49295614591379638 0.93045614591379633 0 0.2167367925045014
0.49295614591379638 0.94454385408620367 0 0.17324775591723407
0.49295614591379638 0.96874999999999989 0 0.0979929353453355
0.49295614591379638 0.99295614591379633 0 0.022170516185035724
0.49295614591379638 1.0070438540862034 0 -0.022170520966207939
0.49295614591379638 1.03125 0 -0.097992940124846842
0.49295614591379638 1.0554561459137966 0 -0.17324776069298478
0.49295614591379638 1.0695438540862037 0 -0.21673679727176773
0.49295614591379638 1.0937500000000002 0 -0.29021300199965183
0.49295614591379638 1.1179561459137963 0 -0.36200822336768773
0.49295614591379638 1.1320438540862034 0 -0.40297400002330724
0.49295614591379638 1.1562499999999998 0 -0.47128034094971061
0.49295614591379638 1.1804561459137961 0 -0.53685691311600925
0.49295614591379638 1.1945438540862034 0 -0.57372513813067982
0.49295614591379638 1.2187500000000002 0 -0.63423664108355704
0.49295614591379638 1.2429561459137966 0 -0.69107449337745619
0.49295614591379638 1.2570438540862037 0 -0.7224283416639421
0.49295614591379638 1.28125 0 -0.7728195835162549
0.49295614591379638 1.3054561459137961 0 -0.81873446884116186
0.49295614591379638 1.3195438540862039 0 -0.84336902930238156
0.49295614591379638 1.34375 0 -0.8817035026306973
0.49295614591379638 1.3679561459137966 0 -0.91493093780051848
0.49295614591379638 1.3820438540862039 0 -0.93189951829271944
0.49295614591379638 1.4062500000000004 0 -0.95670405087996369
0.49295614591379638 1.4304561459137966 0 -0.97596712390737062
0.49295614591379638 1.4445438540862041 0 -0.98461763109028921
0.49295614591379638 1.4687500000000004 0 -0.99493899843276856
0.49295614591379638 1.492956145913797 0 -0.9994974404570145
0.49295614591379638 1.5070438540862043 0 -0.99949744050642331
0.49295614591379638 1.5312500000000004 0 -0.99493899861516788
0.49295614591379638 1.555456145913797 0 -0.98461763134866498
0.49295614591379638 1.5695438540862043 0 -0.97596712419180698
0.49295614591379638 1.5937500000000007 0 -0.9567040513013142
0.49295614591379638 1.617956145913797 0 -0.93189951898503742
0.49295614591379638 1.6320438540862043 0 -0.91493093870366626
0.49295614591379638 1.6562500000000004 0 -0.88170350385655405
0.49295614591379638 1.680456145913797 0 -0.84336903078230718
0.49295614591379638 1.6945438540862043 0 -0.81873447044196301
0.49295614591379638 1.7187500000000004 0 -0.77281958534863493
0.49295614591379638 1.742956145913797 0 -0.72242834376810927
0.49295614591379638 1.7570438540862043 0 -0.69107449564744017
0.49295614591379638 1.7812500000000009 0 -0.63423664348586228
0.49295614591379638 1.805456145913797 0 -0.57372514044878153
0.49295614591379638 1.8195438540862046 0 -0.53685691528518242
0.49295614591379638 1.8437500000000002 0 -0.47128034268755747
0.49295614591379638 1.867956145913797 0 -0.40297400110750953
0.49295614591379638 1.8820438540862039 0 -0.36200822398478311
0.49295614591379638 1.90625 0 -0.29021300190380284
0.49295614591379638 1.9304561459137963 0 -0.21673679661032416
0.49295614591379633 1.9445438540862039 0 -0.17324775975846737
0.49295614591379638 1.9687500000000004 0 -0.097992938638570948
0.49295614591379638 1.9929561459137966 0 -0.022170518798315882
0.50704385408620356 0.0070438540862036436 0 0.022170518711142121
0.50704385408620356 0.03125 0 0.097992938290948906
0.50704385408620356 0.05545614591379637 0 0.17324775921100641
0.50704385408620356 0.069543854086203671 0 0.21673679596593889
0.50704385408620356 0.093750000000000028 0 0.29021300099625608
0.50704385408620356 0.11795614591379638 0 0.36200822267341093
0.50704385408620356 0.13204385408620367 0 0.40297399950891616
0.50704385408620356 0.15625000000000006 0 0.47128034069717883
0.50704385408620356 0.18045614591379638 0 0.53685691305890348
0.50704385408620356 0.19454385408620367 0 0.57372513815508575
0.50704385408620356 0.21875 0 0.63423664116762235
0.50704385408620356 0.24295614591379636 0 0.69107449341597382
0.50704385408620356 0.25704385408620362 0 0.72242834163373337
0.50704385408620356 0.28125 0 0.77281958339015644
0.50704385408620356 0.30545614591379644 0 0.81873446866073707
0.50704385408620356 0.31954385408620373 0 0.84336902910357325
0.50704385408620356 0.34375000000000011 0 0.88170350233310135
0.50704385408620356 0.36795614591379644 0 0.91493093730636144
0.50704385408620356 0.38204385408620378 0 0.93189951764704271
0.50704385408620356 0.40625000000000011 0 0.95670405003038561
0.50704385408620356 0.43045614591379644 0 0.97596712294238408
0.50704385408620356 0.44454385408620367 0 0.98461763009537129
0.50704385408620356 0.46875 0 0.99493899739700375
0.50704385408620356 0.49295614591379633 0 0.99949743938617286
0.50704385408620356 0.50704385408620356 0 0.99949743941225111
0.50704385408620356 0.53125 0 0.99493899739094294
0.50704385408620356 0.55545614591379633 0 0.98461762986854606
0.50704385408620356 0.56954385408620378 0 0.9759671225094203
0.50704385408620356 0.59375 0 0.9567040492497243
0.50704385408620356 0.61795614591379655 0 0.93189951654683512
0.50704385408620356 0.63204385408620389 0 0.91493093603029862
0.50704385408620356 0.65625000000000022 0 0.88170350072892079
0.50704385408620356 0.68045614591379655 0 0.84336902713228701
0.50704385408620356 0.69454385408620389 0 0.81873446646456327
0.50704385408620356 0.71875000000000011 0 0.77281958089061209
0.50704385408620356 0.74295614591379644 0 0.72242833895038294
0.50704385408620356 0.75704385408620389 0 0.69107449067192239
0.50704385408620356 0.78125000000000022 0 0.63423663826508259
0.50704385408620356 0.80545614591379644 0 0.57372513500650046
0.50704385408620356 0.81954385408620367 0 0.53685690973566313
0.50704385408620356 0.84375 0 0.47128033715468443
0.50704385408620356 0.86795614591379622 0 0.40297399586859523
0.50704385408620356 0.88204385408620367 0 0.36200821903188218
0.50704385408620356 0.90625 0 0.29021299744576878
0.50704385408620356 0.93045614591379633 0 0.21673679262383819
0.50704385408620356 0.94454385408620356 0 0.17324775604247897
0.50704385408620356 0.96874999999999989 0 0.097992935484218543
0.50704385408620356 0.99295614591379633 0 0.022170516342809962
0.50704385408620356 1.0070438540862037 0 -0.022170520795126547
0.50704385408620356 1.03125 0 -0.09799293992853618
0.50704385408620356 1.0554561459137966 0 -0.17324776046868512
0.50704385408620356 1.0695438540862037 0 -0.21673679703045723
0.50704385408620356 1.09375 0 -0.29021300173624187
0.50704385408620356 1.1179561459137963 0 -0.3620082230923834
0.50704385408620356 1.1320438540862032 0 -0.40297399974566972
0.50704385408620356 1.1562499999999998 0 -0.47128034067428987
0.50704385408620356 1.1804561459137961 0 -0.53685691285043946
0.50704385408620356 1.1945438540862034 0 -0.57372513787473567
0.50704385408620356 1.2187500000000002 0 -0.6342366408566007
0.50704385408620356 1.2429561459137966 0 -0.69107449319604608
0.50704385408620356 1.2570438540862037 0 -0.72242834151455837
0.50704385408620356 1.28125 0 -0.77281958339930423
0.50704385408620356 1.3054561459137963 0 -0.81873446872350697
0.50704385408620356 1.3195438540862039 0 -0.84336902917029521
0.50704385408620356 1.3437500000000002 0 -0.88170350246853035
0.50704385408620356 1.3679561459137966 0 -0.91493093760426902
0.50704385408620356 1.3820438540862037 0 -0.93189951807700355
0.50704385408620356 1.4062500000000004 0 -0.95670405066514819
0.50704385408620356 1.4304561459137966 0 -0.97596712374168193
0.50704385408620356 1.4445438540862043 0 -0.98461763097056754
0.50704385408620356 1.4687500000000004 0 -0.99493899834832089
0.50704385408620356 1.4929561459137968 0 -0.99949744034209898
0.50704385408620356 1.5070438540862043 0 -0.99949744034801724
0.50704385408620356 1.5312500000000004 0 -0.99493899840646693
0.50704385408620356 1.555456145913797 0 -0.98461763113034351
0.50704385408620356 1.5695438540862043 0 -0.97596712398560137
0.50704385408620356 1.5937500000000009 0 -0.95670405113097623
0.50704385408620356 1.617956145913797 0 -0.9318995188673983
0.50704385408620356 1.6320438540862043 0 -0.91493093862102248
0.50704385408620356 1.6562500000000004 0 -0.88170350378927786
0.50704385408620356 1.680456145913797 0 -0.84336903066637026
0.50704385408620356 1.6945438540862043 0 -0.81873447027497248
0.50704385408620356 1.7187500000000007 0 -0.77281958515765059
0.50704385408620356 1.742956145913797 0 -0.7224283436483433
0.50704385408620356 1.7570438540862041 0 -0.69107449560464962
0.50704385408620356 1.7812500000000009 0 -0.63423664350978226
0.50704385408620356 1.805456145913797 0 -0.57372514043850042
0.50704385408620356 1.8195438540862048 0 -0.53685691521581247
0.50704385408620356 1.8437500000000004 0 -0.47128034256017215
0.50704385408620356 1.867956145913797 0 -0.40297400099291308
0.50704385408620356 1.8820438540862039 0 -0.36200822390543386
0.50704385408620356 1.9062499999999998 0 -0.29021300185975413
0.50704385408620356 1.9304561459137961 0 -0.21673679655923137
0.50704385408620356 1.9445438540862037 0 -0.17324775968768044
0.50704385408620356 1.9687500000000004 0 -0.097992938566589277
0.50704385408620356 1.9929561459137966 0 -0.022170518774878842
0.53125 0.0070438540862036436 0 0.022069404851456854
0.53125 0.03125 0 0.097546018499993892
0.53125 0.05545614591379637 0 0.17245762219948554
0.53125 0.069543854086203657 0 0.21574831704407044
0.53125 0.093750000000000028 0 0.2888894166791815
0.53125 0.11795614591379638 0 0.3603571994745593
0.53125 0.13204385408620367 0 0.40113614231226574
0.53125 0.15625000000000006 0 0.46913095646653002
0.53125 0.18045614591379638 0 0.53440845153803296
0.53125 0.19454385408620367 0 0.5711085304709983
0.53125 0.21875 0 0.63134405661069981
0.53125 0.24295614591379638 0 0.68792268651488886
0.53125 0.25704385408620367 0 0.71913353815508441
0.53125 0.28125 0 0.76929495885767751
0.53125 0.30545614591379644 0 0.81500043857947668
0.53125 0.31954385408620378 0 0.83952264737358839
0.53125 0.34375000000000011 0 0.87768228727372544
0.53125 0.36795614591379644 0 0.91075818069702419
0.53125 0.38204385408620378 0 0.92764937179922013
0.53125 0.40625000000000011 0 0.95234077725426891
0.53125 0.43045614591379644 0 0.97151599642853614
0.53125 0.44454385408620362 0 0.98012705095674368
0.53125 0.46874999999999994 0 0.9904013453311109
0.53125 0.49295614591379633 0 0.99493899758256343
0.53125 0.50704385408620356 0 0.99493899767287142
0.53125 0.53125 0 0.99040134553059711
0.53125 0.55545614591379633 0 0.98012705095376484
0.53125 0.56954385408620378 0 0.97151599618155249
0.53125 0.59375000000000011 0 0.95234077663486538
0.53125 0.61795614591379655 0 0.92764937090417865
0.53125 0.63204385408620389 0 0.91075817967800088
0.53125 0.65625000000000022 0 0.87768228598052855
0.53125 0.68045614591379655 0 0.83952264571128832
0.53125 0.69454385408620389 0 0.81500043667037114
0.53125 0.71875000000000011 0 0.76929495664804903
0.53125 0.74295614591379633 0 0.7191335358265637
0.53125 0.75704385408620389 0 0.68792268418554481
0.53125 0.78125000000000022 0 0.63134405416502304
0.53125 0.80545614591379633 0 0.57110852773059362
0.53125 0.81954385408620378 0 0.53440844855896463
0.53125 0.84375 0 0.46913095319055331
0.53125 0.86795614591379633 0 0.4011361389150192
0.53125 0.88204385408620367 0 0.36035719608573352
0.53125 0.90625 0 0.2888894134122591
0.53125 0.93045614591379633 0 0.2157483140308398
0.53125 0.94454385408620367 0 0.17245761939018431
0.53125 0.96875 0 0.097546016070950078
0.53125 0.99295614591379633 0 0.022069402830890317
0.53125 1.0070438540862037 0 -0.022069406623008232
0.53125 1.03125 0 -0.097546019850275487
0.53125 1.0554561459137966 0 -0.17245762314054461
0.53125 1.0695438540862037 0 -0.21574831775323175
0.53125 1.0937500000000002 0 -0.28888941701161341
0.53125 1.1179561459137963 0 -0.36035719945929351
0.53125 1.1320438540862034 0 -0.40113614211034621
0.53125 1.1562499999999998 0 -0.46913095600650906
0.53125 1.1804561459137961 0 -0.53440845090414912
0.53125 1.1945438540862034 0 -0.57110852977678539
0.53125 1.2187500000000002 0 -0.63134405591470066
0.53125 1.2429561459137966 0 -0.68792268595040962
0.53125 1.2570438540862037 0 -0.71913353771774702
0.53125 1.28125 0 -0.76929495856155761
0.53125 1.3054561459137963 0 -0.81500043830352764
0.53125 1.3195438540862039 0 -0.83952264706490398
0.53125 1.3437500000000002 0 -0.87768228700387174
0.53125 1.3679561459137966 0 -0.91075818061063785
0.53125 1.3820438540862039 0 -0.92764937187753371
0.53125 1.4062500000000004 0 -0.95234077758309099
0.53125 1.4304561459137966 0 -0.97151599694798596
0.53125 1.4445438540862041 0 -0.98012705155599877
0.53125 1.4687500000000004 0 -0.99040134595953544
0.53125 1.4929561459137968 0 -0.99493899809591801
0.53125 1.5070438540862043 0 -0.99493899807178376
0.53125 1.5312500000000004 0 -0.99040134593987317
0.53125 1.555456145913797 0 -0.98012705167622183
0.53125 1.5695438540862043 0 -0.97151599720907822
0.53125 1.5937500000000004 0 -0.95234077814448148
0.53125 1.617956145913797 0 -0.92764937280660875
0.53125 1.6320438540862043 0 -0.9107581817743281
0.53125 1.6562500000000004 0 -0.87768228844766571
0.53125 1.680456145913797 0 -0.83952264861069348
0.53125 1.6945438540862043 0 -0.81500043984572879
0.53125 1.7187500000000004 0 -0.76929496027976541
0.53125 1.742956145913797 0 -0.71913353988363693
0.53125 1.7570438540862043 0 -0.68792268847264282
0.53125 1.7812500000000004 0 -0.63134405876759481
0.53125 1.805456145913797 0 -0.5711085325407238
0.53125 1.8195438540862043 0 -0.53440845343720433
0.53125 1.8437500000000004 0 -0.4691309580494234
0.53125 1.8679561459137968 0 -0.40113614357554589
0.53125 1.8820438540862039 0 -0.36035720055240894
0.53125 1.90625 0 -0.28888941747168195
0.53125 1.9304561459137961 0 -0.21574831759787469
0.53125 1.9445438540862039 0 -0.17245762263423517
0.53125 1.9687500000000002 0 -0.097546018739724988
0.53125 1.9929561459137966 0 -0.022069404904735409
0.55545614591379633 0.0070438540862036436 0 0.021840459733315252
0.55545614591379633 0.03125 0 0.096534088864047893
0.55545614591379633 0.05545614591379637 0 0.17066856937889685
0.55545614591379633 0.069543854086203657 0 0.21351017221097843
0.55545614591379633 0.093750000000000028 0 0.28589251562722429
0.55545614591379633 0.11795614591379638 0 0.35661890096498527
0.55545614591379633 0.13204385408620367 0 0.39697480836463628
0.55545614591379633 0.15625000000000006 0 0.46426425318370629
0.55545614591379633 0.18045614591379638 0 0.52886456804153581
0.55545614591379633 0.19454385408620367 0 0.56518392514879656
0.55545614591379633 0.21874999999999997 0 0.62479457580120346
0.55545614591379633 0.24295614591379636 0 0.68078626637275619
0.55545614591379633 0.25704385408620367 0 0.71167334070136656
0.55545614591379633 0.28125 0 0.76131439335252815
0.55545614591379633 0.30545614591379644 0 0.80654573037064869
0.55545614591379633 0.31954385408620367 0 0.83081354895755888
0.55545614591379633 0.34375000000000011 0 0.86857732571512958
0.55545614591379633 0.36795614591379644 0 0.90131009412533314
0.55545614591379633 0.38204385408620378 0 0.91802605821257066
0.55545614591379633 0.40625000000000011 0 0.94246131825908752
0.55545614591379633 0.43045614591379644 0 0.96143761624047652
0.55545614591379633 0.44454385408620362 0 0.96995934083677027
0.55545614591379633 0.46874999999999994 0 0.98012705105613784
0.55545614591379633 0.49295614591379633 0 0.98461763031735217
0.55545614591379633 0.50704385408620356 0 0.98461763041352479
0.55545614591379633 0.53125 0 0.98012705127588995
0.55545614591379633 0.55545614591379633 0 0.96995934085954594
0.55545614591379633 0.56954385408620378 0 0.96143761602065547
0.55545614591379633 0.59375000000000011 0 0.94246131770153763
0.55545614591379633 0.61795614591379644 0 0.91802605745990373
0.55545614591379633 0.63204385408620389 0 0.90131009331333123
0.55545614591379633 0.65625000000000022 0 0.86857732472008364
0.55545614591379633 0.68045614591379655 0 0.83081354765212001
0.55545614591379633 0.69454385408620378 0 0.80654572883695774
0.55545614591379633 0.71875 0 0.76131439151284053
0.55545614591379633 0.74295614591379644 0 0.71167333868858895
0.55545614591379633 0.75704385408620389 0 0.68078626431084355
0.55545614591379633 0.78125000000000022 0 0.62479457359744206
0.55545614591379633 0.80545614591379633 0 0.56518392270977591
0.55545614591379633 0.81954385408620378 0 0.52886456543066074
0.55545614591379633 0.84375 0 0.46426425034048208
0.55545614591379633 0.86795614591379633 0 0.39697480538615193
0.55545614591379633 0.88204385408620367 0 0.35661889795574625
0.55545614591379633 0.90625 0 0.28589251269741606
0.55545614591379633 0.93045614591379633 0 0.21351016953493071
0.55545614591379633 0.94454385408620367 0 0.17066856692405558
0.55545614591379633 0.96875 0 0.096534086812985601
0.55545614591379633 0.99295614591379622 0 0.021840458101360073
0.55545614591379633 1.0070438540862037 0 -0.021840461115082116
0.55545614591379633 1.03125 0 -0.09653408981709638
0.55545614591379633 1.0554561459137966 0 -0.17066856990640425
0.55545614591379633 1.0695438540862037 0 -0.2135101724948226
0.55545614591379633 1.0937500000000002 0 -0.28589251553789946
0.55545614591379633 1.1179561459137963 0 -0.35661890056552425
0.55545614591379633 1.1320438540862034 0 -0.39697480781384215
0.55545614591379633 1.1562499999999998 0 -0.46426425242521169
0.55545614591379633 1.1804561459137961 0 -0.52886456714181018
0.55545614591379633 1.1945438540862034 0 -0.56518392419865304
0.55545614591379633 1.2187500000000002 0 -0.62479457483699363
0.55545614591379633 1.2429561459137966 0 -0.68078626548877563
0.55545614591379633 1.2570438540862037 0 -0.71167333990075221
0.55545614591379633 1.28125 0 -0.76131439265548417
0.55545614591379633 1.3054561459137961 0 -0.80654572971238825
0.55545614591379633 1.3195438540862039 0 -0.83081354829961618
0.55545614591379633 1.3437500000000002 0 -0.86857732513492059
0.55545614591379633 1.3679561459137966 0 -0.90131009373688697
0.55545614591379633 1.3820438540862039 0 -0.91802605797992987
0.55545614591379633 1.4062500000000004 0 -0.9424613182436874
0.55545614591379633 1.4304561459137966 0 -0.96143761636049718
0.55545614591379633 1.4445438540862041 0 -0.96995934099743641
0.55545614591379633 1.4687500000000004 0 -0.9801270512133976
0.55545614591379633 1.492956145913797 0 -0.98461763037751426
0.55545614591379633 1.5070438540862043 0 -0.98461763039076056
0.55545614591379633 1.5312500000000004 0 -0.98012705132005862
0.55545614591379633 1.555456145913797 0 -0.96995934127171057
0.55545614591379633 1.5695438540862043 0 -0.96143761676592732
0.55545614591379633 1.5937500000000007 0 -0.94246131892384677
0.55545614591379633 1.617956145913797 0 -0.91802605899603984
0.55545614591379633 1.6320438540862043 0 -0.90131009496808645
0.55545614591379633 1.6562500000000004 0 -0.86857732663800391
0.55545614591379633 1.680456145913797 0 -0.83081354993236556
0.55545614591379633 1.6945438540862043 0 -0.80654573136936236
0.55545614591379633 1.7187500000000004 0 -0.76131439448300087
0.55545614591379633 1.742956145913797 0 -0.71167334209270594
0.55545614591379633 1.7570438540862043 0 -0.68078626795985098
0.55545614591379633 1.7812500000000007 0 -0.62479457756382373
0.55545614591379633 1.805456145913797 0 -0.56518392684994367
0.55545614591379633 1.8195438540862043 0 -0.52886456960750416
0.55545614591379633 1.8437500000000004 0 -0.46426425449449199
0.55545614591379633 1.8679561459137968 0 -0.39697480941234359
0.55545614591379633 1.8820438540862039 0 -0.35661890185746603
0.55545614591379633 1.90625 0 -0.28589251627247814
0.55545614591379633 1.9304561459137961 0 -0.2135101726369408
0.55545614591379633 1.9445438540862037 0 -0.17066856969073713
0.55545614591379633 1.9687500000000002 0 -0.096534089012803789
0.55545614591379633 1.9929561459137966 0 -0.02184045976210983
0.56954385408620367 0.0070438540862036436 0 0.021648577085105328
0.56954385408620367 0.03125 0 0.095685974073486696
0.56954385408620367 0.05545614591379637 0 0.16916913490775098
0.56954385408620367 0.069543854086203671 0 0.21163434635473508
0.56954385408620367 0.093750000000000028 0 0.28338076373176413
0.56954385408620367 0.11795614591379638 0 0.35348577169294326
0.56954385408620367 0.13204385408620367 0 0.39348712614950743
0.56954385408620367 0.15625000000000006 0 0.46018538935565922
0.56954385408620367 0.18045614591379638 0 0.52421814836976854
0.56954385408620367 0.19454385408620364 0 0.56021841627242308
0.56954385408620367 0.21875 0 0.61930534853589925
0.56954385408620367 0.24295614591379636 0 0.67480511563509316
0.56954385408620367 0.25704385408620362 0 0.70542082689441321
0.56954385408620367 0.28125 0 0.75462575054762315
0.56954385408620367 0.30545614591379638 0 0.79945970077634876
0.56954385408620367 0.31954385408620367 0 0.82351431074621251
0.56954385408620367 0.34375 0 0.86094630810832462
0.56954385408620367 0.36795614591379644 0 0.89339149784039662
0.56954385408620367 0.38204385408620378 0 0.90996060131567236
0.56954385408620367 0.40625000000000006 0 0.93418118171783582
0.56954385408620367 0.43045614591379644 0 0.95299076058329513
0.56954385408620367 0.44454385408620362 0 0.96143761628659974
0.56954385408620367 0.46874999999999989 0 0.97151599654798904
0.56954385408620367 0.49295614591379633 0 0.97596712312441181
0.56954385408620367 0.50704385408620356 0 0.97596712319990564
0.56954385408620367 0.53125 0 0.97151599670307776
0.56954385408620367 0.55545614591379633 0 0.96143761624267521
0.56954385408620367 0.56954385408620378 0 0.9529907603137866
0.56954385408620367 0.59375 0 0.93418118115413751
0.56954385408620367 0.61795614591379655 0 0.90996060061606709
0.56954385408620367 0.63204385408620378 0 0.89339149712212984
0.56954385408620367 0.65625000000000022 0 0.86094630727233157
0.56954385408620367 0.68045614591379644 0 0.82351430965719485
0.56954385408620367 0.69454385408620378 0 0.79945969948609974
0.56954385408620367 0.71875000000000011 0 0.75462574894558121
0.56954385408620367 0.74295614591379633 0 0.70542082504158021
0.56954385408620367 0.75704385408620389 0 0.67480511366288742
0.56954385408620367 0.78125000000000022 0 0.61930534638143853
0.56954385408620367 0.80545614591379644 0 0.56021841396135141
0.56954385408620367 0.81954385408620367 0 0.52421814597822158
0.56954385408620367 0.84375 0 0.4601853868268691
0.56954385408620367 0.86795614591379622 0 0.39348712348231524
0.56954385408620367 0.88204385408620367 0 0.35348576895362094
0.56954385408620367 0.90625 0 0.28338076101945531
0.56954385408620367 0.93045614591379633 0 0.21163434387972216
0.56954385408620367 0.94454385408620356 0 0.16916913265960506
0.56954385408620367 0.96875 0 0.095685972245093079
0.56954385408620367 0.99295614591379633 0 0.021648575696848409
0.56954385408620367 1.0070438540862037 0 -0.021648578209307656
0.56954385408620367 1.03125 0 -0.095685974753025566
0.56954385408620367 1.0554561459137966 0 -0.16916913515728796
0.56954385408620367 1.0695438540862037 0 -0.21163434636380901
0.56954385408620367 1.09375 0 -0.2833807633908948
0.56954385408620367 1.1179561459137963 0 -0.35348577108868179
0.56954385408620367 1.1320438540862032 0 -0.39348712542999925
0.56954385408620367 1.1562499999999998 0 -0.46018538847606816
0.56954385408620367 1.1804561459137961 0 -0.5242181473741504
0.56954385408620367 1.1945438540862034 0 -0.56021841522999383
0.56954385408620367 1.2187500000000002 0 -0.61930534745525034
0.56954385408620367 1.2429561459137963 0 -0.67480511457053483
0.56954385408620367 1.2570438540862037 0 -0.70542082586218058
0.56954385408620367 1.2812499999999998 0 -0.75462574957927919
0.56954385408620367 1.3054561459137963 0 -0.79945969987801158
0.56954385408620367 1.3195438540862039 0 -0.82351430989392704
0.56954385408620367 1.3437500000000002 0 -0.86094630738228262
0.56954385408620367 1.3679561459137966 0 -0.89339149730557699
0.56954385408620367 1.3820438540862037 0 -0.90996060091527775
0.56954385408620367 1.4062500000000004 0 -0.93418118148483986
0.56954385408620367 1.4304561459137966 0 -0.95299076042260011
0.56954385408620367 1.4445438540862043 0 -0.96143761612758127
0.56954385408620367 1.4687500000000002 0 -0.97151599637390518
0.56954385408620367 1.4929561459137968 0 -0.97596712291990884
0.56954385408620367 1.5070438540862043 0 -0.97596712298159705
0.56954385408620367 1.5312500000000004 0 -0.97151599663492738
0.56954385408620367 1.555456145913797 0 -0.96143761656832771
0.56954385408620367 1.5695438540862043 0 -0.9529907609626862
0.56954385408620367 1.5937500000000009 0 -0.93418118224406144
0.56954385408620367 1.617956145913797 0 -0.90996060196306938
0.56954385408620367 1.6320438540862043 0 -0.89339149854656741
0.56954385408620367 1.6562500000000004 0 -0.86094630889634594
0.56954385408620367 1.680456145913797 0 -0.82351431159203592
0.56954385408620367 1.6945438540862043 0 -0.7994597016493904
0.56954385408620367 1.7187500000000007 0 -0.75462575152728395
0.56954385408620367 1.742956145913797 0 -0.70542082806645756
0.56954385408620367 1.7570438540862041 0 -0.67480511694822121
0.56954385408620367 1.7812500000000004 0 -0.61930534998348696
0.56954385408620367 1.805456145913797 0 -0.5602184176954772
0.56954385408620367 1.8195438540862043 0 -0.52421814971016845
0.56954385408620367 1.8437500000000004 0 -0.46018539050998758
0.56954385408620367 1.8679561459137968 0 -0.39348712707253625
0.56954385408620367 1.8820438540862039 0 -0.35348577246376667
0.56954385408620367 1.9062499999999998 0 -0.28338076426007131
0.56954385408620367 1.9304561459137961 0 -0.21163434667157338
0.56954385408620367 1.9445438540862037 0 -0.16916913511734633
0.56954385408620367 1.96875 0 -0.095685974149443881
0.56954385408620367 1.9929561459137966 0 -0.021648577094772713
0.59375 0.0070438540862036436 0 0.021221290041253626
0.59375 0.03125 0 0.093797379872128134
0.59375 0.05545614591379637 0 0.1658301727294863
0.59375 0.069543854086203657 0 0.20745723047565792
0.59375 0.093750000000000028 0 0.27778755868871513
0.59375 0.1179561459137964 0 0.34650887465615077
0.59375 0.13204385408620367 0 0.38572070556908755
0.59375 0.15625000000000006 0 0.45110251714354743
0.59375 0.18045614591379638 0 0.51387143473114782
0.59375 0.19454385408620364 0 0.54916115025553236
0.59375 0.21874999999999997 0 0.60708185894874633
0.59375 0.24295614591379633 0 0.661486203829179
0.59375 0.25704385408620367 0 0.69149763991896906
0.59375 0.28125 0 0.73973138528913618
0.59375 0.30545614591379644 0 0.78368042896507972
0.59375 0.31954385408620373 0 0.80726026296588393
0.59375 0.34375000000000006 0 0.84395344924903037
0.59375 0.36795614591379644 0 0.87575825465370527
0.59375 0.38204385408620378 0 0.8920003267942046
0.59375 0.40625000000000006 0 0.91574285545623135
0.59375 0.43045614591379644 0 0.93418118178007958
0.59375 0.44454385408620367 0 0.94246131834837099
0.59375 0.46874999999999989 0 0.95234077737190037
0.59375 0.49295614591379633 0 0.95670405015313498
0.59375 0.50704385408620356 0 0.95670405019403237
0.59375 0.53125 0 0.95234077741922674
0.59375 0.55545614591379633 0 0.94246131819435741
0.59375 0.56954385408620378 0 0.93418118142875251
0.59375 0.59375000000000011 0 0.91574285486465679
0.59375 0.61795614591379633 0 0.8920003261209638
0.59375 0.63204385408620378 0 0.87575825399377005
0.59375 0.65625000000000022 0 0.84395344853096466
0.59375 0.68045614591379633 0 0.80726026206086121
0.59375 0.69454385408620367 0 0.78368042789639492
0.59375 0.71875 0 0.73973138391282234
0.59375 0.74295614591379633 0 0.69149763821129473
0.59375 0.75704385408620389 0 0.66148620192622287
0.59375 0.78125000000000022 0 0.60708185683551819
0.59375 0.80545614591379633 0 0.54916114810884753
0.59375 0.81954385408620378 0 0.51387143263342361
0.59375 0.84375 0 0.45110251504988397
0.59375 0.86795614591379633 0 0.38572070335010061
0.59375 0.88204385408620367 0 0.34650887232135219
0.59375 0.90625 0 0.27778755633567054
0.59375 0.93045614591379633 0 0.20745722836912189
0.59375 0.94454385408620367 0 0.16583017087679117
0.59375 0.96875 0 0.093797378469857751
0.59375 0.99295614591379633 0 0.021221289082450828
0.59375 1.0070438540862037 0 -0.021221290744742272
0.59375 1.03125 0 -0.093797380135235198
0.59375 1.0554561459137966 0 -0.16583017254915591
0.59375 1.0695438540862037 0 -0.20745723004150643
0.59375 1.0937500000000002 0 -0.2777875579120575
0.59375 1.1179561459137963 0 -0.34650887366764344
0.59375 1.1320438540862034 0 -0.38572070451176876
0.59375 1.1562499999999998 0 -0.45110251597523354
0.59375 1.1804561459137961 0 -0.51387143344868602
0.59375 1.1945438540862034 0 -0.54916114890731949
0.59375 1.2187500000000002 0 -0.60708185752124055
0.59375 1.2429561459137963 0 -0.66148620236959865
0.59375 1.2570438540862037 0 -0.69149763846279722
0.59375 1.2812499999999998 0 -0.73973138388191673
0.59375 1.3054561459137961 0 -0.78368042766203105
0.59375 1.3195438540862039 0 -0.80726026174749976
0.59375 1.3437500000000002 0 -0.84395344819636153
0.59375 1.3679561459137966 0 -0.87575825378934025
0.59375 1.3820438540862039 0 -0.89200032604420421
0.59375 1.4062500000000004 0 -0.91574285482519235
0.59375 1.4304561459137966 0 -0.93418118115774929
0.59375 1.4445438540862041 0 -0.942461317688574
0.59375 1.4687500000000002 0 -0.95234077669995898
0.59375 1.4929561459137968 0 -0.95670404955293897
0.59375 1.5070438540862043 0 -0.95670404967731315
0.59375 1.5312500000000004 0 -0.95234077716494125
0.59375 1.555456145913797 0 -0.94246131835968927
0.59375 1.5695438540862043 0 -0.93418118189598265
0.59375 1.5937500000000004 0 -0.91574285572602054
0.59375 1.617956145913797 0 -0.89200032718705879
0.59375 1.6320438540862043 0 -0.87575825510419947
0.59375 1.6562500000000004 0 -0.84395344977767872
0.59375 1.680456145913797 0 -0.80726026354673008
0.59375 1.6945438540862043 0 -0.78368042956706274
0.59375 1.7187500000000004 0 -0.73973138595283605
0.59375 1.742956145913797 0 -0.69149764068237674
0.59375 1.7570438540862043 0 -0.66148620466418617
0.59375 1.7812500000000004 0 -0.60708185987035268
0.59375 1.805456145913797 0 -0.54916115120917397
0.59375 1.8195438540862041 0 -0.51387143567673266
0.59375 1.8437500000000004 0 -0.4511025180052915
0.59375 1.867956145913797 0 -0.38572070625506089
0.59375 1.8820438540862039 0 -0.34650887520320856
0.59375 1.90625 0 -0.27778755902108704
0.59375 1.9304561459137961 0 -0.20745723063607618
0.59375 1.9445438540862034 0 -0.16583017281076676
0.59375 1.96875 0 -0.093797379872702535
0.59375 1.9929561459137966 0 -0.021221290033747928
0.61795614591379633 0.0070438540862036436 0 0.020671084170282933
0.61795614591379633 0.03125 0 0.091365488666308364
0.61795614591379633 0.05545614591379637 0 0.16153068232101334
0.61795614591379633 0.069543854086203657 0 0.20207847247513253
0.61795614591379633 0.093750000000000028 0 0.27058534141447166
0.61795614591379633 0.1179561459137964 0 0.33752491505906906
0.61795614591379633 0.13204385408620367 0 0.37572009810679546
0.61795614591379633 0.15625000000000006 0 0.43940675093846687
0.61795614591379633 0.18045614591379638 0 0.5005482545109079
0.61795614591379633 0.19454385408620367 0 0.53492301118633423
0.61795614591379633 0.21875 0 0.59134200569214757
0.61795614591379633 0.24295614591379633 0 0.64433580532370816
0.61795614591379633 0.25704385408620367 0 0.67356913278519326
0.61795614591379633 0.28125000000000006 0 0.72055231843068568
0.61795614591379633 0.30545614591379638 0 0.76336189216275419
0.61795614591379633 0.31954385408620373 0 0.78633037015810292
0.61795614591379633 0.34375000000000006 0 0.82207220963407479
0.61795614591379633 0.36795614591379644 0 0.85305240962266382
0.61795614591379633 0.38204385408620378 0 0.8688733724207951
0.61795614591379633 0.40625000000000011 0 0.89200032687606967
0.61795614591379633 0.43045614591379644 0 0.90996060141539081
0.61795614591379633 0.44454385408620362 0 0.91802605829711226
0.61795614591379633 0.46874999999999989 0 0.92764937187323526
0.61795614591379633 0.49295614591379633 0 0.93189951773866575
0.61795614591379633 0.50704385408620356 0 0.93189951775217839
0.61795614591379633 0.53125 0 0.92764937183622409
0.61795614591379633 0.55545614591379633 0 0.91802605805936577
0.61795614591379633 0.56954385408620378 0 0.90996060100328313
0.61795614591379633 0.59375000000000011 0 0.89200032624258507
0.61795614591379633 0.61795614591379644 0 0.8688733716900483
0.61795614591379633 0.63204385408620378 0 0.85305240888309808
0.61795614591379633 0.65625000000000022 0 0.82207220881892462
0.61795614591379633 0.68045614591379644 0 0.78633036917065946
0.61795614591379633 0.69454385408620367 0 0.76336189103278307
0.61795614591379633 0.71875 0 0.72055231701775591
0.61795614591379633 0.74295614591379633 0 0.67356913104610705
0.61795614591379633 0.75704385408620389 0 0.64433580338673013
0.61795614591379633 0.78125000000000022 0 0.59134200358139022
0.61795614591379633 0.80545614591379633 0 0.5349230091376348
0.61795614591379633 0.81954385408620378 0 0.50054825258896318
0.61795614591379633 0.84375 0 0.4394067491166963
0.61795614591379633 0.86795614591379633 0 0.37572009619754865
0.61795614591379633 0.88204385408620367 0 0.33752491303343674
0.61795614591379633 0.90625 0 0.27058533939514484
0.61795614591379633 0.93045614591379633 0 0.20207847076832292
0.61795614591379633 0.94454385408620367 0 0.1615306809203568
0.61795614591379633 0.96875 0 0.091365487750728655
0.61795614591379633 0.99295614591379622 0 0.020671083651723238
0.61795614591379633 1.0070438540862037 0 -0.02067108449130773
0.61795614591379633 1.03125 0 -0.09136548859863948
0.61795614591379633 1.0554561459137966 0 -0.16153068178712052
0.61795614591379633 1.0695438540862037 0 -0.20207847164507481
0.61795614591379633 1.0937500000000002 0 -0.27058534019848945
0.61795614591379633 1.1179561459137963 0 -0.33752491363620951
0.61795614591379633 1.1320438540862034 0 -0.37572009663585426
0.61795614591379633 1.1562499999999998 0 -0.43940674935509921
0.61795614591379633 1.1804561459137961 0 -0.50054825275547388
0.61795614591379633 1.1945438540862034 0 -0.53492300931137715
0.61795614591379633 1.2187500000000002 0 -0.59134200370159162
0.61795614591379633 1.2429561459137966 0 -0.64433580334858109
0.61795614591379633 1.2570438540862037 0 -0.67356913087350601
0.61795614591379633 1.28125 0 -0.72055231663226682
0.61795614591379633 1.3054561459137961 0 -0.76336189047026792
0.61795614591379633 1.3195438540862039 0 -0.78633036852618221
0.61795614591379633 1.3437500000000002 0 -0.82207220813928084
0.61795614591379633 1.3679561459137966 0 -0.85305240831176943
0.61795614591379633 1.3820438540862039 0 -0.86887337123163155
0.61795614591379633 1.4062500000000004 0 -0.89200032581722755
0.61795614591379633 1.4304561459137966 0 -0.90996060037236215
0.61795614591379633 1.4445438540862041 0 -0.91802605722056252
0.61795614591379633 1.4687500000000004 0 -0.92764937081796417
0.61795614591379633 1.4929561459137968 0 -0.93189951682608951
0.61795614591379633 1.5070438540862043 0 -0.93189951697770801
0.61795614591379633 1.5312500000000004 0 -0.92764937138092474
0.61795614591379633 1.555456145913797 0 -0.91802605802492754
0.61795614591379633 1.5695438540862043 0 -0.90996060124960476
0.61795614591379633 1.5937500000000009 0 -0.89200032686532915
0.61795614591379633 1.617956145913797 0 -0.86887337253134489
0.61795614591379633 1.6320438540862043 0 -0.85305240978796415
0.61795614591379633 1.6562500000000004 0 -0.82207220986167895
0.61795614591379633 1.680456145913797 0 -0.78633037040719356
0.61795614591379633 1.6945438540862043 0 -0.76336189240878283
0.61795614591379633 1.7187500000000004 0 -0.72055231869385472
0.61795614591379633 1.742956145913797 0 -0.67356913310082545
0.61795614591379633 1.7570438540862043 0 -0.64433580568447535
0.61795614591379633 1.7812500000000004 0 -0.59134200613027466
0.61795614591379633 1.805456145913797 0 -0.53492301169797341
0.61795614591379633 1.8195438540862043 0 -0.50054825505925071
0.61795614591379633 1.8437500000000004 0 -0.43940675147374725
0.61795614591379633 1.8679561459137968 0 -0.37572009852341026
0.61795614591379633 1.8820438540862039 0 -0.33752491536501478
0.61795614591379633 1.90625 0 -0.27058534156560388
0.61795614591379633 1.9304561459137961 0 -0.2020784725313545
0.61795614591379633 1.9445438540862034 0 -0.16153068234812967
0.61795614591379633 1.96875 0 -0.09136548866627843
0.61795614591379633 1.9929561459137966 0 -0.020671084168872689
0.63204385408620356 0.0070438540862036436 0 0.020294692768701196
0.63204385408620367 0.03125 0 0.089701851502301866
0.63204385408620367 0.05545614591379637 0 0.15858943561717745
0.63204385408620356 0.069543854086203671 0 0.1983989075287094
0.63204385408620367 0.093750000000000042 0 0.26565836270904175
0.63204385408620367 0.11795614591379641 0 0.33137906082556284
0.63204385408620356 0.1320438540862037 0 0.36887876328311209
0.63204385408620367 0.15625000000000006 0 0.43140577171526545
0.63204385408620367 0.18045614591379638 0 0.49143397450839149
0.63204385408620356 0.19454385408620367 0 0.52518281522709365
0.63204385408620367 0.21874999999999997 0 0.58057449918662529
0.63204385408620367 0.24295614591379636 0 0.63260335620229391
0.63204385408620367 0.25704385408620362 0 0.66130438583219509
0.63204385408620367 0.28125000000000006 0 0.70743207367013561
0.63204385408620367 0.30545614591379644 0 0.74946214522485954
0.63204385408620367 0.31954385408620373 0 0.77201239952226297
0.63204385408620367 0.34375000000000011 0 0.80710343033509624
0.63204385408620367 0.3679561459137965 0 0.83751952440883237
0.63204385408620367 0.38204385408620378 0 0.85305240969575413
0.63204385408620367 0.40625000000000006 0 0.87575825479039893
0.63204385408620367 0.43045614591379644 0 0.8933914979512535
0.63204385408620367 0.44454385408620362 0 0.9013100941872757
0.63204385408620367 0.46874999999999994 0 0.91075818072793935
0.63204385408620367 0.49295614591379633 0 0.91493093738912556
0.63204385408620367 0.50704385408620356 0 0.91493093739044162
0.63204385408620367 0.53125 0 0.91075818065385161
0.63204385408620367 0.55545614591379633 0 0.90131009391396189
0.63204385408620367 0.56954385408620378 0 0.89339149751408098
0.63204385408620367 0.59375 0 0.87575825412795083
0.63204385408620367 0.61795614591379644 0 0.85305240889892076
0.63204385408620367 0.63204385408620367 0 0.83751952356887149
0.63204385408620367 0.65625000000000022 0 0.80710342937829072
0.63204385408620367 0.68045614591379644 0 0.77201239837989744
0.63204385408620367 0.69454385408620367 0 0.74946214394469113
0.63204385408620367 0.71875 0 0.7074320721297831
0.63204385408620367 0.74295614591379633 0 0.66130438400603164
0.63204385408620367 0.75704385408620389 0 0.63260335420876945
0.63204385408620367 0.78125000000000022 0 0.58057449706805331
0.63204385408620367 0.80545614591379644 0 0.52518281321234406
0.63204385408620367 0.81954385408620367 0 0.49143397264177013
0.63204385408620367 0.84375 0 0.43140576998470043
0.63204385408620367 0.86795614591379622 0 0.3688787615004856
0.63204385408620367 0.88204385408620367 0 0.33137905894749603
0.63204385408620367 0.90625 0 0.265658360882226
0.63204385408620367 0.93045614591379633 0 0.19839890607187355
0.63204385408620367 0.94454385408620356 0 0.15858943450248186
0.63204385408620367 0.96875 0 0.089701850889833887
0.63204385408620367 0.99295614591379633 0 0.020294692506923364
0.63204385408620367 1.0070438540862037 0 -0.020294692883760158
0.63204385408620367 1.03125 0 -0.089701851275083677
0.63204385408620367 1.0554561459137966 0 -0.15858943490678065
0.63204385408620367 1.0695438540862037 0 -0.19839890648703279
0.63204385408620367 1.09375 0 -0.2656583612375692
0.63204385408620367 1.1179561459137963 0 -0.33137905913268373
0.63204385408620367 1.1320438540862032 0 -0.36887876154445315
0.63204385408620367 1.1562499999999998 0 -0.43140576984469348
0.63204385408620367 1.1804561459137961 0 -0.49143397241065789
0.63204385408620367 1.1945438540862034 0 -0.52518281296637059
0.63204385408620367 1.2187500000000002 0 -0.58057449679212225
0.63204385408620367 1.2429561459137963 0 -0.63260335388731592
0.63204385408620367 1.2570438540862037 0 -0.66130438364898936
0.63204385408620367 1.2812499999999998 0 -0.70743207166654021
0.63204385408620367 1.3054561459137963 0 -0.74946214331410055
0.63204385408620367 1.3195438540862039 0 -0.77201239763295282
0.63204385408620367 1.3437500000000002 0 -0.80710342853894679
0.63204385408620367 1.3679561459137966 0 -0.83751952279302755
0.63204385408620367 1.3820438540862037 0 -0.85305240821663075
0.63204385408620367 1.4062500000000004 0 -0.87575825347238012
0.63204385408620367 1.4304561459137966 0 -0.89339149668283202
0.63204385408620367 1.4445438540862043 0 -0.90131009290607
0.63204385408620367 1.4687500000000004 0 -0.91075817950083648
0.63204385408620367 1.4929561459137968 0 -0.914930936333329
0.63204385408620367 1.5070438540862043 0 -0.91493093648678603
0.63204385408620367 1.5312500000000007 0 -0.91075818007866849
0.63204385408620367 1.555456145913797 0 -0.90131009374874194
0.63204385408620367 1.5695438540862043 0 -0.89339149761626369
0.63204385408620367 1.5937500000000009 0 -0.87575825460637413
0.63204385408620367 1.617956145913797 0 -0.85305240962946061
0.63204385408620367 1.6320438540862043 0 -0.83751952439485555
0.63204385408620367 1.6562500000000004 0 -0.80710343036942922
0.63204385408620367 1.680456145913797 0 -0.77201239955037448
0.63204385408620367 1.6945438540862043 0 -0.74946214522878052
0.63204385408620367 1.7187500000000007 0 -0.70743207366627259
0.63204385408620367 1.742956145913797 0 -0.6613043858731037
0.63204385408620367 1.7570438540862041 0 -0.6326033562913369
0.63204385408620367 1.7812500000000007 0 -0.58057449936404515
0.63204385408620367 1.805456145913797 0 -0.52518281549546242
0.63204385408620367 1.8195438540862043 0 -0.49143397482656043
0.63204385408620367 1.8437500000000004 0 -0.43140577204784697
0.63204385408620367 1.8679561459137968 0 -0.36887876353077553
0.63204385408620367 1.8820438540862039 0 -0.33137906098529585
0.63204385408620367 1.9062499999999998 0 -0.26565836276157179
0.63204385408620367 1.9304561459137961 0 -0.19839890754519396
0.63204385408620356 1.9445438540862037 0 -0.15858943564154396
0.63204385408620367 1.9687500000000002 0 -0.089701851530384222
0.63204385408620378 1.9929561459137966 0 -0.020294692779609283
0.65624999999999989 0.0070438540862036436 0 0.019557652880482831
0.65625 0.03125 0 0.086444160295130593
0.65625 0.05545614591379637 0 0.15282996245128433
0.65624999999999989 0.069543854086203671 0 0.1911936786585767
0.65625 0.093750000000000028 0 0.25601048046388164
0.65625 0.11795614591379638 0 0.3193444080558443
0.65624999999999989 0.1320438540862037 0 0.35548223842370053
0.65625 0.15625000000000006 0 0.4157384611809436
0.65625 0.18045614591379638 0 0.473586627134708
0.65624999999999989 0.1945438540862037 0 0.50610981537286137
0.65625 0.21875 0 0.55948984636398424
0.65625 0.24295614591379638 0 0.60962917774849656
0.65625 0.25704385408620367 0 0.63728787558349353
0.65625 0.28125000000000006 0 0.68174034980508447
0.65625 0.30545614591379644 0 0.72224402037948976
0.65625 0.31954385408620378 0 0.74397531984479115
0.65625 0.34375000000000011 0 0.77779195396731693
0.65625 0.3679561459137965 0 0.80710343044492716
0.65625 0.38204385408620378 0 0.8220722098151545
0.65625 0.40625000000000011 0 0.8439534494640869
0.65625 0.43045614591379644 0 0.86094630823114315
0.65625 0.44454385408620367 0 0.8685773257378766
0.65625 0.46874999999999994 0 0.87768228722338004
0.65625 0.49295614591379633 0 0.88170350236008199
0.65625 0.50704385408620356 0 0.88170350235328265
0.65625 0.53125 0 0.87768228712487528
0.65625 0.55545614591379633 0 0.86857732544179556
0.65625 0.56954385408620378 0 0.86094630777812498
0.65625 0.59375000000000011 0 0.84395344877281342
0.65625 0.61795614591379633 0 0.82207220894006983
0.65625 0.63204385408620378 0 0.80710342948381197
0.65625 0.65625000000000022 0 0.77779195283160107
0.65625 0.68045614591379633 0 0.74397531849167498
0.65625 0.69454385408620367 0 0.72224401888351442
0.65625 0.71875 0 0.68174034808692741
0.65625 0.74295614591379633 0 0.63728787367990902
0.65625 0.75704385408620389 0 0.60962917575924802
0.65625 0.78125000000000022 0 0.55948984434707716
0.65625 0.80545614591379633 0 0.50610981349099649
0.65625 0.81954385408620378 0 0.47358662539467944
0.65625 0.84375 0 0.41573845961558425
0.65625 0.86795614591379633 0 0.3554822369204067
0.65625 0.88204385408620367 0 0.31934440655153579
0.65625 0.90625 0 0.25601047911815233
0.65625 0.93045614591379633 0 0.19119367770604564
0.65625 0.94454385408620367 0 0.15282996181890959
0.65625 0.96875 0 0.086444160115355703
0.65625 0.99295614591379633 0 0.019557652993786433
0.65625 1.0070438540862037 0 -0.019557652655197596
0.65625 1.03125 0 -0.086444159751710034
0.65625 1.0554561459137966 0 -0.15282996139852939
0.65625 1.0695438540862037 0 -0.19119367724000266
0.65625 1.0937500000000002 0 -0.25601047858148457
0.65625 1.1179561459137963 0 -0.31934440595836006
0.65625 1.1320438540862034 0 -0.35548223629918235
0.65625 1.1562499999999998 0 -0.41573845892916528
0.65625 1.1804561459137961 0 -0.47358662461796697
0.65625 1.1945438540862034 0 -0.50610981265642052
0.65625 1.2187500000000002 0 -0.55948984349909248
0.65625 1.2429561459137966 0 -0.60962917502015423
0.65625 1.2570438540862037 0 -0.63728787304657319
0.65625 1.28125 0 -0.68174034749597501
0.65625 1.3054561459137963 0 -0.72224401812856609
0.65625 1.3195438540862039 0 -0.74397531756258994
0.65625 1.3437500000000002 0 -0.77779195171681581
0.65625 1.3679561459137966 0 -0.80710342836226734
0.65625 1.3820438540862039 0 -0.82207220788327673
0.65625 1.4062500000000004 0 -0.84395344773658332
0.65625 1.4304561459137966 0 -0.86094630661805849
0.65625 1.4445438540862041 0 -0.86857732415806255
0.65625 1.4687500000000004 0 -0.87768228576684115
0.65625 1.4929561459137966 0 -0.88170350112797113
0.65625 1.5070438540862043 0 -0.88170350129553732
0.65625 1.5312500000000009 0 -0.87768228639899681
0.65625 1.5554561459137974 0 -0.86857732508245888
0.65625 1.5695438540862043 0 -0.86094630764387226
0.65625 1.5937500000000009 0 -0.84395344898145519
0.65625 1.617956145913797 0 -0.82207220942703529
0.65625 1.6320438540862043 0 -0.80710343010448382
0.65625 1.6562500000000004 0 -0.77779195365554232
0.65625 1.680456145913797 0 -0.74397531948857099
0.65625 1.6945438540862043 0 -0.72224401997040866
0.65625 1.7187500000000004 0 -0.68174034936039341
0.65625 1.742956145913797 0 -0.63728787518747732
0.65625 1.7570438540862043 0 -0.6096291774159881
0.65625 1.7812500000000004 0 -0.5594898461458393
0.65625 1.805456145913797 0 -0.50610981526783994
0.65625 1.8195438540862043 0 -0.47358662709166099
0.65625 1.8437500000000004 0 -0.41573846118756996
0.65625 1.867956145913797 0 -0.35548223840102405
0.65625 1.8820438540862039 0 -0.31934440798620767
0.65625 1.90625 0 -0.2560104803605161
0.65625 1.9304561459137961 0 -0.19119367859486247
0.65624999999999989 1.9445438540862039 0 -0.15282996243861222
0.65625 1.9687500000000002 0 -0.086444160329555611
0.65625000000000011 1.9929561459137966 0 -0.019557652898038045
0.68045614591379633 0.0070438540862036436 0 0.018707330392753616
0.68045614591379633 0.03125 0 0.0826857638207594
0.68045614591379633 0.05545614591379637 0 0.14618526150586608
0.68045614591379633 0.069543854086203671 0 0.18288101012995514
0.68045614591379633 0.093750000000000028 0 0.24487972405953068
0.68045614591379633 0.11795614591379641 0 0.30546003582030473
0.68045614591379633 0.1320438540862037 0 0.34002667512385076
0.68045614591379633 0.15625000000000006 0 0.39766309368906405
0.68045614591379633 0.18045614591379638 0 0.45299615227889961
0.68045614591379633 0.1945438540862037 0 0.48410530586994438
0.68045614591379633 0.21875 0 0.53516449390322207
0.68045614591379633 0.24295614591379638 0 0.58312388065911713
0.68045614591379633 0.25704385408620367 0 0.60958004094061524
0.68045614591379633 0.28125000000000006 0 0.65209982221387319
0.68045614591379633 0.30545614591379644 0 0.69084248484259636
0.68045614591379633 0.31954385408620378 0 0.71162895656201053
0.68045614591379633 0.34375000000000011 0 0.74397531992430532
0.68045614591379633 0.3679561459137965 0 0.77201239971092783
0.68045614591379633 0.38204385408620378 0 0.78633037041618747
0.68045614591379633 0.40625000000000011 0 0.80726026323525424
0.68045614591379633 0.43045614591379644 0 0.82351431087350824
0.68045614591379633 0.44454385408620367 0 0.83081354894545312
0.68045614591379633 0.46875 0 0.83952264723618597
0.68045614591379633 0.49295614591379633 0 0.8433690290154463
0.68045614591379633 0.50704385408620356 0 0.84336902901767974
0.68045614591379633 0.53125 0 0.83952264716559377
0.68045614591379633 0.55545614591379633 0 0.83081354867732493
0.68045614591379633 0.56954385408620378 0 0.8235143104404129
0.68045614591379633 0.59375000000000011 0 0.80726026254573147
0.68045614591379633 0.61795614591379644 0 0.78633036952049529
0.68045614591379633 0.63204385408620378 0 0.77201239871412308
0.68045614591379633 0.65625000000000022 0 0.74397531872124334
0.68045614591379633 0.68045614591379644 0 0.7116289551023216
0.68045614591379633 0.69454385408620367 0 0.69084248321831321
0.68045614591379633 0.71875 0 0.65209982040175962
0.68045614591379633 0.74295614591379633 0 0.6095800390780155
0.68045614591379633 0.75704385408620389 0 0.5831238788258335
0.68045614591379633 0.78125000000000022 0 0.53516449215214545
0.68045614591379633 0.80545614591379633 0 0.48410530423148546
0.68045614591379633 0.81954385408620378 0 0.45299615072132332
0.68045614591379633 0.84375 0 0.39766309231726638
0.68045614591379633 0.86795614591379633 0 0.34002667399991293
0.68045614591379633 0.88204385408620367 0 0.30546003486677142
0.68045614591379633 0.90625 0 0.24487972340674274
0.68045614591379633 0.93045614591379633 0 0.18288100978269051
0.68045614591379633 0.94454385408620367 0 0.14618526133750734
0.68045614591379633 0.96875 0 0.082685763944844892
0.68045614591379633 0.99295614591379622 0 0.018707330787970239
0.68045614591379633 1.0070438540862034 0 -0.018707329842123376
0.68045614591379633 1.03125 0 -0.082685762893904974
0.68045614591379633 1.0554561459137963 0 -0.14618526004861238
0.68045614591379633 1.0695438540862037 0 -0.18288100831119564
0.68045614591379633 1.0937500000000002 0 -0.24487972180564943
0.68045614591379633 1.1179561459137963 0 -0.30546003340592959
0.68045614591379633 1.1320438540862034 0 -0.34002667272438369
0.68045614591379633 1.1562499999999998 0 -0.39766309122520138
0.68045614591379633 1.1804561459137961 0 -0.45299614959750373
0.68045614591379633 1.1945438540862034 0 -0.48410530300853838
0.68045614591379633 1.2187500000000002 0 -0.53516449090128004
0.68045614591379633 1.2429561459137966 0 -0.58312387776711838
0.68045614591379633 1.2570438540862037 0 -0.60958003821025697
0.68045614591379633 1.28125 0 -0.65209981965989972
0.68045614591379633 1.3054561459137963 0 -0.69084248229852585
0.68045614591379633 1.3195438540862039 0 -0.71162895396045645
0.68045614591379633 1.3437500000000002 0 -0.74397531731949285
0.68045614591379633 1.3679561459137966 0 -0.77201239725269999
0.68045614591379633 1.3820438540862039 0 -0.78633036810392976
0.68045614591379633 1.4062500000000004 0 -0.80726026115118432
0.68045614591379633 1.4304561459137966 0 -0.82351430897094824
0.68045614591379633 1.4445438540862041 0 -0.83081354713236677
0.68045614591379633 1.4687500000000004 0 -0.83952264563024181
0.68045614591379633 1.4929561459137968 0 -0.8433690276957273
0.68045614591379633 1.5070438540862043 0 -0.84336902789623713
0.68045614591379633 1.5312500000000009 0 -0.83952264636751173
0.68045614591379633 1.555456145913797 0 -0.83081354817046849
0.68045614591379633 1.5695438540862043 0 -0.82351431008933507
0.68045614591379633 1.5937500000000009 0 -0.80726026245525551
0.68045614591379633 1.617956145913797 0 -0.78633036968404091
0.68045614591379633 1.6320438540862043 0 -0.7720123990213551
0.68045614591379633 1.6562500000000004 0 -0.74397531925112426
0.68045614591379633 1.680456145913797 0 -0.71162895582176955
0.68045614591379633 1.6945438540862043 0 -0.6908424840332863
0.68045614591379633 1.7187500000000004 0 -0.65209982136197941
0.68045614591379633 1.742956145913797 0 -0.60958004016053269
0.68045614591379633 1.7570438540862043 0 -0.58312387996778725
0.68045614591379633 1.7812500000000009 0 -0.5351644933581533
0.68045614591379633 1.805456145913797 0 -0.48410530545086344
0.68045614591379633 1.8195438540862048 0 -0.45299615192260867
0.68045614591379633 1.8437500000000004 0 -0.39766309340425754
0.68045614591379633 1.867956145913797 0 -0.34002667486189675
0.68045614591379633 1.8820438540862039 0 -0.30546003555349038
0.68045614591379633 1.90625 0 -0.24487972381761497
0.68045614591379633 1.9304561459137961 0 -0.18288100996415674
0.68045614591379633 1.9445438540862039 0 -0.14618526140365473
0.68045614591379633 1.9687500000000004 0 -0.082685763795531317
0.68045614591379633 1.9929561459137966 0 -0.018707330394384908
0.69454385408620367 0.0070438540862036436 0 0.018160894803828608
0.69454385408620367 0.03125 0 0.080270537091773425
0.69454385408620367 0.05545614591379637 0 0.14191523317980465
0.69454385408620367 0.069543854086203671 0 0.17753910979984533
0.69454385408620367 0.093750000000000028 0 0.23772685958343132
0.69454385408620367 0.1179561459137964 0 0.29653763833631835
0.69454385408620367 0.13204385408620367 0 0.33009459632945853
0.69454385408620367 0.15625000000000006 0 0.38604747213021595
0.69454385408620367 0.18045614591379638 0 0.43976426838123228
0.69454385408620367 0.1945438540862037 0 0.46996473274687811
0.69454385408620367 0.21875 0 0.51953249695359927
0.69454385408620367 0.24295614591379636 0 0.56609100422138392
0.69454385408620367 0.25704385408620362 0 0.59177438791735582
0.69454385408620367 0.28125000000000006 0 0.63305217898166655
0.69454385408620367 0.30545614591379644 0 0.6706631798749576
0.69454385408620367 0.31954385408620378 0 0.69084248487435318
0.69454385408620367 0.34375000000000011 0 0.72224402048868552
0.69454385408620367 0.3679561459137965 0 0.74946214544281442
0.69454385408620367 0.38204385408620378 0 0.76336189245009167
0.69454385408620367 0.40625000000000011 0 0.78368042925506232
0.69454385408620367 0.43045614591379644 0 0.79945970090350316
0.69454385408620367 0.44454385408620367 0 0.8065457303411071
0.69454385408620367 0.46875 0 0.8150004383914391
0.69454385408620367 0.49295614591379633 0 0.81873446848515374
0.69454385408620367 0.50704385408620356 0 0.8187344684995862
0.69454385408620367 0.53125 0 0.81500043835820424
0.69454385408620367 0.55545614591379633 0 0.80654573010952169
0.69454385408620367 0.56954385408620378 0 0.79945970049608461
0.69454385408620367 0.59375 0 0.78368042857853271
0.69454385408620367 0.61795614591379644 0 0.76336189156567547
0.69454385408620367 0.63204385408620367 0 0.74946214446014647
0.69454385408620367 0.65625000000000022 0 0.72224401929319459
0.69454385408620367 0.68045614591379644 0 0.69084248339857313
0.69454385408620367 0.69454385408620367 0 0.67066317821661847
0.69454385408620367 0.71875 0 0.6330521771534755
0.69454385408620367 0.74295614591379633 0 0.5917743861263971
0.69454385408620367 0.75704385408620389 0 0.56609100253583944
0.69454385408620367 0.78125000000000022 0 0.51953249541645086
0.69454385408620367 0.80545614591379644 0 0.46996473129157801
0.69454385408620367 0.81954385408620367 0 0.43976426695396215
0.69454385408620367 0.84375 0 0.38604747088559077
0.69454385408620367 0.86795614591379622 0 0.33009459546145609
0.69454385408620367 0.88204385408620367 0 0.29653763776111619
0.69454385408620367 0.90625 0 0.23772685939864446
0.69454385408620367 0.93045614591379633 0 0.17753910982893314
0.69454385408620367 0.94454385408620356 0 0.14191523326429981
0.69454385408620367 0.96875 0 0.080270537338884632
0.69454385408620367 0.99295614591379633 0 0.018160895325293754
0.69454385408620367 1.0070438540862037 0 -0.018160894071810242
0.69454385408620367 1.0312499999999998 0 -0.080270535919022265
0.69454385408620367 1.0554561459137961 0 -0.14191523146771726
0.69454385408620367 1.0695438540862037 0 -0.17753910774462139
0.69454385408620367 1.09375 0 -0.23772685713447497
0.69454385408620367 1.1179561459137963 0 -0.29653763577630993
0.69454385408620367 1.1320438540862032 0 -0.33009459381659223
0.69454385408620367 1.1562499999999998 0 -0.3860474696105069
0.69454385408620367 1.1804561459137961 0 -0.43976426570374488
0.69454385408620367 1.1945438540862034 0 -0.46996472992245719
0.69454385408620367 1.2187500000000002 0 -0.51953249400118084
0.69454385408620367 1.2429561459137966 0 -0.56609100132955392
0.69454385408620367 1.2570438540862037 0 -0.59177438513417702
0.69454385408620367 1.28125 0 -0.63305217630658561
0.69454385408620367 1.3054561459137963 0 -0.67066317717945179
0.69454385408620367 1.3195438540862039 0 -0.69084248211919597
0.69454385408620367 1.3437500000000002 0 -0.72224401772278413
0.69454385408620367 1.3679561459137966 0 -0.74946214280692991
0.69454385408620367 1.3820438540862037 0 -0.76336188994825382
0.69454385408620367 1.4062500000000004 0 -0.78368042698596041
0.69454385408620367 1.4304561459137966 0 -0.79945969885623602
0.69454385408620367 1.4445438540862043 0 -0.80654572842099903
0.69454385408620367 1.4687500000000004 0 -0.81500043673331424
0.69454385408620367 1.4929561459137968 0 -0.81873446715066911
0.69454385408620367 1.5070438540862043 0 -0.81873446737601907
0.69454385408620367 1.5312500000000007 0 -0.81500043754705775
0.69454385408620367 1.5554561459137972 0 -0.80654572953495518
0.69454385408620367 1.5695438540862043 0 -0.79945970002851108
0.69454385408620367 1.5937500000000009 0 -0.78368042830638773
0.69454385408620367 1.617956145913797 0 -0.76336189151277567
0.69454385408620367 1.6320438540862043 0 -0.74946214454404192
0.69454385408620367 1.6562500000000004 0 -0.72224401960100182
0.69454385408620367 1.680456145913797 0 -0.69084248391237546
0.69454385408620367 1.6945438540862043 0 -0.67066317883958237
0.69454385408620367 1.7187500000000007 0 -0.6330521779078121
0.69454385408620367 1.742956145913797 0 -0.59177438693568207
0.69454385408620367 1.7570438540862041 0 -0.56609100334641993
0.69454385408620367 1.7812500000000009 0 -0.51953249624510123
0.69454385408620367 1.805456145913797 0 -0.46996473216809953
0.69454385408620367 1.8195438540862048 0 -0.43976426786143324
0.69454385408620367 1.8437500000000004 0 -0.38604747168949044
0.69454385408620367 1.867956145913797 0 -0.33009459594052493
0.69454385408620367 1.8820438540862039 0 -0.29653763796734767
0.69454385408620367 1.9062499999999998 0 -0.23772685926755524
0.69454385408620367 1.9304561459137961 0 -0.17753910956599231
0.69454385408620367 1.9445438540862037 0 -0.14191523300493811
0.69454385408620367 1.9687500000000004 0 -0.080270537006076156
0.69454385408620367 1.9929561459137966 0 -0.018160894787406737
0.71875 0.0070438540862036436 0 0.01714242614820697
0.71875 0.03125 0 0.075768940273544472
0.71875 0.05545614591379637 0 0.13395658250435377
0.71875 0.069543854086203671 0 0.16758266096163163
0.71875 0.093750000000000028 0 0.22439506290024755
0.71875 0.11795614591379638 0 0.27990771480704135
0.71875 0.13204385408620367 0 0.31158278812413165
0.71875 0.15625000000000006 0 0.36439780916078235
0.71875 0.18045614591379638 0 0.41510215064349187
0.71875 0.19454385408620367 0 0.44360896348613638
0.71875 0.21875 0 0.49039695195331579
0.71875 0.24295614591379638 0 0.53434444361436273
0.71875 0.25704385408620367 0 0.55858749516826178
0.71875 0.28125000000000006 0 0.59755041484461835
0.71875 0.30545614591379644 0 0.63305217903023414
0.71875 0.31954385408620378 0 0.65209982226189278
0.71875 0.34375000000000011 0 0.68174034989654553
0.71875 0.3679561459137965 0 0.70743207387452678
0.71875 0.38204385408620378 0 0.72055231872174719
0.71875 0.40625000000000011 0 0.73973138559675511
0.71875 0.43045614591379644 0 0.75462575068047388
0.71875 0.44454385408620367 0 0.76131439331085904
0.71875 0.46874999999999994 0 0.76929495862384711
0.71875 0.49295614591379633 0 0.77281958313350108
0.71875 0.50704385408620356 0 0.7728195831663115
0.71875 0.53125 0 0.76929495864568143
0.71875 0.55545614591379633 0 0.76131439313003568
0.71875 0.56954385408620378 0 0.75462575030501045
0.71875 0.59375000000000011 0 0.73973138493108692
0.71875 0.61795614591379633 0 0.72055231784687601
0.71875 0.63204385408620378 0 0.70743207290849663
0.71875 0.65625000000000022 0 0.68174034872439238
0.71875 0.68045614591379633 0 0.65209982080650886
0.71875 0.69454385408620367 0 0.6330521773883111
0.71875 0.71875 0 0.59755041305520484
0.71875 0.74295614591379633 0 0.55858749348007219
0.71875 0.75704385408620389 0 0.53434444208448595
0.71875 0.78125000000000022 0 0.49039695063613309
0.71875 0.80545614591379633 0 0.44360896227385682
0.71875 0.81954385408620378 0 0.41510214945725954
0.71875 0.84375 0 0.36439780818200324
0.71875 0.86795614591379633 0 0.31158278759024383
0.71875 0.88204385408620367 0 0.27990771461981101
0.71875 0.90625 0 0.22439506313057572
0.71875 0.93045614591379633 0 0.16758266133752533
0.71875 0.94454385408620367 0 0.13395658286002776
0.71875 0.96875 0 0.075768940723279582
0.71875 0.99295614591379622 0 0.017142426898882762
0.71875 1.0070438540862034 0 -0.017142425134266764
0.71875 1.0312499999999998 0 -0.075768938764337254
0.71875 1.0554561459137961 0 -0.13395658046108569
0.71875 1.0695438540862037 0 -0.16758265860314006
0.71875 1.0937500000000002 0 -0.22439506019765232
0.71875 1.1179561459137963 0 -0.27990771203928627
0.71875 1.1320438540862034 0 -0.31158278542883033
0.71875 1.1562499999999998 0 -0.36439780650465231
0.71875 1.1804561459137961 0 -0.41510214787948801
0.71875 1.1945438540862034 0 -0.44360896060290483
0.71875 1.2187500000000002 0 -0.49039694893968244
0.71875 1.2429561459137966 0 -0.53434444058889241
0.71875 1.2570438540862037 0 -0.55858749218318016
0.71875 1.28125 0 -0.59755041189881963
0.71875 1.3054561459137963 0 -0.63305217606978059
0.71875 1.3195438540862039 0 -0.65209981927388905
0.71875 1.3437500000000002 0 -0.68174034691708241
0.71875 1.3679561459137966 0 -0.70743207098686545
0.71875 1.3820438540862039 0 -0.72055231592560909
0.71875 1.4062500000000004 0 -0.73973138301976393
0.71875 1.4304561459137966 0 -0.75462574840036212
0.71875 1.4445438540862041 0 -0.76131439123586175
0.71875 1.4687500000000004 0 -0.76929495690424343
0.71875 1.4929561459137966 0 -0.77281958176553456
0.71875 1.5070438540862043 0 -0.77281958199751011
0.71875 1.5312500000000009 0 -0.76929495775243117
0.71875 1.5554561459137974 0 -0.76131439241990329
0.71875 1.5695438540862043 0 -0.75462574966408835
0.71875 1.5937500000000009 0 -0.73973138442400144
0.71875 1.617956145913797 0 -0.72055231750375781
0.71875 1.6320438540862043 0 -0.70743207267339336
0.71875 1.6562500000000004 0 -0.68174034867695965
0.71875 1.680456145913797 0 -0.65209982094658214
0.71875 1.6945438540862043 0 -0.63305217763320476
0.71875 1.7187500000000004 0 -0.59755041340830073
0.71875 1.742956145913797 0 -0.55858749384127659
0.71875 1.7570438540862043 0 -0.53434444241102608
0.71875 1.7812500000000004 0 -0.49039695093751046
0.71875 1.805456145913797 0 -0.44360896260810334
0.71875 1.8195438540862043 0 -0.41510214982492072
0.71875 1.8437500000000004 0 -0.36439780844212327
0.71875 1.867956145913797 0 -0.3115827875072798
0.71875 1.8820438540862039 0 -0.27990771425033539
0.71875 1.90625 0 -0.22439506244877505
0.71875 1.9304561459137961 0 -0.16758266061782884
0.71875 1.9445438540862039 0 -0.13395658222460052
0.71875 1.9687500000000002 0 -0.075768940110278266
0.71875 1.9929561459137966 0 -0.017142426110138852
0.74295614591379633 0.0070438540862036436 0 0.016024664430963325
0.74295614591379633 0.03125 0 0.07082847152946993
0.74295614591379633 0.05545614591379637 0 0.1252220231337885
0.74295614591379633 0.069543854086203671 0 0.15665553313996278
0.74295614591379633 0.093750000000000028 0 0.20976351619684283
0.74295614591379633 0.11795614591379638 0 0.26165649865478269
0.74295614591379633 0.13204385408620367 0 0.29126621765828759
0.74295614591379633 0.15625000000000006 0 0.34063746666059525
0.74295614591379633 0.18045614591379638 0 0.38803566170638787
0.74295614591379633 0.19454385408620367 0 0.41468370476494709
0.74295614591379633 0.21875 0 0.45842091026011866
0.74295614591379633 0.24295614591379638 0 0.49950283185624678
0.74295614591379633 0.25704385408620367 0 0.52216512964684958
0.74295614591379633 0.28125000000000006 0 0.55858749529279816
0.74295614591379633 0.30545614591379644 0 0.59177438800931148
0.74295614591379633 0.31954385408620378 0 0.60958004095456975
0.74295614591379633 0.34375000000000011 0 0.6372878755645921
0.74295614591379633 0.3679561459137965 0 0.66130438593720731
0.74295614591379633 0.38204385408620378 0 0.67356913301832
0.74295614591379633 0.40625000000000011 0 0.6914976402219043
0.74295614591379633 0.43045614591379644 0 0.70542082704198694
0.74295614591379633 0.44454385408620367 0 0.71167334067195631
0.74295614591379633 0.46875 0 0.71913353793342449
0.74295614591379633 0.49295614591379633 0 0.72242834139835932
0.74295614591379633 0.50704385408620356 0 0.72242834144421419
0.74295614591379633 0.53125 0 0.71913353799233115
0.74295614591379633 0.55545614591379633 0 0.71167334052001241
0.74295614591379633 0.56954385408620378 0 0.70542082667791983
0.74295614591379633 0.59375000000000011 0 0.69149763954804
0.74295614591379633 0.61795614591379644 0 0.67356913213346936
0.74295614591379633 0.63204385408620378 0 0.66130438496850319
0.74295614591379633 0.65625000000000022 0 0.63728787441885759
0.74295614591379633 0.68045614591379644 0 0.60958003957592144
0.74295614591379633 0.69454385408620367 0 0.59177438647926928
0.74295614591379633 0.71875 0 0.55858749362611948
0.74295614591379633 0.74295614591379633 0 0.52216512802113413
0.74295614591379633 0.75704385408620389 0 0.49950283032997289
0.74295614591379633 0.78125000000000022 0 0.45842090894075199
0.74295614591379633 0.80545614591379633 0 0.41468370368467899
0.74295614591379633 0.81954385408620378 0 0.38803566077939922
0.74295614591379633 0.84375 0 0.34063746601069017
0.74295614591379633 0.86795614591379633 0 0.29126621730129565
0.74295614591379633 0.88204385408620367 0 0.26165649847268602
0.74295614591379633 0.90625 0 0.20976351627919454
0.74295614591379633 0.93045614591379633 0 0.15665553343494676
0.74295614591379633 0.94454385408620367 0 0.12522202353515477
0.74295614591379633 0.96875 0 0.070828472182675309
0.74295614591379633 0.99295614591379622 0 0.016024665437390149
0.74295614591379633 1.0070438540862034 0 -0.01602466317499901
0.74295614591379633 1.0312499999999998 0 -0.070828469810428993
0.74295614591379633 1.0554561459137961 0 -0.12522202091417095
0.74295614591379633 1.0695438540862037 0 -0.15665553062401799
0.74295614591379633 1.0937500000000002 0 -0.20976351335015198
0.74295614591379633 1.1179561459137963 0 -0.26165649572955074
0.74295614591379633 1.1320438540862034 0 -0.29126621478659953
0.74295614591379633 1.1562499999999998 0 -0.34063746379457821
0.74295614591379633 1.1804561459137961 0 -0.3880356587003001
0.74295614591379633 1.1945438540862034 0 -0.41468370162107021
0.74295614591379633 1.2187500000000002 0 -0.45842090694780507
0.74295614591379633 1.2429561459137966 0 -0.49950282848537603
0.74295614591379633 1.2570438540862037 0 -0.52216512628888767
0.74295614591379633 1.28125 0 -0.55858749198294655
0.74295614591379633 1.3054561459137966 0 -0.59177438477254218
0.74295614591379633 1.3195438540862039 0 -0.60958003776954484
0.74295614591379633 1.3437500000000004 0 -0.63728787244946605
0.74295614591379633 1.3679561459137966 0 -0.66130438286298332
0.74295614591379633 1.3820438540862039 0 -0.67356912996433083
0.74295614591379633 1.4062500000000004 0 -0.69149763734564518
0.74295614591379633 1.4304561459137966 0 -0.70542082454543631
0.74295614591379633 1.4445438540862041 0 -0.71167333847582759
0.74295614591379633 1.4687500000000004 0 -0.71913353618347164
0.74295614591379633 1.4929561459137968 0 -0.72242833997663325
0.74295614591379633 1.5070438540862043 0 -0.72242834016312718
0.74295614591379633 1.5312500000000007 0 -0.71913353692596838
0.74295614591379633 1.555456145913797 0 -0.71167333964282975
0.74295614591379633 1.5695438540862043 0 -0.70542082589900346
0.74295614591379633 1.5937500000000009 0 -0.69149763891648552
0.74295614591379633 1.617956145913797 0 -0.67356913162195287
0.74295614591379633 1.6320438540862043 0 -0.66130438451550178
0.74295614591379633 1.6562500000000004 0 -0.63728787406570331
0.74295614591379633 1.680456145913797 0 -0.60958003932441274
0.74295614591379633 1.6945438540862043 0 -0.59177438628661994
0.74295614591379633 1.7187500000000004 0 -0.55858749351695314
0.74295614591379633 1.742956145913797 0 -0.5221651279706907
0.74295614591379633 1.7570438540862043 0 -0.49950283030030179
0.74295614591379633 1.7812500000000009 0 -0.45842090889316456
0.74295614591379633 1.805456145913797 0 -0.41468370354704526
0.74295614591379633 1.8195438540862048 0 -0.38803566055936839
0.74295614591379633 1.8437500000000004 0 -0.34063746564654629
0.74295614591379633 1.867956145913797 0 -0.29126621679681591
0.74295614591379633 1.8820438540862039 0 -0.26165649789008721
0.74295614591379633 1.90625 0 -0.2097635155961628
0.74295614591379633 1.9304561459137961 0 -0.15665553269815169
0.74295614591379633 1.9445438540862039 0 -0.12522202278224612
0.74295614591379633 1.9687500000000004 0 -0.070828471331980794
0.74295614591379633 1.9929561459137966 0 -0.016024664386585695
0.75704385408620367 0.0070438540862036436 0 0.015329183821840644
0.75704385408620367 0.03125 0 0.067754470920194626
0.75704385408620367 0.05545614591379637 0 0.11978730790208905
0.75704385408620367 0.069543854086203671 0 0.14985658365853544
0.75704385408620367 0.093750000000000028 0 0.20065964659876454
0.75704385408620367 0.11795614591379638 0 0.250300440727108
0.75704385408620367 0.13204385408620367 0 0.27862507915524892
0.75704385408620367 0.15625000000000003 0 0.32585358465971526
0.75704385408620367 0.18045614591379638 0 0.3711946680108108
0.75704385408620367 0.19454385408620367 0 0.39668616912118293
0.75704385408620367 0.21875 0 0.43852515217781546
0.75704385408620367 0.24295614591379636 0 0.47782409231513651
0.75704385408620367 0.25704385408620362 0 0.49950283199425433
0.75704385408620367 0.28125000000000006 0 0.53434444384452773
0.75704385408620367 0.30545614591379644 0 0.56609100434237425
0.75704385408620367 0.31954385408620378 0 0.58312388064185883
0.75704385408620367 0.34375000000000011 0 0.60962917763934366
0.75704385408620367 0.3679561459137965 0 0.63260335622442498
0.75704385408620367 0.38204385408620378 0 0.6443358055051287
0.75704385408620367 0.40625000000000011 0 0.66148620412398862
0.75704385408620367 0.43045614591379644 0 0.67480511579749114
0.75704385408620367 0.44454385408620367 0 0.68078626636327988
0.75704385408620367 0.46875 0 0.6879226863268314
0.75704385408620367 0.49295614591379633 0 0.69107449323676828
0.75704385408620367 0.50704385408620356 0 0.69107449328734405
0.75704385408620367 0.53125 0 0.68792268639801291
0.75704385408620367 0.55545614591379633 0 0.68078626621773364
0.75704385408620367 0.56954385408620378 0 0.67480511543113242
0.75704385408620367 0.59375 0 0.66148620343778142
0.75704385408620367 0.61795614591379644 0 0.64433580460603701
0.75704385408620367 0.63204385408620367 0 0.63260335524484368
0.75704385408620367 0.65625000000000022 0 0.60962917650709914
0.75704385408620367 0.68045614591379644 0 0.58312387932611942
0.75704385408620367 0.69454385408620367 0 0.56609100291087378
0.75704385408620367 0.71875 0 0.53434444227835576
0.75704385408620367 0.74295614591379633 0 0.49950283038596632
0.75704385408620367 0.75704385408620389 0 0.477824090728729
0.75704385408620367 0.78125000000000022 0 0.43852515076640919
0.75704385408620367 0.80545614591379644 0 0.3966861680667097
0.75704385408620367 0.81954385408620367 0 0.3711946672311246
0.75704385408620367 0.84375 0 0.32585358421285504
0.75704385408620367 0.86795614591379622 0 0.2786250788288066
0.75704385408620367 0.88204385408620367 0 0.25030044039030369
0.75704385408620367 0.90625 0 0.200659646370277
0.75704385408620367 0.93045614591379633 0 0.14985658373547459
0.75704385408620367 0.94454385408620356 0 0.11978730823758321
0.75704385408620367 0.96875 0 0.067754471687251905
0.75704385408620367 0.99295614591379633 0 0.015329184982816799
0.75704385408620367 1.0070438540862034 0 -0.015329182444838928
0.75704385408620367 1.0312499999999998 0 -0.06775446913225068
0.75704385408620367 1.0554561459137959 0 -0.11978730564403718
0.75704385408620367 1.0695438540862037 0 -0.14985658111173938
0.75704385408620367 1.09375 0 -0.20065964371413567
0.75704385408620367 1.1179561459137963 0 -0.25030043773103855
0.75704385408620367 1.1320438540862032 0 -0.27862507618283588
0.75704385408620367 1.1562499999999998 0 -0.32585358164058448
0.75704385408620367 1.1804561459137961 0 -0.37119466480039509
0.75704385408620367 1.1945438540862034 0 -0.396686165744494
0.75704385408620367 1.2187500000000002 0 -0.43852514859793201
0.75704385408620367 1.2429561459137966 0 -0.47782408866156928
0.75704385408620367 1.2570438540862037 0 -0.49950282835490989
0.75704385408620367 1.28125 0 -0.53434444028941275
0.75704385408620367 1.3054561459137963 0 -0.56609100094161691
0.75704385408620367 1.3195438540862039 0 -0.58312387735548388
0.75704385408620367 1.3437500000000002 0 -0.60962917447374854
0.75704385408620367 1.3679561459137968 0 -0.6326033530670313
0.75704385408620367 1.3820438540862037 0 -0.6443358023175052
0.75704385408620367 1.4062500000000004 0 -0.66148620108074885
0.75704385408620367 1.4304561459137966 0 -0.67480511318337866
0.75704385408620367 1.4445438540862043 0 -0.68078626410943854
0.75704385408620367 1.4687500000000002 0 -0.68792268456850858
0.75704385408620367 1.4929561459137968 0 -0.6910744917731535
0.75704385408620367 1.5070438540862043 0 -0.69107449191320036
0.75704385408620367 1.5312500000000007 0 -0.68792268519514377
0.75704385408620367 1.555456145913797 0 -0.68078626523090091
0.75704385408620367 1.5695438540862043 0 -0.67480511458515402
0.75704385408620367 1.5937500000000009 0 -0.66148620277622261
0.75704385408620367 1.617956145913797 0 -0.64433580404416524
0.75704385408620367 1.6320438540862043 0 -0.63260335470542417
0.75704385408620367 1.6562500000000004 0 -0.60962917599763378
0.75704385408620367 1.680456145913797 0 -0.58312387884318317
0.75704385408620367 1.6945438540862043 0 -0.56609100244433164
0.75704385408620367 1.7187500000000007 0 -0.5343444418802209
0.75704385408620367 1.742956145913797 0 -0.49950283011260788
0.75704385408620367 1.7570438540862041 0 -0.47782409054281072
0.75704385408620367 1.7812500000000009 0 -0.43852515058654351
0.75704385408620367 1.805456145913797 0 -0.39668616768643256
0.75704385408620367 1.8195438540862048 0 -0.37119466665798068
0.75704385408620367 1.8437500000000004 0 -0.3258535834642059
0.75704385408620367 1.867956145913797 0 -0.27862507814260284
0.75704385408620367 1.8820438540862039 0 -0.25030043983147576
0.75704385408620367 1.9062499999999998 0 -0.2006596459045685
0.75704385408620367 1.9304561459137961 0 -0.14985658316371364
0.75704385408620378 1.9445438540862037 0 -0.11978730752150665
0.75704385408620367 1.9687500000000004 0 -0.06775447071994288
0.75704385408620367 1.9929561459137966 0 -0.015329183779906181
0.78125 0.0070438540862036436 0 0.014068425541042451
0.78125 0.03125 0 0.062181962239054867
0.78125 0.05545614591379637 0 0.10993532616066662
0.78125 0.069543854086203671 0 0.13753153563337056
0.78125 0.093750000000000028 0 0.1841562690630531
0.78125 0.11795614591379638 0 0.22971432518980514
0.78125 0.13204385408620367 0 0.2557093861007545
0.78125 0.15625000000000003 0 0.2990535537793696
0.78125 0.18045614591379638 0 0.34066553152275053
0.78125 0.19454385408620367 0 0.36406046826812311
0.78125 0.21875 0 0.40245837811932211
0.78125 0.24295614591379638 0 0.43852515243322032
0.78125 0.25704385408620367 0 0.45842091064417528
0.78125 0.28125000000000006 0 0.49039695239415004
0.78125 0.30545614591379644 0 0.51953249722501416
0.78125 0.31954385408620378 0 0.53516449399238308
0.78125 0.34375000000000011 0 0.55948984630843124
0.78125 0.3679561459137965 0 0.58057449924378857
0.78125 0.38204385408620378 0 0.59134200591231634
0.78125 0.40625000000000011 0 0.60708185929464287
0.78125 0.43045614591379644 0 0.61930534876654197
0.78125 0.44454385408620367 0 0.62479457587195197
0.78125 0.46874999999999994 0 0.63134405652344827
0.78125 0.49295614591379633 0 0.63423664110931088
0.78125 0.50704385408620356 0 0.6342366411567335
0.78125 0.53125 0 0.63134405658425041
0.78125 0.55545614591379633 0 0.62479457571439323
0.78125 0.56954385408620378 0 0.61930534838914797
0.78125 0.59375000000000011 0 0.60708185859251651
0.78125 0.61795614591379633 0 0.59134200498272083
0.78125 0.63204385408620378 0 0.58057449822293139
0.78125 0.65625000000000022 0 0.55948984514575562
0.78125 0.68045614591379633 0 0.53516449269890842
0.78125 0.69454385408620367 0 0.51953249585990069
0.78125 0.71875 0 0.49039695090468283
0.78125 0.74295614591379633 0 0.45842090902748239
0.78125 0.75704385408620389 0 0.43852515075506271
0.78125 0.78125000000000022 0 0.40245837656910904
0.78125 0.80545614591379633 0 0.36406046717132051
0.78125 0.81954385408620378 0 0.34066553080774875
0.78125 0.84375 0 0.29905355343656204
0.78125 0.86795614591379633 0 0.25570938570199891
0.78125 0.88204385408620367 0 0.22971432459893745
0.78125 0.90625 0 0.18415626844034075
0.78125 0.93045614591379633 0 0.1375315354374276
0.78125 0.94454385408620367 0 0.10993532639696108
0.78125 0.96875 0 0.062181963118347026
0.78125 0.99295614591379622 0 0.014068426878080881
0.78125 1.0070438540862034 0 -0.014068424012242953
0.78125 1.0312499999999998 0 -0.06218196034682185
0.78125 1.0554561459137961 0 -0.10993532383898171
0.78125 1.0695438540862037 0 -0.13753153304133273
0.78125 1.0937500000000002 0 -0.18415626612347702
0.78125 1.1179561459137963 0 -0.22971432207226697
0.78125 1.1320438540862034 0 -0.25570938294556111
0.78125 1.1562499999999998 0 -0.29905355048753152
0.78125 1.1804561459137961 0 -0.3406655279769264
0.78125 1.1945438540862034 0 -0.36406046453184715
0.78125 1.2187500000000002 0 -0.40245837415609387
0.78125 1.2429561459137966 0 -0.43852514839455814
0.78125 1.2570438540862037 0 -0.45842090662936497
0.78125 1.28125 0 -0.49039694850627641
0.78125 1.3054561459137966 0 -0.51953249356840192
0.78125 1.3195438540862039 0 -0.53516449050629
0.78125 1.3437500000000004 0 -0.55948984299261029
0.78125 1.3679561459137966 0 -0.58057449591680943
0.78125 1.3820438540862039 0 -0.59134200251800695
0.78125 1.4062500000000004 0 -0.60708185602595743
0.78125 1.4304561459137966 0 -0.61930534597783582
0.78125 1.4445438540862041 0 -0.62479457349889589
0.78125 1.4687500000000002 0 -0.63134405468990529
0.78125 1.4929561459137966 0 -0.63423663953619169
0.78125 1.5070438540862043 0 -0.63423663962325483
0.78125 1.5312500000000004 0 -0.63134405517898318
0.78125 1.555456145913797 0 -0.62479457454928
0.78125 1.5695438540862043 0 -0.61930534740456278
0.78125 1.5937500000000004 0 -0.60708185782394175
0.78125 1.617956145913797 0 -0.59134200428769057
0.78125 1.6320438540862043 0 -0.58057449751074597
0.78125 1.6562500000000004 0 -0.559489844386857
0.78125 1.680456145913797 0 -0.53516449188372917
0.78125 1.6945438540862043 0 -0.51953249501361642
0.78125 1.7187500000000004 0 -0.49039695010009132
0.78125 1.742956145913797 0 -0.45842090839801325
0.78125 1.7570438540862043 0 -0.43852515026976496
0.78125 1.7812500000000004 0 -0.40245837611183444
0.78125 1.805456145913797 0 -0.36406046642267265
0.78125 1.8195438540862043 0 -0.34066552977592057
0.78125 1.8437500000000004 0 -0.29905355223262964
0.78125 1.8679561459137968 0 -0.25570938479614291
0.78125 1.8820438540862039 0 -0.22971432404358511
0.78125 1.90625 0 -0.1841562681904024
0.78125 1.9304561459137961 0 -0.13753153503199927
0.78125000000000011 1.9445438540862039 0 -0.10993532571402351
0.78125 1.9687500000000002 0 -0.062181962020850266
0.78125 1.9929561459137966 0 -0.01406842549940553
0.80545614591379633 0.0070438540862036436 0 0.012726179579620715
0.80545614591379633 0.03125 0 0.056249280764704396
0.80545614591379633 0.05545614591379637 0 0.099446572693348084
0.80545614591379633 0.069543854086203671 0 0.1244098720098466
0.80545614591379633 0.093750000000000028 0 0.16658621427958595
0.80545614591379622 0.11795614591379638 0 0.20779764921409249
0.80545614591379633 0.13204385408620367 0 0.23131256298123118
0.80545614591379633 0.15625000000000003 0 0.27052133300760028
0.80545614591379622 0.18045614591379638 0 0.30816317855756542
0.80545614591379633 0.19454385408620367 0 0.3293260418288893
0.80545614591379633 0.21875 0 0.36406046854844148
0.80545614591379622 0.24295614591379638 0 0.39668616963704273
0.80545614591379633 0.25704385408620367 0 0.41468370539155497
0.80545614591379633 0.28125000000000006 0 0.44360896417056289
0.80545614591379633 0.30545614591379644 0 0.46996473330921618
0.80545614591379633 0.31954385408620378 0 0.48410530629345694
0.80545614591379633 0.34375000000000011 0 0.50610981567082269
0.80545614591379633 0.3679561459137965 0 0.52518281557503177
0.80545614591379633 0.38204385408620378 0 0.53492301162913991
0.80545614591379633 0.40625000000000011 0 0.54916115074534189
0.80545614591379633 0.43045614591379644 0 0.56021841662994853
0.80545614591379633 0.44454385408620367 0 0.56518392536130735
0.80545614591379633 0.46875 0 0.5711085305386443
0.80545614591379633 0.49295614591379633 0 0.57372513824124793
0.80545614591379633 0.50704385408620356 0 0.57372513827037341
0.80545614591379633 0.53125 0 0.57110853054707467
0.80545614591379633 0.55545614591379633 0 0.56518392516192328
0.80545614591379633 0.56954385408620378 0 0.56021841623371804
0.80545614591379633 0.59375000000000011 0 0.54916115003659127
0.80545614591379633 0.61795614591379644 0 0.53492301066261705
0.80545614591379633 0.63204385408620378 0 0.52518281448340853
0.80545614591379633 0.65625000000000022 0 0.50610981440276404
0.80545614591379633 0.68045614591379644 0 0.48410530489704373
0.80545614591379633 0.69454385408620367 0 0.46996473185751036
0.80545614591379633 0.71875 0 0.44360896261564958
0.80545614591379633 0.74295614591379633 0 0.41468370371714502
0.80545614591379633 0.75704385408620389 0 0.39668616789865191
0.80545614591379633 0.78125000000000022 0 0.36406046690884858
0.80545614591379633 0.80545614591379633 0 0.32932604058035858
0.80545614591379633 0.81954385408620378 0 0.30816317764307427
0.80545614591379633 0.84375 0 0.27052133242159099
0.80545614591379633 0.86795614591379622 0 0.23131256235232317
0.80545614591379633 0.88204385408620367 0 0.20779764842431436
0.80545614591379633 0.90625 0 0.16658621351442518
0.80545614591379633 0.93045614591379633 0 0.12440987172603944
0.80545614591379633 0.94454385408620367 0 0.099446572872752062
0.80545614591379633 0.96875 0 0.056249281640042496
0.80545614591379633 0.99295614591379622 0 0.012726180965436021
0.80545614591379633 1.0070438540862034 0 -0.012726177973192679
0.80545614591379633 1.0312499999999998 0 -0.056249278774992834
0.80545614591379633 1.0554561459137961 0 -0.099446570295698353
0.80545614591379633 1.0695438540862037 0 -0.12440986936861366
0.80545614591379633 1.09375 0 -0.16658621128822348
0.80545614591379633 1.1179561459137961 0 -0.20779764597033873
0.80545614591379633 1.1320438540862034 0 -0.23131255962912578
0.80545614591379633 1.1562499999999996 0 -0.27052132943710178
0.80545614591379633 1.1804561459137961 0 -0.30816317471391702
0.80545614591379633 1.1945438540862034 0 -0.32932603780977465
0.80545614591379633 1.2187500000000002 0 -0.36406046433229866
0.80545614591379633 1.2429561459137966 0 -0.39668616537486351
0.80545614591379633 1.2570438540862037 0 -0.41468370116898778
0.80545614591379633 1.28125 0 -0.44360896008282891
0.80545614591379633 1.3054561459137966 0 -0.46996472943398482
0.80545614591379633 1.3195438540862039 0 -0.4841053025684115
0.80545614591379633 1.3437500000000004 0 -0.50610981210846528
0.80545614591379633 1.3679561459137966 0 -0.52518281203471595
0.80545614591379633 1.3820438540862039 0 -0.53492300805637838
0.80545614591379633 1.4062500000000002 0 -0.54916114733591959
0.80545614591379633 1.4304561459137966 0 -0.56021841370314485
0.80545614591379633 1.4445438540862039 0 -0.56518392283770169
0.80545614591379633 1.4687500000000002 0 -0.57110852854202521
0.80545614591379633 1.4929561459137968 0 -0.57372513650842738
0.80545614591379633 1.5070438540862043 0 -0.57372513658513025
0.80545614591379633 1.5312500000000004 0 -0.57110852899339393
0.80545614591379633 1.555456145913797 0 -0.56518392383581539
0.80545614591379633 1.5695438540862043 0 -0.56021841507439751
0.80545614591379633 1.5937500000000004 0 -0.5491611490725935
0.80545614591379633 1.617956145913797 0 -0.53492300975715945
0.80545614591379633 1.6320438540862041 0 -0.52518281355441387
0.80545614591379633 1.6562500000000004 0 -0.50610981341607442
0.80545614591379633 1.680456145913797 0 -0.48410530384249312
0.80545614591379633 1.6945438540862043 0 -0.4699647307640285
0.80545614591379633 1.7187500000000004 0 -0.44360896153617507
0.80545614591379633 1.742956145913797 0 -0.41468370276534433
0.80545614591379633 1.7570438540862043 0 -0.39668616705799387
0.80545614591379633 1.7812500000000007 0 -0.36406046608632053
0.80545614591379633 1.805456145913797 0 -0.32932603952380513
0.80545614591379633 1.8195438540862043 0 -0.30816317636353935
0.80545614591379633 1.8437500000000004 0 -0.27052133105649051
0.80545614591379633 1.8679561459137968 0 -0.23131256134150002
0.80545614591379633 1.8820438540862039 0 -0.20779764778368476
0.80545614591379633 1.90625 0 -0.16658621320511632
0.80545614591379633 1.9304561459137961 0 -0.12440987127918608
0.80545614591379633 1.9445438540862039 0 -0.099446572154788498
0.80545614591379633 1.9687500000000004 0 -0.056249280505770077
0.80545614591379633 1.9929561459137966 0 -0.012726179531297481
0.81954385408620356 0.0070438540862036436 0 0.011908380922819119
0.81954385408620356 0.03125 0 0.052634638522772059
0.81954385408620378 0.05545614591379637 0 0.093056023732832477
0.81954385408620356 0.069543854086203671 0 0.11641515326768175
0.81954385408620356 0.093750000000000028 0 0.15588119619266186
0.81954385408620356 0.11795614591379638 0 0.19444433781631934
0.81954385408620356 0.13204385408620367 0 0.21644815669046813
0.81954385408620356 0.15625000000000003 0 0.2531373269018356
0.81954385408620356 0.18045614591379638 0 0.28836026495817207
0.81954385408620356 0.19454385408620367 0 0.30816317873653998
0.81954385408620356 0.21875 0 0.34066553197418259
0.81954385408620356 0.24295614591379636 0 0.37119466867914158
0.81954385408620378 0.25704385408620362 0 0.38803566247239502
0.81954385408620356 0.28125000000000006 0 0.41510215148283319
0.81954385408620356 0.30545614591379644 0 0.43976426916796801
0.81954385408620378 0.31954385408620378 0 0.45299615298592594
0.81954385408620356 0.34375000000000011 0 0.4735866277558527
0.81954385408620356 0.3679561459137965 0 0.49143397512752618
0.81954385408620378 0.38204385408620378 0 0.50054825515873713
0.81954385408620356 0.40625000000000011 0 0.51387143534625934
0.81954385408620356 0.43045614591379644 0 0.52421814882946915
0.81954385408620378 0.44454385408620367 0 0.52886456836545936
0.81954385408620356 0.46875 0 0.53440845172079732
0.81954385408620356 0.49295614591379633 0 0.53685691324121965
0.81954385408620378 0.50704385408620356 0 0.53685691325391816
0.81954385408620356 0.53125 0 0.53440845168229256
0.81954385408620378 0.55545614591379633 0 0.5288645681288221
0.81954385408620378 0.56954385408620378 0 0.52421814841689862
0.81954385408620356 0.59375 0 0.5138714346342016
0.81954385408620378 0.61795614591379644 0 0.5005482541659847
0.81954385408620378 0.63204385408620367 0 0.49143397398207894
0.81954385408620356 0.65625000000000022 0 0.47358662639709043
0.81954385408620378 0.68045614591379644 0 0.45299615148023903
0.81954385408620378 0.69454385408620367 0 0.43976426760493487
0.81954385408620356 0.71875 0 0.41510214983306098
0.81954385408620378 0.74295614591379633 0 0.3880356607455816
0.81954385408620378 0.75704385408620389 0 0.37119466692008113
0.81954385408620356 0.78125000000000022 0 0.34066553030523122
0.81954385408620378 0.80545614591379644 0 0.30816317735931659
0.81954385408620378 0.81954385408620367 0 0.28836026382535207
0.81954385408620356 0.84375 0 0.2531373260397895
0.81954385408620378 0.86795614591379622 0 0.21644815587108615
0.81954385408620378 0.88204385408620356 0 0.19444433694111582
0.81954385408620356 0.90624999999999989 0 0.15588119545433896
0.81954385408620378 0.93045614591379633 0 0.11641515301346049
0.81954385408620378 0.94454385408620356 0 0.093056023900196669
0.81954385408620356 0.96875 0 0.052634639349899502
0.81954385408620378 0.99295614591379633 0 0.011908382284565637
0.81954385408620378 1.0070438540862034 0 -0.011908379303004649
0.81954385408620356 1.0312499999999998 0 -0.052634636481575035
0.81954385408620378 1.0554561459137959 0 -0.093056021288265858
0.81954385408620378 1.0695438540862037 0 -0.11641515059807402
0.81954385408620356 1.09375 0 -0.15588119317476853
0.81954385408620378 1.1179561459137963 0 -0.19444433450176624
0.81954385408620378 1.1320438540862032 0 -0.21644815322461639
0.81954385408620356 1.1562499999999996 0 -0.25313732317593401
0.81954385408620378 1.1804561459137961 0 -0.28836026096687789
0.81954385408620378 1.1945438540862034 0 -0.30816317459449222
0.81954385408620356 1.2187500000000002 0 -0.34066552767340086
0.81954385408620378 1.2429561459137966 0 -0.3711946643598098
0.81954385408620378 1.2570438540862037 0 -0.38803565820253894
0.81954385408620356 1.28125 0 -0.41510214733657602
0.81954385408620378 1.3054561459137966 0 -0.43976426518483519
0.81954385408620378 1.3195438540862039 0 -0.45299614911107505
0.81954385408620356 1.3437500000000004 0 -0.47358662401604024
0.81954385408620378 1.3679561459137968 0 -0.491433971447719
0.81954385408620378 1.3820438540862037 0 -0.50054825149342153
0.81954385408620356 1.4062500000000004 0 -0.51387143188586348
0.81954385408620378 1.4304561459137966 0 -0.52421814583223159
0.81954385408620378 1.4445438540862039 0 -0.52886456573659391
0.81954385408620356 1.46875 0 -0.53440844958883527
0.81954385408620378 1.4929561459137966 0 -0.53685691139058411
0.81954385408620378 1.5070438540862041 0 -0.53685691147912562
0.81954385408620356 1.5312500000000004 0 -0.53440845005991922
0.81954385408620378 1.555456145913797 0 -0.52886456671147608
0.81954385408620378 1.5695438540862043 0 -0.52421814713635173
0.81954385408620356 1.5937500000000004 0 -0.51387143351593845
0.81954385408620378 1.617956145913797 0 -0.50054825310336026
0.81954385408620378 1.6320438540862043 0 -0.4914339729068673
0.81954385408620356 1.6562500000000004 0 -0.47358662528589357
0.81954385408620378 1.680456145913797 0 -0.45299615032386875
0.81954385408620378 1.6945438540862043 0 -0.43976426642111727
0.81954385408620356 1.7187500000000007 0 -0.41510214864694295
0.81954385408620378 1.742956145913797 0 -0.38803565962055286
0.81954385408620378 1.7570438540862041 0 -0.37119466585115413
0.81954385408620356 1.7812500000000004 0 -0.34066552923639082
0.81954385408620378 1.805456145913797 0 -0.30816317615005173
0.81954385408620378 1.8195438540862043 0 -0.28836026248895241
0.81954385408620356 1.8437500000000004 0 -0.25313732470078254
0.81954385408620378 1.8679561459137968 0 -0.21644815484421556
0.81954385408620378 1.8820438540862039 0 -0.19444433621185458
0.81954385408620356 1.9062499999999998 0 -0.15588119499441289
0.81954385408620378 1.9304561459137961 0 -0.11641515245401537
0.81954385408620367 1.9445438540862037 0 -0.093056023130859547
0.81954385408620356 1.9687500000000004 0 -0.052634638230609564
0.81954385408620378 1.9929561459137966 0 -0.011908380867570945
0.84374999999999989 0.0070438540862036436 0 0.010453783292574794
0.84374999999999989 0.03125 0 0.046205366477441799
0.84375 0.05545614591379637 0 0.081689317136597911
0.84374999999999989 0.069543854086203671 0 0.1021951507520453
0.84374999999999989 0.093750000000000028 0 0.1368404532891532
0.84374999999999978 0.11795614591379638 0 0.17069314308300898
0.84374999999999989 0.13204385408620367 0 0.1900092159784588
0.84374999999999989 0.15625000000000003 0 0.22221683821246452
0.84374999999999978 0.18045614591379638 0 0.25313732716561421
0.84374999999999989 0.19454385408620367 0 0.2705213334484175
0.84374999999999989 0.21875 0 0.29905355448519649
0.84374999999999978 0.24295614591379638 0 0.32585358556966881
0.84375 0.25704385408620367 0 0.34063746766075947
0.84374999999999989 0.28125000000000006 0 0.36439781025826989
0.84374999999999989 0.30545614591379644 0 0.38604747325088612
0.84375 0.31954385408620378 0 0.39766309479203726
0.84374999999999989 0.34375000000000011 0 0.4157384622447704
0.84374999999999989 0.3679561459137965 0 0.43140577273528879
0.84375 0.38204385408620378 0 0.43940675192793222
0.84374999999999989 0.40625000000000011 0 0.45110251802726875
0.84374999999999989 0.43045614591379644 0 0.46018539005998654
0.84375 0.44454385408620362 0 0.46426425375756886
0.84374999999999989 0.46874999999999994 0 0.46913095689105427
0.84374999999999989 0.49295614591379633 0 0.47128034108401157
0.84375 0.50704385408620356 0 0.47128034107674505
0.84374999999999989 0.53125 0 0.46913095678747174
0.84375 0.55545614591379633 0 0.46426425344714412
0.84375 0.56954385408620378 0 0.46018538958285821
0.84374999999999989 0.59375000000000011 0 0.45110251725358924
0.84375 0.61795614591379633 0 0.43940675085481573
0.84375 0.63204385408620378 0 0.43140577148992187
0.84374999999999989 0.65625000000000022 0 0.41573846075793369
0.84375 0.68045614591379633 0 0.39766309313990067
0.84375 0.69454385408620367 0 0.38604747153659208
0.84374999999999989 0.71875 0 0.36439780848012854
0.84375 0.74295614591379633 0 0.34063746587085997
0.84375 0.75704385408620389 0 0.32585358379793283
0.84374999999999989 0.78125000000000022 0 0.29905355280330176
0.84375 0.80545614591379633 0 0.27052133193271971
0.84375 0.81954385408620367 0 0.25313732577752679
0.84374999999999989 0.84374999999999989 0 0.22221683703169445
0.84375 0.86795614591379611 0 0.19000921498063617
0.84375 0.88204385408620345 0 0.17069314218859788
0.84374999999999989 0.90624999999999989 0 0.13684045269152931
0.84375 0.93045614591379633 0 0.1021951506194981
0.84375 0.94454385408620367 0 0.081689317343760323
0.84374999999999989 0.96875 0 0.046205367258384422
0.84375 0.99295614591379622 0 0.010453784616434416
0.84375 1.0070438540862034 0 -0.010453781668539072
0.84374999999999989 1.0312499999999998 0 -0.046205364388974102
0.84375 1.0554561459137961 0 -0.081689314652058226
0.84375 1.0695438540862037 0 -0.10219514806577557
0.84374999999999989 1.09375 0 -0.13684045026469824
0.84375 1.1179561459137961 0 -0.17069313972519101
0.84375 1.1320438540862034 0 -0.19000921243083513
0.84374999999999989 1.1562499999999996 0 -0.22221683437624218
0.84375 1.1804561459137961 0 -0.25313732309256332
0.84375 1.1945438540862034 0 -0.27052132926347788
0.84374999999999989 1.2187500000000002 0 -0.29905355018475432
0.84375 1.2429561459137966 0 -0.32585358125533825
0.84375 1.2570438540862037 0 -0.34063746338154877
0.84374999999999989 1.28125 0 -0.36439780605912714
0.84375 1.3054561459137966 0 -0.38604746914897914
0.84375 1.3195438540862039 0 -0.39766309075299344
0.84374999999999989 1.3437500000000004 0 -0.41573845829966216
0.84375 1.3679561459137966 0 -0.43140576886277504
0.84375 1.3820438540862039 0 -0.43940674809716734
0.84374999999999989 1.4062500000000002 0 -0.45110251440952931
0.84375 1.4304561459137966 0 -0.46018538685415017
0.84375 1.4445438540862037 0 -0.4642642508684881
0.84374999999999989 1.46875 0 -0.4691309544572177
0.84375 1.4929561459137966 0 -0.47128033896133442
0.84375 1.5070438540862041 0 -0.47128033907418365
0.84374999999999989 1.5312500000000004 0 -0.46913095496814744
0.84375 1.555456145913797 0 -0.46426425179341757
0.84375 1.5695438540862043 0 -0.4601853880162371
0.84374999999999989 1.5937500000000004 0 -0.45110251580316696
0.84375 1.617956145913797 0 -0.43940674947577912
0.84375 1.6320438540862041 0 -0.43140577013268577
0.84374999999999989 1.6562500000000004 0 -0.41573845941771376
0.84375 1.6804561459137968 0 -0.39766309179277376
0.84375 1.6945438540862043 0 -0.38604747017539293
0.84374999999999989 1.7187500000000004 0 -0.36439780709211844
0.84375 1.742956145913797 0 -0.34063746445479892
0.84375 1.7570438540862043 0 -0.32585358236574208
0.84374999999999989 1.7812500000000004 0 -0.29905355135541684
0.84375 1.805456145913797 0 -0.27052133048600291
0.84375 1.8195438540862041 0 -0.25313732434361569
0.84374999999999989 1.8437500000000004 0 -0.22221683570714981
0.84375 1.8679561459137968 0 -0.19000921388538392
0.84375 1.8820438540862039 0 -0.17069314126833177
0.84374999999999989 1.90625 0 -0.1368404519349358
0.84375 1.9304561459137961 0 -0.10219514982369289
0.84374999999999989 1.9445438540862039 0 -0.081689316438864179
0.84374999999999989 1.9687500000000002 0 -0.046205366126478173
0.84375 1.9929561459137966 0 -0.010453783222981895
0.86795614591379611 0.0070438540862036436 0 0.0089386348381299049
0.86795614591379611 0.03125 0 0.039508461844673326
0.86795614591379622 0.05545614591379637 0 0.069849446374396856
0.86795614591379611 0.069543854086203671 0 0.087383209346341514
0.86795614591379611 0.093750000000000028 0 0.1170070975683539
0.867956145913796 0.11795614591379638 0 0.14595325261566641
0.86795614591379611 0.13204385408620367 0 0.16246969619843715
0.86795614591379611 0.15625000000000003 0 0.19000921617979805
0.867956145913796 0.18045614591379638 0 0.21644815715149418
0.86795614591379611 0.19454385408620367 0 0.23131256361575697
0.86795614591379611 0.21874999999999997 0 0.25570938700328938
0.867956145913796 0.24295614591379638 0 0.27862508027796662
0.86795614591379622 0.25704385408620367 0 0.29126621888549331
0.86795614591379611 0.28125000000000006 0 0.31158278946524243
0.86795614591379611 0.30545614591379644 0 0.33009459769794086
0.86795614591379622 0.31954385408620378 0 0.34002667647270868
0.86795614591379611 0.34375000000000011 0 0.35548223974302384
0.86795614591379611 0.36795614591379644 0 0.36887876458749169
0.86795614591379622 0.38204385408620378 0 0.37572009940444995
0.86795614591379611 0.40625000000000011 0 0.38572070678623799
0.86795614591379611 0.43045614591379644 0 0.39348712718867945
0.86795614591379622 0.44454385408620362 0 0.39697480926365963
0.86795614591379611 0.46874999999999994 0 0.4011361430342717
0.86795614591379611 0.49295614591379633 0 0.40297400015259399
0.86795614591379622 0.50704385408620356 0 0.40297400013839707
0.86795614591379611 0.53125 0 0.40113614289154143
0.86795614591379622 0.55545614591379633 0 0.39697480886885383
0.86795614591379622 0.56954385408620367 0 0.3934871265969907
0.86795614591379611 0.59375 0 0.38572070587211316
0.86795614591379622 0.61795614591379633 0 0.37572009820247915
0.86795614591379622 0.63204385408620378 0 0.36887876323483815
0.86795614591379611 0.65625000000000022 0 0.35548223817437757
0.86795614591379622 0.68045614591379644 0 0.34002667474431847
0.86795614591379622 0.69454385408620367 0 0.33009459590360923
0.86795614591379611 0.71875 0 0.31158278762133296
0.86795614591379622 0.74295614591379633 0 0.29126621707503247
0.86795614591379622 0.75704385408620389 0 0.27862507852216267
0.86795614591379611 0.78125000000000022 0 0.25570938535565757
0.86795614591379622 0.80545614591379633 0 0.23131256208773876
0.86795614591379622 0.81954385408620367 0 0.21644815570179662
0.86795614591379611 0.84375 0 0.19000921493208064
0.86795614591379622 0.86795614591379611 0 0.16246969524538873
0.86795614591379622 0.88204385408620345 0 0.14595325187408076
0.86795614591379611 0.90624999999999978 0 0.11700709721761617
0.86795614591379622 0.93045614591379633 0 0.087383209415355281
0.86795614591379622 0.94454385408620356 0 0.069849446701284915
0.86795614591379611 0.96875 0 0.039508462642230721
0.86795614591379622 0.99295614591379622 0 0.0089386361418250133
0.86795614591379622 1.0070438540862034 0 -0.0089386332285075008
0.86795614591379611 1.0312499999999998 0 -0.039508459765598775
0.86795614591379622 1.0554561459137961 0 -0.069849443907717579
0.86795614591379622 1.0695438540862037 0 -0.087383206688492379
0.86795614591379611 1.09375 0 -0.11700709459135082
0.86795614591379622 1.1179561459137961 0 -0.14595324932419959
0.86795614591379622 1.1320438540862034 0 -0.16246969272873654
0.86795614591379611 1.1562499999999996 0 -0.19000921245202865
0.86795614591379622 1.1804561459137961 0 -0.21644815323226205
0.86795614591379622 1.1945438540862034 0 -0.23131255961452477
0.86795614591379611 1.21875 0 -0.25570938289292849
0.86795614591379622 1.2429561459137963 0 -0.27862507609596032
0.86795614591379622 1.2570438540862034 0 -0.29126621468004543
0.86795614591379611 1.28125 0 -0.31158278526612543
0.86795614591379622 1.3054561459137966 0 -0.3300945935662517
0.86795614591379622 1.3195438540862039 0 -0.34002667240321993
0.86795614591379611 1.3437500000000004 0 -0.35548223574106774
0.86795614591379622 1.3679561459137966 0 -0.36887876059210384
0.86795614591379622 1.3820438540862039 0 -0.37572009539644036
0.86795614591379611 1.40625 0 -0.38572070290545213
0.86795614591379622 1.4304561459137966 0 -0.39348712364861788
0.86795614591379622 1.4445438540862034 0 -0.39697480600705609
0.86795614591379611 1.46875 0 -0.40113614021094413
0.86795614591379622 1.4929561459137966 0 -0.40297399766604808
0.86795614591379622 1.5070438540862039 0 -0.40297399780440935
0.86795614591379611 1.5312500000000004 0 -0.40113614075991838
0.86795614591379622 1.555456145913797 0 -0.39697480686615505
0.86795614591379622 1.5695438540862043 0 -0.39348712463966679
0.86795614591379611 1.5937500000000004 0 -0.38572070400507236
0.86795614591379622 1.617956145913797 0 -0.37572009645031024
0.86795614591379622 1.6320438540862039 0 -0.36887876155717358
0.86795614591379611 1.6562500000000004 0 -0.35548223658193434
0.86795614591379622 1.6804561459137968 0 -0.34002667317502305
0.86795614591379622 1.6945438540862043 0 -0.33009459432074695
0.86795614591379611 1.7187500000000004 0 -0.31158278599213518
0.86795614591379622 1.742956145913797 0 -0.29126621537372993
0.86795614591379622 1.7570438540862043 0 -0.27862507677269704
0.86795614591379611 1.7812500000000004 0 -0.25570938359913825
0.86795614591379622 1.805456145913797 0 -0.23131256043217446
0.86795614591379622 1.8195438540862043 0 -0.2164481541492779
0.86795614591379611 1.8437500000000004 0 -0.19000921354992104
0.86795614591379622 1.8679561459137966 0 -0.16246969401332251
0.86795614591379622 1.8820438540862039 0 -0.14595325071789833
0.86795614591379611 1.90625 0 -0.11700709613949764
0.86795614591379622 1.9304561459137961 0 -0.087383208344504512
0.86795614591379611 1.9445438540862039 0 -0.069849445601897722
0.86795614591379611 1.9687500000000004 0 -0.039508461434839028
0.86795614591379622 1.9929561459137966 0 -0.0089386347514941594
0.88204385408620345 0.0070438540862036436 0 0.0080299456518868433
0.88204385408620345 0.03125 0 0.035492086548715246
0.88204385408620345 0.05545614591379637 0 0.062748648759305276
0.88204385408620345 0.069543854086203671 0 0.078499953749184281
0.88204385408620345 0.093750000000000028 0 0.10511231866025024
0.88204385408620345 0.11795614591379638 0 0.13111584781943342
0.88204385408620345 0.13204385408620367 0 0.14595325270908127
0.88204385408620345 0.15625000000000003 0 0.17069314337629432
0.88204385408620345 0.18045614591379638 0 0.19444433836645311
0.88204385408620345 0.19454385408620364 0 0.20779764993605548
0.88204385408620345 0.21875 0 0.22971432618620397
0.88204385408620345 0.24295614591379636 0 0.25030044196319923
0.88204385408620345 0.25704385408620362 0 0.26165650001085694
0.88204385408620345 0.28125000000000006 0 0.27990771628206212
0.88204385408620345 0.30545614591379644 0 0.29653763981237824
0.88204385408620345 0.31954385408620378 0 0.30546003725052973
0.88204385408620345 0.34375000000000011 0 0.31934440944703718
0.88204385408620345 0.3679561459137965 0 0.33137906224497216
0.88204385408620345 0.38204385408620378 0 0.33752491651718008
0.88204385408620345 0.40625000000000006 0 0.3465088760867498
0.88204385408620345 0.43045614591379644 0 0.35348577295832861
0.88204385408620345 0.44454385408620362 0 0.35661890208070879
0.88204385408620345 0.46874999999999989 0 0.36035720039184116
0.88204385408620345 0.49295614591379633 0 0.3620082234879457
0.88204385408620345 0.50704385408620356 0 0.36200822347466205
0.88204385408620345 0.53125 0 0.36035720023656642
0.88204385408620345 0.55545614591379633 0 0.35661890163418963
0.88204385408620345 0.56954385408620367 0 0.3534857722832449
0.88204385408620345 0.59375 0 0.34650887506450134
0.88204385408620345 0.61795614591379644 0 0.33752491522632327
0.88204385408620345 0.63204385408620367 0 0.3313790608320496
0.88204385408620345 0.65625000000000022 0 0.31934440785425056
0.88204385408620345 0.68045614591379644 0 0.30546003551151552
0.88204385408620345 0.69454385408620367 0 0.29653763800631205
0.88204385408620345 0.71875 0 0.27990771443092854
0.88204385408620345 0.74295614591379633 0 0.26165649820890907
0.88204385408620345 0.75704385408620389 0 0.25030044022934422
0.88204385408620345 0.78125000000000022 0 0.22971432457737095
0.88204385408620345 0.80545614591379644 0 0.20779764845386603
0.88204385408620345 0.81954385408620367 0 0.19444433696376412
0.88204385408620345 0.84375 0 0.17069314219714132
0.88204385408620345 0.86795614591379611 0 0.14595325187433714
0.88204385408620345 0.88204385408620345 0 0.13111584723432457
0.88204385408620345 0.90624999999999989 0 0.10511231849025732
0.88204385408620345 0.93045614591379633 0 0.078499953962824318
0.88204385408620345 0.94454385408620356 0 0.062748649185601912
0.88204385408620345 0.96875 0 0.035492087381322299
0.88204385408620345 0.99295614591379633 0 0.0080299469509567904
0.88204385408620345 1.0070438540862034 0 -0.0080299440593295125
0.88204385408620345 1.0312499999999998 0 -0.035492084500650084
0.88204385408620345 1.0554561459137959 0 -0.062748646329734523
0.88204385408620345 1.0695438540862034 0 -0.078499951129499437
0.88204385408620345 1.0937499999999998 0 -0.10511231573598019
0.88204385408620345 1.1179561459137961 0 -0.1311158446138212
0.88204385408620345 1.1320438540862032 0 -0.1459532493518669
0.88204385408620345 1.1562499999999996 0 -0.17069313980133538
0.88204385408620345 1.1804561459137961 0 -0.19444433463090863
0.88204385408620345 1.1945438540862034 0 -0.20779764613062138
0.88204385408620345 1.2187500000000002 0 -0.22971432225934701
0.88204385408620345 1.2429561459137961 0 -0.2503004379072713
0.88204385408620345 1.2570438540862034 0 -0.26165649588134171
0.88204385408620345 1.2812499999999998 0 -0.27990771210575338
0.88204385408620345 1.3054561459137963 0 -0.29653763570094199
0.88204385408620345 1.3195438540862039 0 -0.30546003321844556
0.88204385408620345 1.3437500000000004 0 -0.31934440547323167
0.88204385408620345 1.3679561459137966 0 -0.33137905820944286
0.88204385408620345 1.3820438540862037 0 -0.33752491240615629
0.88204385408620345 1.4062500000000002 0 -0.34650887201693237
0.88204385408620345 1.4304561459137966 0 -0.35348576917984748
0.88204385408620345 1.4445438540862037 0 -0.35661889857300455
0.88204385408620345 1.46875 0 -0.360357197311027
0.88204385408620345 1.4929561459137966 0 -0.36200822075526295
0.88204385408620345 1.5070438540862039 0 -0.36200822090752621
0.88204385408620345 1.5312500000000004 0 -0.36035719787792125
0.88204385408620345 1.555456145913797 0 -0.35661889938625607
0.88204385408620345 1.5695438540862043 0 -0.35348577006162751
0.88204385408620345 1.5937500000000004 0 -0.34650887292774507
0.88204385408620345 1.617956145913797 0 -0.33752491323952727
0.88204385408620345 1.6320438540862041 0 -0.33137905895583908
0.88204385408620345 1.6562500000000002 0 -0.31934440610660025
0.88204385408620345 1.6804561459137968 0 -0.30546003380027203
0.88204385408620345 1.6945438540862043 0 -0.29653763627677232
0.88204385408620345 1.7187500000000007 0 -0.27990771264690162
0.88204385408620345 1.742956145913797 0 -0.26165649634763727
0.88204385408620345 1.7570438540862041 0 -0.25030043831914511
0.88204385408620345 1.7812500000000004 0 -0.22971432267545136
0.88204385408620345 1.805456145913797 0 -0.20779764669110626
0.88204385408620345 1.8195438540862043 0 -0.19444433533352354
0.88204385408620345 1.8437500000000004 0 -0.17069314075018208
0.88204385408620345 1.8679561459137966 0 -0.14595325053555885
0.88204385408620345 1.8820438540862039 0 -0.13111584592661563
0.88204385408620345 1.9062499999999998 0 -0.10511231722202215
0.88204385408620345 1.9304561459137961 0 -0.0784999527223018
0.88204385408620345 1.9445438540862037 0 -0.062748647953002182
0.88204385408620345 1.9687500000000004 0 -0.035492086105678347
0.88204385408620345 1.9929561459137966 0 -0.0080299455545768065
0.90624999999999989 0.0070438540862036436 0 0.0064374080036543463
0.90624999999999978 0.03125 0 0.028453124327132102
0.90624999999999978 0.05545614591379637 0 0.050304033315371893
0.90624999999999989 0.069543854086203671 0 0.062931463327454598
0.90624999999999978 0.093750000000000028 0 0.084265935331559697
0.90624999999999978 0.11795614591379638 0 0.10511231883205067
0.90624999999999989 0.13204385408620367 0 0.11700709782868214
0.90624999999999978 0.15625000000000003 0 0.13684045375063089
0.90624999999999978 0.18045614591379636 0 0.15588119692707469
0.90624999999999989 0.19454385408620364 0 0.16658621520080899
0.90624999999999978 0.21874999999999997 0 0.18415627027584017
0.90624999999999978 0.24295614591379638 0 0.20065964805488087
0.90624999999999978 0.25704385408620367 0 0.20976351776885777
0.90624999999999978 0.28125000000000006 0 0.22439506457368044
0.90624999999999978 0.30545614591379644 0 0.23772686122710809
0.90624999999999978 0.31954385408620378 0 0.24487972563548424
0.90624999999999978 0.34375000000000011 0 0.25601048198902376
0.90624999999999978 0.36795614591379644 0 0.26565836428792799
0.90624999999999978 0.38204385408620378 0 0.27058534306230364
0.90624999999999978 0.40625000000000006 0 0.27778756036018892
0.90624999999999978 0.43045614591379644 0 0.28338076528426809
0.90624999999999978 0.44454385408620362 0 0.28589251705318897
0.90624999999999978 0.46874999999999989 0 0.28888941791658496
0.90624999999999978 0.49295614591379633 0 0.29021300209973033
0.90624999999999978 0.50704385408620356 0 0.29021300208044809
0.90624999999999978 0.53125 0 0.28888941773146881
0.90624999999999978 0.55545614591379633 0 0.28589251654798509
0.90624999999999978 0.56954385408620367 0 0.2833807645331563
0.90624999999999978 0.59375 0 0.27778755925776427
0.90624999999999978 0.61795614591379633 0 0.2705853417233442
0.90624999999999978 0.63204385408620378 0 0.26565836285997729
0.90624999999999978 0.65625000000000022 0 0.25601048042823377
0.90624999999999978 0.68045614591379633 0 0.24487972395817162
0.90624999999999978 0.69454385408620367 0 0.23772685949214376
0.90624999999999978 0.71875 0 0.22439506279754565
0.90624999999999978 0.74295614591379633 0 0.20976351603049834
0.90624999999999978 0.75704385408620389 0 0.20065964637300951
0.90624999999999978 0.78125000000000022 0 0.18415626872227064
0.90624999999999978 0.80545614591379633 0 0.16658621381104208
0.90624999999999978 0.81954385408620367 0 0.15588119565171549
0.90624999999999978 0.84374999999999989 0 0.13684045274630935
0.90624999999999978 0.86795614591379611 0 0.11700709719546754
0.90624999999999978 0.88204385408620345 0 0.10511231845406169
0.90624999999999978 0.90624999999999978 0 0.084265935355547286
0.90624999999999978 0.93045614591379633 0 0.062931463692375941
0.90624999999999978 0.94454385408620367 0 0.05030403385584592
0.90624999999999978 0.96875 0 0.028453125209757908
0.90624999999999978 0.99295614591379622 0 0.0064374092910146679
0.90624999999999978 1.0070438540862034 0 -0.0064374064568255528
0.90624999999999978 1.0312499999999998 0 -0.028453122367966141
0.90624999999999978 1.0554561459137961 0 -0.050304030996839999
0.90624999999999978 1.0695438540862034 0 -0.062931460823764149
0.90624999999999978 1.0937499999999998 0 -0.084265932544887373
0.90624999999999978 1.1179561459137961 0 -0.10511231580599247
0.90624999999999978 1.1320438540862034 0 -0.11700709468283636
0.90624999999999978 1.1562499999999996 0 -0.13684045042433338
0.90624999999999978 1.1804561459137961 0 -0.15588119345123583
0.90624999999999978 1.1945438540862034 0 -0.16658621164924006
0.90624999999999978 1.21875 0 -0.18415626656892181
0.90624999999999978 1.2429561459137961 0 -0.20065964415435986
0.90624999999999978 1.2570438540862034 0 -0.20976351374633967
0.90624999999999978 1.2812499999999998 0 -0.22439506045187249
0.90624999999999978 1.3054561459137963 0 -0.23772685716349667
0.90624999999999978 1.3195438540862039 0 -0.24487972166408653
0.90624999999999978 1.3437500000000004 0 -0.25601047806051674
0.90624999999999978 1.3679561459137966 0 -0.26565836022547484
0.90624999999999978 1.3820438540862039 0 -0.27058533885944219
0.90624999999999978 1.4062500000000002 0 -0.27778755609772593
0.90624999999999978 1.4304561459137966 0 -0.28338076123302874
0.90624999999999978 1.4445438540862037 0 -0.28589251323599085
0.90624999999999978 1.46875 0 -0.2888894144856628
0.90624999999999978 1.4929561459137966 0 -0.29021299900556546
0.90624999999999978 1.5070438540862039 0 -0.29021299915721355
0.90624999999999978 1.5312500000000004 0 -0.28888941502438004
0.90624999999999978 1.555456145913797 0 -0.28589251395407955
0.90624999999999978 1.5695438540862043 0 -0.28338076196562262
0.90624999999999978 1.5937500000000004 0 -0.27778755678810174
0.90624999999999978 1.617956145913797 0 -0.27058533943515728
0.90624999999999978 1.6320438540862041 0 -0.26565836070756577
0.90624999999999978 1.6562500000000002 0 -0.25601047843395808
0.90624999999999978 1.6804561459137968 0 -0.24487972200892077
0.90624999999999978 1.6945438540862043 0 -0.23772685752157111
0.90624999999999978 1.7187500000000004 0 -0.22439506077796825
0.90624999999999978 1.742956145913797 0 -0.20976351395615195
0.90624999999999978 1.7570438540862043 0 -0.20065964426959035
0.90624999999999978 1.7812500000000004 0 -0.18415626665689014
0.90624999999999978 1.805456145913797 0 -0.16658621190679473
0.90624999999999978 1.8195438540862041 0 -0.15588119388851654
0.90624999999999978 1.8437500000000004 0 -0.13684045116343943
0.90624999999999978 1.8679561459137966 0 -0.11700709569410016
0.90624999999999978 1.8820438540862039 0 -0.10511231695986931
0.90624999999999978 1.90625 0 -0.084265933884340297
0.90624999999999978 1.9304561459137961 0 -0.062931462269001467
0.90624999999999978 1.9445438540862039 0 -0.050304032468328881
0.90624999999999978 1.9687500000000002 0 -0.028453123845506308
0.90624999999999978 1.9929561459137966 0 -0.0064374078941228209
0.93045614591379611 0.0070438540862036436 0 0.004807583332705416
0.93045614591379611 0.03125 0 0.02124935475695304
0.93045614591379622 0.05545614591379637 0 0.037568044836544967
0.93045614591379611 0.069543854086203671 0 0.046998458792569461
0.93045614591379611 0.093750000000000028 0 0.062931463533936832
0.93045614591379611 0.11795614591379638 0 0.078499954114275947
0.93045614591379611 0.13204385408620367 0 0.087383209788408578
0.93045614591379611 0.15625000000000003 0 0.10219515140224927
0.93045614591379611 0.18045614591379636 0 0.11641515423650964
0.93045614591379611 0.19454385408620364 0 0.12440987320548223
0.93045614591379611 0.21874999999999997 0 0.13753153714511288
0.93045614591379611 0.24295614591379638 0 0.14985658537271498
0.93045614591379611 0.25704385408620367 0 0.15665553492099896
0.93045614591379611 0.28125000000000006 0 0.16758266279084233
0.93045614591379611 0.30545614591379644 0 0.17753911159587607
0.93045614591379611 0.31954385408620378 0 0.18288101187507816
0.93045614591379611 0.34375000000000011 0 0.19119368035118964
0.93045614591379611 0.36795614591379644 0 0.19839890922572892
0.93045614591379611 0.38204385408620378 0 0.20207847419635994
0.93045614591379611 0.40625000000000006 0 0.20745723220617646
0.93045614591379611 0.43045614591379638 0 0.21163434804380324
0.93045614591379611 0.44454385408620356 0 0.21351017385310062
0.93045614591379611 0.46874999999999989 0 0.21574831857449533
0.93045614591379611 0.49295614591379633 0 0.21673679734659929
0.93045614591379611 0.50704385408620356 0 0.21673679730946108
0.93045614591379611 0.53125 0 0.21574831834537356
0.93045614591379611 0.55545614591379633 0 0.21351017333229147
0.93045614591379611 0.56954385408620367 0 0.21163434731537922
0.93045614591379611 0.59375 0 0.20745723117859408
0.93045614591379611 0.61795614591379633 0 0.2020784729598778
0.93045614591379611 0.63204385408620378 0 0.19839890790675266
0.93045614591379611 0.65625000000000022 0 0.1911936789200088
0.93045614591379611 0.68045614591379644 0 0.18288101036367896
0.93045614591379611 0.69454385408620367 0 0.17753911005186526
0.93045614591379611 0.71875 0 0.16758266120506737
0.93045614591379611 0.74295614591379633 0 0.15665553331008861
0.93045614591379611 0.75704385408620389 0 0.14985658375979746
0.93045614591379611 0.78125000000000022 0 0.13753153562615009
0.93045614591379611 0.80545614591379633 0 0.12440987191440293
0.93045614591379611 0.81954385408620367 0 0.11641515313368642
0.93045614591379611 0.84375 0 0.10219515062664682
0.93045614591379611 0.86795614591379611 0 0.087383209331683476
0.93045614591379611 0.88204385408620345 0 0.078499953840014472
0.93045614591379611 0.90624999999999978 0 0.062931463578832739
0.93045614591379611 0.93045614591379633 0 0.046998459165320167
0.93045614591379611 0.94454385408620356 0 0.037568045404254645
0.93045614591379611 0.96875 0 0.021249355669028431
0.93045614591379611 0.99295614591379622 0 0.004807584601322688
0.93045614591379611 1.0070438540862034 0 -0.0048075818525602715
0.93045614591379611 1.0312499999999998 0 -0.021249352930536494
0.93045614591379611 1.0554561459137961 0 -0.03756804268901745
0.93045614591379611 1.0695438540862034 0 -0.046998456470504268
0.93045614591379611 1.0937499999999998 0 -0.062931460944813875
0.93045614591379611 1.1179561459137961 0 -0.078499951301270521
0.93045614591379611 1.1320438540862034 0 -0.087383206862942056
0.93045614591379611 1.1562499999999996 0 -0.10219514828309532
0.93045614591379611 1.1804561459137961 0 -0.11641515091866644
0.93045614591379611 1.1945438540862034 0 -0.12440986976987463
0.93045614591379611 1.21875 0 -0.13753153350613795
0.93045614591379611 1.2429561459137961 0 -0.14985658152946041
0.93045614591379611 1.2570438540862034 0 -0.15665553096437695
0.93045614591379611 1.2812499999999998 0 -0.16758265873949288
0.93045614591379611 1.3054561459137963 0 -0.17753910758921085
0.93045614591379611 1.3195438540862039 0 -0.18288100794583068
0.93045614591379611 1.3437500000000004 0 -0.19119367644866958
0.93045614591379611 1.3679561459137966 0 -0.19839890518782299
0.93045614591379611 1.3820438540862039 0 -0.20207847002143109
0.93045614591379611 1.40625 0 -0.20745722794577381
0.93045614591379611 1.4304561459137966 0 -0.2116343439231404
0.93045614591379611 1.4445438540862034 0 -0.21351016990707786
0.93045614591379611 1.46875 0 -0.21574831493087063
0.93045614591379611 1.4929561459137966 0 -0.21673679398579665
0.93045614591379611 1.5070438540862039 0 -0.21673679410259369
0.93045614591379611 1.5312500000000004 0 -0.21574831535949285
0.93045614591379611 1.555456145913797 0 -0.21351017050879909
0.93045614591379611 1.5695438540862043 0 -0.21163434456317881
0.93045614591379611 1.5937500000000004 0 -0.20745722856631599
0.93045614591379611 1.617956145913797 0 -0.20207847051771824
0.93045614591379611 1.6320438540862039 0 -0.19839890557245801
0.93045614591379611 1.6562500000000004 0 -0.19119367670938484
0.93045614591379611 1.6804561459137966 0 -0.18288100818780881
0.93045614591379611 1.6945438540862043 0 -0.17753910786005334
0.93045614591379611 1.7187500000000004 0 -0.16758265899636207
0.93045614591379611 1.742956145913797 0 -0.15665553110811284
0.93045614591379611 1.7570438540862043 0 -0.14985658157400336
0.93045614591379611 1.7812500000000004 0 -0.13753153351043185
0.93045614591379611 1.805456145913797 0 -0.124409869925222
0.93045614591379611 1.8195438540862043 0 -0.11641515124048275
0.93045614591379611 1.8437500000000004 0 -0.10219514888095964
0.93045614591379611 1.8679561459137966 0 -0.087383207703573829
0.93045614591379611 1.8820438540862039 0 -0.078499952266744583
0.93045614591379611 1.90625 0 -0.062931462079390085
0.93045614591379611 1.9304561459137961 0 -0.046998457714333156
0.93045614591379611 1.9445438540862039 0 -0.037568043970782693
0.93045614591379611 1.9687500000000004 0 -0.02124935426244878
0.93045614591379611 1.9929561459137966 0 -0.0048075832197458455
0.94454385408620345 0.0070438540862036436 0 0.0038429240224182393
0.94454385408620345 0.03125 0 0.016985593448103901
0.94454385408620356 0.05545614591379637 0 0.030029878286951073
0.94454385408620345 0.069543854086203671 0 0.037568044977362096
0.94454385408620345 0.093750000000000028 0 0.050304033657350984
0.94454385408620345 0.11795614591379638 0 0.062748649247179461
0.94454385408620345 0.13204385408620367 0 0.069849446930033698
0.94454385408620345 0.15625000000000003 0 0.081689317905678641
0.94454385408620345 0.18045614591379636 0 0.093056024856021186
0.94454385408620345 0.19454385408620364 0 0.099446574074256777
0.94454385408620345 0.21874999999999997 0 0.1099353278730683
0.94454385408620345 0.24295614591379636 0 0.11978730977672891
0.94454385408620345 0.25704385408620362 0 0.12522202503086927
0.94454385408620345 0.28125000000000006 0 0.13395658440682232
0.94454385408620345 0.30545614591379644 0 0.14191523505862025
0.94454385408620345 0.31954385408620378 0 0.14618526335862675
0.94454385408620345 0.34375000000000011 0 0.15282996425462211
0.94454385408620345 0.36795614591379644 0 0.15858943736755346
0.94454385408620345 0.38204385408620378 0 0.16153068404073415
0.94454385408620345 0.40625000000000006 0 0.1658301744242198
0.94454385408620345 0.43045614591379638 0 0.16916913661640173
0.94454385408620345 0.44454385408620356 0 0.17066857110726652
0.94454385408620345 0.46874999999999989 0 0.17245762388579636
0.94454385408620345 0.49295614591379633 0 0.17324776074558679
0.94454385408620345 0.50704385408620356 0 0.17324776069327844
0.94454385408620345 0.53125 0 0.17245762362540662
0.94454385408620345 0.55545614591379633 0 0.17066857059491525
0.94454385408620345 0.56954385408620356 0 0.16916913594123958
0.94454385408620345 0.59375 0 0.16583017350293433
0.94454385408620345 0.61795614591379633 0 0.16153068292458639
0.94454385408620345 0.63204385408620367 0 0.15858943616168936
0.94454385408620345 0.65625000000000022 0 0.15282996293673687
0.94454385408620345 0.68045614591379644 0 0.14618526198218965
0.94454385408620345 0.69454385408620367 0 0.14191523366896733
0.94454385408620345 0.71875 0 0.13395658297307342
0.94454385408620345 0.74295614591379633 0 0.12522202351783066
0.94454385408620345 0.75704385408620389 0 0.11978730821183446
0.94454385408620345 0.78125000000000022 0 0.10993532636921509
0.94454385408620345 0.80545614591379644 0 0.099446572844049591
0.94454385408620345 0.81954385408620367 0 0.093056023869598464
0.94454385408620345 0.84375 0 0.08168931727988496
0.94454385408620345 0.86795614591379611 0 0.069849446562230924
0.94454385408620345 0.88204385408620345 0 0.06274864899025677
0.94454385408620345 0.90624999999999978 0 0.050304033645165488
0.94454385408620345 0.93045614591379633 0 0.037568045295796167
0.94454385408620345 0.94454385408620356 0 0.030029878832228313
0.94454385408620345 0.96875 0 0.016985594364404978
0.94454385408620345 0.99295614591379633 0 0.0038429252749411212
0.94454385408620345 1.0070438540862034 0 -0.003842922589121593
0.94454385408620345 1.0312499999999998 0 -0.016985591712763249
0.94454385408620345 1.0554561459137959 0 -0.030029876257973039
0.94454385408620345 1.0695438540862034 0 -0.037568042782483539
0.94454385408620345 1.0937499999999996 0 -0.050304031203117341
0.94454385408620345 1.1179561459137961 0 -0.062748646568524843
0.94454385408620345 1.1320438540862032 0 -0.069849444134108415
0.94454385408620345 1.1562499999999996 0 -0.081689314889367939
0.94454385408620345 1.1804561459137961 0 -0.093056021589492763
0.94454385408620345 1.1945438540862034 0 -0.099446570651648636
0.94454385408620345 1.21875 0 -0.10993532421427923
0.94454385408620345 1.2429561459137959 0 -0.11978730592933697
0.94454385408620345 1.2570438540862034 0 -0.12522202109797143
0.94454385408620345 1.2812499999999996 0 -0.13395658040461117
0.94454385408620345 1.3054561459137963 0 -0.1419152310903275
0.94454385408620345 1.3195438540862039 0 -0.14618525944797875
0.94454385408620345 1.3437500000000004 0 -0.15282996036151483
0.94454385408620345 1.3679561459137966 0 -0.15858943336805012
0.94454385408620345 1.3820438540862037 0 -0.16153067993474837
0.94454385408620345 1.4062500000000002 0 -0.16583017024917573
0.94454385408620345 1.4304561459137966 0 -0.1691691325434399
0.94454385408620345 1.4445438540862037 0 -0.17066856716519541
0.94454385408620345 1.46875 0 -0.17245762018008348
0.94454385408620345 1.4929561459137966 0 -0.17324775727484776
0.94454385408620345 1.5070438540862039 0 -0.17324775735808315
0.94454385408620345 1.5312500000000004 0 -0.1724576205123253
0.94454385408620345 1.555456145913797 0 -0.17066856768907462
0.94454385408620345 1.5695438540862043 0 -0.16916913314864512
0.94454385408620345 1.5937500000000004 0 -0.16583017088436119
0.94454385408620345 1.617956145913797 0 -0.16153068045291089
0.94454385408620345 1.6320438540862041 0 -0.15858943376174936
0.94454385408620345 1.6562500000000002 0 -0.15282996061703996
0.94454385408620345 1.6804561459137966 0 -0.14618525968559276
0.94454385408620345 1.6945438540862043 0 -0.14191523136378148
0.94454385408620345 1.7187500000000007 0 -0.13395658068041719
0.94454385408620345 1.742956145913797 0 -0.12522202128148385
0.94454385408620345 1.7570438540862041 0 -0.11978730602640777
0.94454385408620345 1.7812500000000004 0 -0.10993532427189173
0.94454385408620345 1.805456145913797 0 -0.09944657083124453
0.94454385408620345 1.8195438540862043 0 -0.093056021906381403
0.94454385408620345 1.8437500000000004 0 -0.081689315433807211
0.94454385408620345 1.8679561459137966 0 -0.069849444878117936
0.94454385408620345 1.8820438540862039 0 -0.062748647415469094
0.94454385408620345 1.9062499999999998 0 -0.050304032199162449
0.94454385408620345 1.9304561459137961 0 -0.037568043891804973
0.94454385408620345 1.9445438540862037 0 -0.030029877418106501
0.94454385408620345 1.9687500000000004 0 -0.016985592955249335
0.94454385408620345 1.9929561459137966 0 -0.0038429239106901355
0.96874999999999978 0.0070438540862036436 0 0.0021736466990549238
0.96874999999999978 0.03125 0 0.009607444485323486
0.96874999999999989 0.05545614591379637 0 0.016985593704956885
0.96874999999999978 0.069543854086203671 0 0.021249355153991439
0.96874999999999978 0.093750000000000028 0 0.028453124918517862
0.96874999999999978 0.11795614591379638 0 0.035492087271276972
0.96874999999999978 0.13204385408620367 0 0.039508462623719487
0.96874999999999978 0.15625000000000003 0 0.046205367460025841
0.96874999999999978 0.18045614591379636 0 0.052634639863547564
0.96874999999999978 0.19454385408620364 0 0.05624928237024427
0.96874999999999978 0.21874999999999997 0 0.06218196416919284
0.96874999999999978 0.24295614591379638 0 0.067754472977807331
0.96874999999999978 0.25704385408620367 0 0.070828473579450504
0.96874999999999978 0.28125000000000006 0 0.075768942305889153
0.96874999999999978 0.30545614591379644 0 0.080270539120152196
0.96874999999999978 0.31954385408620378 0 0.08268576584973017
0.96874999999999978 0.34375000000000011 0 0.086444162278374773
0.96874999999999978 0.36795614591379644 0 0.089701853373354318
0.96874999999999978 0.38204385408620378 0 0.091365490449678677
0.96874999999999978 0.40625000000000006 0 0.093797381591532572
0.96874999999999978 0.43045614591379644 0 0.095685975856359046
0.96874999999999978 0.44454385408620356 0 0.096534090729937821
0.96874999999999978 0.46874999999999989 0 0.097546020395847158
0.96874999999999978 0.49295614591379633 0 0.097992940046974147
0.96874999999999978 0.50704385408620356 0 0.097992939970761014
0.96874999999999978 0.53125 0 0.097546020085172644
0.96874999999999978 0.55545614591379633 0 0.096534090227318722
0.96874999999999978 0.56954385408620367 0 0.095685975259425002
0.96874999999999978 0.59375 0 0.093797380829226285
0.96874999999999978 0.61795614591379633 0 0.091365489513077019
0.96874999999999978 0.63204385408620378 0 0.089701852334488588
0.96874999999999978 0.65625000000000022 0 0.086444161112407991
0.96874999999999978 0.68045614591379633 0 0.082685764625250027
0.96874999999999978 0.69454385408620367 0 0.08027053788782515
0.96874999999999978 0.71875 0 0.075768941023283645
0.96874999999999978 0.74295614591379633 0 0.070828472188389682
0.96874999999999978 0.75704385408620389 0 0.067754471510216852
0.96874999999999978 0.78125000000000022 0 0.062181962750931415
0.96874999999999978 0.80545614591379633 0 0.056249281258964667
0.96874999999999978 0.81954385408620367 0 0.052634639031048668
0.96874999999999978 0.84374999999999989 0 0.046205366996678647
0.96874999999999978 0.86795614591379611 0 0.039508462350468301
0.96874999999999978 0.88204385408620345 0 0.035492087039841545
0.96874999999999978 0.90624999999999978 0 0.028453124848188061
0.96874999999999978 0.93045614591379633 0 0.021249355387172392
0.96874999999999978 0.94454385408620367 0 0.016985594172442883
0.96874999999999978 0.96875 0 0.0096074453341797976
0.96874999999999978 0.99295614591379622 0 0.0021736478853089428
0.96874999999999978 1.0070438540862034 0 -0.0021736453355638823
0.96874999999999978 1.0312499999999998 0 -0.0096074428331098059
0.96874999999999978 1.0554561459137961 0 -0.016985591781584507
0.96874999999999978 1.0695438540862034 0 -0.021249353081458769
0.96874999999999978 1.0937499999999998 0 -0.028453122613177288
0.96874999999999978 1.1179561459137961 0 -0.035492084764048845
0.96874999999999978 1.1320438540862034 0 -0.039508460008899626
0.96874999999999978 1.1562499999999996 0 -0.046205364611345889
0.96874999999999978 1.1804561459137961 0 -0.052634636709666484
0.96874999999999978 1.1945438540862034 0 -0.056249279013488897
0.96874999999999978 1.21875 0 -0.062181960536198053
0.96874999999999978 1.2429561459137961 0 -0.067754469176528401
0.96874999999999978 1.2570438540862034 0 -0.070828469727653234
0.96874999999999978 1.2812499999999998 0 -0.075768938414068468
0.96874999999999978 1.3054561459137963 0 -0.080270535242503965
0.96874999999999978 1.3195438540862039 0 -0.082685762000516472
0.96874999999999978 1.3437500000000004 0 -0.086444158440090443
0.96874999999999978 1.3679561459137966 0 -0.089701849487703586
0.96874999999999978 1.3820438540862039 0 -0.091365486515336811
0.96874999999999978 1.4062500000000002 0 -0.093797377624315822
0.96874999999999978 1.4304561459137966 0 -0.095685971932883862
0.96874999999999978 1.4445438540862037 0 -0.096534086865551996
0.96874999999999978 1.46875 0 -0.097546016665804355
0.96874999999999978 1.4929561459137966 0 -0.097992936489199142
0.96874999999999978 1.5070438540862039 0 -0.097992936529785593
0.96874999999999978 1.5312500000000004 0 -0.09754601685932944
0.96874999999999978 1.555456145913797 0 -0.096534087232873531
0.96874999999999978 1.5695438540862043 0 -0.095685972403656783
0.96874999999999978 1.5937500000000004 0 -0.093797378165535503
0.96874999999999978 1.617956145913797 0 -0.091365486975487506
0.96874999999999978 1.6320438540862041 0 -0.089701849841892931
0.96874999999999978 1.6562500000000002 0 -0.086444158678464111
0.96874999999999978 1.6804561459137966 0 -0.082685762230662319
0.96874999999999978 1.6945438540862043 0 -0.080270535509907148
0.96874999999999978 1.7187500000000004 0 -0.075768938703659083
0.96874999999999978 1.742956145913797 0 -0.070828469970295335
0.96874999999999978 1.7570438540862043 0 -0.067754469366977266
0.96874999999999978 1.7812500000000004 0 -0.062181960700300805
0.96874999999999978 1.805456145913797 0 -0.05624927924642778
0.96874999999999978 1.8195438540862041 0 -0.052634637022613701
0.96874999999999978 1.8437500000000004 0 -0.046205365071393383
0.96874999999999978 1.8679561459137966 0 -0.039508460619809178
0.96874999999999978 1.8820438540862039 0 -0.03549208546360226
0.96874999999999978 1.90625 0 -0.02845312345295533
0.96874999999999978 1.9304561459137961 0 -0.021249354044251476
0.96874999999999978 1.9445438540862039 0 -0.01698559280879099
0.96874999999999978 1.9687500000000002 0 -0.0096074439699901475
0.96874999999999978 1.9929561459137966 0 -0.0021736465824621709
0.99295614591379611 0.0070438540862036436 0 0.00049177911737598742
0.99295614591379611 0.03125 0 0.0021736469717580746
0.99295614591379622 0.05545614591379637 0 0.0038429245512636972
0.99295614591379611 0.069543854086203671 0 0.0048075840009739199
0.99295614591379611 0.093750000000000028 0 0.0064374088640314093
0.99295614591379611 0.11795614591379638 0 0.0080299466399798396
0.99295614591379611 0.13204385408620367 0 0.008938635878441124
0.99295614591379611 0.15625000000000003 0 0.010453784499452074
0.99295614591379611 0.18045614591379638 0 0.011908382409770647
0.99295614591379611 0.19454385408620364 0 0.012726181271704112
0.99295614591379611 0.21875 0 0.014068427503670169
0.99295614591379611 0.24295614591379638 0 0.015329185929456502
0.99295614591379611 0.25704385408620367 0 0.016024666569812336
0.99295614591379611 0.28125000000000006 0 0.017142428320316531
0.99295614591379611 0.30545614591379644 0 0.018160896993505413
0.99295614591379611 0.31954385408620378 0 0.018707332583394302
0.99295614591379611 0.34375000000000011 0 0.019557655025833467
0.99295614591379611 0.36795614591379644 0 0.020294694804988939
0.99295614591379611 0.38204385408620378 0 0.020671086121306761
0.99295614591379611 0.40625000000000006 0 0.021221291923702514
0.99295614591379611 0.43045614591379644 0 0.021648579013938282
0.99295614591379611 0.44454385408620362 0 0.02184046173139325
0.99295614591379611 0.46874999999999989 0 0.022069406878416072
0.99295614591379611 0.49295614591379633 0 0.02217052062989594
0.99295614591379611 0.50704385408620356 0 0.022170520533987801
0.99295614591379611 0.53125 0 0.02206940652368275
0.99295614591379611 0.55545614591379633 0 0.021840461227459189
0.99295614591379611 0.56954385408620367 0 0.021648578466732092
0.99295614591379611 0.59375 0 0.0212212912717256
0.99295614591379611 0.61795614591379633 0 0.02067108531110446
0.99295614591379611 0.63204385408620378 0 0.02029469388247436
0.99295614591379611 0.65625000000000022 0 0.019557653942376671
0.99295614591379611 0.68045614591379644 0 0.018707331389015227
0.99295614591379611 0.69454385408620367 0 0.01816089575613921
0.99295614591379611 0.71875 0 0.017142427023914802
0.99295614591379611 0.74295614591379633 0 0.016024665229952009
0.99295614591379611 0.75704385408620389 0 0.015329184578040934
0.99295614591379611 0.78125000000000022 0 0.014068426256114139
0.99295614591379611 0.80545614591379633 0 0.012726180298674922
0.99295614591379611 0.81954385408620367 0 0.011908381662459241
0.99295614591379611 0.84375 0 0.010453784060879838
0.99295614591379611 0.86795614591379611 0 0.0089386356211930452
0.99295614591379611 0.88204385408620345 0 0.0080299464385101601
0.99295614591379611 0.90624999999999978 0 0.0064374088086887405
0.99295614591379611 0.93045614591379633 0 0.0048075841746759171
0.99295614591379611 0.94454385408620356 0 0.0038429248951218683
0.99295614591379611 0.96875 0 0.0021736476512419349
0.99295614591379611 0.99295614591379622 0 0.00049178018431096128
0.99295614591379611 1.0070438540862034 0 -0.00049177780668232716
0.99295614591379611 1.0312499999999998 0 -0.002173645296086912
0.99295614591379611 1.0554561459137961 0 -0.0038429225908523032
0.99295614591379611 1.0695438540862034 0 -0.0048075819102133465
0.99295614591379611 1.0937499999999998 0 -0.0064374065861194643
0.99295614591379611 1.1179561459137961 0 -0.0080299442180541587
0.99295614591379611 1.1320438540862034 0 -0.0089386333860647111
0.99295614591379611 1.1562499999999996 0 -0.010453781809967326
0.99295614591379611 1.1804561459137961 0 -0.011908379412916068
0.99295614591379611 1.1945438540862034 0 -0.0127261780553565
0.99295614591379611 1.21875 0 -0.014068423995178402
0.99295614591379611 1.2429561459137961 0 -0.015329182258330841
0.99295614591379611 1.2570438540862034 0 -0.016024662859438762
0.99295614591379611 1.28125 0 -0.017142424573411957
0.99295614591379611 1.3054561459137966 0 -0.018160893239982788
0.99295614591379611 1.3195438540862039 0 -0.01870732883853074
0.99295614591379611 1.3437500000000004 0 -0.019557651298138849
0.99295614591379611 1.3679561459137966 0 -0.02029469109462257
0.99295614591379611 1.3820438540862039 0 -0.020671082420522915
0.99295614591379611 1.40625 0 -0.021221288229744086
0.99295614591379611 1.4304561459137966 0 -0.021648575313367984
0.99295614591379611 1.4445438540862034 0 -0.021840458025099575
0.99295614591379611 1.46875 0 -0.022069403224784151
0.99295614591379611 1.4929561459137966 0 -0.022170517117298651
0.99295614591379611 1.5070438540862039 0 -0.022170517139613391
0.99295614591379611 1.5312500000000004 0 -0.022069403325326087
0.99295614591379611 1.555456145913797 0 -0.021840458206258816
0.99295614591379611 1.5695438540862043 0 -0.021648575540135911
0.99295614591379611 1.5937500000000004 0 -0.021221288495886448
0.99295614591379611 1.617956145913797 0 -0.020671082671509061
0.99295614591379611 1.6320438540862041 0 -0.020294691315709205
0.99295614591379611 1.6562500000000004 0 -0.019557651492988364
0.99295614591379611 1.6804561459137968 0 -0.018707329047664915
0.99295614591379611 1.6945438540862043 0 -0.018160893473442869
0.99295614591379611 1.7187500000000004 0 -0.017142424835906521
0.99295614591379611 1.742956145913797 0 -0.016024663129093231
0.99295614591379611 1.7570438540862043 0 -0.015329182523618583
0.99295614591379611 1.7812500000000004 0 -0.014068424261722152
0.99295614591379611 1.805456145913797 0 -0.012726178337566951
0.99295614591379611 1.8195438540862043 0 -0.011908379713042788
0.99295614591379611 1.8437500000000004 0 -0.010453782188995656
0.99295614591379611 1.8679561459137966 0 -0.0089386339095274929
0.99295614591379611 1.8820438540862039 0 -0.0080299448515504246
0.99295614591379611 1.90625 0 -0.0064374073893718482
0.99295614591379611 1.9304561459137963 0 -0.0048075828497014346
0.99295614591379611 1.9445438540862039 0 -0.0038429235948808098
0.99295614591379611 1.9687500000000004 0 -0.0021736463960985576
0.99295614591379611 1.9929561459137966 0 -0.00049177898530895455
1.0070438540862034 0.0070438540862036436 0 -0.00049177895277349422
1.0070438540862032 0.03125 0 -0.0021736462630022419
1.0070438540862034 0.05545614591379637 0 -0.0038429233316649076
1.0070438540862032 0.069543854086203671 0 -0.0048075825033335011
1.0070438540862032 0.093750000000000028 0 -0.0064374069816455839
1.0070438540862032 0.11795614591379638 0 -0.0080299444989547098
1.0070438540862032 0.13204385408620367 0 -0.0089386336319392558
1.0070438540862032 0.15625000000000003 0 -0.010453781950853716
1.0070438540862032 0.18045614591379638 0 -0.011908379378029757
1.0070438540862032 0.19454385408620364 0 -0.012726177890329695
1.0070438540862032 0.21874999999999997 0 -0.01406842363100827
1.0070438540862032 0.24295614591379636 0 -0.015329181736256055
1.0070438540862032 0.25704385408620362 0 -0.016024662264683982
1.0070438540862032 0.28125000000000006 0 -0.017142423890373338
1.0070438540862032 0.30545614591379644 0 -0.018160892515438502
1.0070438540862032 0.31954385408620378 0 -0.018707328113614932
1.0070438540862032 0.34375000000000011 0 -0.019557650647755373
1.0070438540862032 0.36795614591379644 0 -0.020294690618692178
1.0070438540862032 0.38204385408620378 0 -0.020671082080741914
1.0070438540862032 0.40625000000000006 0 -0.021221288009904624
1.0070438540862032 0.43045614591379644 0 -0.021648575044634098
1.0070438540862032 0.44454385408620362 0 -0.021840457662844322
1.0070438540862032 0.46874999999999994 0 -0.022069402783025271
1.0070438540862032 0.49295614591379633 0 -0.022170516726174962
1.0070438540862032 0.50704385408620356 0 -0.022170516831830276
1.0070438540862032 0.53125 0 -0.022069403161252936
1.0070438540862032 0.55545614591379633 0 -0.021840458173424823
1.0070438540862032 0.56954385408620356 0 -0.021648575576669913
1.0070438540862032 0.59375 0 -0.021221288620188714
1.0070438540862032 0.61795614591379633 0 -0.020671082841093095
1.0070438540862032 0.63204385408620367 0 -0.020294691495323286
1.0070438540862032 0.65625000000000022 0 -0.019557651711113195
1.0070438540862032 0.68045614591379644 0 -0.018707329338226893
1.0070438540862032 0.69454385408620367 0 -0.018160893819206173
1.0070438540862032 0.71875 0 -0.017142425259683687
1.0070438540862032 0.74295614591379633 0 -0.016024663604008116
1.0070438540862032 0.75704385408620389 0 -0.01532918301525512
1.0070438540862032 0.78125000000000022 0 -0.014068424749507888
1.0070438540862032 0.80545614591379644 0 -0.012726178778859801
1.0070438540862032 0.81954385408620367 0 -0.01190838010570737
1.0070438540862032 0.84375 0 -0.010453782431470859
1.0070438540862032 0.86795614591379611 0 -0.0089386339133590426
1.0070438540862032 0.88204385408620345 0 -0.008029944684263518
1.0070438540862032 0.90624999999999978 0 -0.0064374070021109269
1.0070438540862032 0.93045614591379633 0 -0.0048075823545235168
1.0070438540862032 0.94454385408620356 0 -0.003842923076325886
1.0070438540862032 0.96875 0 -0.0021736457197964226
1.0070438540862032 0.99295614591379633 0 -0.00049177797620567336
1.0070438540862032 1.0070438540862034 0 0.00049178023665255057
1.0070438540862032 1.0312499999999998 0 0.0021736479884794939
1.0070438540862032 1.0554561459137959 0 0.0038429253636576076
1.0070438540862032 1.0695438540862034 0 0.0048075846548757831
1.0070438540862032 1.0937499999999996 0 0.0064374092885216188
1.0070438540862032 1.1179561459137961 0 0.0080299469051185977
1.0070438540862032 1.1320438540862032 0 0.0089386360779483073
1.0070438540862032 1.1562499999999996 0 0.01045378455435806
1.0070438540862032 1.1804561459137961 0 0.01190838226866295
1.0070438540862032 1.1945438540862034 0 0.012726180996970189
1.0070438540862032 1.21875 0 0.014068427028546967
1.0070438540862032 1.2429561459137961 0 0.015329185299824709
1.0070438540862032 1.2570438540862034 0 0.016024665871542859
1.0070438540862032 1.2812499999999998 0 0.017142427543174351
1.0070438540862032 1.3054561459137963 0 0.018160896187231084
1.0070438540862032 1.3195438540862039 0 0.01870733178393498
1.0070438540862032 1.3437500000000004 0 0.019557654292213157
1.0070438540862032 1.3679561459137966 0 0.020294694207532618
1.0070438540862032 1.3820438540862037 0 0.020671085627385073
1.0070438540862032 1.4062500000000002 0 0.021221291526143042
1.0070438540862032 1.4304561459137966 0 0.021648578592097418
1.0070438540862032 1.4445438540862037 0 0.021840461249099077
1.0070438540862032 1.46875 0 0.022069406353170274
1.0070438540862032 1.4929561459137966 0 0.022170520158738598
1.0070438540862032 1.5070438540862039 0 0.022170520136325669
1.0070438540862032 1.5312500000000004 0 0.022069406284003102
1.0070438540862032 1.555456145913797 0 0.021840461180068032
1.0070438540862032 1.5695438540862043 0 0.021648578541089477
1.0070438540862032 1.5937500000000007 0 0.021221291481408253
1.0070438540862032 1.617956145913797 0 0.020671085549791718
1.0070438540862032 1.6320438540862043 0 0.020294694095235866
1.0070438540862032 1.6562500000000004 0 0.01955765413062897
1.0070438540862032 1.6804561459137968 0 0.018707331591425166
1.0070438540862032 1.6945438540862043 0 0.01816089598380647
1.0070438540862032 1.7187500000000007 0 0.017142427312290417
1.0070438540862032 1.742956145913797 0 0.016024665599219987
1.0070438540862032 1.7570438540862041 0 0.01532918499912973
1.0070438540862032 1.7812500000000004 0 0.014068426705033119
1.0070438540862032 1.805456145913797 0 0.012726180688157181
1.0070438540862032 1.8195438540862043 0 0.011908381979329119
1.0070438540862032 1.8437500000000004 0 0.010453784220470656
1.0070438540862032 1.8679561459137966 0 0.0089386355870763618
1.0070438540862032 1.8820438540862039 0 0.0080299462782886435
1.0070438540862032 1.9062500000000002 0 0.0064374084606623194
1.0070438540862032 1.9304561459137966 0 0.0048075836827352987
1.0070438540862034 1.9445438540862037 0 0.003842924332750023
1.0070438540862032 1.9687500000000004 0 0.0021736468858579907
1.0070438540862032 1.9929561459137966 0 0.00049177909731078608
1.03125 0.0070438540862036436 0 -0.0021736465406018784
1.0312499999999998 0.03125 0 -0.0096074438011373199
1.0312499999999998 0.05545614591379637 0 -0.016985592524146088
1.0312499999999998 0.069543854086203671 0 -0.021249353700962075
1.0312499999999998 0.093750000000000028 0 -0.02845312307864576
1.0312499999999998 0.11795614591379638 0 -0.035492085154243347
1.0312499999999998 0.13204385408620367 0 -0.039508460384601006
1.0312499999999998 0.15625000000000003 0 -0.046205364906677711
1.0312499999999998 0.18045614591379638 0 -0.052634636839425902
1.0312499999999998 0.19454385408620367 0 -0.056249279012856569
1.0312499999999998 0.21875 0 -0.062181960332216152
1.0312499999999998 0.24295614591379638 0 -0.067754468806640766
1.0312499999999998 0.25704385408620367 0 -0.070828469278715722
1.0312499999999998 0.28125000000000006 0 -0.07576893786347165
1.0312499999999998 0.30545614591379644 0 -0.080270534634026405
1.0312499999999998 0.31954385408620378 0 -0.082685761382371506
1.0312499999999998 0.34375000000000011 0 -0.086444157905530908
1.0312499999999998 0.36795614591379644 0 -0.089701849171796716
1.0312499999999998 0.38204385408620378 0 -0.091365486374112098
1.0312499999999998 0.40625000000000006 0 -0.093797377639861498
1.0312499999999998 0.43045614591379644 0 -0.095685971891899077
1.0312499999999998 0.44454385408620367 0 -0.096534086708761679
1.0312499999999998 0.46874999999999994 0 -0.097546016400654453
1.0312499999999998 0.49295614591379638 0 -0.097992936263466446
1.0312499999999998 0.50704385408620356 0 -0.09799293638632188
1.0312499999999998 0.53125 0 -0.097546016826518797
1.0312499999999998 0.55545614591379633 0 -0.096534087252997808
1.0312499999999998 0.56954385408620367 0 -0.095685972431449093
1.0312499999999998 0.59375 0 -0.093797378219053693
1.0312499999999998 0.61795614591379633 0 -0.091365487078051297
1.0312499999999998 0.63204385408620378 0 -0.089701849984478887
1.0312499999999998 0.65625000000000022 0 -0.086444158920868111
1.0312499999999998 0.68045614591379633 0 -0.082685762613752822
1.0312499999999998 0.69454385408620367 0 -0.080270535989029307
1.0312499999999998 0.71875 0 -0.075768939301058907
1.0312499999999998 0.74295614591379633 0 -0.070828470616774358
1.0312499999999998 0.75704385408620389 0 -0.067754470012159465
1.0312499999999998 0.78125000000000022 0 -0.062181961322364532
1.0312499999999998 0.80545614591379633 0 -0.056249279823296916
1.0312499999999998 0.81954385408620367 0 -0.052634637558926209
1.0312499999999998 0.84374999999999989 0 -0.046205365451154737
1.0312499999999998 0.86795614591379611 0 -0.039508460724315068
1.0312499999999998 0.88204385408620345 0 -0.035492085364910886
1.0312499999999998 0.90624999999999978 0 -0.02845312310875614
1.0312499999999998 0.93045614591379633 0 -0.021249353610856701
1.0312499999999998 0.94454385408620367 0 -0.016985592380284013
1.0312499999999998 0.96875 0 -0.0096074434163514761
1.0312499999999998 0.99295614591379622 0 -0.0021736457019480107
1.0312499999999998 1.0070438540862034 0 0.0021736477254139454
1.0312499999999998 1.0312499999999998 0 0.009607445477458551
1.0312499999999998 1.0554561459137961 0 0.016985594526619345
1.0312499999999998 1.0695438540862034 0 0.021249355821477883
1.0312499999999998 1.0937499999999998 0 0.028453125344948767
1.0312499999999998 1.1179561459137961 0 0.035492087503667835
1.0312499999999998 1.1320438540862034 0 0.03950846276151803
1.0312499999999998 1.1562499999999996 0 0.046205367416383418
1.0312499999999998 1.1804561459137961 0 0.052634639607376854
1.0312499999999998 1.1945438540862034 0 0.056249281979404646
1.0312499999999998 1.21875 0 0.062181963578880645
1.0312499999999998 1.2429561459137963 0 0.067754472235615301
1.0312499999999998 1.2570438540862037 0 0.070828472771315681
1.0312499999999998 1.28125 0 0.075768941431258272
1.0312499999999998 1.3054561459137966 0 0.080270538239377354
1.0312499999999998 1.3195438540862039 0 0.08268576499148754
1.0312499999999998 1.3437500000000004 0 0.086444161478168607
1.0312499999999998 1.3679561459137966 0 0.08970185265197142
1.0312499999999998 1.3820438540862039 0 0.091365489781486245
1.0312499999999998 1.4062500000000002 0 0.093797380992955051
1.0312499999999998 1.4304561459137966 0 0.095685975294968084
1.0312499999999998 1.4445438540862037 0 0.096534090177570017
1.0312499999999998 1.46875 0 0.097546019872509382
1.0312499999999998 1.4929561459137966 0 0.097992939574783
1.0312499999999998 1.5070438540862039 0 0.097992939541230756
1.0312499999999998 1.5312500000000004 0 0.097546019792459221
1.0312499999999998 1.555456145913797 0 0.096534090157612551
1.0312499999999998 1.5695438540862043 0 0.095685975349498062
1.0312499999999998 1.5937500000000004 0 0.093797381097696267
1.0312499999999998 1.617956145913797 0 0.091365489817355719
1.0312499999999998 1.6320438540862043 0 0.089701852601137444
1.0312499999999998 1.6562500000000004 0 0.086444161323252305
1.0312499999999998 1.680456145913797 0 0.082685764807057652
1.0312499999999998 1.6945438540862043 0 0.080270538066208416
1.0312499999999998 1.7187500000000004 0 0.07576894123650034
1.0312499999999998 1.742956145913797 0 0.070828472490418529
1.0312499999999998 1.7570438540862043 0 0.067754471882192926
1.0312499999999998 1.7812500000000004 0 0.062181963174003721
1.0312499999999998 1.805456145913797 0 0.056249281631472872
1.0312499999999998 1.8195438540862041 0 0.052634639330786624
1.0312499999999998 1.8437500000000004 0 0.046205367149609301
1.0312499999999998 1.8679561459137966 0 0.03950846233657837
1.0312499999999998 1.8820438540862039 0 0.035492086920038989
1.0312499999999998 1.9062500000000002 0 0.028453124537157409
1.0312499999999998 1.9304561459137966 0 0.021249354874070217
1.03125 1.9445438540862039 0 0.016985593534979887
1.0312499999999998 1.9687500000000002 0 0.0096074444445039611
1.0312499999999998 1.9929561459137966 0 0.0021736466908734422
1.0554561459137961 0.0070438540862036436 0 -0.0038429238778889666
1.0554561459137961 0.03125 0 -0.016985592819549145
1.0554561459137961 0.05545614591379637 0 -0.030029877193965274
1.0554561459137961 0.069543854086203671 0 -0.037568043625342502
1.0554561459137961 0.093750000000000028 0 -0.050304031913739791
1.0554561459137961 0.11795614591379638 0 -0.062748647184468154
1.0554561459137961 0.13204385408620367 0 -0.069849444707632977
1.0554561459137961 0.15625000000000006 0 -0.08168931534157596
1.0554561459137961 0.18045614591379638 0 -0.09305602184915121
1.0554561459137961 0.19454385408620367 0 -0.09944657077118059
1.0554561459137961 0.21875 0 -0.10993532411689116
1.0554561459137961 0.24295614591379638 0 -0.11978730565545216
1.0554561459137959 0.25704385408620367 0 -0.12522202074008257
1.0554561459137961 0.28125000000000006 0 -0.13395657993616006
1.0554561459137961 0.30545614591379644 0 -0.14191523055424735
1.0554561459137959 0.31954385408620378 0 -0.14618525889674905
1.0554561459137961 0.34375000000000011 0 -0.15282995989362969
1.0554561459137961 0.36795614591379644 0 -0.15858943313144186
1.0554561459137959 0.38204385408620378 0 -0.16153067988591549
1.0554561459137961 0.40625000000000006 0 -0.16583017038679507
1.0554561459137961 0.43045614591379644 0 -0.16916913266291025
1.0554561459137959 0.44454385408620367 0 -0.17066856719335333
1.0554561459137961 0.46875 0 -0.17245762011747531
1.0554561459137961 0.49295614591379633 0 -0.17324775723426972
1.0554561459137959 0.50704385408620356 0 -0.17324775737538095
1.0554561459137961 0.53125 0 -0.17245762060172556
1.0554561459137961 0.55545614591379633 0 -0.17066856780108397
1.0554561459137959 0.56954385408620367 0 -0.16916913325384134
1.0554561459137961 0.59375 0 -0.16583017098642006
1.0554561459137961 0.61795614591379633 0 -0.16153068056877623
1.0554561459137959 0.63204385408620378 0 -0.15858943389577632
1.0554561459137961 0.65625000000000022 0 -0.15282996083514039
1.0554561459137961 0.68045614591379644 0 -0.14618526005965671
1.0554561459137959 0.69454385408620367 0 -0.14191523185652283
1.0554561459137961 0.71875 0 -0.13395658134596083
1.0554561459137961 0.74295614591379633 0 -0.12522202206922772
1.0554561459137959 0.75704385408620389 0 -0.11978730686033719
1.0554561459137961 0.78125000000000022 0 -0.10993532511734742
1.0554561459137961 0.80545614591379633 0 -0.099446571598910932
1.0554561459137959 0.81954385408620367 0 -0.093056022589096593
1.0554561459137961 0.84375 0 -0.081689315924296277
1.0554561459137961 0.86795614591379611 0 -0.069849445121021855
1.0554561459137959 0.88204385408620345 0 -0.062748647494915835
1.0554561459137961 0.90624999999999978 0 -0.050304032057767407
1.0554561459137961 0.93045614591379633 0 -0.037568043618736932
1.0554561459137959 0.94454385408620356 0 -0.030029877100382046
1.0554561459137961 0.96875 0 -0.016985592477409127
1.0554561459137961 0.99295614591379622 0 -0.0038429231476071381
1.0554561459137959 1.0070438540862034 0 0.0038429248881303229
1.0554561459137961 1.0312499999999998 0 0.016985594248329641
1.0554561459137961 1.0554561459137961 0 0.03002987894012913
1.0554561459137959 1.0695438540862034 0 0.037568045511989091
1.0554561459137961 1.0937499999999998 0 0.050304034001387769
1.0554561459137961 1.1179561459137961 0 0.062748649427139508
1.0554561459137959 1.1320438540862034 0 0.069849447024244463
1.0554561459137961 1.1562499999999996 0 0.081689317831723868
1.0554561459137961 1.1804561459137961 0 0.093056024582218205
1.0554561459137959 1.1945438540862034 0 0.099446573672589869
1.0554561459137961 1.21875 0 0.10993532727805097
1.0554561459137961 1.2429561459137963 0 0.11978730902825852
1.0554561459137959 1.2570438540862037 0 0.1252220242130892
1.0554561459137961 1.28125 0 0.13395658352918757
1.0554561459137961 1.3054561459137966 0 0.14191523419956359
1.0554561459137959 1.3195438540862039 0 0.14618526254212377
1.0554561459137961 1.3437500000000004 0 0.15282996349922787
1.0554561459137961 1.3679561459137966 0 0.15858943664860392
1.0554561459137959 1.3820438540862039 0 0.1615306833351379
1.0554561459137961 1.40625 0 0.16583017378138371
1.0554561459137961 1.4304561459137966 0 0.16916913609425863
1.0554561459137959 1.4445438540862037 0 0.17066857067650773
1.0554561459137961 1.46875 0 0.17245762356412062
1.0554561459137961 1.4929561459137966 0 0.17324776046038351
1.0554561459137959 1.5070438540862039 0 0.173247760402887
1.0554561459137961 1.5312500000000004 0 0.17245762338761025
1.0554561459137961 1.555456145913797 0 0.17066857050270734
1.0554561459137959 1.5695438540862043 0 0.16916913596969946
1.0554561459137961 1.5937500000000007 0 0.16583017369570024
1.0554561459137961 1.617956145913797 0 0.16153068321232839
1.0554561459137959 1.6320438540862043 0 0.1585894364750704
1.0554561459137961 1.6562500000000004 0 0.15282996327801188
1.0554561459137961 1.680456145913797 0 0.14618526233588142
1.0554561459137959 1.6945438540862043 0 0.14191523402409634
1.0554561459137961 1.7187500000000004 0 0.13395658334109101
1.0554561459137961 1.742956145913797 0 0.12522202391481058
1.0554561459137959 1.7570438540862043 0 0.11978730863152358
1.0554561459137961 1.7812500000000004 0 0.10993532681440905
1.0554561459137961 1.805456145913797 0 0.099446573294303425
1.0554561459137959 1.8195438540862043 0 0.093056024309395274
1.0554561459137961 1.8437500000000004 0 0.081689317617855389
1.0554561459137961 1.8679561459137968 0 0.069849446683691002
1.0554561459137959 1.8820438540862041 0 0.062748648939150109
1.0554561459137961 1.9062500000000004 0 0.050304033312599403
1.0554561459137961 1.9304561459137968 0 0.03756804471434394
1.0554561459137961 1.9445438540862039 0 0.03002987811784847
1.0554561459137961 1.9687500000000004 0 0.016985593395243536
1.0554561459137961 1.9929561459137966 0 0.0038429240109715459
1.0695438540862034 0.0070438540862036436 0 -0.0048075831988888245
1.0695438540862034 0.03125 0 -0.021249354171348336
1.0695438540862037 0.05545614591379637 0 -0.037568043811656474
1.0695438540862034 0.069543854086203671 0 -0.046998457519078607
1.0695438540862034 0.093750000000000028 0 -0.06293146186522322
1.0695438540862034 0.11795614591379638 0 -0.078499952093538564
1.0695438540862034 0.13204385408620367 0 -0.087383207578422675
1.0695438540862034 0.15625000000000003 0 -0.10219514882896891
1.0695438540862034 0.18045614591379638 0 -0.11641515124248702
1.0695438540862034 0.19454385408620367 0 -0.12440986994442929
1.0695438540862034 0.21875 0 -0.13753153345245511
1.0695438540862034 0.24295614591379636 0 -0.14985658129216745
1.0695438540862032 0.25704385408620362 0 -0.15665553064073409
1.0695438540862034 0.28125000000000006 0 -0.16758265830218422
1.0695438540862034 0.30545614591379644 0 -0.17753910708203485
1.0695438540862032 0.31954385408620378 0 -0.18288100742244751
1.0695438540862034 0.34375000000000011 0 -0.19119367600489776
1.0695438540862034 0.36795614591379644 0 -0.19839890496883986
1.0695438540862032 0.38204385408620378 0 -0.20207846998645634
1.0695438540862034 0.40625000000000006 0 -0.20745722811026926
1.0695438540862034 0.43045614591379644 0 -0.2116343441099203
1.0695438540862032 0.44454385408620367 0 -0.21351017003576159
1.0695438540862034 0.46875 0 -0.21574831499773703
1.0695438540862034 0.49295614591379633 0 -0.21673679406170718
1.0695438540862032 0.50704385408620356 0 -0.21673679421239395
1.0695438540862034 0.53125 0 -0.21574831551580287
1.0695438540862034 0.55545614591379633 0 -0.21351017068812234
1.0695438540862032 0.56954385408620356 0 -0.21163434474546811
1.0695438540862034 0.59375 0 -0.20745722874171646
1.0695438540862034 0.61795614591379633 0 -0.20207847067192317
1.0695438540862032 0.63204385408620367 0 -0.19839890571247706
1.0695438540862034 0.65625000000000022 0 -0.19119367689405273
1.0695438540862034 0.68045614591379644 0 -0.1828810085146747
1.0695438540862032 0.69454385408620367 0 -0.17753910830983671
1.0695438540862034 0.71875 0 -0.1675826596539807
1.0695438540862034 0.74295614591379633 0 -0.15665553195899817
1.0695438540862032 0.75704385408620389 0 -0.14985658252441791
1.0695438540862034 0.78125000000000022 0 -0.13753153451442704
1.0695438540862034 0.80545614591379644 0 -0.12440987082077089
1.0695438540862032 0.81954385408620367 0 -0.11641515200591369
1.0695438540862034 0.84375 0 -0.10219514942333889
1.0695438540862034 0.86795614591379611 0 -0.0873832080400406
1.0695438540862032 0.88204385408620345 0 -0.078499952490820174
1.0695438540862034 0.90624999999999978 0 -0.062931462116400189
1.0695438540862034 0.93045614591379633 0 -0.04699845757096556
1.0695438540862032 0.94454385408620356 0 -0.037568043723525471
1.0695438540862034 0.96875 0 -0.021249353808206077
1.0695438540862034 0.99295614591379633 0 -0.004807582518191471
1.0695438540862032 1.0070438540862034 0 0.0048075840809919338
1.0695438540862034 1.0312499999999998 0 0.021249355382396168
1.0695438540862034 1.0554561459137959 0 0.037568045323504343
1.0695438540862032 1.0695438540862034 0 0.046998459193062989
1.0695438540862034 1.0937499999999996 0 0.062931463796054798
1.0695438540862034 1.1179561459137961 0 0.078499954253795495
1.0695438540862032 1.1320438540862032 0 0.087383209861489286
1.0695438540862034 1.1562499999999996 0 0.10219515133376908
1.0695438540862034 1.1804561459137961 0 0.11641515398671845
1.0695438540862032 1.1945438540862034 0 0.12440987283493705
1.0695438540862034 1.21875 0 0.13753153658765249
1.0695438540862034 1.2429561459137963 0 0.14985658466100446
1.0695438540862032 1.2570438540862037 0 0.15665553413697447
1.0695438540862034 1.28125 0 0.16758266194946717
1.0695438540862034 1.3054561459137966 0 0.17753911078698828
1.0695438540862032 1.3195438540862039 0 0.18288101112068209
1.0695438540862034 1.3437500000000004 0 0.19119367966355783
1.0695438540862034 1.3679561459137966 0 0.19839890855835693
1.0695438540862032 1.3820438540862037 0 0.20207847352589581
1.0695438540862034 1.4062500000000002 0 0.20745723160430785
1.0695438540862034 1.4304561459137966 0 0.21163434761814195
1.0695438540862032 1.4445438540862039 0 0.21351017356935584
1.0695438540862034 1.46875 0 0.21574831844713452
1.0695438540862034 1.4929561459137966 0 0.21673679724294917
1.0695438540862032 1.5070438540862039 0 0.21673679716747388
1.0695438540862034 1.5312500000000004 0 0.21574831818422427
1.0695438540862034 1.555456145913797 0 0.21351017323045204
1.0695438540862032 1.5695438540862043 0 0.21163434728147529
1.0695438540862034 1.5937500000000009 0 0.20745723127757079
1.0695438540862034 1.617956145913797 0 0.20207847320627373
1.0695438540862032 1.6320438540862043 0 0.19839890824290132
1.0695438540862034 1.6562500000000004 0 0.19119367937545251
1.0695438540862034 1.680456145913797 0 0.18288101088832387
1.0695438540862032 1.6945438540862043 0 0.17753911059443292
1.0695438540862034 1.7187500000000007 0 0.16758266175083653
1.0695438540862034 1.742956145913797 0 0.15665553382571418
1.0695438540862032 1.7570438540862041 0 0.14985658424655562
1.0695438540862034 1.7812500000000004 0 0.13753153610523131
1.0695438540862034 1.805456145913797 0 0.12440987244755536
1.0695438540862032 1.8195438540862043 0 0.11641515371521081
1.0695438540862034 1.8437500000000004 0 0.1021951511446561
1.0695438540862034 1.8679561459137968 0 0.08738320957577321
1.0695438540862032 1.8820438540862041 0 0.078499953840746428
1.0695438540862034 1.9062500000000004 0 0.062931463214166691
1.0695438540862034 1.9304561459137968 0 0.046998458530010681
1.0695438540862034 1.9445438540862041 0 0.037568044648731251
1.0695438540862034 1.9687500000000004 0 0.021249354674638645
1.0695438540862034 1.9929561459137966 0 0.0048075833134854657
1.0937499999999998 0.0070438540862036436 0 -0.0064374078779438262
1.0937499999999998 0.03125 0 -0.028453123776685831
1.09375 0.05545614591379637 0 -0.050304032351448473
1.0937499999999998 0.069543854086203671 0 -0.062931462127973251
1.0937499999999998 0.093750000000000028 0 -0.084265933734511106
1.0937499999999998 0.11795614591379638 0 -0.10511231684629005
1.0937499999999998 0.13204385408620367 0 -0.11700709562007058
1.0937499999999998 0.15625000000000006 0 -0.13684045115421323
1.0937499999999998 0.18045614591379638 0 -0.15588119393514099
1.0937499999999998 0.19454385408620367 0 -0.16658621197580337
1.0937499999999998 0.21875000000000003 0 -0.18415626665551268
1.0937499999999998 0.24295614591379638 0 -0.200659644047187
1.0937499999999996 0.25704385408620367 0 -0.20976351354796616
1.0937499999999998 0.28125000000000006 0 -0.22439506013835972
1.0937499999999998 0.30545614591379644 0 -0.23772685678803543
1.0937499999999996 0.31954385408620378 0 -0.24487972128001709
1.0937499999999998 0.34375000000000011 0 -0.25601047775392161
1.0937499999999998 0.36795614591379644 0 -0.26565836011942567
1.0937499999999996 0.38204385408620378 0 -0.27058533891630276
1.0937499999999998 0.40625000000000006 0 -0.27778755635437818
1.0937499999999998 0.43045614591379644 0 -0.28338076156544773
1.0937499999999996 0.44454385408620367 0 -0.28589251356074941
1.0937499999999998 0.46875 0 -0.28888941478973262
1.0937499999999998 0.49295614591379638 0 -0.29021299929102945
1.0937499999999996 0.50704385408620356 0 -0.29021299943296092
1.0937499999999998 0.53125 0 -0.28888941528767104
1.0937499999999998 0.55545614591379633 0 -0.28589251421060535
1.0937499999999996 0.56954385408620367 0 -0.2833807622193798
1.0937499999999998 0.59375 0 -0.2777875570169836
1.0937499999999998 0.61795614591379633 0 -0.27058533961057701
1.0937499999999996 0.63204385408620378 0 -0.26565836084422539
1.0937499999999998 0.65625000000000022 0 -0.25601047857494841
1.0937499999999998 0.68045614591379633 0 -0.24487972225589183
1.0937499999999996 0.69454385408620367 0 -0.23772685787472217
1.0937499999999998 0.71875 0 -0.22439506135504808
1.0937499999999998 0.74295614591379633 0 -0.20976351480462416
1.0937499999999996 0.75704385408620389 0 -0.20065964528567456
1.0937499999999998 0.78125000000000022 0 -0.18415626779180311
1.0937499999999998 0.80545614591379633 0 -0.16658621292019696
1.0937499999999996 0.81954385408620367 0 -0.15588119473451634
1.0937499999999998 0.84374999999999989 0 -0.13684045176844203
1.0937499999999998 0.86795614591379611 0 -0.1170070961473865
1.0937499999999996 0.88204385408620345 0 -0.10511231735838933
1.0937499999999998 0.90624999999999978 0 -0.084265934130966252
1.0937499999999998 0.93045614591379633 0 -0.06293146227422769
1.0937499999999996 0.94454385408620367 0 -0.050304032298293694
1.0937499999999998 0.96875 0 -0.028453123412687041
1.0937499999999998 0.99295614591379622 0 -0.0064374072609904714
1.0937499999999996 1.0070438540862034 0 0.0064374086195645094
1.0937499999999998 1.0312499999999998 0 0.028453124756277162
1.0937499999999998 1.0554561459137961 0 0.050304033607956739
1.0937499999999996 1.0695438540862034 0 0.062931463561539308
1.0937499999999998 1.0937499999999998 0 0.084265935468611247
1.0937499999999998 1.1179561459137961 0 0.10511231887183548
1.0937499999999996 1.1320438540862034 0 0.11700709781016244
1.0937499999999998 1.1562499999999998 0 0.13684045360478989
1.0937499999999998 1.1804561459137961 0 0.15588119661614999
1.0937499999999996 1.1945438540862034 0 0.16658621477969698
1.0937499999999998 1.21875 0 0.18415626969105955
1.0937499999999998 1.2429561459137963 0 0.20065964734598313
1.0937499999999996 1.2570438540862037 0 0.20976351700730614
1.0937499999999998 1.28125 0 0.22439506377623947
1.0937499999999998 1.3054561459137966 0 0.23772686046576649
1.0937499999999996 1.3195438540862039 0 0.24487972492378418
1.0937499999999998 1.3437500000000004 0 0.25601048134308874
1.0937499999999998 1.3679561459137966 0 0.26565836367327328
1.0937499999999996 1.3820438540862039 0 0.27058534245688104
1.0937499999999998 1.4062500000000002 0 0.27778755986044418
1.0937499999999998 1.4304561459137966 0 0.28338076501874149
1.0937499999999996 1.4445438540862039 0 0.28589251697006124
1.0937499999999998 1.4687500000000002 0 0.28888941802652773
1.0937499999999998 1.4929561459137966 0 0.29021300222218316
1.0937499999999996 1.5070438540862041 0 0.29021300213709394
1.0937499999999998 1.5312500000000004 0 0.28888941770242793
1.0937499999999998 1.555456145913797 0 0.28589251648967429
1.0937499999999996 1.5695438540862043 0 0.2833807644851799
1.0937499999999998 1.5937500000000004 0 0.27778755929587878
1.0937499999999998 1.617956145913797 0 0.27058534193697553
1.0937499999999996 1.6320438540862043 0 0.26565836321031255
1.0937499999999998 1.6562500000000004 0 0.2560104809720245
1.0937499999999998 1.680456145913797 0 0.24487972462867053
1.0937499999999996 1.6945438540862043 0 0.23772686020513301
1.0937499999999998 1.7187500000000004 0 0.22439506352183627
1.0937499999999998 1.742956145913797 0 0.20976351668693652
1.0937499999999996 1.7570438540862043 0 0.2006596469621402
1.0937499999999998 1.7812500000000004 0 0.18415626927937762
1.0937499999999998 1.805456145913797 0 0.16658621446057478
1.0937499999999996 1.8195438540862041 0 0.15588119639502065
1.0937499999999998 1.8437500000000004 0 0.13684045345555021
1.0937499999999998 1.867956145913797 0 0.11700709758628182
1.0937499999999996 1.8820438540862043 0 0.10511231854657088
1.0937499999999998 1.9062500000000004 0 0.084265935014594173
1.0937499999999998 1.9304561459137966 0 0.062931463056890818
1.0937499999999998 1.9445438540862043 0 0.050304033103872596
1.0937499999999998 1.9687500000000002 0 0.02845312421432853
1.0937499999999998 1.9929561459137966 0 0.0064374079777707515
1.1179561459137961 0.0070438540862036436 0 -0.0080299455191531546
1.1179561459137961 0.03125 0 -0.035492085976483081
1.1179561459137963 0.05545614591379637 0 -0.062748647773352817
1.1179561459137961 0.069543854086203671 0 -0.078499952533179124
1.1179561459137961 0.093750000000000028 0 -0.10511231705002458
1.1179561459137961 0.11795614591379638 0 -0.13111584581386143
1.1179561459137961 0.13204385408620367 0 -0.14595325047311214
1.1179561459137961 0.15625000000000006 0 -0.17069314074708944
1.1179561459137961 0.18045614591379638 0 -0.19444433534780661
1.1179561459137961 0.19454385408620367 0 -0.20779764669368225
1.1179561459137961 0.21875000000000003 0 -0.22971432258238525
1.1179561459137961 0.24295614591379638 0 -0.25030043802953472
1.1179561459137961 0.25704385408620367 0 -0.2616564959062691
1.1179561459137961 0.28125000000000006 0 -0.27990771201898784
1.1179561459137961 0.30545614591379644 0 -0.29653763557585583
1.1179561459137961 0.31954385408620378 0 -0.30546003310507386
1.1179561459137961 0.34375000000000011 0 -0.3193444054420938
1.1179561459137961 0.36795614591379644 0 -0.33137905833957537
1.1179561459137961 0.38204385408620378 0 -0.33752491266031298
1.1179561459137961 0.40625000000000006 0 -0.34650887244123152
1.1179561459137961 0.43045614591379644 0 -0.35348576970646872
1.1179561459137961 0.44454385408620367 0 -0.35661889912842143
1.1179561459137961 0.46875 0 -0.36035719787018794
1.1179561459137961 0.49295614591379638 0 -0.36200822126136256
1.1179561459137961 0.50704385408620356 0 -0.36200822135933419
1.1179561459137961 0.53125 0 -0.36035719823799084
1.1179561459137961 0.55545614591379633 0 -0.35661889966249527
1.1179561459137961 0.56954385408620367 0 -0.35348577029320238
1.1179561459137961 0.59375 0 -0.34650887309702955
1.1179561459137961 0.61795614591379633 0 -0.33752491336584428
1.1179561459137961 0.63204385408620378 0 -0.3313790590672438
1.1179561459137961 0.65625000000000011 0 -0.3193444062280027
1.1179561459137961 0.68045614591379633 0 -0.30546003397930943
1.1179561459137961 0.69454385408620367 0 -0.29653763651364712
1.1179561459137961 0.71875 0 -0.27990771306095213
1.1179561459137961 0.74295614591379633 0 -0.26165649704235344
1.1179561459137961 0.75704385408620389 0 -0.25030043921009903
1.1179561459137961 0.78125000000000022 0 -0.22971432373525938
1.1179561459137961 0.80545614591379633 0 -0.20779764767492281
1.1179561459137961 0.81954385408620367 0 -0.19444433617410833
1.1179561459137961 0.84375 0 -0.17069314138355146
1.1179561459137961 0.86795614591379611 0 -0.14595325104066084
1.1179561459137961 0.88204385408620345 0 -0.13111584638536794
1.1179561459137961 0.90624999999999978 0 -0.10511231752713324
1.1179561459137961 0.93045614591379633 0 -0.078499952762745129
1.1179561459137961 0.94454385408620356 0 -0.062748647797026158
1.1179561459137961 0.96875 0 -0.035492085672404874
1.1179561459137961 0.99295614591379622 0 -0.0080299449390655517
1.1179561459137961 1.0070438540862034 0 0.008029946238890617
1.1179561459137961 1.0312499999999998 0 0.035492086943336831
1.1179561459137961 1.0554561459137961 0 0.062748649002537432
1.1179561459137961 1.0695438540862034 0 0.078499953920889945
1.1179561459137961 1.0937499999999998 0 0.10511231870262247
1.1179561459137961 1.1179561459137961 0 0.13111584771936338
1.1179561459137961 1.1320438540862034 0 0.14595325252014113
1.1179561459137961 1.1562499999999998 0 0.17069314302537633
1.1179561459137961 1.1804561459137961 0 0.19444433784196857
1.1179561459137961 1.1945438540862034 0 0.20779764930885797
1.1179561459137961 1.21875 0 0.22971432543502848
1.1179561459137961 1.2429561459137963 0 0.25030044116232592
1.1179561459137961 1.2570438540862037 0 0.26165649921216272
1.1179561459137961 1.28125 0 0.27990771549341115
1.1179561459137961 1.3054561459137966 0 0.29653763903501673
1.1179561459137961 1.3195438540862039 0 0.30546003648221165
1.1179561459137961 1.3437500000000004 0 0.31934440872746273
1.1179561459137961 1.3679561459137966 0 0.33137906162024539
1.1179561459137961 1.3820438540862039 0 0.33752491596944689
1.1179561459137961 1.40625 0 0.34650887571743089
1.1179561459137961 1.4304561459137966 0 0.35348577282696753
1.1179561459137961 1.4445438540862039 0 0.35661890210639968
1.1179561459137961 1.4687500000000004 0 0.36035720058439247
1.1179561459137961 1.4929561459137966 0 0.36200822369792984
1.1179561459137961 1.5070438540862041 0 0.36200822363414853
1.1179561459137961 1.5312500000000004 0 0.36035720032927077
1.1179561459137961 1.555456145913797 0 0.35661890170307187
1.1179561459137961 1.5695438540862043 0 0.35348577235862749
1.1179561459137961 1.5937500000000007 0 0.3465088751950085
1.1179561459137961 1.617956145913797 0 0.33752491546880242
1.1179561459137961 1.6320438540862043 0 0.33137906116258153
1.1179561459137961 1.6562500000000004 0 0.31934440832534616
1.1179561459137961 1.680456145913797 0 0.30546003610247402
1.1179561459137961 1.6945438540862043 0 0.29653763865569815
1.1179561459137961 1.7187500000000004 0 0.27990771513376905
1.1179561459137961 1.742956145913797 0 0.26165649890194914
1.1179561459137961 1.7570438540862043 0 0.25030044089312409
1.1179561459137961 1.7812500000000004 0 0.22971432523521107
1.1179561459137961 1.805456145913797 0 0.20779764917390242
1.1179561459137961 1.8195438540862043 0 0.19444433773912068
1.1179561459137961 1.8437500000000004 0 0.17069314291374152
1.1179561459137961 1.867956145913797 0 0.14595325231113285
1.1179561459137961 1.8820438540862043 0 0.13111584741951421
1.1179561459137961 1.9062500000000004 0 0.10511231828875271
1.1179561459137961 1.9304561459137968 0 0.078499953460540256
1.1179561459137961 1.9445438540862043 0 0.062748648540733198
1.1179561459137961 1.9687500000000004 0 0.035492086439220957
1.1179561459137961 1.9929561459137966 0 0.0080299456301921365
1.1320438540862034 0.0070438540862036436 0 -0.0089386346958161399
1.1320438540862034 0.03125 0 -0.039508461239192993
1.1320438540862034 0.05545614591379637 0 -0.069849445345863986
1.1320438540862034 0.069543854086203671 0 -0.087383208088487666
1.1320438540862034 0.093750000000000028 0 -0.11700709592147129
1.1320438540862034 0.11795614591379638 0 -0.14595325058265493
1.1320438540862034 0.13204385408620367 0 -0.16246969394169114
1.1320438540862034 0.15625000000000006 0 -0.19000921353503236
1.1320438540862034 0.18045614591379638 0 -0.21644815411341842
1.1320438540862034 0.19454385408620367 0 -0.23131256034945891
1.1320438540862034 0.21875000000000003 0 -0.25570938339351218
1.1320438540862034 0.24295614591379636 0 -0.27862507639299861
1.1320438540862034 0.25704385408620362 0 -0.29126621487528465
1.1320438540862034 0.28125000000000006 0 -0.31158278535290451
1.1320438540862034 0.30545614591379644 0 -0.33009459363397575
1.1320438540862034 0.31954385408620378 0 -0.34002667249919111
1.1320438540862034 0.34375000000000011 0 -0.35548223592541006
1.1320438540862034 0.36795614591379644 0 -0.3688787609112239
1.1320438540862034 0.38204385408620378 0 -0.37572009581178867
1.1320438540862034 0.40625000000000006 0 -0.38572070346221859
1.1320438540862034 0.43045614591379644 0 -0.39348712430879124
1.1320438540862034 0.44454385408620367 0 -0.39697480670802288
1.1320438540862034 0.46875 0 -0.40113614091987942
1.1320438540862034 0.49295614591379638 0 -0.40297399830030778
1.1320438540862034 0.50704385408620356 0 -0.40297399836052766
1.1320438540862034 0.53125 0 -0.4011361411734724
1.1320438540862034 0.55545614591379633 0 -0.39697480713396299
1.1320438540862034 0.56954385408620356 0 -0.39348712482434089
1.1320438540862034 0.59375 0 -0.38572070409788656
1.1320438540862034 0.61795614591379633 0 -0.3757200965225716
1.1320438540862034 0.63204385408620367 0 -0.36887876164703232
1.1320438540862034 0.65625000000000022 0 -0.35548223670300877
1.1320438540862034 0.68045614591379644 0 -0.34002667332145342
1.1320438540862034 0.69454385408620367 0 -0.33009459448504241
1.1320438540862034 0.71875 0 -0.3115827862809819
1.1320438540862034 0.74295614591379633 0 -0.29126621591839336
1.1320438540862034 0.75704385408620389 0 -0.27862507751197912
1.1320438540862034 0.78125000000000022 0 -0.25570938452741543
1.1320438540862034 0.80545614591379644 0 -0.23131256133370354
1.1320438540862034 0.81954385408620367 0 -0.2164481549467247
1.1320438540862034 0.84375 0 -0.19000921418113051
1.1320438540862034 0.86795614591379611 0 -0.16246969451769117
1.1320438540862034 0.88204385408620345 0 -0.14595325116101104
1.1320438540862034 0.90624999999999978 0 -0.1170070964139895
1.1320438540862034 0.93045614591379633 0 -0.087383208358159312
1.1320438540862034 0.94454385408620356 0 -0.069849445428752863
1.1320438540862034 0.96875 0 -0.039508460994275969
1.1320438540862034 0.99295614591379633 0 -0.0089386341274090286
1.1320438540862034 1.0070438540862034 0 0.0089386354491869397
1.1320438540862034 1.0312499999999998 0 0.039508462284617012
1.1320438540862034 1.0554561459137959 0 0.069849446647913579
1.1320438540862034 1.0695438540862034 0 0.087383209524175262
1.1320438540862034 1.0937499999999996 0 0.11700709756883215
1.1320438540862034 1.1179561459137961 0 0.14595325242028667
1.1320438540862034 1.1320438540862032 0 0.1624696958818615
1.1320438540862034 1.1562499999999998 0 0.1900092156625483
1.1320438540862034 1.1804561459137961 0 0.21644815644598417
1.1320438540862034 1.1945438540862034 0 0.23131256281031301
1.1320438540862034 1.21875 0 0.25570938610239707
1.1320438540862034 1.2429561459137961 0 0.27862507938654779
1.1320438540862034 1.2570438540862037 0 0.29126621804096064
1.1320438540862034 1.28125 0 0.31158278866673256
1.1320438540862034 1.3054561459137966 0 0.33009459688673914
1.1320438540862034 1.3195438540862039 0 0.34002667563453343
1.1320438540862034 1.3437500000000004 0 0.35548223893831254
1.1320438540862034 1.3679561459137966 0 0.36887876393331087
1.1320438540862034 1.3820438540862037 0 0.37572009888623165
1.1320438540862034 1.4062500000000002 0 0.38572070650031703
1.1320438540862034 1.4304561459137966 0 0.39348712712136158
1.1320438540862034 1.4445438540862039 0 0.39697480931356999
1.1320438540862034 1.4687500000000002 0 0.40113614321213975
1.1320438540862034 1.4929561459137966 0 0.4029740003575174
1.1320438540862034 1.5070438540862039 0 0.40297400031852476
1.1320438540862034 1.5312500000000004 0 0.40113614304948991
1.1320438540862034 1.555456145913797 0 0.39697480904328197
1.1320438540862034 1.5695438540862043 0 0.39348712679701331
1.1320438540862034 1.5937500000000009 0 0.3857207061162764
1.1320438540862034 1.617956145913797 0 0.37572009848709426
1.1320438540862034 1.6320438540862043 0 0.36887876354266658
1.1320438540862034 1.6562500000000004 0 0.35548223854239913
1.1320438540862034 1.680456145913797 0 0.34002667520117957
1.1320438540862034 1.6945438540862043 0 0.33009459642295769
1.1320438540862034 1.7187500000000007 0 0.31158278822993668
1.1320438540862034 1.742956145913797 0 0.29126621774477113
1.1320438540862034 1.7570438540862041 0 0.2786250792151686
1.1320438540862034 1.7812500000000004 0 0.25570938607713389
1.1320438540862034 1.805456145913797 0 0.23131256282451046
1.1320438540862034 1.8195438540862043 0 0.21644815643661647
1.1320438540862034 1.8437500000000004 0 0.19000921557189393
1.1320438540862034 1.867956145913797 0 0.16246969566392341
1.1320438540862034 1.8820438540862043 0 0.14595325211161603
1.1320438540862034 1.9062500000000007 0 0.11700709714455605
1.1320438540862034 1.9304561459137968 0 0.087383209045054686
1.1320438540862034 1.9445438540862046 0 0.069849446160233655
1.1320438540862034 1.9687500000000004 0 0.039508461752055947
1.1320438540862034 1.9929561459137966 0 0.0089386348235796931
1.1562499999999998 0.0070438540862036436 0 -0.010453783146805623
1.1562499999999998 0.03125 0 -0.046205365865558484
1.1562499999999998 0.05545614591379637 0 -0.081689316112543972
1.1562499999999998 0.069543854086203671 0 -0.10219514951090145
1.1562499999999998 0.093750000000000028 0 -0.13684045168298833
1.1562499999999998 0.11795614591379638 0 -0.17069314111748743
1.1562499999999998 0.13204385408620367 0 -0.19000921380530619
1.1562499999999998 0.15625000000000006 0 -0.22221683566842051
1.1562499999999998 0.18045614591379638 0 -0.25313732423043173
1.1562499999999998 0.19454385408620367 0 -0.27052133028150954
1.1562499999999998 0.21875000000000003 0 -0.29905355099289227
1.1562499999999998 0.24295614591379638 0 -0.32585358185532876
1.1562499999999998 0.25704385408620367 0 -0.34063746386595478
1.1562499999999998 0.28125000000000006 0 -0.36439780642691211
1.1562499999999998 0.30545614591379644 0 -0.38604746951410784
1.1562499999999998 0.31954385408620378 0 -0.39766309116529286
1.1562499999999998 0.34375000000000011 0 -0.41573845881959753
1.1562499999999998 0.36795614591379644 0 -0.43140576951581744
1.1562499999999998 0.38204385408620378 0 -0.4394067488358937
1.1562499999999998 0.40625000000000006 0 -0.45110251525611655
1.1562499999999998 0.43045614591379644 0 -0.46018538775121065
1.1562499999999998 0.44454385408620367 0 -0.46426425176867447
1.1562499999999998 0.46875 0 -0.46913095532025301
1.1562499999999998 0.49295614591379644 0 -0.47128033973382938
1.1562499999999998 0.50704385408620356 0 -0.47128033976984773
1.1562499999999998 0.53125 0 -0.46913095549704298
1.1562499999999998 0.55545614591379633 0 -0.46426425211256434
1.1562499999999998 0.56954385408620367 0 -0.46018538820097782
1.1562499999999998 0.59375 0 -0.45110251584937194
1.1562499999999998 0.61795614591379633 0 -0.43940674951645853
1.1562499999999998 0.63204385408620378 0 -0.43140577022303206
1.1562499999999998 0.65625000000000011 0 -0.41573845955698085
1.1562499999999998 0.68045614591379633 0 -0.39766309191678434
1.1562499999999998 0.69454385408620367 0 -0.38604747026959063
1.1562499999999998 0.71875 0 -0.36439780723039228
1.1562499999999998 0.74295614591379633 0 -0.34063746477633655
1.1562499999999998 0.75704385408620389 0 -0.32585358284595617
1.1562499999999998 0.78125000000000022 0 -0.29905355201385203
1.1562499999999998 0.80545614591379633 0 -0.2705213311770962
1.1562499999999998 0.81954385408620367 0 -0.25313732499207886
1.1562499999999998 0.84374999999999989 0 -0.22221683625837221
1.1562499999999998 0.86795614591379611 0 -0.19000921432070567
1.1562499999999998 0.88204385408620345 0 -0.17069314162618177
1.1562499999999998 0.90624999999999978 0 -0.13684045212067145
1.1562499999999998 0.93045614591379633 0 -0.10219514978490674
1.1562499999999998 0.94454385408620367 0 -0.081689316249464086
1.1562499999999998 0.96875 0 -0.046205365707759675
1.1562499999999998 0.99295614591379622 0 -0.010453782621288401
1.1562499999999998 1.0070438540862034 0 0.010453783912196412
1.1562499999999998 1.0312499999999998 0 0.046205366969551617
1.1562499999999998 1.0554561459137961 0 0.081689317445330492
1.1562499999999998 1.0695438540862034 0 0.10219515093010259
1.1562499999999998 1.0937499999999998 0 0.13684045322844487
1.1562499999999998 1.1179561459137961 0 0.17069314276937675
1.1562499999999998 1.1320438540862034 0 0.19000921551309305
1.1562499999999998 1.1562499999999998 0 0.22221683750882421
1.1562499999999998 1.1804561459137961 0 0.25313732625637753
1.1562499999999998 1.1945438540862034 0 0.27052133243907545
1.1562499999999998 1.2187499999999998 0 0.29905355340613254
1.1562499999999998 1.2429561459137961 0 0.32585358455998176
1.1562499999999998 1.2570438540862037 0 0.34063746674496742
1.1562499999999998 1.28125 0 0.36439780943544875
1.1562499999999998 1.3054561459137966 0 0.38604747241176518
1.1562499999999998 1.3195438540862039 0 0.39766309390477855
1.1562499999999998 1.3437500000000004 0 0.41573846138601855
1.1562499999999998 1.3679561459137966 0 0.43140577207096031
1.1562499999999998 1.3820438540862039 0 0.43940675144316366
1.1562499999999998 1.4062500000000002 0 0.45110251781309896
1.1562499999999998 1.4304561459137966 0 0.46018539004680248
1.1562499999999998 1.4445438540862039 0 0.4642642538298728
1.1562499999999998 1.4687500000000002 0 0.4691309570647344
1.1562499999999998 1.4929561459137966 0 0.47128034130275187
1.1562499999999998 1.5070438540862041 0 0.47128034129947372
1.1562499999999998 1.5312500000000004 0 0.46913095703508817
1.1562499999999998 1.555456145913797 0 0.4642642537504616
1.1562499999999998 1.5695438540862043 0 0.46018538992898622
1.1562499999999998 1.5937500000000004 0 0.45110251763331943
1.1562499999999998 1.617956145913797 0 0.43940675120939598
1.1562499999999998 1.6320438540862043 0 0.43140577180767276
1.1562499999999998 1.6562500000000004 0 0.41573846104827311
1.1562499999999998 1.680456145913797 0 0.39766309345872147
1.1562499999999998 1.6945438540862043 0 0.38604747189697064
1.1562499999999998 1.7187500000000004 0 0.36439780894342971
1.1562499999999998 1.742956145913797 0 0.34063746647530196
1.1562499999999998 1.7570438540862043 0 0.32585358449452406
1.1562499999999998 1.7812500000000004 0 0.29905355355975166
1.1562499999999998 1.805456145913797 0 0.27052133260805028
1.1562499999999998 1.8195438540862041 0 0.25313732634908059
1.1562499999999998 1.8437500000000004 0 0.22221683745478424
1.1562499999999998 1.867956145913797 0 0.19000921531110038
1.1562499999999998 1.8820438540862043 0 0.17069314248270911
1.1562499999999998 1.9062500000000004 0 0.13684045282906704
1.1562499999999998 1.9304561459137966 0 0.10219515046377892
1.1562499999999998 1.9445438540862043 0 0.081689316958036579
1.1562499999999998 1.9687500000000002 0 0.046205366430240341
1.1562499999999998 1.9929561459137966 0 0.010453783293976362
1.1804561459137961 0.0070438540862036436 0 -0.011908380793234251
1.1804561459137961 0.03125 0 -0.052634637980877613
1.1804561459137961 0.05545614591379637 0 -0.093056022829763857
1.1804561459137961 0.069543854086203671 0 -0.11641515217579655
1.1804561459137961 0.093750000000000028 0 -0.15588119478019224
1.1804561459137961 0.11795614591379638 0 -0.1944443360834448
1.1804561459137961 0.13204385408620367 0 -0.21644815476990853
1.1804561459137961 0.15625000000000006 0 -0.25313732463694927
1.1804561459137961 0.18045614591379638 0 -0.28836026231853679
1.1804561459137961 0.19454385408620367 0 -0.30816317587004582
1.1804561459137961 0.21875000000000003 0 -0.34066552878281492
1.1804561459137961 0.24295614591379638 0 -0.37119466525637695
1.1804561459137961 0.25704385408620367 0 -0.38803565896134984
1.1804561459137961 0.28125000000000006 0 -0.41510214795101086
1.1804561459137961 0.30545614591379644 0 -0.4397642657881643
1.1804561459137961 0.31954385408620378 0 -0.452996149766006
1.1804561459137961 0.34375000000000011 0 -0.47358662480931385
1.1804561459137961 0.36795614591379644 0 -0.49143397243500281
1.1804561459137961 0.38204385408620378 0 -0.5005482526094619
1.1804561459137961 0.40625 0 -0.51387143310123773
1.1804561459137961 0.43045614591379644 0 -0.52421814697157965
1.1804561459137961 0.44454385408620367 0 -0.52886456676167048
1.1804561459137961 0.46875 0 -0.53440845046040686
1.1804561459137961 0.49295614591379638 0 -0.53685691218605902
1.1804561459137961 0.50704385408620356 0 -0.53685691225805887
1.1804561459137961 0.53125 0 -0.53440845073782661
1.1804561459137961 0.55545614591379633 0 -0.52886456717943287
1.1804561459137961 0.56954385408620367 0 -0.52421814744293682
1.1804561459137961 0.59375 0 -0.51387143364503274
1.1804561459137961 0.61795614591379633 0 -0.5005482532049258
1.1804561459137961 0.63204385408620378 0 -0.49143397305214087
1.1804561459137961 0.65625 0 -0.47358662546702712
1.1804561459137961 0.68045614591379633 0 -0.45299615047103842
1.1804561459137961 0.69454385408620367 0 -0.43976426652324108
1.1804561459137961 0.71875 0 -0.4151021487328822
1.1804561459137961 0.74295614591379633 0 -0.38803565978260812
1.1804561459137961 0.75704385408620389 0 -0.37119466609377205
1.1804561459137961 0.78125000000000022 0 -0.34066552958481366
1.1804561459137961 0.80545614591379633 0 -0.30816317654951197
1.1804561459137961 0.81954385408620367 0 -0.28836026289291189
1.1804561459137961 0.84375 0 -0.25313732506928999
1.1804561459137961 0.86795614591379611 0 -0.21644815512269583
1.1804561459137961 0.88204385408620345 0 -0.19444433641471487
1.1804561459137961 0.90624999999999978 0 -0.15588119505637602
1.1804561459137961 0.93045614591379633 0 -0.11641515236534497
1.1804561459137961 0.94454385408620356 0 -0.093056022950042519
1.1804561459137961 0.96874999999999989 0 -0.052634637883804063
1.1804561459137961 0.99295614591379622 0 -0.011908380345101083
1.1804561459137961 1.0070438540862034 0 0.011908381494907338
1.1804561459137961 1.0312499999999998 0 0.052634639014869145
1.1804561459137961 1.0554561459137961 0 0.093056024038673232
1.1804561459137961 1.0695438540862034 0 0.11641515342107688
1.1804561459137961 1.0937499999999998 0 0.1558811960827223
1.1804561459137961 1.1179561459137961 0 0.19444433745186537
1.1804561459137961 1.1320438540862034 0 0.21644815618247779
1.1804561459137961 1.1562499999999998 0 0.25313732616314472
1.1804561459137961 1.1804561459137961 0 0.28836026401006648
1.1804561459137961 1.1945438540862034 0 0.30816317768158297
1.1804561459137961 1.2187499999999998 0 0.3406655308411331
1.1804561459137961 1.2429561459137961 0 0.37119466761273512
1.1804561459137961 1.2570438540862037 0 0.38803566150182817
1.1804561459137961 1.28125 0 0.41510215062899736
1.1804561459137961 1.3054561459137966 0 0.43976426834945054
1.1804561459137961 1.3195438540862039 0 0.45299615215842304
1.1804561459137961 1.3437500000000004 0 0.473586626983174
1.1804561459137961 1.3679561459137966 0 0.49143397451574378
1.1804561459137961 1.3820438540862039 0 0.50054825468412678
1.1804561459137961 1.40625 0 0.51387143510136102
1.1804561459137961 1.4304561459137966 0 0.52421814879520945
1.1804561459137961 1.4445438540862039 0 0.52886456844269392
1.1804561459137961 1.4687500000000004 0 0.53440845193525399
1.1804561459137961 1.4929561459137966 0 0.53685691351915621
1.1804561459137961 1.5070438540862041 0 0.53685691353888321
1.1804561459137961 1.5312500000000004 0 0.53440845198938647
1.1804561459137961 1.555456145913797 0 0.52886456847950947
1.1804561459137961 1.5695438540862043 0 0.52421814880045703
1.1804561459137961 1.5937500000000007 0 0.51387143505082533
1.1804561459137961 1.617956145913797 0 0.50054825458089958
1.1804561459137961 1.6320438540862043 0 0.49143397438132203
1.1804561459137961 1.6562500000000004 0 0.47358662676448521
1.1804561459137961 1.680456145913797 0 0.45299615181245689
1.1804561459137961 1.6945438540862043 0 0.43976426791980283
1.1804561459137961 1.7187500000000004 0 0.41510215019445285
1.1804561459137961 1.742956145913797 0 0.38803566126011452
1.1804561459137961 1.7570438540862043 0 0.37119466755814023
1.1804561459137961 1.7812500000000004 0 0.34066553099081193
1.1804561459137961 1.805456145913797 0 0.30816317785227404
1.1804561459137961 1.8195438540862043 0 0.28836026411644305
1.1804561459137961 1.8437500000000004 0 0.2531373261467354
1.1804561459137961 1.867956145913797 0 0.21644815604475043
1.1804561459137961 1.8820438540862043 0 0.19444433724525539
1.1804561459137961 1.9062500000000004 0 0.1558811957766881
1.1804561459137961 1.9304561459137968 0 0.11641515304182955
1.1804561459137961 1.9445438540862043 0 0.09305602362721084
1.1804561459137961 1.9687500000000004 0 0.052634638540420615
1.1804561459137961 1.9929561459137966 0 0.011908380944190958
1.1945438540862034 0.0070438540862036436 0 -0.012726179467184776
1.1945438540862034 0.03125 0 -0.056249280293483597
1.1945438540862034 0.05545614591379637 0 -0.099446571906100664
1.1945438540862034 0.069543854086203671 0 -0.12440987105628921
1.1945438540862034 0.093750000000000028 0 -0.1665862130389775
1.1945438540862034 0.11795614591379638 0 -0.20779764768030648
1.1945438540862034 0.13204385408620367 0 -0.23131256127282604
1.1945438540862034 0.15625000000000006 0 -0.27052133097441766
1.1945438540862034 0.18045614591379638 0 -0.30816317616578182
1.1945438540862034 0.19454385408620367 0 -0.32932603921721598
1.1945438540862034 0.21875000000000003 0 -0.36406046560653699
1.1945438540862034 0.24295614591379636 0 -0.3966861664345962
1.1945438540862034 0.25704385408620362 0 -0.41468370207587957
1.1945438540862034 0.28125000000000006 0 -0.4436089608227099
1.1945438540862034 0.30545614591379644 0 -0.46996473014820245
1.1945438540862034 0.31954385408620378 0 -0.48410530333067675
1.1945438540862034 0.34375000000000011 0 -0.5061098130297097
1.1945438540862034 0.36795614591379644 0 -0.52518281320702342
1.1945438540862034 0.38204385408620367 0 -0.53492300940152304
1.1945438540862034 0.40625000000000006 0 -0.54916114878506206
1.1945438540862034 0.43045614591379644 0 -0.5602184149782774
1.1945438540862034 0.44454385408620367 0 -0.56518392390336603
1.1945438540862034 0.46875 0 -0.57110852936350209
1.1945438540862034 0.49295614591379638 0 -0.57372513727500429
1.1945438540862034 0.50704385408620356 0 -0.5737251373922666
1.1945438540862034 0.53125 0 -0.57110852977179272
1.1945438540862034 0.55545614591379633 0 -0.56518392442926446
1.1945438540862034 0.56954385408620356 0 -0.56021841550090445
1.1945438540862034 0.59375 0 -0.54916114930258597
1.1945438540862034 0.61795614591379633 0 -0.53492300993222908
1.1945438540862034 0.63204385408620367 0 -0.52518281375449616
1.1945438540862034 0.65625000000000011 0 -0.50610981363194585
1.1945438540862034 0.68045614591379633 0 -0.48410530402195939
1.1945438540862034 0.69454385408620367 0 -0.46996473090239171
1.1945438540862034 0.71875 0 -0.44360896163238744
1.1945438540862034 0.74295614591379633 0 -0.41468370286433653
1.1945438540862034 0.75704385408620389 0 -0.39668616717751182
1.1945438540862034 0.78125000000000022 0 -0.36406046624651717
1.1945438540862034 0.80545614591379644 0 -0.32932603972766267
1.1945438540862034 0.81954385408620367 0 -0.30816317659132475
1.1945438540862034 0.84375 0 -0.27052133127931227
1.1945438540862034 0.86795614591379611 0 -0.23131256149490362
1.1945438540862034 0.88204385408620345 0 -0.2077976478703617
1.1945438540862034 0.90624999999999978 0 -0.16658621318291272
1.1945438540862034 0.93045614591379622 0 -0.12440987116266691
1.1945438540862034 0.94454385408620356 0 -0.099446571987450619
1.1945438540862034 0.96875 0 -0.05624928021796561
1.1945438540862034 0.99295614591379633 0 -0.012726179075400574
1.1945438540862034 1.0070438540862034 0 0.012726180102355831
1.1945438540862034 1.0312499999999998 0 0.056249281234491896
1.1945438540862034 1.0554561459137959 0 0.099446572980363232
1.1945438540862034 1.0695438540862034 0 0.12440987213746432
1.1945438540862034 1.0937499999999996 0 0.1665862141449467
1.1945438540862034 1.1179561459137961 0 0.20779764884653418
1.1945438540862034 1.1320438540862032 0 0.23131256249049478
1.1945438540862034 1.1562499999999998 0 0.27052133230929476
1.1945438540862034 1.1804561459137961 0 0.30816317765440099
1.1945438540862034 1.1945438540862034 0 0.32932604081336286
1.1945438540862034 1.21875 0 0.36406046743726184
1.1945438540862034 1.2429561459137959 0 0.39668616856556066
1.1945438540862034 1.2570438540862037 0 0.41468370439829594
1.1945438540862034 1.28125 0 0.4436089632968106
1.1945438540862034 1.3054561459137963 0 0.4699647325205174
1.1945438540862034 1.3195438540862039 0 0.48410530554111775
1.1945438540862034 1.3437500000000002 0 0.50610981499984975
1.1945438540862034 1.3679561459137966 0 0.52518281501521669
1.1945438540862034 1.3820438540862037 0 0.53492301114864849
1.1945438540862034 1.4062500000000002 0 0.54916115044025493
1.1945438540862034 1.4304561459137966 0 0.56021841655169669
1.1945438540862034 1.4445438540862039 0 0.56518392543201079
1.1945438540862034 1.4687500000000002 0 0.57110853079169366
1.1945438540862034 1.4929561459137966 0 0.57372513856896845
1.1945438540862034 1.5070438540862039 0 0.57372513859714491
1.1945438540862034 1.5312500000000004 0 0.571108530874604
1.1945438540862034 1.555456145913797 0 0.56518392550444163
1.1945438540862034 1.5695438540862043 0 0.56021841659138316
1.1945438540862034 1.5937500000000009 0 0.54916115042936287
1.1945438540862034 1.617956145913797 0 0.53492301110169638
1.1945438540862034 1.6320438540862043 0 0.52518281495115215
1.1945438540862034 1.6562500000000004 0 0.50610981487021245
1.1945438540862034 1.680456145913797 0 0.48410530529407825
1.1945438540862034 1.6945438540862043 0 0.46996473219034957
1.1945438540862034 1.7187500000000007 0 0.44360896293647972
1.1945438540862034 1.742956145913797 0 0.41468370416992173
1.1945438540862034 1.7570438540862041 0 0.39668616847647098
1.1945438540862034 1.7812500000000004 0 0.36406046750970888
1.1945438540862034 1.805456145913797 0 0.32932604092262308
1.1945438540862034 1.8195438540862043 0 0.3081631777323629
1.1945438540862034 1.8437500000000004 0 0.2705213323144437
1.1945438540862034 1.867956145913797 0 0.23131256240896164
1.1945438540862034 1.8820438540862043 0 0.20779764870929157
1.1945438540862034 1.9062500000000007 0 0.16658621392006626
1.1945438540862034 1.9304561459137968 0 0.12440987183760666
1.1945438540862034 1.9445438540862041 0 0.099446572641822509
1.1945438540862034 1.9687500000000004 0 0.056249280824646378
1.1945438540862034 1.9929561459137966 0 0.012726179613187607
1.2187499999999998 0.0070438540862036436 0 -0.014068425451362327
1.2187499999999998 0.03125 0 -0.062181961861037575
1.21875 0.05545614591379637 0 -0.10993532552506026
1.2187499999999998 0.069543854086203671 0 -0.13753153486020001
1.2187499999999998 0.093750000000000028 0 -0.18415626804721316
1.2187499999999998 0.11795614591379638 0 -0.22971432391940949
1.2187499999999998 0.13204385408620367 0 -0.25570938467595178
1.2187499999999998 0.15625000000000006 0 -0.29905355206651357
1.2187499999999998 0.18045614591379638 0 -0.34066552949137835
1.2187499999999998 0.19454385408620367 0 -0.36406046604026998
1.2187499999999998 0.21875000000000003 0 -0.40245837557922548
1.2187499999999998 0.24295614591379638 0 -0.43852514961927302
1.21875 0.25704385408620367 0 -0.45842090769717997
1.2187499999999998 0.28125000000000006 0 -0.49039694939575734
1.2187499999999998 0.30545614591379644 0 -0.51953249441806393
1.21875 0.31954385408620378 0 -0.53516449139556566
1.2187499999999998 0.34375000000000011 0 -0.55948984404293578
1.2187499999999998 0.36795614591379644 0 -0.58057449724361465
1.21875 0.38204385408620378 0 -0.59134200403961867
1.2187499999999998 0.40625 0 -0.60708185764721434
1.2187499999999998 0.43045614591379644 0 -0.61930534735974818
1.21875 0.44454385408620367 0 -0.62479457461147181
1.2187499999999998 0.46875 0 -0.63134405551284933
1.2187499999999998 0.49295614591379644 0 -0.63423664034491756
1.21875 0.50704385408620356 0 -0.63423664053014961
1.2187499999999998 0.53125 0 -0.63134405612729916
1.2187499999999998 0.55545614591379633 0 -0.62479457533394323
1.21875 0.56954385408620367 0 -0.61930534801384485
1.2187499999999998 0.59375 0 -0.60708185821171601
1.2187499999999998 0.61795614591379633 0 -0.59134200458588859
1.21875 0.63204385408620378 0 -0.58057449781040393
1.2187499999999998 0.65625000000000011 0 -0.5594898446722173
1.2187499999999998 0.68045614591379633 0 -0.53516449211802997
1.21875 0.69454385408620367 0 -0.51953249520315326
1.2187499999999998 0.71875 0 -0.49039695021544633
1.2187499999999998 0.74295614591379633 0 -0.45842090844671562
1.21875 0.75704385408620389 0 -0.43852515028455019
1.2187499999999998 0.78125000000000022 0 -0.40245837609818025
1.2187499999999998 0.80545614591379633 0 -0.3640604664213597
1.21875 0.81954385408620367 0 -0.3406655297967271
1.2187499999999998 0.84374999999999989 0 -0.29905355225861852
1.2187499999999998 0.86795614591379611 0 -0.25570938477748267
1.21875 0.88204385408620345 0 -0.22971432397926086
1.2187499999999998 0.90624999999999978 0 -0.1841562680635232
1.2187499999999998 0.93045614591379622 0 -0.13753153486975928
1.21875 0.94454385408620367 0 -0.1099353255394408
1.2187499999999998 0.96874999999999989 0 -0.06218196177393033
1.2187499999999998 0.99295614591379622 0 -0.014068425106207261
1.21875 1.0070438540862034 0 0.014068426004759264
1.2187499999999998 1.0312499999999998 0 0.062181962658386818
1.2187499999999998 1.0554561459137961 0 0.10993532639198182
1.21875 1.0695438540862034 0 0.13753153569755133
1.2187499999999998 1.0937499999999998 0 0.18415626886911424
1.2187499999999998 1.1179561459137961 0 0.22971432479275217
1.21875 1.1320438540862034 0 0.2557093856080751
1.2187499999999998 1.1562499999999998 0 0.29905355311943826
1.2187499999999998 1.1804561459137961 0 0.34066553068589944
1.21875 1.1945438540862034 0 0.36406046732869746
1.2187499999999998 1.2187499999999998 0 0.40245837707812593
1.2187499999999998 1.2429561459137961 0 0.43852515139492709
1.21875 1.2570438540862037 0 0.45842090965206633
1.2187499999999998 1.28125 0 0.49039695150156387
1.2187499999999998 1.3054561459137963 0 0.51953249644942689
1.21875 1.3195438540862039 0 0.53516449329043148
1.2187499999999998 1.3437500000000002 0 0.55948984570439009
1.2187499999999998 1.3679561459137966 0 0.5805744986960496
1.21875 1.3820438540862039 0 0.59134200538513726
1.2187499999999998 1.4062500000000002 0 0.60708185888772292
1.2187499999999998 1.4304561459137966 0 0.61930534860234621
1.21875 1.4445438540862039 0 0.62479457589452214
1.2187499999999998 1.4687500000000002 0 0.63134405677934258
1.2187499999999998 1.4929561459137966 0 0.63423664146418057
1.21875 1.5070438540862041 0 0.63423664151228243
1.2187499999999998 1.5312500000000004 0 0.63134405691823081
1.2187499999999998 1.555456145913797 0 0.62479457600875854
1.21875 1.5695438540862043 0 0.61930534865624443
1.2187499999999998 1.5937500000000004 0 0.60708185886795063
1.2187499999999998 1.617956145913797 0 0.59134200534516235
1.21875 1.6320438540862043 0 0.58057449866354593
1.2187499999999998 1.6562500000000004 0 0.55948984563565973
1.2187499999999998 1.680456145913797 0 0.53516449311174841
1.21875 1.6945438540862043 0 0.5195324961814981
1.2187499999999998 1.7187500000000004 0 0.49039695116931586
1.2187499999999998 1.742956145913797 0 0.45842090938691549
1.21875 1.7570438540862043 0 0.43852515122130703
1.2187499999999998 1.7812500000000004 0 0.40245837702973081
1.2187499999999998 1.805456145913797 0 0.36406046734759773
1.21875 1.8195438540862041 0 0.34066553071842476
1.2187499999999998 1.8437500000000004 0 0.29905355314868959
1.2187499999999998 1.867956145913797 0 0.25570938560276646
1.21875 1.8820438540862043 0 0.22971432475359735
1.2187499999999998 1.9062500000000004 0 0.18415626875842095
1.2187499999999998 1.9304561459137966 0 0.13753153549985617
1.2187499999999998 1.9445438540862039 0 0.10993532613760129
1.2187499999999998 1.9687500000000002 0 0.06218196231248109
1.21875 1.9929561459137966 0 0.014068425577073211
1.2429561459137961 0.0070438540862036436 0 -0.015329183743584543
1.2429561459137961 0.03125 0 -0.067754470588337598
1.2429561459137963 0.05545614591379637 0 -0.11978730734037331
1.2429561459137961 0.069543854086203671 0 -0.1498565829725565
1.2429561459137961 0.093750000000000028 0 -0.20065964569399919
1.2429561459137961 0.11795614591379638 0 -0.25030043959381226
1.2429561459137961 0.13204385408620367 0 -0.2786250778842525
1.2429561459137961 0.15625000000000006 0 -0.32585358314079699
1.2429561459137961 0.18045614591379638 0 -0.37119466622919972
1.2429561459137961 0.19454385408620367 0 -0.39668616718157085
1.2429561459137961 0.21875000000000003 0 -0.43852514998358749
1.2429561459137961 0.24295614591379638 0 -0.47782408989127512
1.2429561459137961 0.25704385408620367 0 -0.49950282945494295
1.2429561459137961 0.28125000000000006 0 -0.53434444124015634
1.2429561459137961 0.30545614591379644 0 -0.56609100185601968
1.2429561459137961 0.31954385408620378 0 -0.58312387829929457
1.2429561459137961 0.34375000000000011 0 -0.60962917553303542
1.2429561459137961 0.36795614591379644 0 -0.63260335432077774
1.2429561459137961 0.38204385408620373 0 -0.64433580370773091
1.2429561459137961 0.40625 0 -0.66148620254651413
1.2429561459137961 0.43045614591379644 0 -0.67480511449535785
1.2429561459137961 0.44454385408620367 0 -0.68078626524467245
1.2429561459137961 0.46875 0 -0.68792268552954627
1.2429561459137961 0.49295614591379638 0 -0.69107449276351762
1.2429561459137961 0.50704385408620356 0 -0.6910744929969771
1.2429561459137961 0.53125 0 -0.68792268630613551
1.2429561459137961 0.55545614591379633 0 -0.68078626616291626
1.2429561459137961 0.56954385408620367 0 -0.6748051153324639
1.2429561459137961 0.59375 0 -0.66148620328696173
1.2429561459137961 0.61795614591379633 0 -0.64433580445171246
1.2429561459137961 0.63204385408620378 0 -0.6326033551066641
1.2429561459137961 0.65625 0 -0.60962917636372993
1.2429561459137961 0.68045614591379633 0 -0.58312387912678487
1.2429561459137961 0.69454385408620367 0 -0.56609100266169288
1.2429561459137961 0.71875 0 -0.53434444200684406
1.2429561459137961 0.74295614591379633 0 -0.49950283018542124
1.2429561459137961 0.75704385408620389 0 -0.47782409059936137
1.2429561459137961 0.78125000000000022 0 -0.43852515061134778
1.2429561459137961 0.80545614591379633 0 -0.396686167670455
1.2429561459137961 0.81954385408620367 0 -0.37119466661476891
1.2429561459137961 0.84375 0 -0.32585358337824105
1.2429561459137961 0.86795614591379611 0 -0.27862507802042846
1.2429561459137961 0.88204385408620345 0 -0.25030043969091992
1.2429561459137961 0.90624999999999978 0 -0.20065964573217301
1.2429561459137961 0.93045614591379611 0 -0.14985658295845974
1.2429561459137961 0.94454385408620356 0 -0.11978730729483075
1.2429561459137961 0.96874999999999989 0 -0.067754470424611801
1.2429561459137961 0.99295614591379622 0 -0.015329183371683156
1.2429561459137961 1.0070438540862034 0 0.015329184268117571
1.2429561459137961 1.0312499999999998 0 0.067754471277478509
1.2429561459137961 1.0554561459137961 0 0.11978730804905009
1.2429561459137961 1.0695438540862034 0 0.14985658363514448
1.2429561459137961 1.0937499999999998 0 0.20065964632084154
1.2429561459137961 1.1179561459137961 0 0.25030044026009224
1.2429561459137961 1.1320438540862034 0 0.27862507860589175
1.2429561459137961 1.1562499999999998 0 0.32585358397964392
1.2429561459137961 1.1804561459137961 0 0.37119466720839028
1.2429561459137961 1.1945438540862034 0 0.39668616825345077
1.2429561459137961 1.2187499999999998 0 0.4385251512391421
1.2429561459137961 1.2429561459137961 0 0.47782409136214876
1.2429561459137961 1.2570438540862037 0 0.49950283105751331
1.2429561459137961 1.28125 0 0.53434444295521
1.2429561459137961 1.3054561459137963 0 0.566091003521904
1.2429561459137961 1.3195438540862039 0 0.58312387986961145
1.2429561459137961 1.3437500000000002 0 0.60962917693792185
1.2429561459137961 1.3679561459137966 0 0.63260335557490488
1.2429561459137961 1.3820438540862039 0 0.64433580488268694
1.2429561459137961 1.40625 0 0.6614862036278234
1.2429561459137961 1.4304561459137966 0 0.67480511554055223
1.2429561459137961 1.4445438540862039 0 0.68078626628809547
1.2429561459137961 1.4687500000000004 0 0.68792268649265231
1.2429561459137961 1.4929561459137966 0 0.69107449353289296
1.2429561459137961 1.5070438540862041 0 0.69107449360973516
1.2429561459137961 1.5312500000000004 0 0.68792268670159695
1.2429561459137961 1.555456145913797 0 0.68078626642470186
1.2429561459137961 1.5695438540862043 0 0.67480511555451506
1.2429561459137961 1.5937500000000007 0 0.6614862034995671
1.2429561459137961 1.617956145913797 0 0.64433580472830687
1.2429561459137961 1.6320438540862043 0 0.63260335544943591
1.2429561459137961 1.6562500000000004 0 0.60962917679569495
1.2429561459137961 1.680456145913797 0 0.58312387960637202
1.2429561459137961 1.6945438540862043 0 0.56609100315109417
1.2429561459137961 1.7187500000000004 0 0.53434444250118918
1.2429561459137961 1.742956145913797 0 0.4995028306723262
1.2429561459137961 1.7570438540862043 0 0.47782409107845786
1.2429561459137961 1.7812500000000004 0 0.43852515110493628
1.2429561459137961 1.805456145913797 0 0.39668616821864705
1.2429561459137961 1.8195438540862043 0 0.37119466720914762
1.2429561459137961 1.8437500000000004 0 0.32585358401487868
1.2429561459137961 1.867956145913797 0 0.27862507864360708
1.2429561459137961 1.8820438540862043 0 0.25030044028376458
1.2429561459137961 1.9062500000000004 0 0.20065964628224103
1.2429561459137961 1.9304561459137968 0 0.149856583484405
1.2429561459137961 1.9445438540862039 0 0.11978730781391367
1.2429561459137961 1.9687500000000004 0 0.067754470922732818
1.2429561459137961 1.9929561459137966 0 0.015329183834184669
1.2570438540862034 0.0070438540862036436 0 -0.016024664354913346
1.2570438540862034 0.03125 0 -0.070828471205613572
1.2570438540862037 0.05545614591379637 0 -0.12522202258341381
1.2570438540862034 0.069543854086203671 0 -0.1566555324664472
1.2570438540862034 0.093750000000000028 0 -0.20976351530975657
1.2570438540862034 0.11795614591379638 0 -0.2616564975492065
1.2570438540862034 0.13204385408620367 0 -0.29126621642343686
1.2570438540862034 0.15625000000000006 0 -0.34063746520225219
1.2570438540862034 0.18045614591379638 0 -0.38803566002314721
1.2570438540862034 0.19454385408620367 0 -0.41468370295129031
1.2570438540862034 0.21875000000000003 0 -0.45842090824024539
1.2570438540862034 0.24295614591379636 0 -0.49950282965517884
1.2570438540862034 0.25704385408620362 0 -0.52216512735569665
1.2570438540862034 0.28125000000000006 0 -0.55858749293195187
1.2570438540862034 0.30545614591379644 0 -0.59177438569471275
1.2570438540862034 0.31954385408620378 0 -0.60958003871553446
1.2570438540862034 0.34375000000000011 0 -0.63728787346693139
1.2570438540862034 0.36795614591379644 0 -0.66130438398524327
1.2570438540862034 0.38204385408620373 0 -0.67356913115736028
1.2570438540862034 0.40625000000000006 0 -0.69149763859234537
1.2570438540862034 0.43045614591379644 0 -0.70542082574785647
1.2570438540862034 0.44454385408620367 0 -0.711673339615709
1.2570438540862034 0.46875 0 -0.71913353727962059
1.2570438540862034 0.49295614591379638 0 -0.72242834112769294
1.2570438540862034 0.50704385408620356 0 -0.72242834137943113
1.2570438540862034 0.53125 0 -0.71913353812674619
1.2570438540862034 0.55545614591379633 0 -0.71167334064038967
1.2570438540862034 0.56954385408620356 0 -0.70542082670572059
1.2570438540862034 0.59375 0 -0.69149763948146581
1.2570438540862034 0.61795614591379633 0 -0.673569132084191
1.2570438540862034 0.63204385408620367 0 -0.66130438497335842
1.2570438540862034 0.65625000000000011 0 -0.63728787448054258
1.2570438540862034 0.68045614591379633 0 -0.60958003963274598
1.2570438540862034 0.69454385408620367 0 -0.59177438650976444
1.2570438540862034 0.71875 0 -0.55858749364568006
1.2570438540862034 0.74295614591379633 0 -0.52216512808377114
1.2570438540862034 0.75704385408620378 0 -0.49950283043424848
1.2570438540862034 0.78125000000000011 0 -0.45842090901856641
1.2570438540862034 0.80545614591379633 0 -0.41468370359410922
1.2570438540862034 0.81954385408620367 0 -0.38803566053394101
1.2570438540862034 0.84375 0 -0.34063746553007429
1.2570438540862034 0.86795614591379611 0 -0.29126621664302782
1.2570438540862034 0.88204385408620345 0 -0.26165649773565453
1.2570438540862034 0.90624999999999978 0 -0.20976351542101429
1.2570438540862034 0.93045614591379611 0 -0.15665553246954492
1.2570438540862034 0.94454385408620356 0 -0.12522202250862269
1.2570438540862034 0.96874999999999989 0 -0.070828470974929794
1.2570438540862034 0.99295614591379633 0 -0.016024663940961213
1.2570438540862034 1.0070438540862034 0 0.016024664881950042
1.2570438540862034 1.0312499999999998 0 0.070828471846007102
1.2570438540862034 1.0554561459137959 0 0.12522202322140419
1.2570438540862034 1.0695438540862034 0 0.15665553305760829
1.2570438540862034 1.0937499999999996 0 0.2097635158622142
1.2570438540862034 1.1179561459137963 0 0.26165649813282854
1.2570438540862034 1.1320438540862032 0 0.29126621705572331
1.2570438540862034 1.1562499999999998 0 0.34063746594565553
1.2570438540862034 1.1804561459137961 0 0.38803566090887781
1.2570438540862034 1.1945438540862034 0 0.41468370393286136
1.2570438540862034 1.21875 0 0.4584209093881037
1.2570438540862034 1.2429561459137959 0 0.49950283096840503
1.2570438540862034 1.2570438540862037 0 0.5221651287600394
1.2570438540862034 1.28125 0 0.55858749441235134
1.2570438540862034 1.3054561459137963 0 0.59177438713917874
1.2570438540862034 1.3195438540862039 0 0.60958004009343769
1.2570438540862034 1.3437500000000002 0 0.63728787474205273
1.2570438540862034 1.3679561459137966 0 0.66130438518506085
1.2570438540862034 1.3820438540862037 0 0.67356913232357662
1.2570438540862034 1.4062500000000002 0 0.69149763968142874
1.2570438540862034 1.4304561459137966 0 0.70542082673001627
1.2570438540862034 1.4445438540862039 0 0.71167334052073861
1.2570438540862034 1.4687500000000002 0 0.7191335380084084
1.2570438540862034 1.4929561459137966 0 0.72242834162239578
1.2570438540862034 1.5070438540862039 0 0.72242834171764791
1.2570438540862034 1.5312500000000004 0 0.71913353825850657
1.2570438540862034 1.555456145913797 0 0.71167334065846521
1.2570438540862034 1.5695438540862043 0 0.70542082669739503
1.2570438540862034 1.5937500000000009 0 0.69149763945119491
1.2570438540862034 1.617956145913797 0 0.67356913205518298
1.2570438540862034 1.6320438540862043 0 0.66130438495587895
1.2570438540862034 1.6562500000000004 0 0.63728787450309132
1.2570438540862034 1.680456145913797 0 0.60958003972112329
1.2570438540862034 1.6945438540862043 0 0.59177438664534709
1.2570438540862034 1.7187500000000007 0 0.55858749383218032
1.2570438540862034 1.742956145913797 0 0.52216512827653794
1.2570438540862034 1.7570438540862041 0 0.49950283061472855
1.2570438540862034 1.7812500000000004 0 0.45842090922101308
1.2570438540862034 1.805456145913797 0 0.41468370388302211
1.2570438540862034 1.8195438540862043 0 0.38803566089721531
1.2570438540862034 1.8437500000000004 0 0.34063746597623179
1.2570438540862034 1.867956145913797 0 0.29126621710303968
1.2570438540862034 1.8820438540862043 0 0.26165649817622094
1.2570438540862034 1.9062500000000007 0 0.20976351584598868
1.2570438540862034 1.9304561459137968 0 0.15665553291072942
1.2570438540862034 1.9445438540862037 0 0.12522202297142943
1.2570438540862034 1.9687500000000004 0 0.070828471458447159
1.2570438540862034 1.9929561459137966 0 0.016024664419076993
1.2812499999999998 0.0070438540862036436 0 -0.017142426080115663
1.2812499999999998 0.03125 0 -0.075768939973592603
1.28125 0.05545614591379637 0 -0.13395658198202626
1.2812499999999998 0.069543854086203671 0 -0.16758266031421348
1.2812499999999998 0.093750000000000028 0 -0.2243950620447695
1.2812499999999998 0.11795614591379638 0 -0.27990771375211698
1.2812499999999998 0.13204385408620367 0 -0.31158278695702152
1.2812499999999998 0.15625000000000006 0 -0.36439780780644521
1.2812499999999998 0.18045614591379638 0 -0.41510214910876242
1.2812499999999998 0.19454385408620367 0 -0.44360896185065923
1.2812499999999998 0.21875000000000003 0 -0.49039695016866569
1.2812499999999998 0.24295614591379638 0 -0.53434444171317363
1.2812499999999996 0.25704385408620367 0 -0.5585874932145144
1.2812499999999998 0.28125000000000006 0 -0.59755041283049837
1.2812499999999998 0.30545614591379644 0 -0.63305217699411442
1.2812499999999996 0.31954385408620378 0 -0.65209982023082802
1.2812499999999998 0.34375000000000011 0 -0.68174034790780269
1.2812499999999998 0.36795614591379644 0 -0.70743207197104907
1.2812499999999996 0.38204385408620378 0 -0.72055231689235555
1.2812499999999998 0.40625000000000006 0 -0.73973138400825045
1.2812499999999998 0.43045614591379644 0 -0.75462574948665451
1.2812499999999996 0.44454385408620367 0 -0.76131439240909748
1.2812499999999998 0.46875 0 -0.76929495820228844
1.2812499999999998 0.49295614591379644 0 -0.77281958314646115
1.2812499999999996 0.50704385408620356 0 -0.77281958340211365
1.2812499999999998 0.53125 0 -0.76929495907535617
1.2812499999999998 0.55545614591379633 0 -0.76131439349503527
1.2812499999999996 0.56954385408620367 0 -0.75462575053199066
1.2812499999999998 0.59375 0 -0.73973138503267521
1.2812499999999998 0.61795614591379633 0 -0.72055231800486064
1.2812499999999996 0.63204385408620378 0 -0.70743207317199164
1.2812499999999998 0.65625000000000011 0 -0.68174034912640058
1.2812499999999998 0.68045614591379633 0 -0.65209982126905652
1.2812499999999996 0.69454385408620367 0 -0.63305217785355417
1.2812499999999998 0.71875 0 -0.59755041352034455
1.2812499999999998 0.74295614591379633 0 -0.55858749394641594
1.2812499999999996 0.75704385408620378 0 -0.53434444255037883
1.2812499999999998 0.78125000000000011 0 -0.49039695107253639
1.2812499999999998 0.80545614591379633 0 -0.44360896264065969
1.2812499999999996 0.81954385408620367 0 -0.41510214976044257
1.2812499999999998 0.84374999999999989 0 -0.36439780826529361
1.2812499999999998 0.86795614591379611 0 -0.31158278730374811
1.2812499999999996 0.88204385408620345 0 -0.2799077140645162
1.2812499999999998 0.90624999999999978 0 -0.22439506225636707
1.2812499999999998 0.93045614591379622 0 -0.16758266035861039
1.2812499999999996 0.94454385408620367 0 -0.13395658190296539
1.2812499999999998 0.96874999999999989 0 -0.07576893970482966
1.2812499999999998 0.99295614591379622 0 -0.017142425659602729
1.2812499999999996 1.0070438540862034 0 0.017142426567550686
1.2812499999999998 1.0312499999999998 0 0.075768940522794384
1.2812499999999998 1.0554561459137961 0 0.13395658251718728
1.2812499999999996 1.0695438540862034 0 0.16758266081167747
1.2812499999999998 1.0937499999999998 0 0.22439506250863617
1.2812499999999998 1.1179561459137963 0 0.27990771423346994
1.2812499999999996 1.1320438540862034 0 0.31158278747126222
1.2812499999999998 1.15625 0 0.36439780840393537
1.2812499999999998 1.1804561459137961 0 0.41510214982155824
1.2812499999999996 1.1945438540862034 0 0.44360896264311966
1.2812499999999998 1.2187499999999998 0 0.49039695108605802
1.2812499999999998 1.2429561459137961 0 0.53434444273561144
1.2812499999999996 1.2570438540862037 0 0.55858749428710408
1.2812499999999998 1.28125 0 0.59755041394250152
1.2812499999999998 1.3054561459137963 0 0.63305217808244363
1.2812499999999996 1.3195438540862039 0 0.65209982128121791
1.2812499999999998 1.3437500000000002 0 0.68174034892590174
1.2812499999999998 1.3679561459137966 0 0.70743207300905198
1.2812499999999996 1.3820438540862039 0 0.72055231795768271
1.2812499999999998 1.4062500000000002 0 0.73973138502122815
1.2812499999999998 1.4304561459137966 0 0.75462575030374324
1.2812499999999996 1.4445438540862039 0 0.76131439305254933
1.2812499999999998 1.4687500000000002 0 0.76929495854321639
1.2812499999999998 1.4929561459137966 0 0.77281958319359367
1.2812499999999996 1.5070438540862041 0 0.77281958328716382
1.2812499999999998 1.5312500000000004 0 0.76929495877168519
1.2812499999999998 1.555456145913797 0 0.76131439312675364
1.2812499999999996 1.5695438540862043 0 0.75462575017512534
1.2812499999999998 1.5937500000000004 0 0.73973138465593047
1.2812499999999998 1.617956145913797 0 0.72055231754067628
1.2812499999999996 1.6320438540862043 0 0.7074320726340847
1.2812499999999998 1.6562500000000004 0 0.68174034854863808
1.2812499999999998 1.680456145913797 0 0.65209982077915529
1.2812499999999996 1.6945438540862043 0 0.6330521774649075
1.2812499999999998 1.7187500000000004 0 0.59755041325955249
1.2812499999999998 1.742956145913797 0 0.55858749373632188
1.2812499999999996 1.7570438540862043 0 0.53434444234041245
1.2812499999999998 1.7812500000000004 0 0.49039695090593999
1.2812499999999998 1.805456145913797 0 0.44360896258532567
1.2812499999999996 1.8195438540862041 0 0.4151021497955753
1.2812499999999998 1.8437500000000004 0 0.36439780841557395
1.2812499999999998 1.867956145913797 0 0.31158278750619556
1.2812499999999996 1.8820438540862043 0 0.27990771427246613
1.2812499999999998 1.9062500000000004 0 0.22439506249409813
1.2812499999999998 1.9304561459137966 0 0.16758266066080188
1.2812499999999998 1.9445438540862039 0 0.1339565822556108
1.2812499999999998 1.9687500000000002 0 0.075768940120264319
1.2812499999999998 1.9929561459137966 0 0.017142426101034561
1.3054561459137961 0.0070438540862036436 0 -0.018160894750646778
1.3054561459137961 0.03125 0 -0.080270536834632797
1.3054561459137961 0.05545614591379637 0 -0.14191523270531811
1.3054561459137961 0.069543854086203671 0 -0.17753910919448274
1.3054561459137961 0.093750000000000028 0 -0.23772685877279132
1.3054561459137961 0.11795614591379638 0 -0.29653763734904565
1.3054561459137961 0.13204385408620367 0 -0.33009459525107854
1.3054561459137961 0.15625000000000006 0 -0.38604747089257913
1.3054561459137961 0.18045614591379638 0 -0.43976426697766124
1.3054561459137961 0.19454385408620367 0 -0.46996473124601601
1.3054561459137961 0.21875000000000003 0 -0.51953249532022983
1.3054561459137961 0.24295614591379638 0 -0.56609100250444433
1.3054561459137961 0.25704385408620367 0 -0.5917743861731618
1.3054561459137961 0.28125000000000006 0 -0.63305217720991969
1.3054561459137961 0.30545614591379644 0 -0.67066317809753973
1.3054561459137961 0.31954385408620378 0 -0.69084248310445773
1.3054561459137961 0.34375000000000011 0 -0.72224401876173749
1.3054561459137961 0.36795614591379644 0 -0.74946214379839682
1.3054561459137961 0.38204385408620378 0 -0.76336189087659834
1.3054561459137961 0.40625000000000006 0 -0.78368042791397419
1.3054561459137961 0.43045614591379644 0 -0.79945969994471344
1.3054561459137961 0.44454385408620367 0 -0.80654572966536575
1.3054561459137961 0.46875000000000006 0 -0.81500043817728896
1.3054561459137961 0.49295614591379638 0 -0.81873446868294608
1.3054561459137961 0.50704385408620356 0 -0.81873446890623369
1.3054561459137961 0.53125 0 -0.81500043894813379
1.3054561459137961 0.55545614591379633 0 -0.80654573064330282
1.3054561459137961 0.56954385408620367 0 -0.79945970090519902
1.3054561459137961 0.59375 0 -0.7836804288933551
1.3054561459137961 0.61795614591379633 0 -0.76336189197741411
1.3054561459137961 0.63204385408620378 0 -0.74946214500445918
1.3054561459137961 0.65625 0 -0.72224402001547316
1.3054561459137961 0.68045614591379633 0 -0.69084248421007455
1.3054561459137961 0.69454385408620367 0 -0.67066317904177597
1.3054561459137961 0.71875 0 -0.63305217797571034
1.3054561459137961 0.74295614591379633 0 -0.59177438691795825
1.3054561459137961 0.75704385408620389 0 -0.56609100329871398
1.3054561459137961 0.78125000000000022 0 -0.5195324961409884
1.3054561459137961 0.80545614591379633 0 -0.46996473199584082
1.3054561459137961 0.81954385408620367 0 -0.43976426764650872
1.3054561459137961 0.84375 0 -0.38604747143265317
1.3054561459137961 0.86795614591379611 0 -0.33009459568667826
1.3054561459137961 0.88204385408620345 0 -0.29653763773206687
1.3054561459137961 0.90624999999999978 0 -0.23772685903445176
1.3054561459137961 0.93045614591379611 0 -0.17753910928913452
1.3054561459137961 0.94454385408620356 0 -0.14191523268529949
1.3054561459137961 0.96874999999999989 0 -0.080270536641542628
1.3054561459137961 0.99295614591379622 0 -0.018160894422467707
1.3054561459137961 1.0070438540862034 0 0.018160895131994904
1.3054561459137961 1.0312499999999998 0 0.080270537278705034
1.3054561459137961 1.0554561459137961 0 0.14191523315861121
1.3054561459137961 1.0695438540862034 0 0.1775391096316753
1.3054561459137961 1.0937499999999998 0 0.23772685919365749
1.3054561459137961 1.1179561459137963 0 0.29653763777479092
1.3054561459137961 1.1320438540862034 0 0.33009459568907512
1.3054561459137961 1.15625 0 0.38604747136245732
1.3054561459137961 1.1804561459137961 0 0.43976426749235292
1.3054561459137961 1.1945438540862034 0 0.46996473179288073
1.3054561459137961 1.2187499999999998 0 0.51953249593496109
1.3054561459137961 1.2429561459137961 0 0.56609100320325412
1.3054561459137961 1.2570438540862037 0 0.59177438692478057
1.3054561459137961 1.28125 0 0.63305217800424896
1.3054561459137961 1.3054561459137963 0 0.67066317886606841
1.3054561459137961 1.3195438540862039 0 0.69084248383255853
1.3054561459137961 1.3437500000000002 0 0.72224401947012284
1.3054561459137961 1.3679561459137966 0 0.74946214456327032
1.3054561459137961 1.3820438540862039 0 0.76336189169807589
1.3054561459137961 1.40625 0 0.7836804287004101
1.3054561459137961 1.4304561459137966 0 0.79945970050418858
1.3054561459137961 1.4445438540862039 0 0.80654573001352226
1.3054561459137961 1.4687500000000004 0 0.81500043816525325
1.3054561459137961 1.4929561459137966 0 0.81873446833420116
1.3054561459137961 1.5070438540862043 0 0.81873446837881225
1.3054561459137961 1.5312500000000004 0 0.81500043824210266
1.3054561459137961 1.555456145913797 0 0.80654572993505236
1.3054561459137961 1.5695438540862043 0 0.79945970026284618
1.3054561459137961 1.5937500000000007 0 0.78368042826604967
1.3054561459137961 1.617956145913797 0 0.76336189121059372
1.3054561459137961 1.6320438540862043 0 0.7494621441002659
1.3054561459137961 1.6562500000000004 0 0.72224401900703061
1.3054561459137961 1.680456145913797 0 0.69084248329652909
1.3054561459137961 1.6945438540862043 0 0.67066317826362232
1.3054561459137961 1.7187500000000004 0 0.63305217739239172
1.3054561459137961 1.742956145913797 0 0.5917743864566728
1.3054561459137961 1.7570438540862043 0 0.56609100287873293
1.3054561459137961 1.7812500000000004 0 0.51953249579879901
1.3054561459137961 1.805456145913797 0 0.46996473174831305
1.3054561459137961 1.8195438540862043 0 0.43976426746043851
1.3054561459137961 1.8437500000000004 0 0.3860474713417707
1.3054561459137961 1.867956145913797 0 0.33009459567477906
1.3054561459137961 1.8820438540862043 0 0.29653763775966535
1.3054561459137961 1.9062500000000004 0 0.23772685913389258
1.3054561459137961 1.9304561459137968 0 0.17753910946759441
1.3054561459137961 1.9445438540862039 0 0.1419152329113528
1.3054561459137961 1.9687500000000004 0 0.080270536926234676
1.3054561459137961 1.9929561459137966 0 0.018160894732856512
1.3195438540862037 0.0070438540862036436 0 -0.018707330350776007
1.3195438540862037 0.03125 0 -0.082685763595284442
1.3195438540862039 0.05545614591379637 0 -0.14618526106575502
1.3195438540862039 0.069543854086203671 0 -0.18288100955378642
1.3195438540862037 0.093750000000000028 0 -0.24487972327911486
1.3195438540862037 0.11795614591379638 0 -0.30546003487991458
1.3195438540862039 0.13204385408620367 0 -0.34002667410785264
1.3195438540862037 0.15625000000000006 0 -0.397663092529221
1.3195438540862037 0.18045614591379638 0 -0.45299615095132967
1.3195438540862039 0.19454385408620367 0 -0.48410530443737437
1.3195438540862037 0.21875000000000003 0 -0.5351644923325708
1.3195438540862037 0.24295614591379636 0 -0.58312387901174478
1.3195438540862034 0.25704385408620362 0 -0.60958003927576443
1.3195438540862037 0.28125000000000006 0 -0.6520998205492885
1.3195438540862037 0.30545614591379644 0 -0.69084248321424724
1.3195438540862034 0.31954385408620378 0 -0.7116289549707091
1.3195438540862037 0.34375000000000011 0 -0.74397531841494158
1.3195438540862037 0.36795614591379644 0 -0.77201239830531054
1.3195438540862034 0.38204385408620378 0 -0.78633036908536202
1.3195438540862037 0.40625000000000006 0 -0.80726026212438062
1.3195438540862037 0.43045614591379644 0 -0.82351431010768805
1.3195438540862034 0.44454385408620367 0 -0.83081354843094113
1.3195438540862037 0.46875 0 -0.83952264713199332
1.3195438540862037 0.49295614591379644 0 -0.84336902927898261
1.3195438540862034 0.50704385408620367 0 -0.84336902946893633
1.3195438540862037 0.53125 0 -0.83952264779227126
1.3195438540862037 0.55545614591379633 0 -0.83081354927889162
1.3195438540862034 0.56954385408620356 0 -0.82351431095070116
1.3195438540862037 0.59375 0 -0.80726026300605513
1.3195438540862037 0.61795614591379633 0 -0.78633037009996487
1.3195438540862034 0.63204385408620367 0 -0.77201239942979671
1.3195438540862037 0.65625000000000011 0 -0.74397531961831931
1.3195438540862037 0.68045614591379644 0 -0.71162895609039567
1.3195438540862034 0.69454385408620367 0 -0.69084248422009442
1.3195438540862037 0.71875000000000011 0 -0.65209982139570133
1.3195438540862037 0.74295614591379633 0 -0.60958004002956823
1.3195438540862034 0.75704385408620378 0 -0.58312387973962321
1.3195438540862037 0.78125000000000011 0 -0.53516449302141778
1.3195438540862037 0.80545614591379633 0 -0.48410530508809929
1.3195438540862034 0.81954385408620367 0 -0.4529961515789091
1.3195438540862037 0.84375 0 -0.39766309309438636
1.3195438540862037 0.86795614591379622 0 -0.34002667457898422
1.3195438540862034 0.88204385408620345 0 -0.30546003528252541
1.3195438540862037 0.90624999999999978 0 -0.24487972355191229
1.3195438540862037 0.93045614591379611 0 -0.18288100968315668
1.3195438540862034 0.94454385408620356 0 -0.14618526110650737
1.3195438540862037 0.96874999999999989 0 -0.082685763492041806
1.3195438540862037 0.99295614591379633 0 -0.018707330116434124
1.3195438540862034 1.0070438540862034 0 0.018707330642927154
1.3195438540862037 1.0312499999999998 0 0.082685763971746831
1.3195438540862037 1.0554561459137959 0 0.14618526148027364
1.3195438540862034 1.0695438540862034 0 0.18288100997100687
1.3195438540862037 1.0937499999999996 0 0.24487972369572014
1.3195438540862037 1.1179561459137963 0 0.30546003529327026
1.3195438540862034 1.1320438540862037 0 0.34002667451800689
1.3195438540862037 1.1562500000000002 0 0.39766309293013657
1.3195438540862037 1.1804561459137966 0 0.45299615133807009
1.3195438540862034 1.1945438540862034 0 0.48410530481628045
1.3195438540862037 1.21875 0 0.53516449273971334
1.3195438540862037 1.2429561459137959 0 0.58312387950567912
1.3195438540862034 1.2570438540862037 0 0.60958003984079756
1.3195438540862037 1.28125 0 0.65209982117476384
1.3195438540862037 1.3054561459137963 0 0.69084248380829749
1.3195438540862034 1.3195438540862039 0 0.71162895551179106
1.3195438540862037 1.3437500000000002 0 0.74397531892147484
1.3195438540862037 1.3679561459137966 0 0.77201239886521311
1.3195438540862034 1.3820438540862037 0 0.78633036970496495
1.3195438540862037 1.4062500000000002 0 0.80726026271536366
1.3195438540862037 1.4304561459137966 0 0.82351431047847989
1.3195438540862034 1.4445438540862039 0 0.83081354859393863
1.3195438540862037 1.4687500000000002 0 0.83952264693136891
1.3195438540862037 1.4929561459137968 0 0.84336902872497777
1.3195438540862034 1.5070438540862041 0 0.84336902872256914
1.3195438540862037 1.5312500000000004 0 0.83952264686914313
1.3195438540862037 1.555456145913797 0 0.83081354839204902
1.3195438540862034 1.5695438540862043 0 0.82351431016558507
1.3195438540862037 1.5937500000000009 0 0.8072602622679329
1.3195438540862037 1.617956145913797 0 0.78633036920932808
1.3195438540862034 1.6320438540862043 0 0.7720123983765238
1.3195438540862037 1.6562500000000004 0 0.7439753184326201
1.3195438540862037 1.680456145913797 0 0.71162895499717516
1.3195438540862034 1.6945438540862043 0 0.69084248327238484
1.3195438540862037 1.7187500000000007 0 0.65209982067496353
1.3195438540862037 1.742956145913797 0 0.60958003948092798
1.3195438540862034 1.7570438540862041 0 0.5831238792668183
1.3195438540862037 1.7812500000000004 0 0.5351644926514274
1.3195438540862037 1.805456145913797 0 0.48410530478820801
1.3195438540862034 1.8195438540862043 0 0.45299615130721105
1.3195438540862037 1.8437500000000004 0 0.3976630928869348
1.3195438540862037 1.867956145913797 0 0.34002667446109558
1.3195438540862034 1.8820438540862043 0 0.30546003522649251
1.3195438540862037 1.9062500000000007 0 0.24487972358956014
1.3195438540862037 1.9304561459137968 0 0.18288100979437474
1.3195438540862037 1.9445438540862041 0 0.14618526125109632
1.3195438540862037 1.9687500000000004 0 0.082685763674868962
1.3195438540862037 1.9929561459137966 0 0.018707330312942482
1.34375 0.0070438540862036436 0 -0.019557652851842619
1.34375 0.03125 0 -0.086444160105876716
1.34375 0.05545614591379637 0 -0.15282996204213745
1.3437500000000002 0.069543854086203671 0 -0.19119367810060706
1.34375 0.093750000000000028 0 -0.25601047971258917
1.34375 0.11795614591379638 0 -0.31934440720409907
1.3437500000000002 0.13204385408620367 0 -0.35548223754980579
1.34375 0.15625000000000006 0 -0.41573846023320393
1.34375 0.18045614591379638 0 -0.47358662605389135
1.3437500000000002 0.19454385408620367 0 -0.50610981419286327
1.34375 0.21875000000000003 0 -0.55948984506061639
1.34375 0.24295614591379638 0 -0.60962917639326286
1.34375 0.25704385408620367 0 -0.63728787422937383
1.34375 0.28125000000000006 0 -0.68174034848200515
1.34375 0.30545614591379644 0 -0.72224401912075897
1.34375 0.31954385408620378 0 -0.74397531863817767
1.34375 0.34375000000000011 0 -0.77779195286529856
1.34375 0.36795614591379644 0 -0.80710342946507696
1.34375 0.38204385408620378 0 -0.82207220891702004
1.34375 0.40625000000000006 0 -0.84395344876309508
1.34375 0.43045614591379644 0 -0.86094630780450565
1.34375 0.44454385408620367 0 -0.86857732550196232
1.34375 0.46875000000000006 0 -0.87768228730003717
1.34375 0.49295614591379644 0 -0.88170350272041376
1.34375 0.50704385408620367 0 -0.8817035028617729
1.34375 0.53125 0 -0.87768228780342561
1.34375 0.55545614591379633 0 -0.86857732617566696
1.34375 0.56954385408620367 0 -0.86094630850000997
1.34375 0.59375 0 -0.8439534495298705
1.34375 0.61795614591379633 0 -0.82207220982156459
1.34375 0.63204385408620378 0 -0.80710343047276356
1.34375 0.65625000000000011 0 -0.7777919539730368
1.34375 0.68045614591379633 0 -0.74397531973178666
1.34375 0.69454385408620367 0 -0.72224402015684097
1.34375 0.71875000000000011 0 -0.68174034938421435
1.34375 0.74295614591379633 0 -0.63728787496050676
1.34375 0.75704385408620389 0 -0.60962917701405317
1.34375 0.78125000000000011 0 -0.55948984557008841
1.34375 0.80545614591379633 0 -0.50610981470376804
1.34375 0.81954385408620378 0 -0.47358662660930767
1.34375 0.84375 0 -0.41573846081472143
1.34375 0.86795614591379622 0 -0.35548223807586027
1.34375 0.88204385408620345 0 -0.31934440766376748
1.34375 0.90624999999999978 0 -0.25601048005205257
1.34375 0.93045614591379622 0 -0.19119367831958126
1.34375 0.94454385408620367 0 -0.15282996219096218
1.34375 0.96874999999999989 0 -0.086444160135724257
1.34375 0.99295614591379622 0 -0.019557652764908992
1.34375 1.0070438540862034 0 0.019557652991594118
1.34375 1.0312499999999998 0 0.086444160354986019
1.34375 1.0554561459137961 0 0.15282996239341573
1.34375 1.0695438540862034 0 0.19119367850515873
1.34375 1.0937499999999998 0 0.25601048015415895
1.34375 1.1179561459137963 0 0.31934440760751004
1.34375 1.1320438540862039 0 0.3554822378991695
1.34375 1.1562500000000002 0 0.41573846047719631
1.34375 1.1804561459137963 0 0.4735866261827173
1.34375 1.1945438540862034 0 0.50610981425508872
1.34375 1.2187499999999998 0 0.55948984508436461
1.34375 1.2429561459137961 0 0.60962917648528181
1.34375 1.2570438540862037 0 0.63728787440179424
1.34375 1.28125 0 0.68174034873326861
1.34375 1.3054561459137963 0 0.72224401935748372
1.34375 1.3195438540862039 0 0.74397531883056822
1.34375 1.3437500000000002 0 0.77779195302835791
1.34375 1.3679561459137966 0 0.80710342967348569
1.34375 1.3820438540862039 0 0.82207220917600132
1.34375 1.4062500000000002 0 0.84395344899501812
1.34375 1.4304561459137966 0 0.86094630784315029
1.34375 1.4445438540862039 0 0.86857732535782806
1.34375 1.4687500000000002 0 0.87768228681600013
1.34375 1.4929561459137966 0 0.88170350187732816
1.34375 1.5070438540862043 0 0.88170350181165957
1.34375 1.5312500000000004 0 0.87768228656478231
1.34375 1.555456145913797 0 0.86857732498321516
1.34375 1.5695438540862043 0 0.86094630742380629
1.34375 1.5937500000000004 0 0.84395344852203669
1.34375 1.617956145913797 0 0.82207220867541797
1.34375 1.6320438540862043 0 0.80710342916882405
1.34375 1.6562500000000004 0 0.77779195253728683
1.34375 1.680456145913797 0 0.74397531837912967
1.34375 1.6945438540862043 0 0.72224401894145807
1.34375 1.7187500000000004 0 0.68174034840478426
1.34375 1.7429561459137968 0 0.63728787419537702
1.34375 1.7570438540862043 0 0.60962917636148395
1.34375 1.7812500000000004 0 0.5594898450566077
1.34375 1.8054561459137968 0 0.50610981425594348
1.34375 1.8195438540862041 0 0.47358662617125802
1.34375 1.8437500000000004 0 0.41573846042645579
1.34375 1.867956145913797 0 0.355482237790745
1.34375 1.8820438540862043 0 0.31934440745908088
1.34375 1.9062500000000004 0 0.2560104799570162
1.34375 1.9304561459137966 0 0.19119367828904549
1.34375 1.9445438540862043 0 0.15282996217875797
1.34375 1.9687500000000002 0 0.086444160146062377
1.34375 1.9929561459137966 0 0.019557652789893836
1.3679561459137963 0.0070438540862036436 0 -0.020294692744460108
1.3679561459137966 0.03125 0 -0.089701851322030859
1.3679561459137966 0.05545614591379637 0 -0.1585894351978647
1.3679561459137966 0.069543854086203671 0 -0.19839890694282072
1.3679561459137966 0.093750000000000028 0 -0.26565836195377557
1.3679561459137966 0.11795614591379638 0 -0.33137906007200291
1.3679561459137966 0.13204385408620367 0 -0.36887876259780755
1.3679561459137966 0.15625000000000006 0 -0.43140577108754663
1.3679561459137966 0.18045614591379638 0 -0.4914339738378195
1.3679561459137966 0.19454385408620367 0 -0.52518281449235649
1.3679561459137966 0.21875 0 -0.58057449838113706
1.3679561459137966 0.24295614591379638 0 -0.63260335539122514
1.3679561459137966 0.25704385408620367 0 -0.66130438504457179
1.3679561459137966 0.28125000000000006 0 -0.70743207291824084
1.3679561459137966 0.30545614591379644 0 -0.74946214449574788
1.3679561459137966 0.31954385408620378 0 -0.77201239880329475
1.3679561459137966 0.34375000000000011 0 -0.8071034296715548
1.3679561459137966 0.36795614591379644 0 -0.837519523854932
1.3679561459137966 0.38204385408620378 0 -0.85305240922948589
1.3679561459137966 0.40625000000000006 0 -0.87575825449832045
1.3679561459137966 0.43045614591379644 0 -0.89339149786075411
1.3679561459137966 0.44454385408620367 0 -0.90131009422489494
1.3679561459137966 0.46875 0 -0.91075818097670647
1.3679561459137966 0.49295614591379644 0 -0.91493093783374857
1.3679561459137966 0.50704385408620367 0 -0.91493093794227376
1.3679561459137966 0.53125 0 -0.91075818138225961
1.3679561459137966 0.55545614591379633 0 -0.90131009480986313
1.3679561459137966 0.56954385408620367 0 -0.89339149850185551
1.3679561459137966 0.59375 0 -0.8757582552422325
1.3679561459137966 0.61795614591379633 0 -0.85305241009697563
1.3679561459137966 0.63204385408620367 0 -0.83751952479939118
1.3679561459137966 0.65625 0 -0.80710343068817059
1.3679561459137966 0.68045614591379644 0 -0.77201239980629288
1.3679561459137966 0.69454385408620367 0 -0.74946214545267653
1.3679561459137966 0.71875000000000011 0 -0.70743207375094774
1.3679561459137966 0.74295614591379644 0 -0.66130438569900241
1.3679561459137966 0.75704385408620378 0 -0.63260335592489469
1.3679561459137966 0.78125000000000011 0 -0.58057449879819778
1.3679561459137966 0.80545614591379633 0 -0.52518281492482399
1.3679561459137966 0.81954385408620378 0 -0.49143397433185715
1.3679561459137966 0.84375 0 -0.43140577165320154
1.3679561459137966 0.86795614591379622 0 -0.36887876317412627
1.3679561459137966 0.88204385408620345 0 -0.33137906062690947
1.3679561459137966 0.90624999999999978 0 -0.26565836243117247
1.3679561459137966 0.93045614591379611 0 -0.19839890729218912
1.3679561459137966 0.94454385408620356 0 -0.15858943545343479
1.3679561459137966 0.96874999999999989 0 -0.089701851443805491
1.3679561459137966 0.99295614591379622 0 -0.020294692775666898
1.3679561459137966 1.0070438540862034 0 0.020294692739747162
1.3679561459137966 1.0312499999999998 0 0.089701851429629137
1.3679561459137966 1.0554561459137961 0 0.1585894354884905
1.3679561459137966 1.0695438540862034 0 0.19839890736145857
1.3679561459137966 1.0937499999999998 0 0.26565836246064295
1.3679561459137966 1.1179561459137963 0 0.33137906047653676
1.3679561459137966 1.1320438540862037 0 0.36887876286411581
1.3679561459137966 1.1562500000000002 0 0.43140577111925826
1.3679561459137966 1.1804561459137963 0 0.49143397365828634
1.3679561459137966 1.1945438540862034 0 0.5251828142045184
1.3679561459137966 1.2187499999999998 0 0.58057449799162064
1.3679561459137966 1.2429561459137961 0 0.63260335501519593
1.3679561459137966 1.2570438540862034 0 0.66130438472302389
1.3679561459137966 1.28125 0 0.70743207267309305
1.3679561459137966 1.3054561459137961 0 0.74946214429137059
1.3679561459137966 1.3195438540862039 0 0.7720123986083901
1.3679561459137966 1.3437500000000002 0 0.80710342950115144
1.3679561459137966 1.3679561459137966 0 0.83751952372409066
1.3679561459137966 1.3820438540862039 0 0.85305240912317937
1.3679561459137966 1.40625 0 0.87575825435408561
1.3679561459137966 1.4304561459137966 0 0.89339149756556502
1.3679561459137966 1.4445438540862039 0 0.90131009379238169
1.3679561459137966 1.4687500000000002 0 0.91075818026228994
1.3679561459137966 1.4929561459137968 0 0.91493093678490489
1.3679561459137966 1.5070438540862043 0 0.91493093668517245
1.3679561459137966 1.5312500000000004 0 0.91075817990482277
1.3679561459137966 1.555456145913797 0 0.90131009330885248
1.3679561459137966 1.5695438540862043 0 0.89339149706443255
1.3679561459137966 1.5937500000000004 0 0.87575825384456307
1.3679561459137966 1.617956145913797 0 0.85305240862235743
1.3679561459137966 1.6320438540862041 0 0.83751952323681444
1.3679561459137966 1.6562500000000004 0 0.80710342906109567
1.3679561459137966 1.680456145913797 0 0.77201239824716128
1.3679561459137966 1.6945438540862043 0 0.74946214398892386
1.3679561459137966 1.7187500000000004 0 0.70743207246876105
1.3679561459137966 1.742956145913797 0 0.66130438460958474
1.3679561459137966 1.7570438540862039 0 0.63260335495037201
1.3679561459137966 1.7812500000000004 0 0.58057449798836147
1.3679561459137966 1.8054561459137966 0 0.52518281423296853
1.3679561459137966 1.8195438540862043 0 0.49143397368986208
1.3679561459137966 1.8437500000000004 0 0.43140577110570205
1.3679561459137966 1.867956145913797 0 0.36887876273813752
1.3679561459137966 1.8820438540862043 0 0.33137906026137764
1.3679561459137966 1.9062500000000004 0 0.26565836216158573
1.3679561459137966 1.9304561459137968 0 0.1983989070818542
1.3679561459137963 1.9445438540862043 0 0.15858943526268723
1.3679561459137966 1.9687500000000004 0 0.089701851291537349
1.3679561459137966 1.9929561459137966 0 0.020294692672310568
1.3820438540862034 0.0070438540862036436 0 -0.020671084144864779
1.3820438540862034 0.03125 0 -0.091365488480664669
1.3820438540862034 0.05545614591379637 0 -0.16153068188170019
1.3820438540862034 0.069543854086203671 0 -0.20207847185863873
1.3820438540862034 0.093750000000000028 0 -0.2705853406481169
1.3820438540862034 0.11795614591379638 0 -0.3375249143675349
1.3820438540862034 0.13204385408620367 0 -0.3757200975474928
1.3820438540862034 0.15625000000000006 0 -0.43940675053394701
1.3820438540862034 0.18045614591379638 0 -0.50054825413757953
1.3820438540862034 0.19454385408620367 0 -0.53492301078174187
1.3820438540862034 0.21875 0 -0.59134200526293434
1.3820438540862034 0.24295614591379636 0 -0.64433580492290621
1.3820438540862034 0.25704385408620362 0 -0.6735691324207661
1.3820438540862034 0.28125000000000006 0 -0.72055231809312503
1.3820438540862034 0.30545614591379644 0 -0.76336189179707559
1.3820438540862034 0.31954385408620378 0 -0.78633036975690462
1.3820438540862034 0.34375 0 -0.82207220923279956
1.3820438540862034 0.36795614591379644 0 -0.85305240931174642
1.3820438540862034 0.38204385408620378 0 -0.86887337220021799
1.3820438540862034 0.40625000000000006 0 -0.89200032681645181
1.3820438540862034 0.43045614591379644 0 -0.90996060151555458
1.3820438540862034 0.44454385408620367 0 -0.91802605848943575
1.3820438540862034 0.46875000000000006 0 -0.92764937221807242
1.3820438540862034 0.49295614591379638 0 -0.93189951822800587
1.3820438540862034 0.50704385408620356 0 -0.93189951832474616
1.3820438540862034 0.53125 0 -0.92764937259323432
1.3820438540862034 0.55545614591379633 0 -0.91802605905932144
1.3820438540862034 0.56954385408620356 0 -0.90996060216328534
1.3820438540862034 0.59374999999999989 0 -0.89200032758345915
1.3820438540862034 0.61795614591379633 0 -0.86887337307481605
1.3820438540862034 0.63204385408620367 0 -0.85305241024082556
1.3820438540862034 0.65625000000000011 0 -0.82207221019949461
1.3820438540862034 0.68045614591379644 0 -0.78633037068443645
1.3820438540862034 0.69454385408620367 0 -0.7633618926684419
1.3820438540862034 0.71875000000000011 0 -0.72055231884073245
1.3820438540862034 0.74295614591379633 0 -0.67356913301444465
1.3820438540862034 0.75704385408620378 0 -0.64433580541889379
1.3820438540862034 0.78125 0 -0.59134200566529482
1.3820438540862034 0.80545614591379633 0 -0.53492301119687902
1.3820438540862034 0.81954385408620367 0 -0.50054825460372787
1.3820438540862034 0.84375 0 -0.43940675108016802
1.3820438540862034 0.86795614591379622 0 -0.37572009815245955
1.3820438540862034 0.88204385408620345 0 -0.33752491499336729
1.3820438540862034 0.90624999999999978 0 -0.27058534123346256
1.3820438540862034 0.93045614591379611 0 -0.20207847229937229
1.3820438540862034 0.94454385408620356 0 -0.16153068219841352
1.3820438540862034 0.96874999999999989 0 -0.091365488638937606
1.3820438540862034 0.99295614591379633 0 -0.020671084231340793
1.3820438540862034 1.0070438540862034 0 0.020671084062094738
1.3820438540862034 1.0312499999999998 0 0.091365488502931747
1.3820438540862034 1.0554561459137959 0 0.16153068213767119
1.3820438540862034 1.0695438540862034 0 0.20207847229294659
1.3820438540862034 1.0937499999999996 0 0.2705853412037918
1.3820438540862034 1.1179561459137963 0 0.33752491477389035
1.3820438540862034 1.1320438540862034 0 0.3757200977561802
1.3820438540862034 1.15625 0 0.43940675042374666
1.3820438540862034 1.1804561459137963 0 0.50054825376480416
1.3820438540862034 1.1945438540862034 0 0.53492301028406397
1.3820438540862034 1.21875 0 0.5913420046289356
1.3820438540862034 1.2429561459137959 0 0.64433580425588766
1.3820438540862034 1.2570438540862034 0 0.67356913177861388
1.3820438540862034 1.2812499999999998 0 0.72055231751652238
1.3820438540862034 1.3054561459137963 0 0.76336189130733523
1.3820438540862034 1.3195438540862039 0 0.78633036932507261
1.3820438540862034 1.3437500000000002 0 0.8220722088756538
1.3820438540862034 1.3679561459137966 0 0.85305240899258095
1.3820438540862034 1.3820438540862037 0 0.86887337188474323
1.3820438540862034 1.4062500000000002 0 0.89200032645257665
1.3820438540862034 1.4304561459137966 0 0.90996060103077947
1.3820438540862034 1.4445438540862039 0 0.91802605790091685
1.3820438540862034 1.46875 0 0.9276493713938383
1.3820438540862034 1.4929561459137966 0 0.93189951709540253
1.3820438540862034 1.5070438540862041 0 0.93189951698869622
1.3820438540862034 1.5312500000000004 0 0.92764937101074452
1.3820438540862034 1.555456145913797 0 0.91802605738133869
1.3820438540862034 1.5695438540862043 0 0.90996060049170469
1.3820438540862034 1.5937500000000004 0 0.89200032591486267
1.3820438540862034 1.617956145913797 0 0.86887337138275433
1.3820438540862034 1.6320438540862043 0 0.85305240852644382
1.3820438540862034 1.6562500000000004 0 0.82207220848542562
1.3820438540862034 1.680456145913797 0 0.78633036902719
1.3820438540862034 1.6945438540862043 0 0.76336189106916807
1.3820438540862034 1.7187500000000007 0 0.72055231736689707
1.3820438540862034 1.742956145913797 0 0.67356913169628396
1.3820438540862034 1.7570438540862041 0 0.64433580420374592
1.3820438540862034 1.7812500000000004 0 0.59134200462550168
1.3820438540862034 1.8054561459137966 0 0.53492301032708434
1.3820438540862034 1.8195438540862043 0 0.50054825382939649
1.3820438540862034 1.8437500000000004 0 0.43940675044852723
1.3820438540862034 1.867956145913797 0 0.37572009763434222
1.3820438540862034 1.8820438540862043 0 0.33752491452838734
1.3820438540862034 1.9062500000000007 0 0.27058534084511537
1.3820438540862034 1.9304561459137968 0 0.20207847197018611
1.3820438540862034 1.9445438540862041 0 0.16153068189721459
1.3820438540862034 1.9687500000000004 0 0.091365488399132513
1.3820438540862037 1.9929561459137966 0 0.020671084073223801
1.4062499999999998 0.0070438540862036436 0 -0.021221290013145554
1.40625 0.03125 0 -0.093797379688591989
1.40625 0.05545614591379637 0 -0.16583017230555341
1.4062499999999998 0.069543854086203657 0 -0.20745722988671278
1.40625 0.093750000000000028 0 -0.27778755798672067
1.40625 0.11795614591379638 0 -0.34650887408707237
1.4062499999999998 0.13204385408620367 0 -0.38572070517560042
1.40625 0.15625000000000006 0 -0.45110251699195503
1.40625 0.18045614591379638 0 -0.51387143471325902
1.4062499999999998 0.19454385408620367 0 -0.54916115027042078
1.40625 0.21875 0 -0.60708185901527667
1.40625 0.24295614591379638 0 -0.66148620395179747
1.40625 0.25704385408620367 0 -0.69149764007279635
1.40625 0.28125000000000006 0 -0.73973138544105943
1.40625 0.30545614591379644 0 -0.78368042903733748
1.40625 0.31954385408620378 0 -0.80726026296428721
1.40625 0.34375000000000006 0 -0.84395344919996229
1.40625 0.36795614591379644 0 -0.8757582546756284
1.40625 0.38204385408620378 0 -0.89200032690571629
1.40625 0.40625000000000006 0 -0.91574285570915614
1.40625 0.43045614591379644 0 -0.9341811821449848
1.40625 0.44454385408620367 0 -0.94246131876590478
1.40625 0.46875 0 -0.95234077787365645
1.40625 0.49295614591379644 0 -0.95670405073345377
1.40625 0.50704385408620367 0 -0.95670405082357635
1.40625 0.53125 0 -0.95234077823249541
1.40625 0.55545614591379633 0 -0.94246131932995936
1.40625 0.56954385408620367 0 -0.934181182800218
1.40625 0.59374999999999989 0 -0.91574285648741183
1.40625 0.61795614591379633 0 -0.89200032776658422
1.40625 0.63204385408620367 0 -0.87575825556561582
1.40625 0.65625000000000011 0 -0.84395345010196343
1.40625 0.68045614591379633 0 -0.80726026382946003
1.40625 0.69454385408620367 0 -0.78368042985941377
1.40625 0.71875000000000011 0 -0.73973138616439948
1.40625 0.74295614591379633 0 -0.6914976406679767
1.40625 0.75704385408620367 0 -0.66148620446379391
1.40625 0.78125 0 -0.60708185944502147
1.40625 0.80545614591379633 0 -0.54916115070537541
1.40625 0.81954385408620378 0 -0.51387143518866518
1.40625 0.84375 0 -0.45110251755781466
1.40625 0.86795614591379622 0 -0.38572070585221951
1.40625 0.88204385408620345 0 -0.34650887482971554
1.40625 0.90624999999999978 0 -0.27778755872681465
1.40625 0.93045614591379622 0 -0.20745723046070288
1.40625 0.94454385408620367 0 -0.16583017271999137
1.40625 0.96874999999999989 0 -0.093797379910051076
1.40625 0.99295614591379622 0 -0.021221290171204148
1.40625 1.0070438540862034 0 0.021221289842679236
1.40625 1.0312499999999998 0 0.09379737961316581
1.40625 1.0554561459137961 0 0.16583017249474552
1.40625 1.0695438540862034 0 0.20745723028692151
1.40625 1.0937499999999998 0 0.27778755852648157
1.40625 1.1179561459137963 0 0.34650887443869488
1.40625 1.1320438540862034 0 0.38572070528405744
1.40625 1.15625 0 0.45110251671485663
1.40625 1.1804561459137961 0 0.51387143412871494
1.40625 1.1945438540862034 0 0.54916114954288775
1.40625 1.2187499999999998 0 0.60708185810354542
1.40625 1.2429561459137961 0 0.66148620293357185
1.40625 1.2570438540862034 0 0.69149763902926409
1.40625 1.2812499999999998 0 0.7397313844307829
1.40625 1.3054561459137961 0 0.78368042815928862
1.40625 1.3195438540862039 0 0.80726026220076808
1.40625 1.3437500000000002 0 0.84395344857601895
1.40625 1.3679561459137966 0 0.87575825410157848
1.40625 1.3820438540862039 0 0.89200032632169313
1.40625 1.4062500000000002 0 0.91574285507565001
1.40625 1.4304561459137966 0 0.93418118142604278
1.40625 1.4445438540862037 0 0.94246131797835009
1.40625 1.46875 0 0.95234077690008723
1.40625 1.4929561459137966 0 0.95670404948266641
1.40625 1.5070438540862041 0 0.95670404937706732
1.40625 1.5312500000000004 0 0.95234077650649684
1.40625 1.555456145913797 0 0.94246131741280281
1.40625 1.5695438540862043 0 0.93418118081251922
1.40625 1.5937500000000004 0 0.91574285444916559
1.40625 1.617956145913797 0 0.89200032576722266
1.40625 1.6320438540862041 0 0.87575825362460091
1.40625 1.6562500000000004 0 0.8439534482394162
1.40625 1.680456145913797 0 0.80726026200598944
1.40625 1.6945438540862043 0 0.78368042804492977
1.40625 1.7187500000000004 0 0.73973138440846598
1.40625 1.7429561459137968 0 0.69149763903460393
1.40625 1.7570438540862039 0 0.66148620292977423
1.40625 1.7812500000000004 0 0.60708185810786619
1.40625 1.8054561459137968 0 0.54916114959501106
1.40625 1.8195438540862041 0 0.51387143421936798
1.40625 1.8437500000000004 0 0.45110251677485769
1.40625 1.867956145913797 0 0.38572070517453694
1.40625 1.8820438540862043 0 0.34650887418039195
1.40625 1.9062500000000004 0 0.27778755813689404
1.40625 1.9304561459137966 0 0.20745722995325916
1.4062499999999998 1.9445438540862039 0 0.16583017227069666
1.40625 1.9687500000000002 0 0.093797379570887379
1.4062500000000002 1.9929561459137966 0 0.021221289954059048
1.4304561459137963 0.0070438540862036436 0 -0.021648577054283417
1.4304561459137966 0.03125 0 -0.095685973910604363
1.4304561459137966 0.05545614591379637 0 -0.16916913457262442
1.4304561459137963 0.069543854086203657 0 -0.21163434590958083
1.4304561459137966 0.093750000000000028 0 -0.28338076321361705
1.4304561459137966 0.11795614591379638 0 -0.35348577126746383
1.4304561459137963 0.13204385408620367 0 -0.39348712584655687
1.4304561459137966 0.15625000000000006 0 -0.46018538926425517
1.4304561459137966 0.18045614591379638 0 -0.52421814847454151
1.4304561459137963 0.19454385408620367 0 -0.56021841648151161
1.4304561459137966 0.21875 0 -0.61930534886487543
1.4304561459137966 0.24295614591379638 0 -0.67480511600288029
1.4304561459137966 0.25704385408620367 0 -0.7054208272497422
1.4304561459137966 0.28125000000000006 0 -0.7546257508560632
1.4304561459137966 0.30545614591379644 0 -0.79945970101063302
1.4304561459137966 0.31954385408620378 0 -0.82351431092995131
1.4304561459137966 0.34375000000000006 0 -0.86094630827126584
1.4304561459137966 0.36795614591379644 0 -0.89339149807726492
1.4304561459137966 0.38204385408620378 0 -0.90996060163395531
1.4304561459137966 0.40625000000000006 0 -0.93418118216243717
1.4304561459137966 0.43045614591379644 0 -0.95299076112572489
1.4304561459137966 0.44454385408620367 0 -0.96143761687331708
1.4304561459137966 0.46875 0 -0.97151599719619919
1.4304561459137966 0.49295614591379638 0 -0.97596712381666761
1.4304561459137966 0.50704385408620356 0 -0.97596712391755458
1.4304561459137966 0.53125 0 -0.97151599758271179
1.4304561459137966 0.55545614591379633 0 -0.96143761745084411
1.4304561459137966 0.56954385408620367 0 -0.95299076177361464
1.4304561459137966 0.59375 0 -0.93418118290303098
1.4304561459137966 0.61795614591379633 0 -0.90996060243757781
1.4304561459137966 0.63204385408620367 0 -0.89339149890510083
1.4304561459137966 0.65625 0 -0.86094630913746839
1.4304561459137966 0.68045614591379644 0 -0.82351431183301704
1.4304561459137966 0.69454385408620367 0 -0.7994597019305606
1.4304561459137966 0.71875000000000011 0 -0.75462575173762181
1.4304561459137966 0.74295614591379633 0 -0.70542082799932337
1.4304561459137966 0.75704385408620378 0 -0.67480511664129816
1.4304561459137966 0.78125 0 -0.61930534938649062
1.4304561459137966 0.80545614591379633 0 -0.56021841699911623
1.4304561459137966 0.81954385408620378 0 -0.52421814903772146
1.4304561459137966 0.84375 0 -0.46018538992684993
1.4304561459137966 0.86795614591379633 0 -0.39348712662652641
1.4304561459137966 0.88204385408620345 0 -0.3534857721160099
1.4304561459137966 0.90624999999999978 0 -0.28338076405844959
1.4304561459137966 0.93045614591379622 0 -0.21163434657965569
1.4304561459137966 0.94454385408620367 0 -0.16916913507470926
1.4304561459137966 0.96875 0 -0.095685974200077448
1.4304561459137966 0.99295614591379622 0 -0.021648577254332592
1.4304561459137966 1.0070438540862034 0 0.02164857685995375
1.4304561459137966 1.0312499999999998 0 0.095685973807038582
1.4304561459137966 1.0554561459137961 0 0.16916913468470443
1.4304561459137966 1.0695438540862034 0 0.21163434618801782
1.4304561459137966 1.0937499999999998 0 0.28338076359446057
1.4304561459137966 1.1179561459137963 0 0.35348577148267141
1.4304561459137966 1.1320438540862034 0 0.39348712585533474
1.4304561459137966 1.15625 0 0.46018538893299049
1.4304561459137966 1.1804561459137961 0 0.52421814785078602
1.4304561459137966 1.1945438540862034 0 0.56021841570947595
1.4304561459137966 1.2187499999999998 0 0.61930534787662594
1.4304561459137966 1.2429561459137961 0 0.67480511484729566
1.4304561459137966 1.2570438540862034 0 0.70542082602323697
1.4304561459137966 1.28125 0 0.75462574961362672
1.4304561459137966 1.3054561459137961 0 0.79945969989479504
1.4304561459137966 1.3195438540862039 0 0.82351430994365127
1.4304561459137966 1.3437500000000002 0 0.8609463074547945
1.4304561459137966 1.3679561459137966 0 0.89339149734274459
1.4304561459137966 1.3820438540862039 0 0.90996060090835096
1.4304561459137966 1.40625 0 0.93418118141107176
1.4304561459137966 1.4304561459137966 0 0.95299076030030383
1.4304561459137966 1.4445438540862034 0 0.96143761598092403
1.4304561459137966 1.46875 0 0.97151599612272022
1.4304561459137966 1.4929561459137966 0 0.97596712247508743
1.4304561459137966 1.5070438540862041 0 0.97596712238586281
1.4304561459137966 1.5312500000000004 0 0.97151599575694525
1.4304561459137966 1.555456145913797 0 0.96143761538518158
1.4304561459137966 1.5695438540862043 0 0.95299075959694834
1.4304561459137966 1.5937500000000004 0 0.93418118064077893
1.4304561459137966 1.617956145913797 0 0.90996060023064551
1.4304561459137966 1.6320438540862043 0 0.89339149678588403
1.4304561459137966 1.6562500000000004 0 0.86094630712188625
1.4304561459137966 1.680456145913797 0 0.82351430984124552
1.4304561459137966 1.6945438540862043 0 0.79945969992348398
1.4304561459137966 1.7187500000000004 0 0.75462574976977093
1.4304561459137966 1.742956145913797 0 0.70542082617001101
1.4304561459137966 1.7570438540862039 0 0.67480511493449069
1.4304561459137966 1.7812500000000004 0 0.61930534790356551
1.4304561459137966 1.8054561459137966 0 0.56021841574865583
1.4304561459137966 1.8195438540862043 0 0.52421814792240495
1.4304561459137966 1.8437500000000004 0 0.46018538898100619
1.4304561459137966 1.867956145913797 0 0.39348712576193717
1.4304561459137966 1.8820438540862043 0 0.35348577126482672
1.4304561459137966 1.9062500000000004 0 0.28338076327465828
1.4304561459137966 1.9304561459137968 0 0.21163434593394864
1.4304561459137963 1.9445438540862039 0 0.16916913453756191
1.4304561459137966 1.9687500000000004 0 0.095685973831632132
1.4304561459137966 1.9929561459137966 0 0.021648577022604785
1.4445438540862037 0.0070438540862036436 0 -0.021840459700708487
1.4445438540862039 0.03125 0 -0.096534088719226849
1.4445438540862041 0.05545614591379637 0 -0.17066856912161152
1.4445438540862037 0.069543854086203671 0 -0.21351017189154742
1.4445438540862039 0.093750000000000028 0 -0.28589251525887366
1.4445438540862039 0.11795614591379638 0 -0.3566189006283001
1.4445438540862037 0.13204385408620367 0 -0.39697480808286767
1.4445438540862039 0.15625000000000006 0 -0.46426425304969804
1.4445438540862039 0.18045614591379638 0 -0.52886456812147375
1.4445438540862037 0.19454385408620367 0 -0.56518392537491713
1.4445438540862039 0.21875 0 -0.62479457618156886
1.4445438540862039 0.24295614591379636 0 -0.68078626676570364
1.4445438540862039 0.25704385408620362 0 -0.71167334104364688
1.4445438540862039 0.28125000000000006 0 -0.76131439361825703
1.4445438540862039 0.30545614591379644 0 -0.80654573058880263
1.4445438540862039 0.31954385408620378 0 -0.83081354916267602
1.4445438540862039 0.34375000000000011 0 -0.86857732594302595
1.4445438540862039 0.36795614591379644 0 -0.90131009443597532
1.4445438540862039 0.38204385408620378 0 -0.91802605859584474
1.4445438540862039 0.40625000000000006 0 -0.94246131876147321
1.4445438540862039 0.43045614591379644 0 -0.96143761684798046
1.4445438540862039 0.44454385408620367 0 -0.96995934149829255
1.4445438540862039 0.46875 0 -0.98012705178722759
1.4445438540862039 0.49295614591379638 0 -0.98461763108705747
1.4445438540862039 0.50704385408620356 0 -0.98461763119955037
1.4445438540862039 0.53125 0 -0.98012705220279805
1.4445438540862041 0.55545614591379633 0 -0.96995934208757728
1.4445438540862039 0.56954385408620356 0 -0.96143761748390177
1.4445438540862039 0.59374999999999989 0 -0.94246131946154321
1.4445438540862041 0.61795614591379633 0 -0.9180260593509102
1.4445438540862039 0.63204385408620367 0 -0.90131009522058858
1.4445438540862039 0.65625000000000011 0 -0.86857732680094724
1.4445438540862041 0.68045614591379644 0 -0.83081355012621039
1.4445438540862039 0.69454385408620367 0 -0.80654573162080179
1.4445438540862039 0.71875000000000011 0 -0.76131439465991479
1.4445438540862041 0.74295614591379633 0 -0.71167334194134979
1.4445438540862039 0.75704385408620378 0 -0.68078626752144877
1.4445438540862039 0.78125 0 -0.6247945767845986
1.4445438540862041 0.80545614591379633 0 -0.56518392596777012
1.4445438540862039 0.81954385408620367 0 -0.52886456876796528
1.4445438540862039 0.84375 0 -0.464264253798371
1.4445438540862041 0.86795614591379622 0 -0.39697480893323051
1.4445438540862039 0.88204385408620345 0 -0.35661890153112885
1.4445438540862039 0.90624999999999978 0 -0.28589251614136796
1.4445438540862041 0.93045614591379633 0 -0.21351017259993177
1.4445438540862039 0.94454385408620356 0 -0.17066856966860594
1.4445438540862039 0.96874999999999989 0 -0.096534089049319885
1.4445438540862041 0.99295614591379633 0 -0.021840459913577238
1.4445438540862039 1.0070438540862034 0 0.021840459517177301
1.4445438540862039 1.0312499999999998 0 0.096534088626018241
1.4445438540862041 1.0554561459137959 0 0.1706685691843926
1.4445438540862039 1.0695438540862034 0 0.21351017206461678
1.4445438540862039 1.0937499999999996 0 0.28589251549142891
1.4445438540862041 1.1179561459137963 0 0.35661890073267083
1.4445438540862039 1.1320438540862032 0 0.39697480803457702
1.4445438540862039 1.15625 0 0.46426425273203875
1.4445438540862041 1.1804561459137961 0 0.52886456754362665
1.4445438540862039 1.1945438540862034 0 0.56518392465082701
1.4445438540862039 1.21875 0 0.6247945752296894
1.4445438540862041 1.2429561459137959 0 0.68078626561781397
1.4445438540862039 1.2570438540862034 0 0.71167333980141878
1.4445438540862039 1.2812499999999998 0 0.76131439232572085
1.4445438540862041 1.3054561459137963 0 0.80654572939838087
1.4445438540862039 1.3195438540862039 0 0.83081354809268493
1.4445438540862039 1.3437500000000002 0 0.86857732504501972
1.4445438540862041 1.3679561459137966 0 0.90131009364586412
1.4445438540862039 1.3820438540862037 0 0.91802605783853464
1.4445438540862039 1.4062500000000002 0 0.94246131800154476
1.4445438540862041 1.4304561459137966 0 0.96143761600980915
1.4445438540862039 1.4445438540862037 0 0.96995934057982769
1.4445438540862039 1.46875 0 0.98012705067194494
1.4445438540862041 1.4929561459137966 0 0.9846176297006739
1.4445438540862039 1.5070438540862039 0 0.98461762962628319
1.4445438540862039 1.5312500000000004 0 0.98012705033600911
1.4445438540862041 1.555456145913797 0 0.9699593399732036
1.4445438540862039 1.5695438540862043 0 0.96143761525071103
1.4445438540862039 1.5937500000000007 0 0.94246131713055048
1.4445438540862041 1.617956145913797 0 0.91802605706553841
1.4445438540862039 1.6320438540862043 0 0.90131009301833809
1.4445438540862039 1.6562500000000004 0 0.86857732469457605
1.4445438540862041 1.680456145913797 0 0.83081354803583374
1.4445438540862039 1.6945438540862043 0 0.80654572951142345
1.4445438540862039 1.7187500000000007 0 0.76131439259829714
1.4445438540862041 1.742956145913797 0 0.71167334004753702
1.4445438540862039 1.7570438540862037 0 0.68078626577437429
1.4445438540862039 1.7812500000000004 0 0.6247945752796914
1.4445438540862041 1.8054561459137966 0 0.56518392467899647
1.4445438540862039 1.8195438540862043 0 0.52886456759094302
1.4445438540862039 1.8437500000000004 0 0.46426425275796807
1.4445438540862041 1.867956145913797 0 0.3969748079549561
1.4445438540862039 1.8820438540862043 0 0.3566189005620829
1.4445438540862039 1.9062500000000007 0 0.28589251525414838
1.4445438540862041 1.9304561459137968 0 0.21351017189393195
1.4445438540862037 1.9445438540862037 0 0.17066856910665204
1.4445438540862039 1.9687500000000004 0 0.096534088691728248
1.4445438540862041 1.9929561459137966 0 0.021840459690212102
1.4687500000000002 0.0070438540862036436 0 -0.022069404812466338
1.4687500000000002 0.03125 0 -0.097546018358521031
1.4687500000000004 0.05545614591379637 0 -0.1724576220043427
1.4687500000000002 0.069543854086203657 0 -0.21574831683796988
1.4687500000000002 0.093750000000000028 0 -0.28888941645565824
1.4687500000000002 0.11795614591379638 0 -0.36035719923062565
1.4687500000000002 0.13204385408620367 0 -0.40113614206071074
1.4687500000000002 0.15625000000000006 0 -0.46913095629506485
1.4687500000000002 0.18045614591379638 0 -0.53440845157670025
1.4687500000000002 0.19454385408620367 0 -0.57110853067912526
1.4687500000000002 0.21875 0 -0.63134405699741059
1.4687500000000002 0.24295614591379638 0 -0.68792268691025638
1.4687500000000002 0.25704385408620367 0 -0.71913353848729322
1.4687500000000002 0.28125000000000006 0 -0.76929495911709356
1.4687500000000002 0.30545614591379644 0 -0.81500043883305617
1.4687500000000002 0.31954385408620378 0 -0.83952264765211115
1.4687500000000002 0.34375000000000011 0 -0.87768228760593936
1.4687500000000002 0.36795614591379644 0 -0.91075818109122986
1.4687500000000002 0.38204385408620378 0 -0.92764937223477784
1.4687500000000002 0.40625000000000006 0 -0.95234077779208659
1.4687500000000002 0.43045614591379644 0 -0.97151599711122194
1.4687500000000002 0.44454385408620367 0 -0.98012705173868742
1.4687500000000002 0.46875 0 -0.99040134623811082
1.4687500000000002 0.49295614591379644 0 -0.99493899854696422
1.4687500000000002 0.50704385408620356 0 -0.99493899864801427
1.4687500000000002 0.53125 0 -0.99040134661454171
1.4687500000000004 0.55545614591379633 0 -0.98012705227914854
1.4687500000000002 0.56954385408620367 0 -0.97151599770023334
1.4687500000000002 0.59375 0 -0.95234077845018184
1.4687500000000004 0.61795614591379633 0 -0.92764937295327332
1.4687500000000002 0.63204385408620378 0 -0.91075818184380375
1.4687500000000002 0.65625000000000011 0 -0.87768228845979501
1.4687500000000004 0.68045614591379633 0 -0.83952264866761528
1.4687500000000002 0.69454385408620367 0 -0.81500043996002924
1.4687500000000002 0.71875000000000011 0 -0.76929496030693634
1.4687500000000004 0.74295614591379633 0 -0.71913353955475867
1.4687500000000002 0.75704385408620389 0 -0.68792268783488275
1.4687500000000002 0.78125000000000011 0 -0.63134405776184099
1.4687500000000004 0.80545614591379633 0 -0.5711085314207941
1.4687500000000002 0.81954385408620378 0 -0.53440845236200452
1.4687500000000002 0.84375 0 -0.4691309571557265
1.4687500000000004 0.86795614591379633 0 -0.40113614298333988
1.4687500000000002 0.88204385408620345 0 -0.36035720017856709
1.4687500000000002 0.90624999999999989 0 -0.28888941735867552
1.4687500000000004 0.93045614591379633 0 -0.21574831757431739
1.4687500000000002 0.94454385408620367 0 -0.17245762259575095
1.4687500000000002 0.96875 0 -0.097546018742108623
1.4687500000000004 0.99295614591379622 0 -0.022069405057954732
1.4687500000000002 1.0070438540862034 0 0.022069404618270016
1.4687500000000002 1.0312499999999998 0 0.097546018248470201
1.4687500000000004 1.0554561459137961 0 0.17245762197994891
1.4687500000000002 1.0695438540862034 0 0.21574831686009041
1.4687500000000002 1.0937499999999998 0 0.28888941649047811
1.4687500000000004 1.1179561459137963 0 0.36035719918439846
1.4687500000000002 1.1320438540862034 0 0.40113614192649627
1.4687500000000002 1.15625 0 0.46913095597516719
1.4687500000000004 1.1804561459137961 0 0.53440845103258183
1.4687500000000002 1.1945438540862034 0 0.57110852998923078
1.4687500000000002 1.2187499999999998 0 0.63134405606826316
1.4687500000000004 1.2429561459137961 0 0.68792268576138871
1.4687500000000002 1.2570438540862037 0 0.71913353722492024
1.4687500000000002 1.28125 0 0.76929495776635815
1.4687500000000004 1.3054561459137963 0 0.81500043754049167
1.4687500000000002 1.3195438540862039 0 0.83952264645372343
1.4687500000000002 1.3437500000000002 0 0.87768228656423763
1.4687500000000004 1.3679561459137966 0 0.91075818018422661
1.4687500000000002 1.3820438540862039 0 0.92764937139184434
1.4687500000000002 1.4062500000000002 0 0.95234077697058384
1.4687500000000004 1.4304561459137966 0 0.97151599618994078
1.4687500000000002 1.4445438540862037 0 0.98012705070708983
1.4687500000000002 1.46875 0 0.99040134498133758
1.4687500000000004 1.4929561459137966 0 0.99493899702769373
1.4687500000000002 1.5070438540862041 0 0.99493899696161603
1.4687500000000002 1.5312500000000004 0 0.99040134465936525
1.4687500000000004 1.555456145913797 0 0.9801270500845759
1.4687500000000002 1.5695438540862043 0 0.97151599538430411
1.4687500000000002 1.5937500000000004 0 0.9523407760243493
1.4687500000000004 1.617956145913797 0 0.92764937055186492
1.4687500000000002 1.6320438540862043 0 0.9107581795097488
1.4687500000000002 1.6562500000000004 0 0.87768228620015476
1.4687500000000004 1.680456145913797 0 0.83952264641126262
1.4687500000000002 1.6945438540862043 0 0.81500043768212804
1.4687500000000002 1.7187500000000004 0 0.76929495809321158
1.4687500000000004 1.7429561459137966 0 0.71913353755331599
1.4687500000000002 1.7570438540862039 0 0.68792268601616224
1.4687500000000002 1.7812500000000004 0 0.63134405622148271
1.4687500000000004 1.8054561459137966 0 0.5711085300942339
1.4687500000000002 1.8195438540862043 0 0.53440845113028113
1.4687500000000002 1.8437500000000004 0 0.46913095603811211
1.4687500000000004 1.867956145913797 0 0.40113614191836899
1.4687500000000002 1.8820438540862043 0 0.3603571991234446
1.4687500000000002 1.9062500000000004 0 0.28888941639918453
1.4687500000000004 1.9304561459137966 0 0.21574831682627035
1.4687500000000002 1.9445438540862039 0 0.1724576220149035
1.4687500000000002 1.9687500000000002 0 0.097546018384554095
1.4687500000000004 1.9929561459137966 0 0.022069404822860884
1.4929561459137966 0.0070438540862036436 0 -0.022170518661152157
1.4929561459137966 0.03125 0 -0.097992938112399647
1.4929561459137968 0.055456145913796363 0 -0.17324775897087072
1.4929561459137966 0.069543854086203644 0 -0.21673679571841739
1.4929561459137966 0.093750000000000014 0 -0.29021300074874284
1.4929561459137966 0.11795614591379638 0 -0.3620082224368032
1.4929561459137966 0.13204385408620367 0 -0.40297399928659172
1.4929561459137966 0.15625000000000006 0 -0.47128034055754897
1.4929561459137966 0.18045614591379638 0 -0.53685691308182937
1.4929561459137966 0.19454385408620367 0 -0.5737251383022377
1.4929561459137966 0.21875 0 -0.63423664147020642
1.4929561459137966 0.24295614591379638 0 -0.69107449378512298
1.4929561459137966 0.25704385408620367 0 -0.72242834200514594
1.4929561459137966 0.28125000000000006 0 -0.77281958377037252
1.4929561459137966 0.30545614591379644 0 -0.8187344690655991
1.4929561459137966 0.31954385408620378 0 -0.84336902952826198
1.4929561459137966 0.34375000000000011 0 -0.88170350277368281
1.4929561459137966 0.36795614591379644 0 -0.91493093773592782
1.4929561459137966 0.38204385408620378 0 -0.93189951806489335
1.4929561459137966 0.40625 0 -0.95670405052697327
1.4929561459137966 0.43045614591379644 0 -0.97596712365808391
1.4929561459137966 0.44454385408620367 0 -0.98461763099211697
1.4929561459137966 0.46875 0 -0.99493899852761836
1.4929561459137966 0.49295614591379638 0 -0.99949744062893597
1.4929561459137966 0.50704385408620356 0 -0.99949744067308577
1.4929561459137966 0.53125 0 -0.99493899873644609
1.4929561459137966 0.55545614591379633 0 -0.9846176313856958
1.4929561459137966 0.56954385408620367 0 -0.97596712416500842
1.4929561459137966 0.59375 0 -0.95670405118655166
1.4929561459137966 0.61795614591379633 0 -0.93189951881647404
1.4929561459137966 0.63204385408620378 0 -0.91493093851758978
1.4929561459137966 0.65625 0 -0.88170350363469541
1.4929561459137966 0.68045614591379644 0 -0.84336903051328183
1.4929561459137966 0.69454385408620367 0 -0.81873447013676548
1.4929561459137966 0.71875000000000011 0 -0.77281958491322966
1.4929561459137966 0.74295614591379655 0 -0.72242834310889614
1.4929561459137966 0.75704385408620389 0 -0.69107449482189753
1.4929561459137966 0.78125000000000022 0 -0.63423664241945288
1.4929561459137966 0.80545614591379633 0 -0.57372513921353774
1.4929561459137966 0.81954385408620378 0 -0.53685691399195479
1.4929561459137966 0.84375 0 -0.47128034147238707
1.4929561459137966 0.86795614591379633 0 -0.4029740002104914
1.4929561459137966 0.88204385408620345 0 -0.36200822336391209
1.4929561459137966 0.90624999999999978 0 -0.29021300161582458
1.4929561459137966 0.93045614591379633 0 -0.21673679643377833
1.4929561459137966 0.94454385408620367 0 -0.17324775956211347
1.4929561459137966 0.96875 0 -0.097992938526297993
1.4929561459137966 0.99295614591379622 0 -0.022170518957005191
1.4929561459137966 1.0070438540862034 0 0.022170518409143344
1.4929561459137966 1.0312499999999998 0 0.097992937930235446
1.4929561459137966 1.0554561459137961 0 0.1732477588569134
1.4929561459137966 1.0695438540862034 0 0.21673679564037457
1.4929561459137966 1.0937499999999998 0 0.29021300067975597
1.4929561459137966 1.1179561459137963 0 0.36200822230372925
1.4929561459137966 1.1320438540862034 0 0.40297399908329151
1.4929561459137966 1.15625 0 0.47128034018832998
1.4929561459137966 1.1804561459137961 0 0.53685691249109557
1.4929561459137966 1.1945438540862034 0 0.57372513756067756
1.4929561459137966 1.2187499999999998 0 0.63423664048805128
1.4929561459137966 1.2429561459137961 0 0.69107449259384734
1.4929561459137966 1.2570438540862037 0 0.722428340710073
1.4929561459137966 1.28125 0 0.7728195823798506
1.4929561459137966 1.3054561459137961 0 0.81873446769186087
1.4929561459137966 1.3195438540862039 0 0.84336902821189541
1.4929561459137966 1.34375 0 0.88170350157575217
1.4929561459137966 1.3679561459137966 0 0.91493093667271153
1.4929561459137966 1.3820438540862039 0 0.93189951708011309
1.4929561459137966 1.40625 0 0.9567040495632807
1.4929561459137966 1.4304561459137966 0 0.97596712255554952
1.4929561459137966 1.4445438540862034 0 0.98461762974270239
1.4929561459137966 1.46875 0 0.99493899702736111
1.4929561459137966 1.4929561459137966 0 0.99949743889617015
1.4929561459137966 1.5070438540862041 0 0.99949743881294628
1.4929561459137966 1.5312500000000004 0 0.99493899666352914
1.4929561459137966 1.555456145913797 0 0.98461762910661199
1.4929561459137966 1.5695438540862043 0 0.97596712177348788
1.4929561459137966 1.5937500000000004 0 0.95670404868352987
1.4929561459137966 1.617956145913797 0 0.9318995163150201
1.4929561459137966 1.6320438540862043 0 0.91493093606195652
1.4929561459137966 1.6562500000000004 0 0.88170350122604757
1.4929561459137966 1.680456145913797 0 0.84336902809596914
1.4929561459137966 1.6945438540862043 0 0.81873446769815372
1.4929561459137966 1.7187500000000004 0 0.77281958255283079
1.4929561459137966 1.742956145913797 0 0.72242834099219488
1.4929561459137966 1.7570438540862039 0 0.69107449291331235
1.4929561459137966 1.7812500000000004 0 0.63423664083151976
1.4929561459137966 1.8054561459137968 0 0.57372513787806023
1.4929561459137966 1.8195438540862043 0 0.53685691277203162
1.4929561459137966 1.8437500000000004 0 0.47128034039744499
1.4929561459137966 1.867956145913797 0 0.40297399921285409
1.4929561459137966 1.8820438540862043 0 0.36200822238660502
1.4929561459137966 1.9062500000000004 0 0.29021300073008949
1.4929561459137966 1.9304561459137968 0 0.21673679572532903
1.4929561459137966 1.9445438540862039 0 0.17324775898930983
1.4929561459137966 1.9687500000000004 0 0.097992938135769286
1.4929561459137966 1.9929561459137966 0 0.022170518669345354
1.5070438540862039 0.0070438540862036427 0 -0.022170518676213693
1.5070438540862039 0.03125 0 -0.097992938148953504
1.5070438540862041 0.055456145913796363 0 -0.17324775898202821
1.5070438540862039 0.069543854086203657 0 -0.21673679569718629
1.5070438540862039 0.093750000000000014 0 -0.29021300070223954
1.5070438540862039 0.11795614591379638 0 -0.36200822241207309
1.5070438540862039 0.13204385408620367 0 -0.40297399929145833
1.5070438540862039 0.15625000000000003 0 -0.47128034057019841
1.5070438540862039 0.18045614591379638 0 -0.53685691303752892
1.5070438540862039 0.19454385408620367 0 -0.5737251382019728
1.5070438540862039 0.21875 0 -0.63423664134098134
1.5070438540862039 0.24295614591379636 0 -0.69107449372705643
1.5070438540862039 0.25704385408620362 0 -0.72242834202618789
1.5070438540862039 0.28125000000000006 0 -0.7728195838641303
1.5070438540862041 0.30545614591379644 0 -0.81873446913392423
1.5070438540862039 0.31954385408620378 0 -0.84336902954297721
1.5070438540862039 0.34375000000000011 0 -0.88170350272678499
1.5070438540862041 0.36795614591379644 0 -0.91493093767982614
1.5070438540862039 0.38204385408620367 0 -0.93189951802580084
1.5070438540862039 0.40625000000000006 0 -0.95670405052869267
1.5070438540862041 0.43045614591379644 0 -0.97596712371143746
1.5070438540862039 0.44454385408620367 0 -0.98461763107756128
1.5070438540862039 0.46875 0 -0.99493899862685464
1.5070438540862041 0.49295614591379638 0 -0.99949744068330038
1.5070438540862039 0.50704385408620356 0 -0.99949744067916857
1.5070438540862039 0.53125 0 -0.99493899869525382
1.5070438540862039 0.55545614591379633 0 -0.98461763135285352
1.5070438540862039 0.56954385408620356 0 -0.9759671241587704
1.5070438540862039 0.59375 0 -0.95670405120451829
1.5070438540862039 0.61795614591379633 0 -0.93189951882306332
1.5070438540862039 0.63204385408620367 0 -0.91493093850371299
1.5070438540862039 0.65625000000000011 0 -0.88170350360051386
1.5070438540862039 0.68045614591379644 0 -0.8433690304830902
1.5070438540862039 0.69454385408620367 0 -0.81873447011844858
1.5070438540862039 0.71875000000000011 0 -0.77281958490686364
1.5070438540862039 0.74295614591379644 0 -0.72242834310025139
1.5070438540862039 0.75704385408620389 0 -0.69107449480675132
1.5070438540862039 0.78125000000000011 0 -0.63423664240521427
1.5070438540862039 0.80545614591379633 0 -0.57372513921846469
1.5070438540862039 0.81954385408620367 0 -0.53685691401386215
1.5070438540862039 0.84375 0 -0.47128034149416625
1.5070438540862039 0.86795614591379622 0 -0.40297400018949231
1.5070438540862039 0.88204385408620345 0 -0.36200822330285709
1.5070438540862039 0.90624999999999989 0 -0.29021300152811574
1.5070438540862039 0.93045614591379633 0 -0.21673679638245089
1.5070438540862039 0.94454385408620356 0 -0.17324775955640223
1.5070438540862039 0.96875 0 -0.097992938571204419
1.5070438540862039 0.99295614591379633 0 -0.022170519007491972
1.5070438540862039 1.0070438540862034 0 0.022170518373197685
1.5070438540862039 1.0312499999999998 0 0.097992937904954516
1.5070438540862039 1.0554561459137959 0 0.17324775881779739
1.5070438540862039 1.0695438540862034 0 0.21673679558419723
1.5070438540862039 1.0937499999999996 0 0.2902130006133784
1.5070438540862039 1.1179561459137963 0 0.36200822225624635
1.5070438540862039 1.1320438540862032 0 0.40297399905638198
1.5070438540862039 1.15625 0 0.47128034015503312
1.5070438540862039 1.1804561459137961 0 0.53685691239035371
1.5070438540862039 1.1945438540862034 0 0.57372513740001763
1.5070438540862039 1.21875 0 0.63423664030238946
1.5070438540862039 1.2429561459137959 0 0.69107449249789887
1.5070438540862039 1.2570438540862037 0 0.72242834070891804
1.5070438540862039 1.28125 0 0.77281958245880011
1.5070438540862039 1.3054561459137963 0 0.81873446772405212
1.5070438540862039 1.3195438540862039 0 0.84336902816676718
1.5070438540862039 1.3437500000000002 0 0.88170350143813214
1.5070438540862039 1.3679561459137966 0 0.91493093651164525
1.5070438540862039 1.3820438540862037 0 0.93189951693409612
1.5070438540862039 1.4062500000000002 0 0.95670404944531062
1.5070438540862039 1.4304561459137966 0 0.97596712246167983
1.5070438540862039 1.4445438540862037 0 0.98461762966024013
1.5070438540862039 1.46875 0 0.99493899694777532
1.5070438540862039 1.4929561459137966 0 0.99949743879657504
1.5070438540862039 1.5070438540862039 0 0.99949743869390628
1.5070438540862039 1.5312500000000004 0 0.99493899653939011
1.5070438540862039 1.555456145913797 0 0.9846176290191091
1.5070438540862039 1.5695438540862043 0 0.97596712172249978
1.5070438540862039 1.5937500000000004 0 0.95670404866009984
1.5070438540862039 1.617956145913797 0 0.9318995162659357
1.5070438540862039 1.6320438540862043 0 0.91493093597724573
1.5070438540862039 1.6562500000000004 0 0.88170350110250373
1.5070438540862039 1.680456145913797 0 0.84336902797014357
1.5070438540862039 1.6945438540862043 0 0.8187344675859326
1.5070438540862039 1.7187500000000007 0 0.77281958246077531
1.5070438540862039 1.742956145913797 0 0.72242834091213171
1.5070438540862039 1.7570438540862037 0 0.69107449283803779
1.5070438540862039 1.7812500000000004 0 0.63423664078466568
1.5070438540862039 1.8054561459137968 0 0.57372513788856927
1.5070438540862039 1.8195438540862043 0 0.53685691282576875
1.5070438540862039 1.8437500000000004 0 0.47128034048931872
1.5070438540862039 1.867956145913797 0 0.40297399928961553
1.5070438540862039 1.8820438540862043 0 0.36200822243346914
1.5070438540862039 1.9062500000000007 0 0.29021300074132772
1.5070438540862039 1.9304561459137968 0 0.21673679572825599
1.5070438540862039 1.9445438540862037 0 0.17324775899830991
1.5070438540862039 1.9687500000000004 0 0.097992938148580164
1.5070438540862039 1.9929561459137966 0 0.022170518673977416
1.5312500000000002 0.0070438540862036427 0 -0.022069404849637222
1.5312500000000002 0.03125 0 -0.097546018447706717
1.5312500000000004 0.055456145913796356 0 -0.1724576220282342
1.5312500000000002 0.069543854086203644 0 -0.21574831677955561
1.5312500000000002 0.09375 0 -0.28888941632754905
1.53125 0.11795614591379636 0 -0.3603571991445671
1.5312500000000002 0.13204385408620367 0 -0.4011361420383775
1.5312500000000002 0.15625000000000003 0 -0.4691309562638305
1.53125 0.18045614591379638 0 -0.5344084513604046
1.5312500000000002 0.19454385408620367 0 -0.57110853029450726
1.5312500000000002 0.21875 0 -0.63134405653160797
1.53125 0.24295614591379638 0 -0.68792268667075374
1.5312500000000002 0.25704385408620367 0 -0.71913353849548423
1.5312500000000002 0.28125000000000006 0 -0.76929495936048253
1.5312500000000004 0.30545614591379644 0 -0.81500043901540831
1.5312500000000002 0.31954385408620378 0 -0.83952264768204465
1.5312500000000002 0.34375000000000011 0 -0.87768228747005594
1.5312500000000004 0.36795614591379644 0 -0.91075818095329808
1.5312500000000002 0.38204385408620378 0 -0.92764937216439725
1.5312500000000002 0.40625 0 -0.95234077785454962
1.5312500000000004 0.43045614591379644 0 -0.97151599731329441
1.5312500000000002 0.44454385408620367 0 -0.98012705201855821
1.5312500000000002 0.46875 0 -0.99040134654559975
1.5312500000000004 0.49295614591379644 0 -0.99493899873372338
1.5312500000000002 0.50704385408620356 0 -0.99493899870838509
1.5312500000000002 0.53125 0 -0.99040134654681422
1.5312500000000002 0.55545614591379633 0 -0.98012705222235652
1.5312500000000002 0.56954385408620367 0 -0.97151599770464525
1.5312500000000002 0.59375 0 -0.9523407785142598
1.5312500000000002 0.61795614591379633 0 -0.92764937299959127
1.5312500000000002 0.63204385408620378 0 -0.91075818184983481
1.5312500000000002 0.65625000000000011 0 -0.87768228843192586
1.5312500000000002 0.68045614591379633 0 -0.83952264866286774
1.5312500000000002 0.69454385408620367 0 -0.81500043999047211
1.5312500000000002 0.71875000000000011 0 -0.76929496036634637
1.5312500000000002 0.74295614591379633 0 -0.71913353959350512
1.5312500000000002 0.75704385408620389 0 -0.68792268784325217
1.5312500000000002 0.78125000000000011 0 -0.63134405775503555
1.5312500000000002 0.80545614591379633 0 -0.57110853145538432
1.5312500000000002 0.81954385408620378 0 -0.53440845243950907
1.5312500000000002 0.84375 0 -0.46913095722924053
1.5312500000000002 0.86795614591379633 0 -0.40113614293891409
1.5312500000000002 0.88204385408620345 0 -0.36035720002522376
1.5312500000000002 0.90624999999999989 0 -0.28888941713464772
1.5312500000000002 0.93045614591379633 0 -0.21574831745329615
1.5312500000000002 0.94454385408620367 0 -0.17245762260196998
1.5312500000000002 0.96875 0 -0.097546018889462044
1.5312500000000002 0.99295614591379622 0 -0.022069405220954151
1.5312500000000002 1.0070438540862034 0 0.022069404495365656
1.5312500000000002 1.0312499999999998 0 0.097546018148375546
1.5312500000000002 1.0554561459137961 0 0.17245762182579241
1.5312500000000002 1.0695438540862034 0 0.21574831664615696
1.5312500000000002 1.0937499999999998 0 0.2888894162330356
1.5312500000000002 1.1179561459137963 0 0.36035719897365937
1.5312500000000002 1.1320438540862034 0 0.40113614177354989
1.5312500000000002 1.15625 0 0.46913095580767328
1.5312500000000002 1.1804561459137961 0 0.53440845068289256
1.5312500000000002 1.1945438540862034 0 0.5711085294769368
1.5312500000000002 1.2187499999999998 0 0.63134405549355421
1.5312500000000002 1.2429561459137961 0 0.68792268544334301
1.5312500000000002 1.2570438540862037 0 0.71913353717448558
1.5312500000000002 1.28125 0 0.76929495794208047
1.5312500000000002 1.3054561459137961 0 0.81500043758472596
1.5312500000000002 1.3195438540862039 0 0.83952264627949524
1.5312500000000002 1.34375 0 0.87768228611689836
1.5312500000000002 1.3679561459137966 0 0.91075817964237626
1.5312500000000002 1.3820438540862037 0 0.92764937087013255
1.5312500000000002 1.4062500000000002 0 0.95234077650470661
1.5312500000000002 1.4304561459137966 0 0.97151599579136894
1.5312500000000002 1.4445438540862037 0 0.98012705034955339
1.5312500000000002 1.46875 0 0.99040134464543939
1.5312500000000002 1.4929561459137966 0 0.99493899664422891
1.5312500000000002 1.5070438540862041 0 0.99493899652625339
1.5312500000000002 1.5312500000000004 0 0.99040134420976034
1.5312500000000002 1.5554561459137968 0 0.98012704973206277
1.5312500000000002 1.5695438540862043 0 0.97151599512846576
1.5312500000000002 1.5937500000000004 0 0.95234077583465315
1.5312500000000002 1.6179561459137968 0 0.92764937027784966
1.5312500000000002 1.6320438540862043 0 0.91075817912858348
1.5312500000000002 1.6562500000000004 0 0.87768228570565043
1.5312500000000002 1.6804561459137968 0 0.83952264591719261
1.5312500000000002 1.6945438540862043 0 0.81500043723546112
1.5312500000000002 1.7187500000000004 0 0.76929495772934431
1.5312500000000002 1.7429561459137966 0 0.71913353726260365
1.5312500000000002 1.7570438540862039 0 0.68792268576628579
1.5312500000000002 1.7812500000000004 0 0.63134405607995581
1.5312500000000002 1.8054561459137966 0 0.57110853011519502
1.5312500000000002 1.8195438540862043 0 0.53440845126283221
1.5312500000000002 1.8437500000000004 0 0.46913095627122176
1.5312500000000002 1.867956145913797 0 0.40113614211960535
1.5312500000000002 1.8820438540862043 0 0.36035719925348958
1.5312500000000002 1.9062500000000004 0 0.28888941644335769
1.5312500000000002 1.9304561459137966 0 0.21574831684873666
1.5312500000000002 1.9445438540862039 0 0.17245762205024767
1.5312500000000002 1.9687500000000002 0 0.097546018424455913
1.5312500000000002 1.9929561459137966 0 0.022069404836359597
1.5554561459137966 0.0070438540862036419 0 -0.021840459714055949
1.5554561459137966 0.03125 0 -0.096534088747976296
1.5554561459137968 0.055456145913796356 0 -0.17066856911856446
1.5554561459137966 0.069543854086203644 0 -0.21351017185137575
1.5554561459137966 0.09375 0 -0.28589251517030956
1.5554561459137966 0.11795614591379636 0 -0.35661890051756095
1.5554561459137966 0.13204385408620367 0 -0.39697480796528833
1.5554561459137966 0.15625 0 -0.46426425283925277
1.5554561459137966 0.18045614591379638 0 -0.52886456770257573
1.5554561459137966 0.19454385408620367 0 -0.56518392479921808
1.5554561459137966 0.21875 0 -0.62479457554573159
1.5554561459137966 0.24295614591379638 0 -0.68078626637282025
1.5554561459137966 0.25704385408620367 0 -0.71167334090705681
1.5554561459137966 0.28125000000000006 0 -0.76131439374393739
1.5554561459137966 0.30545614591379644 0 -0.80654573069808289
1.5554561459137966 0.31954385408620373 0 -0.83081354915306405
1.5554561459137966 0.34375000000000011 0 -0.86857732582997382
1.5554561459137966 0.36795614591379644 0 -0.90131009438811538
1.5554561459137966 0.38204385408620367 0 -0.91802605865382492
1.5554561459137966 0.40625 0 -0.94246131896963015
1.5554561459137966 0.43045614591379638 0 -0.96143761714512277
1.5554561459137966 0.44454385408620367 0 -0.96995934181890686
1.5554561459137966 0.46875 0 -0.9801270520972799
1.5554561459137966 0.49295614591379638 0 -0.98461763132188884
1.5554561459137966 0.50704385408620356 0 -0.98461763136592639
1.5554561459137966 0.53125 0 -0.98012705228672603
1.5554561459137966 0.55545614591379633 0 -0.96995934214457979
1.5554561459137966 0.56954385408620367 0 -0.96143761754866841
1.5554561459137966 0.59375 0 -0.94246131954751822
1.5554561459137966 0.61795614591379633 0 -0.91802605946342331
1.5554561459137966 0.63204385408620367 0 -0.90131009535124496
1.5554561459137966 0.65625 0 -0.8685773269711452
1.5554561459137966 0.68045614591379633 0 -0.83081355034705895
1.5554561459137966 0.69454385408620367 0 -0.80654573187305756
1.5554561459137966 0.71875 0 -0.76131439492089126
1.5554561459137966 0.74295614591379644 0 -0.71167334214692834
1.5554561459137966 0.75704385408620389 0 -0.68078626767039885
1.5554561459137966 0.78125000000000022 0 -0.62479457687254614
1.5554561459137966 0.80545614591379633 0 -0.56518392605174761
1.5554561459137966 0.81954385408620378 0 -0.52886456887056654
1.5554561459137966 0.84375 0 -0.46426425388781845
1.5554561459137966 0.86795614591379633 0 -0.39697480894088072
1.5554561459137966 0.88204385408620345 0 -0.35661890146756886
1.5554561459137966 0.90624999999999978 0 -0.28589251603678101
1.5554561459137966 0.93045614591379633 0 -0.21351017257450439
1.5554561459137966 0.94454385408620367 0 -0.17066856973564326
1.5554561459137966 0.96875 0 -0.096534089218758057
1.5554561459137966 0.99295614591379622 0 -0.021840460094612137
1.5554561459137966 1.0070438540862034 0 0.021840459363965576
1.5554561459137966 1.0312499999999998 0 0.096534088469799342
1.5554561459137966 1.0554561459137961 0 0.17066856894522167
1.5554561459137966 1.0695438540862034 0 0.21351017174760858
1.5554561459137966 1.0937499999999998 0 0.28589251510030561
1.5554561459137966 1.1179561459137963 0 0.35661890035854937
1.5554561459137966 1.1320438540862034 0 0.39697480770359855
1.5554561459137966 1.15625 0 0.46426425239971686
1.5554561459137966 1.1804561459137961 0 0.52886456709565155
1.5554561459137966 1.1945438540862034 0 0.5651839240974692
1.5554561459137966 1.2187499999999998 0 0.62479457465164912
1.5554561459137966 1.2429561459137961 0 0.68078626524440866
1.5554561459137966 1.2570438540862037 0 0.7116733396315108
1.5554561459137966 1.28125 0 0.76131439232782427
1.5554561459137966 1.3054561459137961 0 0.80654572930193513
1.5554561459137966 1.3195438540862039 0 0.83081354782961014
1.5554561459137966 1.34375 0 0.8685773245408055
1.5554561459137966 1.3679561459137966 0 0.90131009299080456
1.5554561459137966 1.3820438540862037 0 0.91802605713646779
1.5554561459137966 1.40625 0 0.94246131727683347
1.5554561459137966 1.4304561459137966 0 0.96143761533423522
1.5554561459137966 1.4445438540862034 0 0.9699593399600861
1.5554561459137966 1.46875 0 0.98012705010635515
1.5554561459137966 1.4929561459137966 0 0.98461762912379458
1.5554561459137966 1.5070438540862039 0 0.98461762901829575
1.5554561459137966 1.5312500000000004 0 0.98012704971761966
1.5554561459137966 1.555456145913797 0 0.96995933941097556
1.5554561459137966 1.5695438540862041 0 0.96143761474412082
1.5554561459137966 1.5937500000000004 0 0.94246131664174793
1.5554561459137966 1.617956145913797 0 0.91802605647944691
1.5554561459137966 1.6320438540862041 0 0.90131009233243475
1.5554561459137966 1.6562500000000004 0 0.86857732391214282
1.5554561459137966 1.680456145913797 0 0.83081354727290702
1.5554561459137966 1.6945438540862041 0 0.80654572880962916
1.5554561459137966 1.7187500000000004 0 0.76131439203161377
1.5554561459137966 1.7429561459137968 0 0.7116733396460786
1.5554561459137966 1.7570438540862039 0 0.68078626548015109
1.5554561459137966 1.7812500000000004 0 0.62479457514626502
1.5554561459137966 1.8054561459137966 0 0.5651839246706547
1.5554561459137966 1.8195438540862043 0 0.52886456763832024
1.5554561459137966 1.8437500000000004 0 0.46426425286199929
1.5554561459137966 1.867956145913797 0 0.3969748080648412
1.5554561459137966 1.8820438540862043 0 0.356618900654677
1.5554561459137966 1.9062500000000004 0 0.28589251532244886
1.5554561459137966 1.9304561459137968 0 0.21351017195062541
1.5554561459137966 1.9445438540862039 0 0.17066856916123765
1.5554561459137966 1.9687500000000004 0 0.096534088732487811
1.5554561459137966 1.9929561459137966 0 0.021840459701653502
1.5695438540862039 0.0070438540862036419 0 -0.021648577036167536
1.5695438540862039 0.03125 0 -0.095685973861268522
1.5695438540862039 0.055456145913796356 0 -0.1691691345398342
1.5695438540862039 0.069543854086203644 0 -0.21163434590295815
1.5695438540862039 0.09375 0 -0.28338076319727312
1.5695438540862037 0.11795614591379636 0 -0.35348577116042584
1.5695438540862039 0.13204385408620364 0 -0.39348712565233912
1.5695438540862039 0.15625000000000003 0 -0.46018538890503619
1.5695438540862037 0.18045614591379638 0 -0.52421814793735222
1.5695438540862039 0.19454385408620364 0 -0.56021841584439047
1.5695438540862039 0.21875 0 -0.61930534820890704
1.5695438540862037 0.24295614591379636 0 -0.67480511554220057
1.5695438540862039 0.25704385408620362 0 -0.70542082698461994
1.5695438540862039 0.28125000000000006 0 -0.7546257508134453
1.5695438540862039 0.30545614591379644 0 -0.79945970101079011
1.5695438540862039 0.31954385408620373 0 -0.82351431088518923
1.5695438540862039 0.34375 0 -0.86094630822641571
1.5695438540862039 0.36795614591379644 0 -0.89339149815786689
1.5695438540862039 0.38204385408620367 0 -0.90996060183482408
1.5695438540862039 0.40625 0 -0.93418118249049487
1.5695438540862039 0.43045614591379633 0 -0.95299076145762673
1.5695438540862039 0.44454385408620367 0 -0.9614376171580562
1.5695438540862039 0.46875 0 -0.97151599742756056
1.5695438540862039 0.49295614591379638 0 -0.97596712404565444
1.5695438540862039 0.50704385408620356 0 -0.97596712416410181
1.5695438540862039 0.53125 0 -0.97151599782281139
1.5695438540862037 0.55545614591379633 0 -0.96143761762834323
1.5695438540862039 0.56954385408620356 0 -0.95299076189544241
1.5695438540862039 0.59375 0 -0.93418118299693753
1.5695438540862037 0.61795614591379633 0 -0.90996060260355938
1.5695438540862039 0.63204385408620367 0 -0.89339149915288607
1.5695438540862039 0.65625 0 -0.86094630950014639
1.5695438540862037 0.68045614591379644 0 -0.82351431226472405
1.5695438540862039 0.69454385408620367 0 -0.79945970238060382
1.5695438540862039 0.71875000000000011 0 -0.75462575217060168
1.5695438540862037 0.74295614591379633 0 -0.70542082835226327
1.5695438540862039 0.75704385408620378 0 -0.67480511692306111
1.5695438540862039 0.78125000000000011 0 -0.61930534957073391
1.5695438540862037 0.80545614591379633 0 -0.56021841712671849
1.5695438540862039 0.81954385408620367 0 -0.52421814914957554
1.5695438540862039 0.84375 0 -0.46018539001680647
1.5695438540862037 0.86795614591379622 0 -0.3934871266976312
1.5695438540862039 0.88204385408620345 0 -0.3534857721785068
1.5695438540862039 0.90624999999999989 0 -0.28338076412487684
1.5695438540862037 0.93045614591379633 0 -0.21163434667576922
1.5695438540862039 0.94454385408620356 0 -0.16916913519775173
1.5695438540862039 0.96875 0 -0.095685974352358968
1.5695438540862037 0.99295614591379633 0 -0.021648577409531872
1.5695438540862039 1.0070438540862034 0 0.021648576711395751
1.5695438540862039 1.0312499999999998 0 0.095685973626628076
1.5695438540862037 1.0554561459137959 0 0.1691691344095399
1.5695438540862039 1.0695438540862034 0 0.21163434583431009
1.5695438540862039 1.0937499999999996 0 0.28338076315035032
1.5695438540862037 1.1179561459137963 0 0.35348577101656148
1.5695438540862039 1.1320438540862032 0 0.39348712540408748
1.5695438540862039 1.15625 0 0.46018538849653545
1.5695438540862037 1.1804561459137961 0 0.52421814740723405
1.5695438540862039 1.1945438540862034 0 0.56021841525531335
1.5695438540862039 1.21875 0 0.61930534744792132
1.5695438540862037 1.2429561459137959 0 0.67480511450709524
1.5695438540862039 1.2570438540862037 0 0.70542082575682474
1.5695438540862039 1.28125 0 0.7546257494094748
1.5695438540862037 1.3054561459137961 0 0.79945969965667918
1.5695438540862039 1.3195438540862039 0 0.82351430964396077
1.5695438540862039 1.34375 0 0.8609463070154173
1.5695438540862037 1.3679561459137966 0 0.89339149672624707
1.5695438540862039 1.3820438540862037 0 0.90996060017836788
1.5695438540862039 1.4062500000000002 0 0.93418118057232935
1.5695438540862037 1.4304561459137966 0 0.95299075947665957
1.5695438540862039 1.4445438540862037 0 0.96143761521597038
1.5695438540862039 1.46875 0 0.9715159954358914
1.5695438540862037 1.4929561459137966 0 0.97596712182220557
1.5695438540862039 1.5070438540862039 0 0.97596712173410594
1.5695438540862039 1.5312500000000004 0 0.97151599510110864
1.5695438540862037 1.555456145913797 0 0.96143761472136813
1.5695438540862039 1.5695438540862041 0 0.95299075892511609
1.5695438540862039 1.5937500000000004 0 0.93418117992524097
1.5695438540862037 1.6179561459137966 0 0.90996059943012975
1.5695438540862039 1.6320438540862043 0 0.8933914959223308
1.5695438540862039 1.6562500000000004 0 0.86094630620929224
1.5695438540862037 1.6804561459137968 0 0.8235143089663165
1.5695438540862039 1.6945438540862041 0 0.79945969910959402
1.5695438540862039 1.7187500000000002 0 0.75462574911583569
1.5695438540862037 1.7429561459137966 0 0.70542082574392806
1.5695438540862039 1.7570438540862037 0 0.67480511466387316
1.5695438540862039 1.7812500000000004 0 0.61930534781130464
1.5695438540862037 1.8054561459137966 0 0.56021841570427988
1.5695438540862039 1.8195438540862043 0 0.52421814785381471
1.5695438540862039 1.8437500000000004 0 0.46018538890297744
1.5695438540862037 1.867956145913797 0 0.39348712573247147
1.5695438540862039 1.8820438540862043 0 0.35348577128573039
1.5695438540862039 1.9062500000000007 0 0.28338076335004042
1.5695438540862037 1.9304561459137968 0 0.21163434601328676
1.5695438540862039 1.9445438540862037 0 0.16916913459837152
1.5695438540862039 1.9687500000000004 0 0.095685973861820525
1.5695438540862039 1.9929561459137966 0 0.021648577028981229
1.5937500000000002 0.0070438540862036427 0 -0.021221289964803644
1.5937500000000002 0.03125 0 -0.093797379570684097
1.5937500000000004 0.055456145913796356 0 -0.1658301722614926
1.5937500000000002 0.069543854086203644 0 -0.20745722993775589
1.5937500000000002 0.09375 0 -0.27778755807890565
1.5937500000000002 0.11795614591379636 0 -0.34650887403563913
1.5937500000000002 0.13204385408620364 0 -0.38572070496754124
1.5937500000000002 0.15625 0 -0.45110251657241468
1.5937500000000002 0.18045614591379636 0 -0.5138714341812034
1.5937500000000002 0.19454385408620364 0 -0.54916114971771623
1.5937500000000002 0.21875 0 -0.6070818584930725
1.5937500000000002 0.24295614591379638 0 -0.66148620354193322
1.5937500000000002 0.25704385408620367 0 -0.69149763976175105
1.5937500000000002 0.28125 0 -0.73973138529267568
1.5937500000000002 0.30545614591379644 0 -0.78368042903339341
1.5937500000000002 0.31954385408620367 0 -0.80726026303763199
1.5937500000000002 0.34375000000000006 0 -0.84395344941908612
1.5937500000000002 0.36795614591379644 0 -0.87575825506044624
1.5937500000000002 0.38204385408620378 0 -0.89200032738830104
1.5937500000000002 0.40625 0 -0.91574285624259988
1.5937500000000002 0.43045614591379644 0 -0.93418118256419469
1.5937500000000002 0.44454385408620367 0 -0.94246131905676689
1.5937500000000002 0.46875 0 -0.95234077805319717
1.5937500000000002 0.49295614591379644 0 -0.95670405097044831
1.5937500000000002 0.50704385408620356 0 -0.95670405115835555
1.5937500000000002 0.53125 0 -0.95234077864234945
1.59375 0.55545614591379633 0 -0.94246131966839042
1.5937500000000002 0.56954385408620367 0 -0.93418118304333864
1.5937500000000002 0.59375 0 -0.91574285668325694
1.59375 0.61795614591379633 0 -0.89200032809217977
1.5937500000000002 0.63204385408620367 0 -0.87575825603627588
1.5937500000000002 0.65625 0 -0.84395345075931105
1.59375 0.68045614591379633 0 -0.80726026456845035
1.5937500000000002 0.69454385408620367 0 -0.78368043060008796
1.5937500000000002 0.71875 0 -0.73973138686772411
1.59375 0.74295614591379633 0 -0.69149764128856206
1.5937500000000002 0.75704385408620378 0 -0.6614862050172593
1.5937500000000002 0.78125000000000011 0 -0.60708185987996743
1.59375 0.80545614591379633 0 -0.54916115102195739
1.5937500000000002 0.81954385408620378 0 -0.51387143543967206
1.5937500000000002 0.84375 0 -0.45110251775124033
1.59375 0.86795614591379633 0 -0.38572070606475262
1.5937500000000002 0.88204385408620345 0 -0.34650887508296835
1.5937500000000002 0.90624999999999989 0 -0.27778755901392665
1.59375 0.93045614591379633 0 -0.20745723072363509
1.5937500000000002 0.94454385408620367 0 -0.16583017294576988
1.5937500000000002 0.96875 0 -0.093797380087782156
1.59375 0.99295614591379622 0 -0.021221290328752793
1.5937500000000002 1.0070438540862034 0 0.021221289682682293
1.5937500000000002 1.0312499999999998 0 0.09379737940373753
1.59375 1.0554561459137961 0 0.16583017217574306
1.5937500000000002 1.0695438540862034 0 0.20745722988145157
1.5937500000000002 1.0937499999999998 0 0.27778755800952282
1.59375 1.1179561459137963 0 0.34650887386796952
1.5937500000000002 1.1320438540862034 0 0.38572070470852721
1.5937500000000002 1.15625 0 0.45110251617527042
1.59375 1.1804561459137961 0 0.51387143368076538
1.5937500000000002 1.1945438540862034 0 0.54916114916762004
1.5937500000000002 1.2187499999999998 0 0.60708185779055268
1.59375 1.2429561459137961 0 0.66148620259004132
1.5937500000000002 1.2570438540862037 0 0.69149763863213154
1.5937500000000002 1.28125 0 0.7397313839851426
1.59375 1.3054561459137961 0 0.78368042773523572
1.5937500000000002 1.3195438540862039 0 0.80726026181167099
1.5937500000000002 1.34375 0 0.84395344813489315
1.59375 1.3679561459137966 0 0.87575825344526093
1.5937500000000002 1.3820438540862037 0 0.89200032547981745
1.5937500000000002 1.4062500000000002 0 0.91574285403682798
1.59375 1.4304561459137966 0 0.93418118037650355
1.5937500000000002 1.4445438540862037 0 0.94246131699891378
1.5937500000000002 1.46875 0 0.95234077602911327
1.59375 1.4929561459137966 0 0.95670404868459735
1.5937500000000002 1.5070438540862039 0 0.95670404860336489
1.5937500000000002 1.5312500000000004 0 0.95234077571779996
1.59375 1.5554561459137968 0 0.94246131653354437
1.5937500000000002 1.5695438540862039 0 0.93418117985139493
1.5937500000000002 1.5937500000000004 0 0.9157428533830656
1.59375 1.6179561459137968 0 0.89200032465349155
1.5937500000000002 1.6320438540862041 0 0.87575825250891814
1.5937500000000002 1.6562500000000004 0 0.84395344715506326
1.59375 1.6804561459137968 0 0.80726026099544668
1.5937500000000002 1.6945438540862039 0 0.78368042709899077
1.5937500000000002 1.7187500000000002 0 0.73973138364260926
1.59375 1.7429561459137966 0 0.69149763854070123
1.5937500000000002 1.7570438540862039 0 0.66148620262381685
1.5937500000000002 1.7812500000000002 0 0.60708185798338676
1.59375 1.8054561459137966 0 0.54916114944575523
1.5937500000000002 1.8195438540862041 0 0.51387143397608304
1.5937500000000002 1.8437500000000004 0 0.45110251646708832
1.59375 1.867956145913797 0 0.38572070495833832
1.5937500000000002 1.8820438540862043 0 0.34650887407834768
1.5937500000000002 1.9062500000000004 0 0.27778755816818962
1.59375 1.9304561459137966 0 0.20745723001464564
1.5937500000000002 1.9445438540862039 0 0.165830172307665
1.5937500000000002 1.9687500000000002 0 0.093797379579229373
1.5937500000000002 1.9929561459137966 0 0.021221289962791323
1.6179561459137966 0.0070438540862036419 0 -0.020671084104135248
1.6179561459137966 0.03125 0 -0.091365488396967287
1.6179561459137966 0.055456145913796356 0 -0.16153068188584935
1.6179561459137966 0.069543854086203644 0 -0.20207847196176193
1.6179561459137966 0.09375 0 -0.27058534081489122
1.6179561459137966 0.11795614591379636 0 -0.33752491443655747
1.6179561459137966 0.13204385408620364 0 -0.37572009749655283
1.6179561459137966 0.15625 0 -0.43940675033971682
1.6179561459137966 0.18045614591379633 0 -0.50054825390389068
1.6179561459137966 0.19454385408620362 0 -0.53492301056847436
1.6179561459137966 0.21874999999999997 0 -0.59134200509202384
1.6179561459137966 0.24295614591379636 0 -0.6443358047939538
1.6179561459137966 0.25704385408620367 0 -0.67356913232070736
1.6179561459137966 0.28125 0 -0.7205523181214134
1.6179561459137966 0.30545614591379644 0 -0.7633618920633245
1.6179561459137966 0.31954385408620367 0 -0.78633037020242957
1.6179561459137966 0.34375000000000006 0 -0.82207220990894092
1.6179561459137966 0.36795614591379644 0 -0.8530524100996062
1.6179561459137966 0.38204385408620367 0 -0.86887337299874667
1.6179561459137966 0.40625 0 -0.89200032754579595
1.6179561459137966 0.43045614591379638 0 -0.90996060206590834
1.6179561459137966 0.44454385408620367 0 -0.91802605889633526
1.6179561459137966 0.46875 0 -0.92764937248272805
1.6179561459137966 0.49295614591379638 0 -0.93189951850667918
1.6179561459137966 0.50704385408620356 0 -0.9318995186735699
1.6179561459137966 0.53125 0 -0.92764937301753381
1.6179561459137966 0.55545614591379633 0 -0.91802605948053273
1.6179561459137966 0.56954385408620367 0 -0.90996060255503342
1.6179561459137966 0.59375 0 -0.89200032800664797
1.6179561459137966 0.61795614591379633 0 -0.86887337365166262
1.6179561459137966 0.63204385408620367 0 -0.8530524109538532
1.6179561459137966 0.65625 0 -0.82207221108188577
1.6179561459137966 0.68045614591379633 0 -0.78633037163382968
1.6179561459137966 0.69454385408620367 0 -0.76336189361369611
1.6179561459137966 0.71875 0 -0.72055231976556267
1.6179561459137966 0.74295614591379633 0 -0.67356913391068596
1.6179561459137966 0.75704385408620378 0 -0.64433580629276355
1.6179561459137966 0.78125000000000022 0 -0.59134200646078083
1.6179561459137966 0.80545614591379633 0 -0.53492301185919389
1.6179561459137966 0.81954385408620378 0 -0.5005482551685817
1.6179561459137966 0.84375 0 -0.43940675152352959
1.6179561459137966 0.86795614591379633 0 -0.37572009854388055
1.6179561459137966 0.88204385408620345 0 -0.3375249153829567
1.6179561459137966 0.90624999999999978 0 -0.27058534161349551
1.6179561459137966 0.93045614591379633 0 -0.20207847265387999
1.6179561459137966 0.94454385408620367 0 -0.16153068253103392
1.6179561459137966 0.96875 0 -0.091365488926734392
1.6179561459137966 0.99295614591379622 0 -0.020671084465885059
1.6179561459137966 1.0070438540862034 0 0.020671083857861566
1.6179561459137966 1.0312499999999998 0 0.091365488280065077
1.6179561459137966 1.0554561459137961 0 0.16153068179686153
1.6179561459137966 1.0695438540862034 0 0.20207847184590394
1.6179561459137966 1.0937499999999998 0 0.27058534063350625
1.6179561459137966 1.1179561459137963 0 0.33752491417297109
1.6179561459137966 1.1320438540862034 0 0.37572009717631327
1.6179561459137966 1.15625 0 0.43940674988965966
1.6179561459137966 1.1804561459137961 0 0.50054825328049257
1.6179561459137966 1.1945438540862034 0 0.53492300982877727
1.6179561459137966 1.2187499999999998 0 0.59134200419643801
1.6179561459137966 1.2429561459137961 0 0.64433580380806665
1.6179561459137966 1.2570438540862037 0 0.67356913130673635
1.6179561459137966 1.28125 0 0.72055231701398259
1.6179561459137966 1.3054561459137961 0 0.76336189079285288
1.6179561459137966 1.3195438540862039 0 0.78633036880560758
1.6179561459137966 1.34375 0 0.82207220824962646
1.6179561459137966 1.3679561459137966 0 0.85305240812165006
1.6179561459137966 1.3820438540862037 0 0.86887337082218807
1.6179561459137966 1.40625 0 0.89200032519888173
1.6179561459137966 1.4304561459137966 0 0.90996059979225552
1.6179561459137966 1.4445438540862034 0 0.91802605675446158
1.6179561459137966 1.46875 0 0.92764937036967998
1.6179561459137966 1.4929561459137966 0 0.93189951612266153
1.6179561459137966 1.5070438540862039 0 0.9318995160134198
1.6179561459137966 1.5312500000000004 0 0.92764936997792213
1.6179561459137966 1.5554561459137968 0 0.91802605622409517
1.6179561459137966 1.5695438540862039 0 0.90996059923846706
1.6179561459137966 1.5937500000000004 0 0.89200032456598977
1.6179561459137966 1.6179561459137966 0 0.86887337004151399
1.6179561459137966 1.6320438540862039 0 0.85305240723342413
1.6179561459137966 1.6562500000000004 0 0.82207220729314701
1.6179561459137966 1.6804561459137966 0 0.78633036795009592
1.6179561459137966 1.6945438540862039 0 0.76336189006746158
1.6179561459137966 1.7187500000000002 0 0.72055231653503538
1.6179561459137966 1.7429561459137966 0 0.6735691310889278
1.6179561459137966 1.7570438540862039 0 0.64433580374358124
1.6179561459137966 1.7812500000000004 0 0.5913420043150579
1.6179561459137966 1.8054561459137966 0 0.53492301001715681
1.6179561459137966 1.8195438540862043 0 0.50054825346222909
1.6179561459137966 1.8437500000000004 0 0.43940675005407182
1.6179561459137966 1.867956145913797 0 0.37572009732665251
1.6179561459137966 1.8820438540862043 0 0.33752491431593923
1.6179561459137966 1.9062500000000004 0 0.27058534075489354
1.6179561459137966 1.9304561459137968 0 0.20207847193296719
1.6179561459137966 1.9445438540862039 0 0.16153068186297775
1.6179561459137966 1.9687500000000004 0 0.091365488383158042
1.6179561459137966 1.9929561459137966 0 0.020671084100815099
1.6320438540862039 0.0070438540862036419 0 -0.020294692723808135
1.6320438540862039 0.03125 0 -0.089701851301017529
1.6320438540862041 0.055456145913796356 0 -0.15858943525622277
1.6320438540862039 0.069543854086203644 0 -0.19839890707657742
1.6320438540862039 0.09375 0 -0.26565836215293137
1.6320438540862039 0.11795614591379636 0 -0.33137906023916042
1.6320438540862039 0.13204385408620364 0 -0.36887876270833625
1.6320438540862039 0.15625 0 -0.43140577113960737
1.6320438540862039 0.18045614591379633 0 -0.49143397389534571
1.6320438540862039 0.19454385408620362 0 -0.52518281457862592
1.6320438540862039 0.21875 0 -0.58057449850172904
1.6320438540862039 0.24295614591379636 0 -0.63260335551868818
1.6320438540862039 0.25704385408620362 0 -0.66130438517167067
1.6320438540862039 0.28125 0 -0.70743207316336509
1.6320438540862039 0.30545614591379638 0 -0.74946214502687314
1.6320438540862039 0.31954385408620367 0 -0.77201239956225076
1.6320438540862039 0.34375 0 -0.80710343068432833
1.6320438540862039 0.36795614591379644 0 -0.8375195249128603
1.6320438540862039 0.38204385408620367 0 -0.85305241022474698
1.6320438540862039 0.40625 0 -0.87575825534149143
1.6320438540862039 0.43045614591379633 0 -0.89339149851113542
1.6320438540862039 0.44454385408620367 0 -0.90131009475010659
1.6320438540862039 0.46875 0 -0.91075818135250663
1.6320438540862039 0.49295614591379638 0 -0.91493093815567694
1.6320438540862039 0.50704385408620356 0 -0.91493093827383054
1.6320438540862039 0.53125 0 -0.91075818175502898
1.6320438540862039 0.55545614591379633 0 -0.90131009524851391
1.6320438540862039 0.56954385408620356 0 -0.89339149899074477
1.6320438540862039 0.59375 0 -0.87575825584611466
1.6320438540862039 0.61795614591379633 0 -0.85305241085326955
1.6320438540862039 0.63204385408620367 0 -0.83751952565687682
1.6320438540862039 0.65625 0 -0.80710343166877896
1.6320438540862039 0.68045614591379633 0 -0.77201240083557621
1.6320438540862039 0.69454385408620367 0 -0.74946214647996723
1.6320438540862039 0.71875 0 -0.70743207478295123
1.6320438540862039 0.74295614591379633 0 -0.66130438675458714
1.6320438540862039 0.75704385408620378 0 -0.63260335699831705
1.6320438540862039 0.78125000000000011 0 -0.58057449983962495
1.6320438540862039 0.80545614591379633 0 -0.52518281584512572
1.6320438540862039 0.81954385408620367 0 -0.4914339751457531
1.6320438540862039 0.84375 0 -0.43140577230060861
1.6320438540862039 0.86795614591379622 0 -0.36887876368682532
1.6320438540862039 0.88204385408620345 0 -0.33137906107695003
1.6320438540862039 0.90624999999999989 0 -0.26565836281751548
1.6320438540862039 0.93045614591379633 0 -0.19839890767282811
1.6320438540862039 0.94454385408620356 0 -0.15858943585226562
1.6320438540862039 0.96875 0 -0.089701851831797741
1.6320438540862039 0.99295614591379633 0 -0.020294693088336188
1.6320438540862039 1.0070438540862034 0 0.020294692492097345
1.6320438540862039 1.0312499999999998 0 0.089701851200458788
1.6320438540862039 1.0554561459137959 0 0.15858943514145193
1.6320438540862039 1.0695438540862034 0 0.19839890689425466
1.6320438540862039 1.0937499999999996 0 0.26565836186912006
1.6320438540862039 1.1179561459137963 0 0.33137905988888727
1.6320438540862039 1.1320438540862032 0 0.36887876232912425
1.6320438540862039 1.15625 0 0.43140577063008972
1.6320438540862039 1.1804561459137961 0 0.49143397313978254
1.6320438540862039 1.1945438540862034 0 0.5251828136406741
1.6320438540862039 1.21875 0 0.58057449739782929
1.6320438540862039 1.2429561459137959 0 0.63260335446584237
1.6320438540862039 1.2570438540862037 0 0.66130438422664406
1.6320438540862039 1.28125 0 0.7074320722055889
1.6320438540862039 1.3054561459137961 0 0.74946214375868347
1.6320438540862039 1.3195438540862039 0 0.7720123979956619
1.6320438540862039 1.34375 0 0.80710342869675966
1.6320438540862039 1.3679561459137966 0 0.83751952266219354
1.6320438540862039 1.3820438540862037 0 0.85305240789240311
1.6320438540862039 1.4062500000000002 0 0.87575825297268761
1.6320438540862039 1.4304561459137966 0 0.89339149623451253
1.6320438540862039 1.4445438540862037 0 0.90131009257002848
1.6320438540862039 1.46875 0 0.91075817916315782
1.6320438540862039 1.4929561459137966 0 0.91493093570015749
1.6320438540862039 1.5070438540862039 0 0.91493093556210214
1.6320438540862039 1.5312500000000004 0 0.91075817868763365
1.6320438540862039 1.555456145913797 0 0.90131009196920753
1.6320438540862039 1.5695438540862037 0 0.89339149564618037
1.6320438540862039 1.5937500000000004 0 0.87575825236562443
1.6320438540862039 1.6179561459137966 0 0.85305240718916131
1.6320438540862039 1.6320438540862041 0 0.83751952187495471
1.6320438540862039 1.6562500000000004 0 0.80710342783339373
1.6320438540862039 1.6804561459137968 0 0.77201239715896586
1.6320438540862039 1.6945438540862039 0 0.74946214298455671
1.6320438540862039 1.7187500000000002 0 0.70743207161562693
1.6320438540862039 1.7429561459137966 0 0.66130438391716007
1.6320438540862039 1.7570438540862037 0 0.63260335435275505
1.6320438540862039 1.7812500000000004 0 0.58057449750879397
1.6320438540862039 1.8054561459137966 0 0.5251828138080421
1.6320438540862039 1.8195438540862043 0 0.49143397327166566
1.6320438540862039 1.8437500000000004 0 0.43140577071880132
1.6320438540862039 1.867956145913797 0 0.36887876241642692
1.6320438540862039 1.8820438540862043 0 0.33137905999113121
1.6320438540862039 1.9062500000000007 0 0.26565836197130455
1.6320438540862039 1.9304561459137968 0 0.19839890695632251
1.6320438540862039 1.9445438540862037 0 0.158589435169013
1.6320438540862039 1.9687500000000004 0 0.089701851260558588
1.6320438540862041 1.9929561459137966 0 0.020294692716646138
1.6562500000000002 0.0070438540862036427 0 -0.01955765286556374
1.6562500000000002 0.03125 0 -0.086444160196817901
1.6562500000000002 0.055456145913796356 0 -0.15282996221981135
1.6562500000000002 0.069543854086203644 0 -0.19119367833169426
1.6562500000000002 0.09375 0 -0.25601048001849358
1.6562500000000002 0.11795614591379636 0 -0.31934440756024413
1.6562500000000002 0.13204385408620364 0 -0.35548223792584643
1.6562500000000002 0.15625 0 -0.41573846065740766
1.6562500000000002 0.18045614591379633 0 -0.47358662654820854
1.6562500000000002 0.19454385408620362 0 -0.50610981473410088
1.6562500000000002 0.21874999999999997 0 -0.5594898456321592
1.6562500000000002 0.24295614591379633 0 -0.60962917692283392
1.6562500000000002 0.25704385408620367 0 -0.63728787471415138
1.6562500000000002 0.28125 0 -0.68174034905158398
1.6562500000000002 0.30545614591379644 0 -0.72224402000768662
1.6562500000000002 0.31954385408620367 0 -0.74397531979505516
1.6562500000000002 0.34375000000000006 0 -0.77779195430019388
1.6562500000000002 0.36795614591379644 0 -0.80710343089571901
1.6562500000000002 0.38204385408620378 0 -0.82207221022818788
1.6562500000000002 0.40625 0 -0.84395344986529586
1.6562500000000002 0.43045614591379644 0 -0.8609463087212057
1.6562500000000002 0.44454385408620367 0 -0.86857732632047224
1.6562500000000002 0.46875 0 -0.87768228795087155
1.6562500000000002 0.49295614591379644 0 -0.88170350320264235
1.6562500000000002 0.50704385408620356 0 -0.88170350325275637
1.6562500000000002 0.53125 0 -0.87768228816089711
1.6562500000000004 0.55545614591379633 0 -0.86857732667134713
1.6562500000000002 0.56954385408620367 0 -0.86094630914450443
1.6562500000000002 0.59375 0 -0.84395345038483471
1.6562500000000004 0.61795614591379633 0 -0.82207221080663295
1.6562500000000002 0.63204385408620367 0 -0.80710343149938035
1.6562500000000002 0.65625 0 -0.77779195505540299
1.6562500000000004 0.68045614591379633 0 -0.74397532085626616
1.6562500000000002 0.69454385408620367 0 -0.72224402130091703
1.6562500000000002 0.71875 0 -0.68174035057432669
1.6562500000000004 0.74295614591379633 0 -0.63728787621525207
1.6562500000000002 0.75704385408620378 0 -0.6096291783104405
1.6562500000000002 0.78125000000000011 0 -0.55948984687580827
1.6562500000000004 0.80545614591379633 0 -0.50610981593031168
1.6562500000000002 0.81954385408620378 0 -0.47358662775123034
1.6562500000000002 0.84375 0 -0.41573846177861706
1.6562500000000004 0.86795614591379633 0 -0.35548223882526708
1.6562500000000002 0.88204385408620345 0 -0.31934440827907412
1.6562500000000002 0.90624999999999989 0 -0.25601048053558934
1.6562500000000004 0.93045614591379633 0 -0.19119367881238572
1.6562500000000002 0.94454385408620367 0 -0.15282996274310387
1.6562500000000002 0.96875 0 -0.086444160715060378
1.6562500000000004 0.99295614591379622 0 -0.019557653253065455
1.6562500000000002 1.0070438540862034 0 0.019557652599745432
1.6562500000000002 1.0312499999999998 0 0.08644416003138132
1.6562500000000004 1.0554561459137961 0 0.15282996199068491
1.6562500000000002 1.0695438540862034 0 0.19119367800022513
1.6562500000000002 1.0937499999999998 0 0.25601047955535006
1.6562500000000004 1.1179561459137963 0 0.31934440704354977
1.6562500000000002 1.1320438540862034 0 0.35548223740353252
1.6562500000000002 1.15625 0 0.41573846001049969
1.6562500000000004 1.1804561459137961 0 0.47358662560876758
1.6562500000000002 1.1945438540862034 0 0.50610981356848828
1.6562500000000002 1.2187499999999998 0 0.55948984430794912
1.6562500000000004 1.2429561459137961 0 0.6096291757772907
1.6562500000000002 1.2570438540862037 0 0.63728787379274576
1.6562500000000002 1.28125 0 0.68174034818655882
1.6562500000000004 1.3054561459137961 0 0.72224401870717947
1.6562500000000002 1.3195438540862039 0 0.7439753180500579
1.6562500000000002 1.34375 0 0.77779195200265971
1.6562500000000004 1.3679561459137966 0 0.80710342838952609
1.6562500000000002 1.3820438540862037 0 0.82207220774472534
1.6562500000000002 1.4062500000000002 0 0.84395344745307987
1.6562500000000004 1.4304561459137966 0 0.86094630639022329
1.6562500000000002 1.4445438540862037 0 0.86857732403336085
1.6562500000000002 1.46875 0 0.87768228561126682
1.6562500000000004 1.4929561459137966 0 0.88170350063149483
1.6562500000000002 1.5070438540862039 0 0.88170350047644719
1.6562500000000002 1.5312500000000004 0 0.87768228509432955
1.6562500000000004 1.5554561459137966 0 0.8685773234193408
1.6562500000000002 1.5695438540862039 0 0.86094630582650988
1.6562500000000002 1.5937500000000004 0 0.84395344692918839
1.6562500000000004 1.6179561459137966 0 0.82207220716892948
1.6562500000000002 1.6320438540862041 0 0.80710342774677868
1.6562500000000002 1.6562500000000004 0 0.77779195126531975
1.6562500000000004 1.6804561459137966 0 0.74397531725588384
1.6562500000000002 1.6945438540862039 0 0.72224401790259651
1.6562500000000002 1.7187500000000002 0 0.681740347483628
1.6562500000000004 1.7429561459137966 0 0.63728787335407155
1.6562500000000002 1.7570438540862039 0 0.6096291755526877
1.6562500000000002 1.7812500000000002 0 0.55948984433248095
1.6562500000000004 1.8054561459137966 0 0.50610981366043317
1.6562500000000002 1.8195438540862041 0 0.47358662566617554
1.6562500000000002 1.8437500000000004 0 0.41573846003252124
1.6562500000000004 1.867956145913797 0 0.3554822374419272
1.6562500000000002 1.8820438540862043 0 0.31934440711099277
1.6562500000000002 1.9062500000000004 0 0.25601047964056212
1.6562500000000004 1.9304561459137966 0 0.19119367805321141
1.6562500000000002 1.9445438540862039 0 0.15282996201007587
1.6562500000000002 1.9687500000000002 0 0.086444160092178507
1.6562500000000004 1.9929561459137966 0 0.019557652845031581
1.6804561459137966 0.0070438540862036419 0 -0.018707330394863563
1.6804561459137966 0.03125 0 -0.082685763793683947
1.6804561459137966 0.055456145913796356 0 -0.14618526139315852
1.6804561459137966 0.069543854086203644 0 -0.18288100994499684
1.6804561459137966 0.09375 0 -0.24487972376636433
1.6804561459137966 0.11795614591379636 0 -0.30546003544683581
1.6804561459137966 0.13204385408620364 0 -0.34002667471547765
1.6804561459137966 0.15625 0 -0.39766309322556692
1.6804561459137966 0.18045614591379633 0 -0.45299615176420466
1.6804561459137966 0.19454385408620362 0 -0.48410530532461704
1.6804561459137966 0.21874999999999997 0 -0.535164493263526
1.6804561459137966 0.24295614591379633 0 -0.58312387986654812
1.6804561459137966 0.25704385408620367 0 -0.60958004004676247
1.6804561459137966 0.28125 0 -0.65209982134771427
1.6804561459137966 0.30545614591379633 0 -0.69084248429091355
1.6804561459137966 0.31954385408620367 0 -0.71162895630397849
1.6804561459137966 0.34375 0 -0.74397532003479994
1.6804561459137966 0.36795614591379644 0 -0.77201239997149962
1.6804561459137966 0.38204385408620367 0 -0.78633037067816158
1.6804561459137966 0.40625 0 -0.80726026357490754
1.6804561459137966 0.43045614591379638 0 -0.82351431141776266
1.6804561459137966 0.44454385408620367 0 -0.83081354965693321
1.6804561459137966 0.46875 0 -0.8395226481610284
1.6804561459137966 0.49295614591379638 0 -0.84336903003780528
1.6804561459137966 0.50704385408620356 0 -0.84336903005090691
1.6804561459137966 0.53125 0 -0.83952264825215162
1.6804561459137968 0.55545614591379633 0 -0.83081354987719713
1.6804561459137966 0.56954385408620367 0 -0.82351431173228873
1.6804561459137966 0.59375 0 -0.80726026401670736
1.6804561459137968 0.61795614591379633 0 -0.78633037119375615
1.6804561459137966 0.63204385408620367 0 -0.77201240051346465
1.6804561459137966 0.65625 0 -0.74397532071620798
1.6804561459137968 0.68045614591379633 0 -0.71162895726130337
1.6804561459137966 0.69454385408620367 0 -0.69084248545601379
1.6804561459137966 0.71875 0 -0.65209982271261357
1.6804561459137968 0.74295614591379633 0 -0.60958004137875643
1.6804561459137966 0.75704385408620378 0 -0.58312388108708635
1.6804561459137966 0.78125000000000022 0 -0.53516449435991442
1.6804561459137968 0.80545614591379633 0 -0.48410530641420646
1.6804561459137966 0.81954385408620378 0 -0.45299615289209105
1.6804561459137966 0.84375 0 -0.39766309431244157
1.6804561459137968 0.86795614591379633 0 -0.34002667560073685
1.6804561459137966 0.88204385408620345 0 -0.30546003615409084
1.6804561459137966 0.90624999999999978 0 -0.2448797242658082
1.6804561459137968 0.93045614591379633 0 -0.18288101038940019
1.6804561459137966 0.94454385408620367 0 -0.14618526186660169
1.6804561459137966 0.96874999999999989 0 -0.082685764280860122
1.6804561459137968 0.99295614591379622 0 -0.018707330829947556
1.6804561459137966 1.0070438540862034 0 0.018707330013300938
1.6804561459137966 1.0312499999999998 0 0.082685763435730905
1.6804561459137968 1.0554561459137961 0 0.14618526095698128
1.6804561459137966 1.0695438540862034 0 0.18288100942301225
1.6804561459137966 1.0937499999999998 0 0.24487972312830963
1.6804561459137968 1.1179561459137963 0 0.30546003474669875
1.6804561459137966 1.1320438540862034 0 0.34002667399701375
1.6804561459137966 1.15625 0 0.39766309239873865
1.6804561459137968 1.1804561459137961 0 0.45299615071651272
1.6804561459137966 1.1945438540862034 0 0.4841053041118088
1.6804561459137966 1.2187499999999998 0 0.53516449193609394
1.6804561459137968 1.2429561459137961 0 0.58312387867130311
1.6804561459137966 1.2570438540862037 0 0.60958003901516122
1.6804561459137966 1.28125 0 0.65209982033605973
1.6804561459137968 1.3054561459137961 0 0.69084248291049721
1.6804561459137966 1.3195438540862039 0 0.71162895455715958
1.6804561459137966 1.34375 0 0.74397531781159898
1.6804561459137968 1.3679561459137966 0 0.77201239752456707
1.6804561459137966 1.3820438540862037 0 0.78633036820748825
1.6804561459137966 1.40625 0 0.80726026109636839
1.6804561459137968 1.4304561459137966 0 0.82351430895161049
1.6804561459137966 1.4445438540862034 0 0.83081354720194822
1.6804561459137966 1.46875 0 0.83952264565022994
1.6804561459137968 1.4929561459137966 0 0.84336902736471897
1.6804561459137966 1.5070438540862039 0 0.84336902724148188
1.6804561459137966 1.5312500000000004 0 0.83952264524513887
1.6804561459137968 1.5554561459137966 0 0.83081354673444441
1.6804561459137966 1.5695438540862039 0 0.82351430853501195
1.6804561459137966 1.5937500000000002 0 0.80726026070686763
1.6804561459137968 1.6179561459137966 0 0.78633036773880671
1.6804561459137966 1.6320438540862039 0 0.77201239696760615
1.6804561459137966 1.6562500000000004 0 0.74397531713303544
1.6804561459137968 1.6804561459137966 0 0.71162895380964164
1.6804561459137966 1.6945438540862039 0 0.69084248214964228
1.6804561459137966 1.7187500000000002 0 0.65209981963731889
1.6804561459137968 1.7429561459137966 0 0.60958003849158748
1.6804561459137966 1.7570438540862039 0 0.58312387829368517
1.6804561459137966 1.7812500000000004 0 0.53516449176240999
1.6804561459137968 1.8054561459137966 0 0.48410530406537383
1.6804561459137966 1.8195438540862043 0 0.45299615071120181
1.6804561459137966 1.8437500000000004 0 0.39766309244361076
1.6804561459137968 1.867956145913797 0 0.34002667407132442
1.6804561459137966 1.8820438540862043 0 0.30546003482918455
1.6804561459137966 1.9062500000000004 0 0.24487972321847845
1.6804561459137968 1.9304561459137968 0 0.18288100951410452
1.6804561459137966 1.9445438540862039 0 0.14618526104996282
1.6804561459137966 1.9687500000000004 0 0.082685763602334345
1.680456145913797 1.9929561459137966 0 0.018707330352193508
1.6945438540862039 0.0070438540862036419 0 -0.018160894809813085
1.6945438540862039 0.03125 0 -0.080270537090834426
1.6945438540862039 0.055456145913796356 0 -0.14191523312935631
1.6945438540862039 0.069543854086203644 0 -0.17753910970236852
1.6945438540862039 0.09375 0 -0.23772685939504049
1.6945438540862039 0.11795614591379636 0 -0.29653763804725425
1.6945438540862039 0.13204385408620364 0 -0.33009459597954582
1.6945438540862039 0.15625 0 -0.38604747170594333
1.6945438540862039 0.18045614591379633 0 -0.43976426792562501
1.6945438540862039 0.19454385408620359 0 -0.46996473228691982
1.6945438540862039 0.21874999999999997 0 -0.51953249641974675
1.6945438540862039 0.24295614591379633 0 -0.56609100351680652
1.6945438540862039 0.25704385408620362 0 -0.59177438708401386
1.6945438540862039 0.28125 0 -0.63305217810785397
1.6945438540862039 0.30545614591379633 0 -0.67066317922217633
1.6945438540862039 0.31954385408620367 0 -0.69084248445404672
1.6945438540862039 0.34375 0 -0.72224402039399627
1.6945438540862039 0.36795614591379638 0 -0.74946214554446078
1.6945438540862039 0.38204385408620367 0 -0.76336189261643905
1.6945438540862039 0.40625 0 -0.78368042959911788
1.6945438540862039 0.43045614591379633 0 -0.79945970153099843
1.6945438540862039 0.44454385408620367 0 -0.80654573117123907
1.6945438540862039 0.46875 0 -0.81500043946685408
1.6945438540862039 0.49295614591379638 0 -0.81873446965188035
1.6945438540862039 0.50704385408620356 0 -0.81873446965705943
1.6945438540862039 0.53125 0 -0.81500043952192391
1.6945438540862039 0.55545614591379633 0 -0.80654573132591723
1.6945438540862039 0.56954385408620356 0 -0.79945970176384529
1.6945438540862039 0.59375 0 -0.78368042995999188
1.6945438540862039 0.61795614591379633 0 -0.763361893091551
1.6945438540862039 0.63204385408620367 0 -0.74946214608350492
1.6945438540862039 0.65625 0 -0.72224402109636288
1.6945438540862039 0.68045614591379633 0 -0.6908424853955788
1.6945438540862039 0.69454385408620367 0 -0.67066318032638361
1.6945438540862039 0.71875 0 -0.63305217935766078
1.6945438540862039 0.74295614591379633 0 -0.59177438828528772
1.6945438540862039 0.75704385408620378 0 -0.56609100461396311
1.6945438540862039 0.78125000000000011 0 -0.51953249741341589
1.6945438540862039 0.80545614591379633 0 -0.46996473330175842
1.6945438540862039 0.81954385408620367 0 -0.43976426899812832
1.6945438540862039 0.84375 0 -0.38604747277186419
1.6945438540862039 0.86795614591379622 0 -0.33009459687914272
1.6945438540862039 0.88204385408620345 0 -0.29653763878823569
1.6945438540862039 0.90624999999999989 0 -0.23772685993595835
1.6945438540862039 0.93045614591379622 0 -0.17753911016030952
1.6945438540862039 0.94454385408620356 0 -0.14191523358789782
1.6945438540862039 0.96875 0 -0.080270537558057312
1.6945438540862039 0.99295614591379633 0 -0.018160895284507924
1.6945438540862039 1.0070438540862034 0 0.018160894329707834
1.6945438540862039 1.0312499999999998 0 0.080270536574928025
1.6945438540862039 1.0554561459137959 0 0.14191523254062466
1.6945438540862039 1.0695438540862034 0 0.17753910905640122
1.6945438540862039 1.0937499999999996 0 0.23772685865862389
1.6945438540862039 1.1179561459137963 0 0.29653763723513166
1.6945438540862039 1.1320438540862032 0 0.33009459512791189
1.6945438540862039 1.15625 0 0.38604747076010676
1.6945438540862039 1.1804561459137961 0 0.43976426684745851
1.6945438540862039 1.1945438540862034 0 0.46996473112049025
1.6945438540862039 1.21875 0 0.51953249517843025
1.6945438540862039 1.2429561459137959 0 0.56609100231135157
1.6945438540862039 1.2570438540862037 0 0.59177438593677956
1.6945438540862039 1.28125 0 0.63305217691697568
1.6945438540862039 1.3054561459137961 0 0.67066317777639217
1.6945438540862039 1.3195438540862039 0 0.69084248277544047
1.6945438540862039 1.34375 0 0.72224401836511487
1.6945438540862039 1.3679561459137966 0 0.74946214325599725
1.6945438540862039 1.3820438540862037 0 0.76336189021809853
1.6945438540862039 1.4062500000000002 0 0.78368042707433605
1.6945438540862039 1.4304561459137966 0 0.79945969895740288
1.6945438540862039 1.4445438540862037 0 0.80654572859879947
1.6945438540862039 1.46875 0 0.81500043685311541
1.6945438540862039 1.4929561459137966 0 0.81873446692871543
1.6945438540862039 1.5070438540862039 0 0.81873446684324125
1.6945438540862039 1.5312500000000004 0 0.81500043657299603
1.6945438540862039 1.5554561459137968 0 0.80654572827753634
1.6945438540862039 1.5695438540862037 0 0.79945969867157474
1.6945438540862039 1.5937500000000004 0 0.78368042677939009
1.6945438540862039 1.6179561459137966 0 0.7633618898010216
1.6945438540862039 1.6320438540862041 0 0.74946214272448053
1.6945438540862039 1.6562500000000004 0 0.72224401769457125
1.6945438540862039 1.6804561459137968 0 0.69084248205752286
1.6945438540862039 1.6945438540862039 0 0.6706631770708692
1.6945438540862039 1.7187500000000002 0 0.63305217626747468
1.6945438540862039 1.7429561459137966 0 0.59177438538236327
1.6945438540862039 1.7570438540862037 0 0.5660910018298656
1.6945438540862039 1.7812500000000004 0 0.51953249484652597
1.6945438540862039 1.8054561459137966 0 0.46996473096800179
1.6945438540862039 1.8195438540862043 0 0.43976426680791042
1.6945438540862039 1.8437500000000004 0 0.38604747084980695
1.6945438540862039 1.867956145913797 0 0.33009459525360363
1.6945438540862039 1.8820438540862043 0 0.29653763734439809
1.6945438540862039 1.9062500000000007 0 0.23772685876020569
1.6945438540862039 1.9304561459137968 0 0.17753910918833857
1.6945438540862039 1.9445438540862037 0 0.14191523270832276
1.6945438540862039 1.9687500000000004 0 0.080270536844042562
1.6945438540862043 1.9929561459137966 0 0.018160894752035993
1.7187500000000002 0.0070438540862036427 0 -0.017142426149303596
1.7187500000000002 0.03125 0 -0.075768940280301594
1.7187500000000002 0.055456145913796356 0 -0.13395658251970227
1.7187500000000002 0.069543854086203644 0 -0.16758266098028127
1.7187500000000002 0.09375 0 -0.22439506287517669
1.7187500000000002 0.11795614591379636 0 -0.27990771466918474
1.7187500000000002 0.13204385408620364 0 -0.31158278789481281
1.7187500000000002 0.15625 0 -0.36439780882099077
1.7187500000000002 0.18045614591379633 0 -0.41510215026521691
1.7187500000000002 0.19454385408620362 0 -0.44360896311099046
1.7187500000000002 0.21874999999999997 0 -0.49039695151131951
1.7187500000000002 0.24295614591379633 0 -0.53434444299766459
1.7187500000000002 0.25704385408620367 0 -0.55858749441384747
1.7187500000000002 0.28125 0 -0.59755041399911069
1.7187500000000002 0.30545614591379638 0 -0.63305217830718441
1.7187500000000002 0.31954385408620367 0 -0.65209982169860115
1.7187500000000002 0.34375 0 -0.68174034961009033
1.7187500000000002 0.36795614591379644 0 -0.70743207384652618
1.7187500000000002 0.38204385408620367 0 -0.72055231883929838
1.7187500000000002 0.40625 0 -0.73973138601086796
1.7187500000000002 0.43045614591379644 0 -0.75462575145770594
1.7187500000000002 0.44454385408620367 0 -0.7613143943193772
1.7187500000000002 0.46875 0 -0.76929495990115149
1.7187500000000002 0.49295614591379644 0 -0.77281958449377619
1.7187500000000002 0.50704385408620356 0 -0.77281958449859867
1.7187500000000002 0.53125 0 -0.76929495994006325
1.7187500000000002 0.55545614591379633 0 -0.76131439441951387
1.7187500000000002 0.56954385408620367 0 -0.75462575160669731
1.7187500000000002 0.59375 0 -0.73973138627765767
1.7187500000000002 0.61795614591379633 0 -0.72055231926827201
1.7187500000000002 0.63204385408620367 0 -0.70743207438805611
1.7187500000000002 0.65625 0 -0.68174035034169311
1.7187500000000002 0.68045614591379633 0 -0.65209982261114896
1.7187500000000002 0.69454385408620367 0 -0.63305217931606006
1.7187500000000002 0.71875 0 -0.59755041508521933
1.7187500000000002 0.74295614591379633 0 -0.5585874954552007
1.7187500000000002 0.75704385408620378 0 -0.53434444396591685
1.7187500000000002 0.78125000000000011 0 -0.49039695241191622
1.7187500000000002 0.80545614591379633 0 -0.4436089640369692
1.7187500000000002 0.81954385408620378 0 -0.41510215123960092
1.7187500000000002 0.84375 0 -0.3643978097961314
1.7187500000000002 0.86795614591379633 0 -0.31158278874654
1.7187500000000002 0.88204385408620345 0 -0.27990771540086079
1.7187500000000002 0.90624999999999989 0 -0.22439506345395113
1.7187500000000002 0.93045614591379622 0 -0.16758266149304435
1.7187500000000002 0.94454385408620367 0 -0.13395658303127392
1.7187500000000002 0.96874999999999989 0 -0.075768940811508409
1.7187500000000002 0.99295614591379622 0 -0.017142426721532336
1.7187500000000002 1.0070438540862034 0 0.017142425543887892
1.7187500000000002 1.0312499999999998 0 0.075768939609979907
1.7187500000000002 1.0554561459137961 0 0.13395658177566649
1.7187500000000002 1.0695438540862034 0 0.16758266018931256
1.7187500000000002 1.0937499999999998 0 0.22439506199698203
1.7187500000000002 1.1179561459137963 0 0.27990771369549039
1.7187500000000002 1.1320438540862034 0 0.31158278686413404
1.7187500000000002 1.15625 0 0.36439780772663433
1.7187500000000002 1.1804561459137961 0 0.41510214915568722
1.7187500000000002 1.1945438540862034 0 0.44360896201039618
1.7187500000000002 1.2187499999999998 0 0.49039695038703068
1.7187500000000002 1.2429561459137961 0 0.53434444179040419
1.7187500000000002 1.2570438540862037 0 0.55858749313345546
1.7187500000000002 1.28125 0 0.59755041258765063
1.7187500000000002 1.3054561459137961 0 0.6330521767631293
1.7187500000000002 1.3195438540862039 0 0.65209982007298251
1.7187500000000002 1.34375 0 0.6817403477804973
1.7187500000000002 1.3679561459137966 0 0.70743207172424516
1.7187500000000002 1.3820438540862037 0 0.72055231651566309
1.7187500000000002 1.4062500000000002 0 0.7397313834377669
1.7187500000000002 1.4304561459137966 0 0.75462574877849431
1.7187500000000002 1.4445438540862037 0 0.76131439163701298
1.7187500000000002 1.46875 0 0.76929495720138208
1.7187500000000002 1.4929561459137966 0 0.77281958174538956
1.7187500000000002 1.5070438540862039 0 0.77281958170882548
1.7187500000000002 1.5312500000000004 0 0.7692949570761406
1.7187500000000002 1.5554561459137966 0 0.76131439148037461
1.7187500000000002 1.5695438540862039 0 0.75462574862357967
1.7187500000000002 1.5937500000000002 0 0.73973138322301846
1.7187500000000002 1.6179561459137966 0 0.72055231614784965
1.7187500000000002 1.6320438540862041 0 0.70743207123313601
1.7187500000000002 1.6562500000000004 0 0.68174034715147303
1.7187500000000002 1.6804561459137966 0 0.65209981941842821
1.7187500000000002 1.6945438540862039 0 0.63305217613895937
1.7187500000000002 1.7187500000000002 0 0.5975504119944256
1.7187500000000002 1.7429561459137966 0 0.55858749253018825
1.7187500000000002 1.7570438540862039 0 0.53434444117037749
1.7187500000000002 1.7812500000000002 0 0.49039694984070986
1.7187500000000002 1.8054561459137966 0 0.44360896168464481
1.7187500000000002 1.8195438540862041 0 0.41510214901321313
1.7187500000000002 1.8437500000000004 0 0.36439780779979247
1.7187500000000002 1.867956145913797 0 0.31158278699981862
1.7187500000000002 1.8820438540862043 0 0.27990771380673829
1.7187500000000002 1.9062500000000004 0 0.22439506210893934
1.7187500000000002 1.9304561459137966 0 0.1675826603769339
1.7187500000000002 1.9445438540862039 0 0.13395658203885874
1.7187500000000002 1.9687500000000002 0 0.075768940011925967
1.7187500000000004 1.9929561459137966 0 0.017142426089393287
1.7429561459137963 0.0070438540862036419 0 -0.016024664412409038
1.7429561459137966 0.03125 0 -0.070828471495326797
1.7429561459137963 0.055456145913796356 0 -0.12522202315868552
1.7429561459137966 0.069543854086203644 0 -0.15665553322545017
1.7429561459137966 0.09375 0 -0.20976351630762352
1.7429561459137963 0.11795614591379636 0 -0.26165649867356383
1.7429561459137966 0.13204385408620364 0 -0.29126621757633769
1.7429561459137966 0.15625 0 -0.34063746642826864
1.7429561459137963 0.18045614591379633 0 -0.38803566136717499
1.7429561459137966 0.19454385408620362 0 -0.41468370437998897
1.7429561459137966 0.21875 0 -0.45842090977057626
1.7429561459137963 0.24295614591379633 0 -0.49950283122153949
1.7429561459137966 0.25704385408620367 0 -0.52216512891782563
1.7429561459137966 0.28125 0 -0.55858749451973344
1.7429561459137966 0.30545614591379633 0 -0.59177438736062982
1.7429561459137966 0.31954385408620367 0 -0.6095800404494327
1.7429561459137966 0.34375 0 -0.6372878753311042
1.7429561459137966 0.36795614591379638 0 -0.6613043859931228
1.7429561459137966 0.38204385408620367 0 -0.67356913325145873
1.7429561459137966 0.40625 0 -0.69149764078413634
1.7429561459137966 0.43045614591379638 0 -0.70542082796573524
1.7429561459137966 0.44454385408620367 0 -0.71167334181232211
1.7429561459137966 0.46875 0 -0.71913353932393009
1.7429561459137966 0.49295614591379638 0 -0.72242834286577617
1.7429561459137966 0.50704385408620356 0 -0.72242834288555569
1.7429561459137966 0.53125 0 -0.71913353940298153
1.7429561459137966 0.55545614591379633 0 -0.71167334193716669
1.7429561459137966 0.56954385408620367 0 -0.70542082811483298
1.7429561459137966 0.59375 0 -0.69149764102883193
1.7429561459137966 0.61795614591379633 0 -0.6735691336681956
1.7429561459137966 0.63204385408620367 0 -0.66130438653961965
1.7429561459137966 0.65625 0 -0.63728787606676529
1.7429561459137966 0.68045614591379633 0 -0.60958004131946186
1.7429561459137966 0.69454385408620367 0 -0.59177438828390427
1.7429561459137966 0.71875 0 -0.55858749549574305
1.7429561459137966 0.74295614591379633 0 -0.52216512989816355
1.7429561459137966 0.75704385408620378 0 -0.49950283218418073
1.7429561459137966 0.78125000000000022 0 -0.45842091069961988
1.7429561459137966 0.80545614591379633 0 -0.4146837052758946
1.7429561459137966 0.81954385408620378 0 -0.38803566224213271
1.7429561459137966 0.84375 0 -0.3406374672358119
1.7429561459137966 0.86795614591379633 0 -0.29126621827267274
1.7429561459137966 0.88204385408620345 0 -0.26165649929141843
1.7429561459137966 0.90624999999999978 0 -0.20976351686459324
1.7429561459137966 0.93045614591379611 0 -0.15665553382894837
1.7429561459137966 0.94454385408620367 0 -0.1252220238304495
1.7429561459137966 0.96874999999999989 0 -0.070828472229211625
1.7429561459137966 0.99295614591379622 0 -0.016024665120713467
1.7429561459137966 1.0070438540862034 0 0.016024663751225868
1.7429561459137966 1.0312499999999998 0 0.070828470846397304
1.7429561459137966 1.0554561459137961 0 0.12522202241746036
1.7429561459137966 1.0695438540862034 0 0.15665553238838897
1.7429561459137966 1.0937499999999998 0 0.20976351532511753
1.7429561459137966 1.1179561459137963 0 0.26165649758296949
1.7429561459137966 1.1320438540862034 0 0.29126621644128631
1.7429561459137966 1.15625 0 0.34063746526761979
1.7429561459137966 1.1804561459137961 0 0.38803566024785957
1.7429561459137966 1.1945438540862034 0 0.4146837033076608
1.7429561459137966 1.2187499999999998 0 0.4584209086982497
1.7429561459137966 1.2429561459137961 0 0.49950283003002988
1.7429561459137966 1.2570438540862037 0 0.52216512760906308
1.7429561459137966 1.28125 0 0.55858749303357991
1.7429561459137966 1.3054561459137961 0 0.5917743857426816
1.7429561459137966 1.3195438540862039 0 0.60958003876950662
1.7429561459137966 1.34375 0 0.63728787347447247
1.7429561459137966 1.3679561459137966 0 0.66130438385741153
1.7429561459137966 1.3820438540862037 0 0.67356913091689574
1.7429561459137966 1.40625 0 0.69149763820838728
1.7429561459137966 1.4304561459137966 0 0.70542082529908001
1.7429561459137966 1.4445438540862037 0 0.71167333915413522
1.7429561459137966 1.46875 0 0.7191335366667333
1.7429561459137966 1.4929561459137966 0 0.72242834017546742
1.7429561459137966 1.5070438540862039 0 0.72242834016062618
1.7429561459137966 1.5312500000000004 0 0.71913353659751245
1.7429561459137966 1.5554561459137966 0 0.71167333902529983
1.7429561459137966 1.5695438540862039 0 0.70542082513210036
1.7429561459137966 1.59375 0 0.69149763795410513
1.7429561459137966 1.6179561459137966 0 0.67356913054554202
1.7429561459137966 1.6320438540862039 0 0.66130438340804409
1.7429561459137966 1.6562500000000004 0 0.6372878729324003
1.7429561459137966 1.6804561459137966 0 0.6095800381953036
1.7429561459137966 1.6945438540862039 0 0.59177438517324654
1.7429561459137966 1.7187500000000002 0 0.55858749244532091
1.7429561459137966 1.7429561459137966 0 0.52216512695822881
1.7429561459137966 1.7570438540862039 0 0.4995028293312605
1.7429561459137966 1.7812500000000004 0 0.45842090802881369
1.7429561459137966 1.8054561459137966 0 0.41468370282750311
1.7429561459137966 1.8195438540862043 0 0.38803565993987238
1.7429561459137966 1.8437500000000004 0 0.34063746518489368
1.7429561459137966 1.867956145913797 0 0.29126621646936707
1.7429561459137966 1.8820438540862043 0 0.26165649762984211
1.7429561459137966 1.9062500000000004 0 0.20976351543237176
1.7429561459137966 1.9304561459137968 0 0.15665553260672974
1.7429561459137966 1.9445438540862039 0 0.12522202272207705
1.7429561459137966 1.9687500000000004 0 0.070828471310232261
1.7429561459137966 1.9929561459137966 0 0.016024664384423792
1.7570438540862037 0.0070438540862036419 0 -0.015329183786697917
1.7570438540862039 0.03125 0 -0.067754470843955389
1.7570438540862037 0.055456145913796356 0 -0.11978730790817936
1.7570438540862039 0.069543854086203644 0 -0.14985658375827621
1.7570438540862039 0.09375 0 -0.20065964676902259
1.7570438540862037 0.11795614591379636 0 -0.25030044082952402
1.7570438540862039 0.13204385408620364 0 -0.27862507916055573
1.7570438540862039 0.15625 0 -0.32585358449165958
1.7570438540862037 0.18045614591379633 0 -0.37119466767435016
1.7570438540862039 0.19454385408620362 0 -0.39668616868994239
1.7570438540862039 0.21874999999999997 0 -0.43852515160372002
1.7570438540862037 0.24295614591379636 0 -0.47782409162553013
1.7570438540862039 0.25704385408620362 0 -0.49950283125497041
1.7570438540862039 0.28125 0 -0.53434444312567286
1.7570438540862039 0.30545614591379633 0 -0.56609100378846389
1.7570438540862039 0.31954385408620367 0 -0.58312388024470763
1.7570438540862039 0.34375 0 -0.60962917752806456
1.7570438540862039 0.36795614591379638 0 -0.63260335640738274
1.7570438540862039 0.38204385408620367 0 -0.64433580586351025
1.7570438540862039 0.40625 0 -0.66148620479600939
1.7570438540862039 0.43045614591379633 0 -0.67480511679931454
1.7570438540862039 0.44454385408620367 0 -0.68078626755742599
1.7570438540862039 0.46875 0 -0.68792268774445708
1.7570438540862039 0.49295614591379638 0 -0.6910744947272921
1.7570438540862039 0.50704385408620356 0 -0.69107449475938498
1.7570438540862039 0.53125 0 -0.68792268786187927
1.7570438540862039 0.55545614591379633 0 -0.68078626772151207
1.7570438540862039 0.56954385408620356 0 -0.67480511697788248
1.7570438540862039 0.59375 0 -0.66148620505579725
1.7570438540862039 0.61795614591379633 0 -0.64433580628687026
1.7570438540862039 0.63204385408620367 0 -0.6326033569576367
1.7570438540862039 0.65625000000000011 0 -0.60962917825608431
1.7570438540862039 0.68045614591379633 0 -0.58312388108608548
1.7570438540862039 0.69454385408620367 0 -0.56609100466856144
1.7570438540862039 0.71875 0 -0.53434444406201498
1.7570438540862039 0.74295614591379633 0 -0.49950283223976027
1.7570438540862039 0.75704385408620378 0 -0.4778240926321457
1.7570438540862039 0.78125000000000011 0 -0.43852515259449992
1.7570438540862039 0.80545614591379633 0 -0.39668616959141473
1.7570438540862039 0.81954385408620367 0 -0.37119466849390553
1.7570438540862039 0.84375 0 -0.32585358517820495
1.7570438540862039 0.86795614591379622 0 -0.27862507973231282
1.7570438540862039 0.88204385408620345 0 -0.2503004413479098
1.7570438540862039 0.90624999999999989 0 -0.20065964729571398
1.7570438540862039 0.93045614591379611 0 -0.14985658443067035
1.7570438540862039 0.94454385408620356 0 -0.11978730871436703
1.7570438540862039 0.96874999999999989 0 -0.067754471746897083
1.7570438540862039 0.99295614591379633 0 -0.015329184587114002
1.7570438540862039 1.0070438540862034 0 0.015329183120554167
1.7570438540862039 1.0312499999999998 0 0.06775447027547192
1.7570438540862039 1.0554561459137959 0 0.11978730723192565
1.7570438540862039 1.0695438540862034 0 0.14985658293717039
1.7570438540862039 1.0937499999999996 0 0.20065964574754666
1.7570438540862039 1.1179561459137963 0 0.25030043969604082
1.7570438540862039 1.1320438540862032 0 0.27862507800094671
1.7570438540862039 1.15625 0 0.32585358332962772
1.7570438540862039 1.1804561459137961 0 0.37119466656007266
1.7570438540862039 1.1945438540862034 0 0.39668616761985481
1.7570438540862039 1.21875 0 0.43852515053556435
1.7570438540862039 1.2429561459137959 0 0.47782409045119922
1.7570438540862039 1.2570438540862037 0 0.49950282997392909
1.7570438540862039 1.28125 0 0.53434444165803385
1.7570438540862039 1.3054561459137961 0 0.56609100214066277
1.7570438540862039 1.3195438540862039 0 0.5831238784929047
1.7570438540862039 1.34375 0 0.6096291755668285
1.7570438540862039 1.3679561459137966 0 0.63260335419327229
1.7570438540862039 1.3820438540862037 0 0.64433580348956154
1.7570438540862039 1.4062500000000002 0 0.6614862022373994
1.7570438540862039 1.4304561459137966 0 0.67480511418572064
1.7570438540862039 1.4445438540862039 0 0.68078626496394123
1.7570438540862039 1.46875 0 0.68792268515937793
1.7570438540862039 1.4929561459137966 0 0.69107449210108007
1.7570438540862039 1.5070438540862039 0 0.69107449208698257
1.7570438540862039 1.5312500000000004 0 0.68792268508031673
1.7570438540862039 1.5554561459137966 0 0.6807862647943258
1.7570438540862039 1.5695438540862037 0 0.67480511395364684
1.7570438540862039 1.5937500000000002 0 0.66148620191210228
1.7570438540862039 1.6179561459137966 0 0.64433580309325755
1.7570438540862039 1.6320438540862041 0 0.63260335376509436
1.7570438540862039 1.6562500000000004 0 0.60962917508830283
1.7570438540862039 1.6804561459137968 0 0.58312387796793397
1.7570438540862039 1.6945438540862039 0 0.56609100158963288
1.7570438540862039 1.7187500000000002 0 0.53434444105132484
1.7570438540862039 1.7429561459137966 0 0.49950282929596468
1.7570438540862039 1.7570438540862037 0 0.47782408973061197
1.7570438540862039 1.7812500000000004 0 0.43852514983150936
1.7570438540862039 1.8054561459137966 0 0.39668616705889176
1.7570438540862039 1.8195438540862043 0 0.37119466613299834
1.7570438540862039 1.8437500000000004 0 0.32585358310292462
1.7570438540862039 1.867956145913797 0 0.27862507792046937
1.7570438540862039 1.8820438540862043 0 0.25030043967860538
1.7570438540862039 1.9062500000000007 0 0.20065964584422685
1.7570438540862039 1.9304561459137968 0 0.14985658316151731
1.7570438540862039 1.9445438540862037 0 0.11978730753765765
1.7570438540862039 1.9687500000000004 0 0.067754470746118692
1.7570438540862039 1.9929561459137966 0 0.015329183789654973
1.78125 0.0070438540862036427 0 -0.014068425493614306
1.7812500000000002 0.03125 0 -0.06218196212123657
1.78125 0.055456145913796356 0 -0.10993532611590764
1.7812500000000002 0.069543854086203644 0 -0.13753153568544085
1.7812500000000002 0.09375 0 -0.1841562691960214
1.78125 0.11795614591379636 0 -0.22971432527013186
1.7812500000000002 0.13204385408620364 0 -0.25570938609334176
1.7812500000000002 0.15625 0 -0.29905355358974511
1.78125 0.18045614591379636 0 -0.34066553112064724
1.7812500000000002 0.19454385408620364 0 -0.36406046773320827
1.7812500000000002 0.21875 0 -0.40245837741338719
1.78125 0.24295614591379638 0 -0.43852515163894629
1.7812500000000004 0.25704385408620367 0 -0.4584209098382821
1.7812500000000002 0.28125 0 -0.49039695166306124
1.7812500000000002 0.30545614591379638 0 -0.51953249669230017
1.7812500000000004 0.31954385408620367 0 -0.53516449362681373
1.7812500000000002 0.34375 0 -0.5594898462397051
1.7812500000000002 0.36795614591379644 0 -0.58057449947282214
1.7812500000000004 0.38204385408620367 0 -0.59134200631562028
1.7812500000000002 0.40625 0 -0.60708186000753273
1.7812500000000002 0.43045614591379644 0 -0.61930534980305263
1.7812500000000004 0.44454385408620367 0 -0.62479457709574671
1.7812500000000002 0.46875 0 -0.63134405795256576
1.7812500000000002 0.49295614591379644 0 -0.63423664258016066
1.7812500000000004 0.50704385408620356 0 -0.63423664258715051
1.7812500000000002 0.53125 0 -0.63134405799541948
1.7812500000000004 0.55545614591379633 0 -0.62479457719281184
1.7812500000000004 0.56954385408620367 0 -0.61930534994185893
1.7812500000000002 0.59375 0 -0.6070818602621546
1.7812500000000004 0.61795614591379633 0 -0.59134200674559201
1.7812500000000004 0.63204385408620378 0 -0.58057450002681277
1.7812500000000002 0.65625000000000011 0 -0.55948984696161119
1.7812500000000004 0.68045614591379633 0 -0.53516449444770176
1.7812500000000004 0.69454385408620367 0 -0.51953249754258668
1.7812500000000002 0.71875 0 -0.49039695256914051
1.7812500000000004 0.74295614591379633 0 -0.45842091081448566
1.7812500000000004 0.75704385408620378 0 -0.43852515265717429
1.7812500000000002 0.78125000000000011 0 -0.40245837842381565
1.7812500000000004 0.80545614591379633 0 -0.36406046862299152
1.7812500000000004 0.81954385408620378 0 -0.34066553189595888
1.7812500000000002 0.84375 0 -0.29905355420957658
1.7812500000000004 0.86795614591379633 0 -0.25570938662649889
1.7812500000000004 0.88204385408620345 0 -0.22971432578749046
1.7812500000000002 0.90624999999999989 0 -0.18415626979104921
1.7812500000000004 0.93045614591379622 0 -0.13753153649710026
1.7812500000000004 0.94454385408620367 0 -0.10993532709976728
1.7812500000000002 0.96874999999999989 0 -0.062181963208117509
1.7812500000000004 0.99295614591379622 0 -0.01406842640092467
1.7812500000000004 1.0070438540862034 0 0.014068424797299823
1.7812500000000002 1.0312499999999998 0 0.062181961610577333
1.7812500000000004 1.0554561459137961 0 0.10993532551600414
1.7812500000000004 1.0695438540862034 0 0.13753153492330139
1.7812500000000002 1.0937499999999998 0 0.18415626821339715
1.7812500000000004 1.1179561459137963 0 0.22971432417600407
1.7812500000000004 1.1320438540862034 0 0.25570938498131285
1.7812500000000002 1.15625 0 0.29905355247926679
1.7812500000000004 1.1804561459137961 0 0.34066553004566452
1.7812500000000004 1.1945438540862034 0 0.36406046668957748
1.7812500000000002 1.2187499999999998 0 0.40245837636679443
1.7812500000000004 1.2429561459137961 0 0.43852515050682683
1.7812500000000004 1.2570438540862037 0 0.45842090861979312
1.7812500000000002 1.28125 0 0.49039695025485619
1.7812500000000004 1.3054561459137961 0 0.51953249504522392
1.7812500000000004 1.3195438540862039 0 0.53516449182140502
1.7812500000000002 1.34375 0 0.55948984417961789
1.7812500000000004 1.3679561459137966 0 0.58057449718722687
1.7812500000000004 1.3820438540862037 0 0.59134200391474878
1.7812500000000002 1.4062500000000002 0 0.60708185747471899
1.7812500000000004 1.4304561459137966 0 0.61930534722741515
1.7812500000000004 1.4445438540862039 0 0.62479457453116738
1.7812500000000002 1.4687500000000002 0 0.63134405539190619
1.7812500000000004 1.4929561459137966 0 0.63423663999339663
1.7812500000000004 1.5070438540862041 0 0.63423663996952784
1.7812500000000002 1.5312500000000004 0 0.63134405526973125
1.7812500000000004 1.5554561459137966 0 0.62479457428546459
1.7812500000000004 1.5695438540862039 0 0.61930534690183003
1.7812500000000002 1.5937500000000002 0 0.60708185705334217
1.7812500000000004 1.6179561459137966 0 0.59134200345786736
1.7812500000000004 1.6320438540862041 0 0.58057449673343497
1.7812500000000002 1.6562500000000004 0 0.55948984371095734
1.7812500000000004 1.6804561459137966 0 0.53516449130367738
1.7812500000000004 1.6945438540862039 0 0.51953249448446082
1.7812500000000002 1.7187500000000002 0 0.49039694961454383
1.7812500000000004 1.7429561459137966 0 0.45842090789559392
1.7812500000000004 1.7570438540862039 0 0.43852514973636486
1.7812500000000002 1.7812500000000004 0 0.40245837559068887
1.7812500000000004 1.8054561459137966 0 0.36406046601108366
1.7812500000000004 1.8195438540862041 0 0.34066552946712642
1.7812500000000002 1.8437500000000004 0 0.29905355207973217
1.7812500000000004 1.8679561459137968 0 0.25570938476042432
1.7812500000000004 1.8820438540862043 0 0.22971432405843301
1.7812500000000002 1.9062500000000004 0 0.1841562682647909
1.7812500000000004 1.9304561459137966 0 0.13753153513177788
1.7812500000000002 1.9445438540862039 0 0.10993532581307705
1.7812500000000002 1.9687500000000002 0 0.062181962095366979
1.7812500000000002 1.9929561459137966 0 0.014068425520416709
1.8054561459137966 0.0070438540862036419 0 -0.012726179543981937
1.8054561459137966 0.03125 0 -0.056249280653045144
1.8054561459137966 0.055456145913796356 0 -0.09944657257763137
1.8054561459137966 0.069543854086203644 0 -0.1244098719187703
1.8054561459137966 0.09375 0 -0.16658621418384223
1.8054561459137966 0.11795614591379636 0 -0.20779764904094733
1.8054561459137966 0.13204385408620364 0 -0.23131256273193565
1.8054561459137966 0.15625 0 -0.27052133261029487
1.8054561459137966 0.18045614591379636 0 -0.30816317799571863
1.8054561459137966 0.19454385408620362 0 -0.32932604116626074
1.8054561459137966 0.21875 0 -0.36406046774350359
1.8054561459137966 0.24295614591379638 0 -0.39668616873443324
1.8054561459137966 0.25704385408620367 0 -0.41468370445628072
1.8054561459137966 0.28125 0 -0.44360896327605065
1.8054561459137966 0.30545614591379638 0 -0.46996473258584076
1.8054561459137966 0.31954385408620367 0 -0.48410530572473504
1.8054561459137966 0.34375 0 -0.50610981538674982
1.8054561459137966 0.36795614591379638 0 -0.52518281558873914
1.8054561459137966 0.38204385408620367 0 -0.53492301182364499
1.8054561459137966 0.40625 0 -0.5491611512854504
1.8054561459137966 0.43045614591379638 0 -0.56021841756298918
1.8054561459137966 0.44454385408620367 0 -0.56518392653208549
1.8054561459137966 0.46875 0 -0.57110853193935862
1.8054561459137966 0.49295614591379638 0 -0.57372513961850635
1.8054561459137966 0.50704385408620356 0 -0.57372513953443383
1.8054561459137966 0.53125 0 -0.57110853170632792
1.8054561459137966 0.55545614591379633 0 -0.56518392636691506
1.8054561459137966 0.56954385408620367 0 -0.5602184175276681
1.8054561459137966 0.59375 0 -0.54916115148431688
1.8054561459137966 0.61795614591379633 0 -0.53492301225015593
1.8054561459137966 0.63204385408620378 0 -0.52518281614242956
1.8054561459137966 0.65625 0 -0.50610981611485961
1.8054561459137966 0.68045614591379633 0 -0.48410530656651835
1.8054561459137966 0.69454385408620367 0 -0.46996473346711665
1.8054561459137966 0.71875 0 -0.44360896419919943
1.8054561459137966 0.74295614591379633 0 -0.41468370539127536
1.8054561459137966 0.75704385408620378 0 -0.39668616966275444
1.8054561459137966 0.78125000000000022 0 -0.36406046864093761
1.8054561459137966 0.80545614591379633 0 -0.32932604200880988
1.8054561459137966 0.81954385408620378 0 -0.30816317879785693
1.8054561459137966 0.84375 0 -0.27052133336776973
1.8054561459137966 0.86795614591379633 0 -0.23131256348166693
1.8054561459137966 0.88204385408620345 0 -0.20779764980439239
1.8054561459137966 0.90624999999999978 0 -0.16658621502082682
1.8054561459137966 0.93045614591379611 0 -0.124409872895135
1.8054561459137966 0.94454385408620367 0 -0.099446573654098772
1.8054561459137966 0.96874999999999989 0 -0.056249281761481126
1.8054561459137966 0.99295614591379622 0 -0.012726180482752737
1.8054561459137966 1.0070438540862034 0 0.012726178780313914
1.8054561459137966 1.0312499999999998 0 0.056249280070461281
1.8054561459137966 1.0554561459137961 0 0.099446571988934168
1.8054561459137966 1.0695438540862034 0 0.12440987124950655
1.8054561459137966 1.0937499999999998 0 0.16658621338359408
1.8054561459137966 1.1179561459137963 0 0.20779764813904639
1.8054561459137966 1.1320438540862034 0 0.23131256178491735
1.8054561459137966 1.15625 0 0.27052133161812697
1.8054561459137966 1.1804561459137961 0 0.30816317700050289
1.8054561459137966 1.1945438540862034 0 0.32932604018436745
1.8054561459137966 1.2187499999999998 0 0.36406046674510723
1.8054561459137966 1.2429561459137961 0 0.39668616766042158
1.8054561459137966 1.2570438540862037 0 0.41468370331050419
1.8054561459137966 1.28125 0 0.44360896195095922
1.8054561459137966 1.3054561459137961 0 0.46996473100944613
1.8054561459137966 1.3195438540862039 0 0.48410530397390283
1.8054561459137966 1.34375 0 0.50610981336335015
1.8054561459137966 1.3679561459137966 0 0.52518281333787731
1.8054561459137966 1.3820438540862037 0 0.53492300946126137
1.8054561459137966 1.40625 0 0.54916114876872191
1.8054561459137966 1.4304561459137966 0 0.56021841493924729
1.8054561459137966 1.4445438540862039 0 0.56518392386828786
1.8054561459137966 1.4687500000000004 0 0.57110852925156541
1.8054561459137966 1.4929561459137966 0 0.57372513696433836
1.8054561459137966 1.5070438540862041 0 0.57372513691806815
1.8054561459137966 1.5312500000000004 0 0.57110852905980536
1.8054561459137966 1.5554561459137966 0 0.565183923551979
1.8054561459137966 1.5695438540862039 0 0.56021841456016119
1.8054561459137966 1.59375 0 0.54916114829950913
1.8054561459137966 1.6179561459137966 0 0.53492300892449907
1.8054561459137966 1.6320438540862039 0 0.52518281277198342
1.8054561459137966 1.6562500000000004 0 0.50610981276166689
1.8054561459137966 1.6804561459137966 0 0.48410530335400548
1.8054561459137966 1.6945438540862039 0 0.46996473038406439
1.8054561459137966 1.7187500000000002 0 0.44360896127959343
1.8054561459137966 1.7429561459137966 0 0.41468370254047165
1.8054561459137966 1.7570438540862039 0 0.3966861668167822
1.8054561459137966 1.7812500000000004 0 0.36406046587020713
1.8054561459137966 1.8054561459137966 0 0.32932603941610616
1.8054561459137966 1.8195438540862043 0 0.30816317635084955
1.8054561459137966 1.8437500000000004 0 0.27052133116367733
1.8054561459137966 1.8679561459137968 0 0.2313125614997382
1.8054561459137966 1.8820438540862041 0 0.20779764794248679
1.8054561459137966 1.9062500000000004 0 0.16658621335347309
1.8054561459137966 1.9304561459137966 0 0.12440987140817686
1.8054561459137966 1.9445438540862037 0 0.099446572268100525
1.8054561459137966 1.9687500000000002 0 0.056249280579974428
1.8054561459137966 1.9929561459137966 0 0.012726179550356782
1.8195438540862037 0.0070438540862036419 0 -0.011908380903036959
1.8195438540862037 0.03125 0 -0.052634638432454146
1.8195438540862039 0.055456145913796356 0 -0.093056023568021395
1.8195438540862041 0.069543854086203644 0 -0.11641515305715285
1.8195438540862037 0.09375 0 -0.15588119589125754
1.8195438540862039 0.11795614591379636 0 -0.19444433740728601
1.8195438540862041 0.13204385408620364 0 -0.2164481562122563
1.8195438540862037 0.15625 0 -0.25313732631140362
1.8195438540862039 0.18045614591379636 0 -0.2883602642664691
1.8195438540862041 0.19454385408620364 0 -0.30816317798988402
1.8195438540862037 0.21875 0 -0.34066553112387149
1.8195438540862039 0.24295614591379636 0 -0.37119466771121212
1.8195438540862039 0.25704385408620362 0 -0.38803566143631063
1.8195438540862037 0.28125 0 -0.41510215043269671
1.8195438540862037 0.30545614591379633 0 -0.43976426824867454
1.8195438540862039 0.31954385408620367 0 -0.45299615220450018
1.8195438540862037 0.34375 0 -0.47358662724138029
1.8195438540862037 0.36795614591379638 0 -0.49143397490718665
1.8195438540862039 0.38204385408620367 0 -0.50054825512437007
1.8195438540862037 0.40625 0 -0.51387143569158322
1.8195438540862037 0.43045614591379633 0 -0.5242181496354692
1.8195438540862039 0.44454385408620367 0 -0.5288645694593217
1.8195438540862037 0.46875 0 -0.53440845307599361
1.8195438540862037 0.49295614591379638 0 -0.53685691452474971
1.8195438540862039 0.50704385408620356 0 -0.53685691436481076
1.8195438540862037 0.53125 0 -0.53440845261260206
1.8195438540862039 0.55545614591379633 0 -0.5288645690738526
1.8195438540862039 0.56954385408620356 0 -0.52421814945221179
1.8195438540862037 0.59375 0 -0.51387143584014183
1.8195438540862039 0.61795614591379633 0 -0.50054825554435001
1.8195438540862039 0.63204385408620367 0 -0.49143397545773237
1.8195438540862037 0.65625000000000011 0 -0.47358662797536344
1.8195438540862039 0.68045614591379633 0 -0.45299615307108365
1.8195438540862039 0.69454385408620367 0 -0.43976426916776318
1.8195438540862037 0.71875 0 -0.41510215138035622
1.8195438540862039 0.74295614591379633 0 -0.38803566233186065
1.8195438540862039 0.75704385408620378 0 -0.37119466854594158
1.8195438540862037 0.78125000000000011 0 -0.34066553190305576
1.8195438540862039 0.80545614591379633 0 -0.30816317878985988
1.8195438540862039 0.81954385408620367 0 -0.28836026510986223
1.8195438540862037 0.84375 0 -0.25313732722489685
1.8195438540862039 0.86795614591379622 0 -0.21644815718185034
1.8195438540862039 0.88204385408620345 0 -0.19444433840348349
1.8195438540862037 0.90624999999999989 0 -0.15588119692884786
1.8195438540862039 0.93045614591379611 0 -0.11641515413154097
1.8195438540862039 0.94454385408620356 0 -0.093056024658065353
1.8195438540862037 0.96874999999999989 0 -0.052634639483937082
1.8195438540862039 0.99295614591379622 0 -0.011908381825282878
1.8195438540862039 1.0070438540862034 0 0.011908380090701311
1.8195438540862037 1.0312499999999998 0 0.052634637761148045
1.8195438540862039 1.0554561459137959 0 0.093056022961977333
1.8195438540862039 1.0695438540862034 0 0.11641515245511722
1.8195438540862037 1.0937499999999996 0 0.15588119525154817
1.8195438540862039 1.1179561459137963 0 0.19444433667553573
1.8195438540862039 1.1320438540862032 0 0.21644815540657603
1.8195438540862037 1.15625 0 0.25313732541482031
1.8195438540862039 1.1804561459137961 0 0.28836026333478859
1.8195438540862039 1.1945438540862034 0 0.30816317705913077
1.8195438540862037 1.21875 0 0.34066553016528345
1.8195438540862039 1.2429561459137959 0 0.37119466667816492
1.8195438540862039 1.2570438540862037 0 0.38803566033741455
1.8195438540862037 1.28125 0 0.41510214916594668
1.8195438540862039 1.3054561459137961 0 0.43976426674262259
1.8195438540862039 1.3195438540862039 0 0.45299615053066528
1.8195438540862037 1.34375 0 0.473586625297025
1.8195438540862039 1.3679561459137966 0 0.49143397272429157
1.8195438540862039 1.3820438540862037 0 0.50054825281697346
1.8195438540862037 1.4062500000000002 0 0.51387143318883355
1.8195438540862039 1.4304561459137966 0 0.52421814695998414
1.8195438540862039 1.4445438540862039 0 0.52886456669839643
1.8195438540862037 1.4687500000000002 0 0.53440845026551254
1.8195438540862039 1.4929561459137966 0 0.53685691179782291
1.8195438540862039 1.5070438540862039 0 0.53685691173435635
1.8195438540862037 1.5312500000000004 0 0.53440845002533122
1.8195438540862039 1.5554561459137966 0 0.52886456634561674
1.8195438540862039 1.5695438540862037 0 0.5242181465673138
1.8195438540862037 1.5937500000000002 0 0.5138714327125965
1.8195438540862039 1.6179561459137966 0 0.50054825222975585
1.8195438540862039 1.6320438540862041 0 0.49143397206443273
1.8195438540862037 1.6562500000000004 0 0.47358662456816242
1.8195438540862039 1.6804561459137968 0 0.45299614981328112
1.8195438540862039 1.6945438540862039 0 0.43976426606125218
1.8195438540862037 1.7187500000000002 0 0.41510214847921695
1.8195438540862039 1.7429561459137966 0 0.38803565954355651
1.8195438540862039 1.7570438540862037 0 0.37119466578699833
1.8195438540862037 1.7812500000000004 0 0.3406655292280934
1.8195438540862039 1.8054561459137966 0 0.30816317625493667
1.8195438540862039 1.8195438540862039 0 0.2883602626798133
1.8195438540862037 1.84375 0 0.25313732497811192
1.8195438540862039 1.8679561459137968 0 0.21644815511691703
1.8195438540862039 1.8820438540862041 0 0.19444433644441733
1.8195438540862037 1.9062500000000002 0 0.15588119516213333
1.8195438540862039 1.9304561459137966 0 0.11641515257186492
1.8195438540862037 1.9445438540862037 0 0.093056023225841902
1.8195438540862037 1.96875 0 0.052634638285674384
1.8195438540862041 1.9929561459137966 0 0.011908380880330196
1.8437500000000002 0.0070438540862036427 0 -0.010453783283668697
1.8437500000000002 0.03125 0 -0.046205366389975043
1.8437500000000004 0.055456145913796356 0 -0.081689316896279021
1.8437500000000004 0.069543854086203644 0 -0.10219515039323061
1.8437500000000002 0.09375 0 -0.1368404527470658
1.8437500000000004 0.11795614591379636 0 -0.17069314239348155
1.8437500000000004 0.13204385408620364 0 -0.19000921522001168
1.8437500000000002 0.15625 0 -0.22221683737060946
1.8437500000000004 0.18045614591379636 0 -0.25313732628546981
1.8437500000000004 0.19454385408620364 0 -0.27052133256155536
1.8437500000000002 0.21875 0 -0.29905355353419766
1.8437500000000004 0.24295614591379638 0 -0.32585358447673785
1.84375 0.25704385408620367 0 -0.34063746645923665
1.8437500000000002 0.28125 0 -0.36439780897528473
1.84375 0.30545614591379644 0 -0.38604747204068174
1.84375 0.31954385408620367 0 -0.39766309368997987
1.8437500000000002 0.34375 0 -0.4157384613620479
1.84375 0.36795614591379644 0 -0.43140577210293563
1.84375 0.38204385408620367 0 -0.43940675145987235
1.8437500000000002 0.40625 0 -0.45110251793890038
1.84375 0.43045614591379644 0 -0.46018539048376766
1.84375 0.44454385408620367 0 -0.46426425451807357
1.8437500000000002 0.46875 0 -0.46913095795628584
1.84375 0.49295614591379644 0 -0.47128034205928193
1.84375 0.50704385408620356 0 -0.47128034184395612
1.8437500000000002 0.53125 0 -0.46913095732592108
1.84375 0.55545614591379633 0 -0.46426425397604332
1.84375 0.56954385408620367 0 -0.46018539019888482
1.8437500000000002 0.59375 0 -0.45110251805311835
1.84375 0.61795614591379633 0 -0.43940675186269812
1.84375 0.63204385408620378 0 -0.43140577262602608
1.8437500000000002 0.65625000000000011 0 -0.41573846205805398
1.84375 0.68045614591379633 0 -0.39766309452313392
1.84375 0.69454385408620367 0 -0.38604747293351943
1.8437500000000002 0.71875 0 -0.36439780988013865
1.84375 0.74295614591379633 0 -0.3406374672536796
1.84375 0.75704385408620378 0 -0.32585358516310203
1.8437500000000002 0.78125000000000011 0 -0.29905355415072665
1.84375 0.80545614591379633 0 -0.27052133328197348
1.84375 0.81954385408620378 0 -0.2531373271359339
1.8437500000000002 0.84375 0 -0.22221683840568152
1.84375 0.86795614591379633 0 -0.19000921636801454
1.84375 0.88204385408620345 0 -0.17069314357409751
1.8437500000000002 0.90624999999999989 0 -0.13684045392507735
1.84375 0.93045614591379622 0 -0.10219515149425155
1.84375 0.94454385408620367 0 -0.081689317922670562
1.8437500000000002 0.96874999999999989 0 -0.046205367304313016
1.84375 0.99295614591379622 0 -0.010453784116011626
1.84375 1.0070438540862034 0 0.01045378248804933
1.8437500000000002 1.0312499999999998 0 0.046205365681869837
1.84375 1.0554561459137961 0 0.081689316312723956
1.84375 1.0695438540862034 0 0.10219514989222639
1.8437500000000002 1.0937499999999998 0 0.13684045229869496
1.84375 1.1179561459137963 0 0.17069314186978876
1.84375 1.1320438540862034 0 0.19000921460154166
1.8437500000000002 1.15625 0 0.22221683662316957
1.84375 1.1804561459137961 0 0.25313732546919199
1.84375 1.1945438540862034 0 0.27052133172907211
1.8437500000000002 1.2187499999999998 0 0.29905355265655686
1.84375 1.2429561459137961 0 0.32585358352374472
1.84375 1.2570438540862037 0 0.34063746544698059
1.8437500000000002 1.28125 0 0.36439780781172038
1.84375 1.3054561459137961 0 0.38604747065997774
1.84375 1.3195438540862039 0 0.39766309215653811
1.8437500000000002 1.34375 0 0.41573845958094313
1.84375 1.3679561459137966 0 0.43140577010141096
1.84375 1.3820438540862037 0 0.43940674934069418
1.8437500000000002 1.4062500000000002 0 0.4511025156066642
1.84375 1.4304561459137966 0 0.46018538792053815
1.84375 1.4445438540862039 0 0.46426425182137626
1.8437500000000002 1.4687500000000002 0 0.46913095517255687
1.84375 1.4929561459137966 0 0.4712803393884582
1.84375 1.5070438540862041 0 0.4712803393135323
1.8437500000000002 1.5312500000000004 0 0.4691309549005504
1.84375 1.5554561459137966 0 0.46426425144586264
1.84375 1.5695438540862039 0 0.46018538752147803
1.8437500000000002 1.5937500000000002 0 0.45110251513287797
1.84375 1.6179561459137966 0 0.43940674873499375
1.84375 1.6320438540862041 0 0.43140576939985081
1.8437500000000002 1.6562500000000004 0 0.41573845879224353
1.84375 1.6804561459137966 0 0.39766309139449263
1.84375 1.6945438540862039 0 0.3860474699557902
1.8437500000000002 1.7187500000000002 0 0.36439780712664954
1.84375 1.7429561459137966 0 0.34063746465770395
1.84375 1.7570438540862039 0 0.3258535826306751
1.8437500000000002 1.7812500000000004 0 0.29905355171873493
1.84375 1.8054561459137966 0 0.27052133094498365
1.84375 1.8195438540862039 0 0.25313732485298301
1.8437500000000002 1.8437500000000002 0 0.22221683623249142
1.84375 1.8679561459137968 0 0.1900092143286774
1.84375 1.8820438540862039 0 0.17069314162445776
1.8437500000000002 1.9062500000000002 0 0.13684045216058743
1.84375 1.9304561459137963 0 0.1021951499556706
1.8437500000000002 1.9445438540862037 0 0.081689316532407283
1.8437500000000002 1.96875 0 0.046205366168525414
1.8437500000000004 1.9929561459137966 0 0.010453783230055538
1.8679561459137966 0.0070438540862036419 0 -0.0089386348148704654
1.8679561459137966 0.03125 0 -0.039508461708137585
1.8679561459137968 0.055456145913796356 0 -0.069849446072926299
1.8679561459137966 0.069543854086203644 0 -0.087383208928220144
1.8679561459137966 0.09375 0 -0.11700709696187139
1.8679561459137966 0.11795614591379636 0 -0.14595325184286509
1.8679561459137966 0.13204385408620364 0 -0.16246969534043185
1.8679561459137966 0.15625 0 -0.19000921521733211
1.8679561459137966 0.18045614591379636 0 -0.21644815614072849
1.8679561459137966 0.19454385408620362 0 -0.23131256259693406
1.8679561459137966 0.21875 0 -0.2557093859166365
1.8679561459137966 0.24295614591379638 0 -0.2786250790426324
1.8679561459137963 0.25704385408620367 0 -0.29126621753571902
1.8679561459137966 0.28125 0 -0.31158278801282813
1.8679561459137966 0.30545614591379638 0 -0.33009459628194504
1.8679561459137963 0.31954385408620367 0 -0.34002667513623319
1.8679561459137966 0.34375 0 -0.35548223855664557
1.8679561459137966 0.36795614591379638 0 -0.36887876355586852
1.8679561459137963 0.38204385408620367 0 -0.37572009847210031
1.8679561459137966 0.40625 0 -0.38572070614797599
1.8679561459137966 0.43045614591379638 0 -0.39348712701599597
1.8679561459137963 0.44454385408620367 0 -0.39697480941905638
1.8679561459137966 0.46875 0 -0.40113614351875998
1.8679561459137966 0.49295614591379638 0 -0.40297400062213179
1.8679561459137963 0.50704385408620356 0 -0.40297400046247983
1.8679561459137966 0.53125 0 -0.40113614306042611
1.8679561459137966 0.55545614591379633 0 -0.39697480904927712
1.8679561459137963 0.56954385408620367 0 -0.39348712685551079
1.8679561459137966 0.59375 0 -0.38572070630551619
1.8679561459137966 0.61795614591379633 0 -0.37572009885053315
1.8679561459137963 0.63204385408620367 0 -0.36887876402120973
1.8679561459137966 0.65625 0 -0.35548223914650218
1.8679561459137966 0.68045614591379633 0 -0.34002667582589435
1.8679561459137963 0.69454385408620367 0 -0.33009459701536553
1.8679561459137966 0.71875 0 -0.31158278875184825
1.8679561459137966 0.74295614591379633 0 -0.29126621818595266
1.8679561459137963 0.75704385408620367 0 -0.27862507960824584
1.8679561459137966 0.78125000000000011 0 -0.25570938644037022
1.8679561459137966 0.80545614591379633 0 -0.23131256323247515
1.8679561459137963 0.81954385408620367 0 -0.21644815690221744
1.8679561459137966 0.84375 0 -0.1900092161493164
1.8679561459137966 0.86795614591379622 0 -0.16246969636341946
1.8679561459137963 0.88204385408620345 0 -0.14595325288282318
1.8679561459137966 0.90624999999999978 0 -0.11700709797831932
1.8679561459137966 0.93045614591379611 0 -0.087383209855878177
1.8679561459137963 0.94454385408620345 0 -0.069849446923180306
1.8679561459137966 0.96874999999999978 0 -0.039508462447081373
1.8679561459137966 0.99295614591379611 0 -0.0089386354793128085
1.8679561459137963 1.0070438540862034 0 0.0089386341794339044
1.8679561459137966 1.0312499999999998 0 0.03950846113738897
1.8679561459137966 1.0554561459137961 0 0.069849445591267878
1.8679561459137963 1.0695438540862034 0 0.087383208504648285
1.8679561459137966 1.0937499999999998 0 0.1170070965726451
1.8679561459137966 1.1179561459137961 0 0.14595325139437215
1.8679561459137963 1.1320438540862034 0 0.16246969481980697
1.8679561459137966 1.1562499999999998 0 0.19000921459125844
1.8679561459137966 1.1804561459137961 0 0.21644815544443313
1.8679561459137963 1.1945438540862034 0 0.23131256187362559
1.8679561459137966 1.2187499999999998 0 0.25570938513471392
1.8679561459137966 1.2429561459137961 0 0.27862507818154292
1.8679561459137963 1.2570438540862034 0 0.29126621661755059
1.8679561459137966 1.28125 0 0.31158278695414526
1.8679561459137966 1.3054561459137961 0 0.3300945950257429
1.8679561459137963 1.3195438540862039 0 0.34002667374349443
1.8679561459137966 1.34375 0 0.35548223696325743
1.8679561459137966 1.3679561459137966 0 0.36887876181487855
1.8679561459137963 1.3820438540862034 0 0.37572009666502398
1.8679561459137966 1.40625 0 0.38572070419119836
1.8679561459137966 1.4304561459137966 0 0.39348712485381493
1.8679561459137963 1.4445438540862039 0 0.39697480712134436
1.8679561459137966 1.4687500000000004 0 0.40113614110788359
1.8679561459137966 1.4929561459137966 0 0.4029739982704042
1.8679561459137963 1.5070438540862039 0 0.40297399821048169
1.8679561459137966 1.5312500000000004 0 0.40113614087826088
1.8679561459137966 1.5554561459137966 0 0.39697480677813834
1.8679561459137963 1.5695438540862039 0 0.39348712446791306
1.8679561459137966 1.59375 0 0.38572070373519279
1.8679561459137966 1.6179561459137966 0 0.37572009613776625
1.8679561459137963 1.6320438540862039 0 0.36887876124710767
1.8679561459137966 1.6562500000000004 0 0.35548223635013254
1.8679561459137966 1.6804561459137966 0 0.340026673118905
1.8679561459137963 1.6945438540862039 0 0.33009459440647027
1.8679561459137966 1.7187500000000002 0 0.31158278630954006
1.8679561459137966 1.7429561459137966 0 0.29126621589619067
1.8679561459137963 1.7570438540862039 0 0.27862507739997938
1.8679561459137966 1.7812500000000004 0 0.25570938434710455
1.8679561459137966 1.8054561459137966 0 0.23131256122078464
1.8679561459137963 1.8195438540862039 0 0.21644815492555716
1.8679561459137966 1.84375 0 0.19000921425631218
1.8679561459137966 1.8679561459137966 0 0.16246969459012742
1.8679561459137963 1.8820438540862039 0 0.14595325119557304
1.8679561459137966 1.90625 0 0.11700709646356781
1.8679561459137966 1.9304561459137963 0 0.087383208544303592
1.8679561459137966 1.9445438540862037 0 0.06984944574280022
1.8679561459137966 1.96875 0 0.039508461496459618
1.8679561459137966 1.9929561459137966 0 0.0089386347613761644
1.8820438540862039 0.0070438540862036419 0 -0.0080299456106610202
1.8820438540862039 0.03125 0 -0.035492086364138392
1.8820438540862039 0.055456145913796356 0 -0.062748648428776588
1.8820438540862039 0.069543854086203644 0 -0.078499953332153607
1.8820438540862039 0.09375 0 -0.10511231808638388
1.8820438540862039 0.11795614591379636 0 -0.13111584707757259
1.8820438540862039 0.13204385408620364 0 -0.14595325186696809
1.8820438540862039 0.15625 0 -0.17069314239814515
1.8820438540862039 0.18045614591379636 0 -0.19444433730382985
1.8820438540862039 0.19454385408620364 0 -0.20779764884340945
1.8820438540862039 0.21875 0 -0.22971432500478556
1.8820438540862039 0.24295614591379636 0 -0.25030044063601264
1.8820438540862037 0.25704385408620362 0 -0.26165649858011475
1.8820438540862039 0.28125 0 -0.27990771475583642
1.8820438540862037 0.30545614591379633 0 -0.29653763831123642
1.8820438540862037 0.31954385408620367 0 -0.30546003581346282
1.8820438540862039 0.34375 0 -0.3193444081131937
1.8820438540862037 0.36795614591379638 0 -0.33137906099257108
1.8820438540862037 0.38204385408620367 0 -0.33752491531095752
1.8820438540862039 0.40625 0 -0.34650887509204165
1.8820438540862037 0.43045614591379633 0 -0.35348577236135714
1.8820438540862037 0.44454385408620367 0 -0.35661890178167599
1.8820438540862039 0.46875 0 -0.36035720042519359
1.8820438540862037 0.49295614591379638 0 -0.36200822358484153
1.8820438540862037 0.50704385408620356 0 -0.36200822350071221
1.8820438540862039 0.53125 0 -0.36035720019854073
1.8820438540862037 0.55545614591379633 0 -0.35661890163958965
1.8820438540862037 0.56954385408620356 0 -0.35348577236068895
1.8820438540862039 0.59375 0 -0.34650887530466695
1.8820438540862037 0.61795614591379633 0 -0.33752491567252679
1.8820438540862037 0.63204385408620367 0 -0.33137906141306583
1.8820438540862039 0.65625 0 -0.31934440861567509
1.8820438540862037 0.68045614591379633 0 -0.3054600363776302
1.8820438540862037 0.69454385408620367 0 -0.29653763890068829
1.8820438540862039 0.71875 0 -0.27990771535112208
1.8820438540862037 0.74295614591379633 0 -0.26165649913092442
1.8820438540862037 0.75704385408620378 0 -0.25030044114392086
1.8820438540862039 0.78125 0 -0.2297143255033971
1.8820438540862037 0.80545614591379633 0 -0.20779764942750875
1.8820438540862037 0.81954385408620356 0 -0.19444433797462043
1.8820438540862039 0.84375 0 -0.17069314317928416
1.8820438540862037 0.86795614591379622 0 -0.14595325269510059
1.8820438540862037 0.88204385408620345 0 -0.13111584790535555
1.8820438540862039 0.90624999999999989 0 -0.10511231888832553
1.8820438540862037 0.93045614591379611 0 -0.078499954079528589
1.8820438540862037 0.94454385408620356 0 -0.062748649132183934
1.8820438540862039 0.96874999999999978 0 -0.035492086986468545
1.8820438540862037 0.99295614591379611 0 -0.0080299461471238058
1.8820438540862037 1.0070438540862032 0 0.0080299451247922253
1.8820438540862039 1.0312499999999998 0 0.035492085942101841
1.8820438540862037 1.0554561459137959 0 0.062748648037924654
1.8820438540862037 1.0695438540862034 0 0.078499952944497908
1.8820438540862039 1.0937499999999996 0 0.10511231767969159
1.8820438540862037 1.1179561459137963 0 0.13111584662100007
1.8820438540862037 1.1320438540862032 0 0.14595325136885601
1.8820438540862039 1.1562499999999998 0 0.17069314183291448
1.8820438540862037 1.1804561459137961 0 0.19444433668053071
1.8820438540862037 1.1945438540862034 0 0.20779764818936106
1.8820438540862039 1.21875 0 0.22971432428605312
1.8820438540862037 1.2429561459137959 0 0.25030043983518258
1.8820438540862037 1.2570438540862034 0 0.26165649772208266
1.8820438540862039 1.2812499999999998 0 0.27990771376189971
1.8820438540862037 1.3054561459137961 0 0.2965376371307844
1.8820438540862037 1.3195438540862037 0 0.30546003450663578
1.8820438540862039 1.34375 0 0.31934440664203934
1.8820438540862037 1.3679561459137966 0 0.3313790594357508
1.8820438540862037 1.3820438540862037 0 0.33752491373400645
1.8820438540862039 1.40625 0 0.34650887343269537
1.8820438540862037 1.4304561459137966 0 0.35348577054508856
1.8820438540862037 1.4445438540862039 0 0.35661889984796513
1.8820438540862039 1.4687500000000002 0 0.36035719836972574
1.8820438540862037 1.4929561459137966 0 0.36200822152660045
1.8820438540862037 1.5070438540862039 0 0.36200822148634137
1.8820438540862039 1.5312500000000002 0 0.36035719819607076
1.8820438540862037 1.5554561459137966 0 0.35661889954858839
1.8820438540862037 1.5695438540862037 0 0.35348577017844424
1.8820438540862039 1.5937500000000002 0 0.34650887299672017
1.8820438540862037 1.6179561459137966 0 0.33752491329231815
1.8820438540862037 1.6320438540862039 0 0.33137905901500314
1.8820438540862039 1.6562500000000002 0 0.3193444062224311
1.8820438540862037 1.6804561459137968 0 0.30546003403321276
1.8820438540862037 1.6945438540862039 0 0.29653763660415594
1.8820438540862039 1.7187500000000002 0 0.27990771315826984
1.8820438540862037 1.7429561459137966 0 0.26165649706709254
1.8820438540862037 1.7570438540862037 0 0.25030043916428946
1.8820438540862039 1.7812500000000004 0 0.22971432364517524
1.8820438540862037 1.8054561459137966 0 0.2077976476557348
1.8820438540862037 1.8195438540862039 0 0.19444433624011023
1.8820438540862039 1.84375 0 0.17069314153283122
1.8820438540862037 1.8679561459137966 0 0.14595325117370123
1.8820438540862037 1.8820438540862039 0 0.13111584647264735
1.8820438540862039 1.90625 0 0.10511231761827609
1.8820438540862037 1.9304561459137961 0 0.078499952982683113
1.8820438540862039 1.9445438540862034 0 0.062748648141376651
1.8820438540862039 1.96875 0 0.035492086192663967
1.8820438540862039 1.9929561459137966 0 0.0080299455698638039
1.90625 0.0070438540862036427 0 -0.0064374079455545869
1.90625 0.03125 0 -0.028453124093886572
1.9062500000000002 0.055456145913796356 0 -0.050304032944956847
1.90625 0.069543854086203644 0 -0.062931462891837306
1.90625 0.09375 0 -0.08426593476554077
1.90625 0.11795614591379636 0 -0.10511231810621001
1.90625 0.13204385408620364 0 -0.11700709699833091
1.90625 0.15625 0 -0.13684045275216697
1.90625 0.18045614591379636 0 -0.15588119577943638
1.90625 0.19454385408620364 0 -0.16658621397394324
1.90625 0.21875 0 -0.18415626890868986
1.90625 0.24295614591379638 0 -0.20065964653974658
1.9062499999999998 0.25704385408620367 0 -0.20976351616849573
1.90625 0.28125 0 -0.22439506289613848
1.90625 0.30545614591379644 0 -0.23772685956959844
1.9062499999999998 0.31954385408620367 0 -0.24487972402844319
1.90625 0.34375 0 -0.25601048044480068
1.90625 0.36795614591379644 0 -0.26565836276340166
1.9062499999999998 0.38204385408620367 0 -0.27058534153813274
1.90625 0.40625 0 -0.27778755895083862
1.90625 0.43045614591379644 0 -0.28338076415311814
1.9062499999999998 0.44454385408620367 0 -0.28589251614579231
1.90625 0.46875 0 -0.28888941729610529
1.90625 0.49295614591379644 0 -0.29021300161380775
1.9062499999999998 0.50704385408620356 0 -0.29021300161147801
1.90625 0.53125 0 -0.28888941732006668
1.90625 0.55545614591379633 0 -0.28589251624917822
1.9062499999999998 0.56954385408620367 0 -0.28338076432370329
1.90625 0.59375 0 -0.27778755921979631
1.90625 0.61795614591379633 0 -0.27058534187628425
1.9062499999999998 0.63204385408620367 0 -0.26565836312882529
1.90625 0.65625 0 -0.25601048084137712
1.90625 0.68045614591379633 0 -0.24487972443725853
1.9062499999999998 0.69454385408620367 0 -0.23772685997790521
1.90625 0.71875 0 -0.22439506330685494
1.90625 0.74295614591379633 0 -0.20976351658810916
1.9062499999999998 0.75704385408620367 0 -0.20065964696794017
1.90625 0.78125 0 -0.18415626936381202
1.90625 0.80545614591379633 0 -0.16658621447230276
1.9062499999999998 0.81954385408620367 0 -0.15588119630830843
1.90625 0.84374999999999989 0 -0.13684045330974612
1.90625 0.86795614591379611 0 -0.11700709754993897
1.9062499999999998 0.88204385408620345 0 -0.10511231864029358
1.90625 0.90624999999999978 0 -0.084265935274567508
1.90625 0.93045614591379611 0 -0.062931463386356828
1.9062499999999998 0.94454385408620345 0 -0.050304033433385048
1.90625 0.96874999999999978 0 -0.028453124537702511
1.90625 0.99295614591379611 0 -0.0064374082961489391
1.9062499999999998 1.0070438540862034 0 0.0064374076655803209
1.90625 1.0312499999999998 0 0.028453123871729311
1.90625 1.0554561459137961 0 0.050304032687247674
1.9062499999999998 1.0695438540862034 0 0.062931462576323705
1.90625 1.0937499999999998 0 0.08426593437640853
1.90625 1.1179561459137961 0 0.10511231768870291
1.9062499999999998 1.1320438540862034 0 0.1170070965819964
1.90625 1.1562499999999998 0 0.13684045232033967
1.90625 1.1804561459137961 0 0.15588119530315858
1.9062499999999998 1.1945438540862034 0 0.16658621345942334
1.90625 1.2187499999999998 0 0.1841562683218102
1.90625 1.2429561459137961 0 0.200659645874181
1.9062499999999998 1.2570438540862034 0 0.20976351545276309
1.90625 1.2812499999999998 0 0.22439506206442353
1.90625 1.3054561459137961 0 0.23772685858107576
1.9062499999999998 1.3195438540862037 0 0.24487972293532306
1.90625 1.34375 0 0.25601047923223508
1.90625 1.3679561459137966 0 0.2656583615194501
1.9062499999999998 1.3820438540862034 0 0.27058534030963804
1.90625 1.40625 0 0.27778755770294272
1.90625 1.4304561459137966 0 0.2833807628129128
1.9062499999999998 1.4445438540862039 0 0.28589251472385463
1.90625 1.4687500000000002 0 0.28888941577028138
1.90625 1.4929561459137966 0 0.29021300004237005
1.9062499999999998 1.5070438540862039 0 0.29021300003561806
1.90625 1.5312500000000002 0 0.28888941570294907
1.90625 1.5554561459137966 0 0.28589251453803782
1.9062499999999998 1.5695438540862039 0 0.2833807625389323
1.90625 1.5937500000000002 0 0.27778755735804478
1.90625 1.6179561459137966 0 0.27058534001186269
1.9062499999999998 1.6320438540862039 0 0.26565836129288328
1.90625 1.6562500000000002 0 0.25601047904231683
1.90625 1.6804561459137966 0 0.2448797226507719
1.9062499999999998 1.6945438540862039 0 0.23772685819078865
1.90625 1.7187500000000002 0 0.22439506155443686
1.90625 1.7429561459137966 0 0.20976351492266826
1.9062499999999998 1.7570438540862039 0 0.20065964537402309
1.90625 1.7812500000000002 0 0.18415626788049463
1.90625 1.8054561459137966 0 0.16658621307717061
1.9062499999999998 1.8195438540862037 0 0.1558811949564623
1.90625 1.8437500000000002 0 0.13684045205325132
1.90625 1.8679561459137966 0 0.11700709642026946
1.9062499999999998 1.8820438540862039 0 0.10511231759706986
1.90625 1.90625 0 0.084265934373319626
1.90625 1.9304561459137961 0 0.062931462614764483
1.90625 1.9445438540862034 0 0.050304032733526342
1.90625 1.96875 0 0.028453123984386947
1.90625 1.9929561459137966 0 0.0064374079230466444
1.9304561459137961 0.0070438540862036419 0 -0.0048075832797745072
1.9304561459137961 0.03125 0 -0.021249354527465004
1.9304561459137963 0.055456145913796356 0 -0.037568044438771736
1.9304561459137961 0.069543854086203644 0 -0.046998458300866089
1.9304561459137961 0.09375 0 -0.06293146289080849
1.9304561459137961 0.11795614591379636 0 -0.078499953332765937
1.9304561459137961 0.13204385408620364 0 -0.087383208929876735
1.9304561459137961 0.15625 0 -0.10219515037945576
1.9304561459137961 0.18045614591379636 0 -0.11641515300369282
1.9304561459137961 0.19454385408620362 0 -0.12440987183329548
1.9304561459137961 0.21875 0 -0.13753153556388706
1.9304561459137961 0.24295614591379638 0 -0.14985658362945609
1.9304561459137961 0.25704385408620367 0 -0.15665553310681599
1.9304561459137961 0.28125 0 -0.16758266092146337
1.9304561459137961 0.30545614591379638 0 -0.17753910975936193
1.9304561459137961 0.31954385408620367 0 -0.18288101009332175
1.9304561459137961 0.34375 0 -0.19119367864991507
1.9304561459137961 0.36795614591379638 0 -0.19839890757707429
1.9304561459137961 0.38204385408620367 0 -0.20207847256984796
1.9304561459137961 0.40625 0 -0.20745723066937477
1.9304561459137961 0.43045614591379638 0 -0.21163434667146452
1.9304561459137961 0.44454385408620367 0 -0.21351017260497379
1.9304561459137961 0.46875 0 -0.21574831749856105
1.9304561459137961 0.49295614591379638 0 -0.21673679637787685
1.9304561459137961 0.50704385408620356 0 -0.21673679637931423
1.9304561459137961 0.53125 0 -0.21574831753347959
1.9304561459137961 0.55545614591379633 0 -0.21351017271758926
1.9304561459137961 0.56954385408620367 0 -0.21163434684651558
1.9304561459137961 0.59375 0 -0.20745723093345045
1.9304561459137961 0.61795614591379633 0 -0.20207847289305314
1.9304561459137961 0.63204385408620367 0 -0.19839890792110576
1.9304561459137961 0.65625 0 -0.19119367900906847
1.9304561459137961 0.68045614591379633 0 -0.18288101044185628
1.9304561459137961 0.69454385408620367 0 -0.1775391100922202
1.9304561459137961 0.71875 0 -0.16758266124695312
1.9304561459137961 0.74295614591379633 0 -0.15665553345478705
1.9304561459137961 0.75704385408620367 0 -0.14985658400220014
1.9304561459137961 0.78125 0 -0.13753153596799397
1.9304561459137961 0.80545614591379633 0 -0.12440987225014349
1.9304561459137961 0.81954385408620356 0 -0.11641515341975993
1.9304561459137961 0.84375 0 -0.10219515078583716
1.9304561459137961 0.86795614591379611 0 -0.087383209316841431
1.9304561459137961 0.88204385408620345 0 -0.078499953704746453
1.9304561459137961 0.90624999999999978 0 -0.062931463242846847
1.9304561459137961 0.93045614591379611 0 -0.046998458642028978
1.9304561459137961 0.94454385408620345 0 -0.037568044775601016
1.9304561459137961 0.96874999999999978 0 -0.021249354827071552
1.9304561459137961 0.99295614591379611 0 -0.0048075834997825346
1.9304561459137961 1.007043854086203 0 0.0048075831200184507
1.9304561459137961 1.0312499999999998 0 0.02124935441007449
1.9304561459137961 1.0554561459137961 0 0.037568044274299883
1.9304561459137961 1.0695438540862034 0 0.046998458074405412
1.9304561459137961 1.0937499999999998 0 0.062931462598857957
1.9304561459137961 1.1179561459137961 0 0.078499953041499718
1.9304561459137961 1.1320438540862034 0 0.08738320866437134
1.9304561459137961 1.1562499999999998 0 0.1021951501240269
1.9304561459137961 1.1804561459137961 0 0.11641515270404015
1.9304561459137961 1.1945438540862034 0 0.12440987148577327
1.9304561459137961 1.2187499999999998 0 0.13753153513977129
1.9304561459137961 1.2429561459137961 0 0.14985658314212422
1.9304561459137961 1.2570438540862034 0 0.15665553258688611
1.9304561459137961 1.2812499999999998 0 0.16758266032276575
1.9304561459137961 1.3054561459137961 0 0.17753910904885822
1.9304561459137961 1.3195438540862037 0 0.18288100930589277
1.9304561459137961 1.34375 0 0.19119367776107066
1.9304561459137961 1.3679561459137966 0 0.19839890663298887
1.9304561459137961 1.3820438540862034 0 0.20207847161188613
1.9304561459137961 1.40625 0 0.2074572296734867
1.9304561459137961 1.4304561459137966 0 0.21163434561336542
1.9304561459137961 1.4445438540862039 0 0.21351017150264195
1.9304561459137961 1.4687500000000004 0 0.21574831635450148
1.9304561459137961 1.4929561459137966 0 0.2167367952422698
1.9304561459137961 1.5070438540862039 0 0.21673679526595471
1.9304561459137961 1.5312500000000002 0 0.21574831640011602
1.9304561459137961 1.5554561459137966 0 0.21351017147806581
1.9304561459137961 1.5695438540862039 0 0.2116343455130138
1.9304561459137961 1.59375 0 0.20745722949699963
1.9304561459137961 1.6179561459137966 0 0.20207847144386848
1.9304561459137961 1.6320438540862039 0 0.19839890650146094
1.9304561459137961 1.6562500000000004 0 0.19119367763384548
1.9304561459137961 1.6804561459137966 0 0.18288100909309801
1.9304561459137961 1.6945438540862039 0 0.17753910875219572
1.9304561459137961 1.7187500000000002 0 0.16758265993484439
1.9304561459137961 1.7429561459137966 0 0.15665553219038578
1.9304561459137961 1.7570438540862039 0 0.14985658277417099
1.9304561459137961 1.7812500000000004 0 0.13753153480956365
1.9304561459137961 1.8054561459137966 0 0.12440987116919629
1.9304561459137961 1.8195438540862037 0 0.11641515238793881
1.9304561459137961 1.84375 0 0.10219514985148706
1.9304561459137961 1.8679561459137966 0 0.0873832084973475
1.9304561459137961 1.8820438540862039 0 0.07849995295872135
1.9304561459137961 1.90625 0 0.062931462613410011
1.9304561459137961 1.9304561459137961 0 0.046998458113985113
1.9304561459137961 1.9445438540862034 0 0.037568044301253267
1.9304561459137961 1.96875 0 0.021249354461495597
1.9304561459137961 1.9929561459137966 0 0.0048075832675022103
1.9445438540862034 0.0070438540862036427 0 -0.0038429239805215028
1.9445438540862034 0.03125 0 -0.016985593239500552
1.9445438540862037 0.055456145913796356 0 -0.030029877876429769
1.9445438540862034 0.06954385408620363 0 -0.037568044437170031
1.9445438540862034 0.09375 0 -0.050304032935252999
1.9445438540862034 0.11795614591379636 0 -0.062748648403686769
1.9445438540862034 0.13204385408620364 0 -0.069849446037199531
1.9445438540862034 0.15625 0 -0.081689316864855199
1.9445438540862034 0.18045614591379633 0 -0.093056023573075602
1.9445438540862034 0.19454385408620362 0 -0.099446572614411713
1.9445438540862034 0.21875000000000003 0 -0.10993532615944389
1.9445438540862034 0.24295614591379636 0 -0.11978730788872058
1.9445438540862034 0.25704385408620367 0 -0.12522202307828881
1.9445438540862034 0.28125 0 -0.13395658241233005
1.9445438540862034 0.30545614591379638 0 -0.14191523311029647
1.9445438540862034 0.31954385408620367 0 -0.14618526147380725
1.9445438540862034 0.34375 0 -0.15282996248221192
1.9445438540862034 0.36795614591379638 0 -0.15858943570321624
1.9445438540862034 0.38204385408620367 0 -0.16153068243742433
1.9445438540862034 0.40625 0 -0.16583017292448435
1.9445438540862034 0.43045614591379638 0 -0.16916913521888974
1.9445438540862034 0.44454385408620367 0 -0.1706685697675635
1.9445438540862034 0.46874999999999994 0 -0.17245762262634037
1.9445438540862034 0.49295614591379638 0 -0.17324775953994564
1.9445438540862034 0.50704385408620367 0 -0.17324775951301188
1.9445438540862034 0.53125 0 -0.17245762257340197
1.9445438540862034 0.55545614591379633 0 -0.17066856979172307
1.9445438540862034 0.56954385408620367 0 -0.16916913532915262
1.9445438540862034 0.59375 0 -0.16583017315856072
1.9445438540862034 0.61795614591379622 0 -0.16153068275127036
1.9445438540862034 0.63204385408620367 0 -0.15858943604372269
1.9445438540862034 0.65624999999999989 0 -0.15282996284235828
1.9445438540862034 0.68045614591379633 0 -0.1461852618216192
1.9445438540862034 0.69454385408620367 0 -0.14191523343878851
1.9445438540862034 0.71875 0 -0.13395658272607019
1.9445438540862034 0.74295614591379644 0 -0.12522202340619482
1.9445438540862034 0.75704385408620367 0 -0.11978730823609461
1.9445438540862034 0.78125000000000011 0 -0.10993532652770986
1.9445438540862034 0.80545614591379633 0 -0.099446572983154957
1.9445438540862034 0.81954385408620356 0 -0.093056023933670864
1.9445438540862034 0.84374999999999989 0 -0.081689317211796078
1.9445438540862034 0.86795614591379611 0 -0.069849446373034987
1.9445438540862034 0.88204385408620334 0 -0.06274864873379675
1.9445438540862034 0.90624999999999978 0 -0.050304033250151536
1.9445438540862034 0.930456145913796 0 -0.037568044729117067
1.9445438540862034 0.94454385408620345 0 -0.030029878150982438
1.9445438540862034 0.96874999999999978 0 -0.016985593470007321
1.9445438540862034 0.992956145913796 0 -0.0038429241480541338
1.9445438540862034 1.0070438540862032 0 0.003842923854969853
1.9445438540862034 1.03125 0 0.016985593143666284
1.9445438540862034 1.0554561459137961 0 0.030029877749340416
1.9445438540862034 1.0695438540862034 0 0.037568044268742801
1.9445438540862034 1.0937499999999998 0 0.050304032731046826
1.9445438540862034 1.1179561459137961 0 0.062748648218954858
1.9445438540862034 1.1320438540862034 0 0.069849445884251793
1.9445438540862034 1.1562499999999998 0 0.081689316725650829
1.9445438540862034 1.1804561459137961 0 0.093056023385116191
1.9445438540862034 1.1945438540862034 0 0.099446572373111192
1.9445438540862034 1.2187499999999998 0 0.10993532584160133
1.9445438540862034 1.2429561459137961 0 0.11978730752170517
1.9445438540862034 1.2570438540862034 0 0.12522202269285698
1.9445438540862034 1.2812499999999998 0 0.1339565819762262
1.9445438540862034 1.3054561459137961 0 0.1419152325942559
1.9445438540862034 1.3195438540862037 0 0.1461852608991307
1.9445438540862034 1.34375 0 0.15282996180667585
1.9445438540862034 1.3679561459137963 0 0.15858943492963401
1.9445438540862034 1.3820438540862034 0 0.16153068160883971
1.9445438540862034 1.4062499999999998 0 0.16583017201658293
1.9445438540862034 1.4304561459137966 0 0.16916913425253646
1.9445438540862034 1.4445438540862037 0 0.17066856877869255
1.9445438540862034 1.4687500000000002 0 0.17245762164743736
1.9445438540862034 1.4929561459137966 0 0.17324775863664388
1.9445438540862034 1.5070438540862039 0 0.1732477586754349
1.9445438540862034 1.5312500000000002 0 0.1724576217566661
1.9445438540862034 1.5554561459137963 0 0.17066856886096538
1.9445438540862034 1.5695438540862039 0 0.16916913427972427
1.9445438540862034 1.5937500000000002 0 0.16583017196434102
1.9445438540862034 1.6179561459137966 0 0.16153068150822253
1.9445438540862034 1.6320438540862037 0 0.15858943481298218
1.9445438540862034 1.6562500000000002 0 0.15282996165011128
1.9445438540862034 1.6804561459137966 0 0.14618526068229751
1.9445438540862034 1.6945438540862039 0 0.14191523233541214
1.9445438540862034 1.7187500000000002 0 0.13395658167042185
1.9445438540862034 1.7429561459137966 0 0.12522202237727231
1.9445438540862034 1.7570438540862039 0 0.11978730721526566
1.9445438540862034 1.7812500000000002 0 0.10993532554162876
1.9445438540862034 1.8054561459137966 0 0.099446572062965588
1.9445438540862034 1.8195438540862037 0 0.093056023065108087
1.9445438540862034 1.8437500000000002 0 0.081689316438613616
1.9445438540862034 1.8679561459137966 0 0.06984944570136932
1.9445438540862034 1.8820438540862039 0 0.062748648123406067
1.9445438540862034 1.90625 0 0.050304032739186114
1.9445438540862034 1.9304561459137961 0 0.037568044308796275
1.9445438540862034 1.9445438540862034 0 0.030029877780175115
1.9445438540862034 1.9687499999999998 0 0.016985593190927111
1.9445438540862034 1.9929561459137966 0 0.003842923970850229
1.9687499999999998 0.0070438540862036427 0 -0.0021736466575648732
1.96875 0.03125 0 -0.0096074442618477411
1.96875 0.055456145913796349 0 -0.016985593238448747
1.9687499999999998 0.069543854086203644 0 -0.021249354524836971
1.96875 0.09375 0 -0.028453124078640108
1.96875 0.11795614591379636 0 -0.035492086322568832
1.9687499999999998 0.13204385408620364 0 -0.039508461648595762
1.96875 0.15625 0 -0.046205366350741302
1.96875 0.18045614591379636 0 -0.052634638486185784
1.9687499999999998 0.19454385408620364 0 -0.056249280785392493
1.96875 0.21875 0 -0.062181962294530213
1.96875 0.24295614591379638 0 -0.067754470919773949
1.96875 0.25704385408620367 0 -0.070828471462539636
1.96875 0.28125 0 -0.075768940152371428
1.96875 0.30545614591379638 0 -0.080270537009131004
1.96875 0.31954385408620367 0 -0.082685763797678252
1.96875 0.34375 0 -0.086444160353261121
1.96875 0.36795614591379638 0 -0.089701851602829452
1.96875 0.38204385408620367 0 -0.091365488777021553
1.96875 0.40625 0 -0.093797380026968497
1.96875 0.43045614591379638 0 -0.095685974313456129
1.96875 0.44454385408620373 0 -0.096534089165007039
1.96875 0.46875 0 -0.097546018812141866
1.96875 0.49295614591379638 0 -0.097992938479806085
1.96875 0.50704385408620356 0 -0.097992938433303117
1.96875 0.53125 0 -0.097546018691667513
1.96875 0.55545614591379633 0 -0.096534089103537252
1.96875 0.56954385408620367 0 -0.095685974339818763
1.96875 0.59375 0 -0.093797380178417655
1.96875 0.61795614591379633 0 -0.091365489004124223
1.96875 0.63204385408620367 0 -0.089701851852308043
1.96875 0.65625 0 -0.086444160620796684
1.96875 0.68045614591379633 0 -0.082685764059888353
1.96875 0.69454385408620367 0 -0.080270537259124114
1.96875 0.71875 0 -0.075768940390809156
1.96875 0.74295614591379633 0 -0.070828471704928203
1.96875 0.75704385408620367 0 -0.0677544711703226
1.96875 0.78125 0 -0.062181962549694159
1.96875 0.80545614591379633 0 -0.056249281030505471
1.96875 0.81954385408620356 0 -0.052634638719819805
1.96875 0.84374999999999989 0 -0.046205366572088853
1.96875 0.86795614591379611 0 -0.039508461869496872
1.96875 0.88204385408620356 0 -0.035492086547268827
1.96875 0.90624999999999978 0 -0.028453124295622134
1.96875 0.93045614591379611 0 -0.021249354713068075
1.96875 0.94454385408620356 0 -0.016985593401421518
1.96875 0.96874999999999978 0 -0.0096074443844097832
1.96875 0.99295614591379611 0 -0.0021736467460084018
1.96875 1.0070438540862032 0 0.0021736465854408434
1.96875 1.0312499999999998 0 0.0096074442019220101
1.96875 1.0554561459137961 0 0.016985593169301309
1.96875 1.0695438540862034 0 0.021249354442710713
1.96875 1.0937499999999998 0 0.028453123995418914
1.96875 1.1179561459137961 0 0.035492086269946807
1.96875 1.1320438540862034 0 0.039508461624729756
1.96875 1.1562499999999998 0 0.046205366339558594
1.96875 1.1804561459137961 0 0.052634638433342436
1.96875 1.1945438540862034 0 0.056249280687016463
1.96875 1.2187499999999998 0 0.062181962138217799
1.96875 1.2429561459137961 0 0.067754470739292721
1.96875 1.2570438540862034 0 0.070828471281192365
1.96875 1.2812499999999998 0 0.075768939956464429
1.96875 1.3054561459137961 0 0.080270536777044765
1.96875 1.3195438540862037 0 0.082685763534067286
1.96875 1.34375 0 0.086444160009623211
1.96875 1.3679561459137966 0 0.089701851145350425
1.96875 1.3820438540862034 0 0.091365488241457127
1.96875 1.40625 0 0.093797379393851604
1.96875 1.4304561459137966 0 0.095685973637193611
1.96875 1.4445438540862039 0 0.096534088489125702
1.96875 1.4687500000000002 0 0.097546018187505593
1.96875 1.4929561459137966 0 0.097992937971339844
1.96875 1.5070438540862039 0 0.097992938013393246
1.96875 1.5312500000000002 0 0.097546018323589043
1.96875 1.5554561459137966 0 0.096534088641026305
1.96875 1.5695438540862039 0 0.095685973764646243
1.96875 1.5937500000000002 0 0.093797379457330049
1.96875 1.6179561459137966 0 0.091365488218299457
1.96875 1.6320438540862039 0 0.089701851064128368
1.96875 1.6562500000000002 0 0.086444159858024977
1.96875 1.6804561459137966 0 0.082685763355311054
1.96875 1.6945438540862039 0 0.080270536600202114
1.96875 1.7187500000000002 0 0.075768939780177735
1.96875 1.7429561459137966 0 0.070828471097280299
1.96875 1.7570438540862039 0 0.067754470547249007
1.96875 1.7812500000000002 0 0.062181961926960828
1.96875 1.8054561459137966 0 0.056249280450077807
1.96875 1.8195438540862037 0 0.052634638181352653
1.96875 1.8437500000000002 0 0.04620536610533086
1.96875 1.8679561459137966 0 0.039508461469655462
1.96875 1.8820438540862039 0 0.035492086184332514
1.96875 1.90625 0 0.028453123995133826
1.96875 1.9304561459137961 0 0.021249354474171058
1.9687499999999998 1.9445438540862034 0 0.016985593197810629
1.96875 1.96875 0 0.0096074442379536565
1.96875 1.9929561459137966 0 0.0021736466519549857
1.9929561459137963 0.0070438540862036436 0 -0.00049177904822936486
1.9929561459137966 0.03125 0 -0.0021736466574312839
1.9929561459137966 0.055456145913796356 0 -0.0038429239800473556
1.9929561459137963 0.069543854086203644 0 -0.0048075832787932322
1.9929561459137966 0.093750000000000014 0 -0.0064374079399139531
1.9929561459137966 0.11795614591379636 0 -0.0080299455951080359
1.9929561459137963 0.13204385408620364 0 -0.0089386347925642807
1.9929561459137966 0.15625 0 -0.010453783269928742
1.9929561459137966 0.18045614591379636 0 -0.011908380926477445
1.9929561459137963 0.19454385408620364 0 -0.012726179598628866
1.9929561459137966 0.21875 0 -0.014068425563364406
1.9929561459137966 0.24295614591379638 0 -0.015329183815026234
1.9929561459137966 0.25704385408620367 0 -0.016024664395339946
1.9929561459137966 0.28125 0 -0.017142426089775394
1.9929561459137966 0.30545614591379638 0 -0.01816089476303932
1.9929561459137966 0.31954385408620367 0 -0.018707330378311352
1.9929561459137966 0.34375 0 -0.019557652900185213
1.9929561459137966 0.36795614591379638 0 -0.020294692802960587
1.9929561459137966 0.38204385408620373 0 -0.020671084205407111
1.9929561459137966 0.40625 0 -0.021221290086288772
1.9929561459137966 0.43045614591379638 0 -0.02164857715376544
1.9929561459137966 0.44454385408620367 0 -0.021840459819622585
1.9929561459137966 0.46875 0 -0.022069404937957636
1.9929561459137966 0.49295614591379644 0 -0.022170518754499522
1.9929561459137966 0.50704385408620367 0 -0.022170518736956704
1.9929561459137966 0.53125 0 -0.022069404890371062
1.9929561459137966 0.55545614591379633 0 -0.021840459788842925
1.9929561459137966 0.56954385408620367 0 -0.021648577151299468
1.9929561459137966 0.59375 0 -0.021221290118037379
1.9929561459137966 0.61795614591379633 0 -0.020671084246526934
1.9929561459137966 0.63204385408620367 0 -0.020294692839696392
1.9929561459137966 0.65625000000000011 0 -0.019557652936857899
1.9929561459137966 0.68045614591379633 0 -0.018707330427837069
1.9929561459137966 0.69454385408620367 0 -0.018160894824980321
1.9929561459137966 0.71875 0 -0.017142426166114957
1.9929561459137966 0.74295614591379633 0 -0.016024664475115816
1.9929561459137966 0.75704385408620367 0 -0.015329183892175791
1.9929561459137966 0.78125 0 -0.014068425634460155
1.9929561459137966 0.80545614591379644 0 -0.012726179662635364
1.9929561459137966 0.81954385408620356 0 -0.011908380986139779
1.9929561459137966 0.84375 0 -0.010453783325690934
1.9929561459137966 0.86795614591379611 0 -0.0089386348494935354
1.9929561459137966 0.88204385408620356 0 -0.0080299456544748252
1.9929561459137966 0.90624999999999978 0 -0.0064374079977335356
1.9929561459137966 0.93045614591379611 0 -0.0048075833265669322
1.9929561459137966 0.94454385408620345 0 -0.0038429240186532466
1.9929561459137966 0.96874999999999978 0 -0.0021736466835907049
1.9929561459137966 0.99295614591379611 0 -0.00049177906740609342
1.9929561459137966 1.0070438540862032 0 0.00049177903077051376
1.9929561459137966 1.0312499999999998 0 0.0021736466414739018
1.9929561459137966 1.0554561459137961 0 0.0038429239641256849
1.9929561459137966 1.0695438540862034 0 0.0048075832625780008
1.9929561459137966 1.0937499999999998 0 0.0064374079281490342
1.9929561459137966 1.1179561459137961 0 0.008029945594840264
1.9929561459137966 1.1320438540862034 0 0.0089386348012344997
1.9929561459137966 1.1562499999999998 0 0.010453783282613285
1.9929561459137966 1.1804561459137961 0 0.011908380926669453
1.9929561459137966 1.1945438540862034 0 0.012726179585273945
1.9929561459137966 1.21875 0 0.01406842553611108
1.9929561459137966 1.2429561459137961 0 0.015329183788604005
1.9929561459137966 1.2570438540862034 0 0.016024664375043848
1.9929561459137966 1.2812499999999998 0 0.017142426072346229
1.9929561459137966 1.3054561459137961 0 0.018160894736321345
1.9929561459137966 1.3195438540862037 0 0.018707330340576464
1.9929561459137966 1.34375 0 0.019557652833650293
1.9929561459137966 1.3679561459137966 0 0.020294692695114649
1.9929561459137966 1.3820438540862034 0 0.020671084069215143
1.9929561459137966 1.4062500000000002 0 0.021221289916194062
1.9929561459137966 1.4304561459137966 0 0.02164857697164474
1.9929561459137966 1.4445438540862039 0 0.021840459640533851
1.9929561459137966 1.4687500000000004 0 0.022069404780704436
1.9929561459137966 1.4929561459137968 0 0.022170518640013914
1.9929561459137966 1.5070438540862039 0 0.022170518654044766
1.9929561459137966 1.5312500000000002 0 0.022069404828177885
1.9929561459137966 1.5554561459137966 0 0.021840459698561639
1.9929561459137966 1.5695438540862039 0 0.02164857702564793
1.9929561459137966 1.5937500000000002 0 0.021221289951446162
1.9929561459137966 1.6179561459137966 0 0.02067108407155558
1.9929561459137966 1.6320438540862041 0 0.020294692673104603
1.9929561459137966 1.6562500000000004 0 0.019557652781035582
1.9929561459137966 1.6804561459137966 0 0.018707330274434247
1.9929561459137966 1.6945438540862039 0 0.018160894669501926
1.9929561459137966 1.7187500000000004 0 0.017142426006576488
1.9929561459137966 1.7429561459137966 0 0.016024664311675575
1.9929561459137966 1.7570438540862039 0 0.01532918372697176
1.9929561459137966 1.7812500000000002 0 0.014068425473715226
1.9929561459137966 1.8054561459137966 0 0.01272617951676131
1.9929561459137966 1.8195438540862039 0 0.011908380853138844
1.9929561459137966 1.8437500000000004 0 0.010453783213296737
1.9929561459137966 1.8679561459137966 0 0.0089386347545457618
1.9929561459137966 1.8820438540862039 0 0.008029945568390498
1.9929561459137966 1.90625 0 0.0064374079271725237
1.9929561459137966 1.9304561459137961 0 0.004807583272258306
1.9929561459137963 1.9445438540862037 0 0.0038429239739533657
1.9929561459137966 1.96875 0 0.0021736466528293075
1.9929561459137966 1.9929561459137966 0 0.00049177904692880321
