-0.99992554895591668 4.8989110605103228e-19 0 0.2502807170636801
-0.99952143447348218 0.017209148359447972 0 0.7029138691247464
-0.9988169281264313 0.034529930933562832 0 0.51413774091559661
-0.9982663197545999 0.044659176519707661 0 0.1300907347968405
-0.99707479656055809 0.062142732782788652 0 -0.50655693702143212
-0.99556822049148852 0.079719988140758785 0 -1.063817008916248
-0.9945442442290271 0.089989943855735513 0 -1.3328924624494476
-0.99252839443646279 0.10770006954876811 0 -1.375393163702044
-0.99018407685433441 0.12548403803665101 0 -0.84096502047545429
-0.98866658694181364 0.13586486968929126 0 -0.30818814334983513
-0.98579292268251528 0.15374882001537754 0 0.17858269295554319
-0.98257889112092389 0.17168491351398127 0 0.015763829592462381
-0.98055001892696292 0.18214401894562166 0 -0.34044964617489826
-0.97678917805452858 0.20014437652777073 0 -0.73409614476522278
-0.97267785395957251 0.2181734540671745 0 -0.76134241504569811
-0.97012241065072435 0.22867564314473462 0 -0.62652339320295392
-0.96544984403469603 0.24673066138611663 0 -0.45097859086757136
-0.96041872178516441 0.26478941599862632 0 -0.38921000306940823
-0.95732458853360458 0.27529715590087483 0 -0.40218422079237542
-0.95172121993287551 0.29334121513421563 0 -0.45048837023358862
-0.94575351066878555 0.3113626737846461 0 -0.52376567115494543
-0.94211200473336476 0.32183640000536212 0 -0.57339354423486988
-0.93556484286002806 0.33980057599646368 0 -0.59606133639290193
-0.92865006239101533 0.35771471062448967 0 -0.52929979716494013
-0.92445626689965954 0.3681132018195532 0 -0.45581140143863097
-0.91695894866065064 0.3859259421172514 0 -0.37779288554324203
-0.90909342843450569 0.4036603856162343 0 -0.375872641195238
-0.90434647368755716 0.41394119791904632 0 -0.40472007234939794
-0.89589971786587641 0.43152909717475285 0 -0.42318373110182117
-0.88708701863041461 0.44900995370326102 0 -0.39096032270811043
-0.88179030330375552 0.45912990754230226 0 -0.35260692962123286
-0.87240225521682246 0.47641856847283065 0 -0.31091297978656995
-0.86265346468758852 0.49357130308078956 0 -0.30829600831067727
-0.85681480647892516 0.5034870129958553 0 -0.32224549347633519
-0.84650125647398256 0.52040197538565869 0 -0.3307863120937673
-0.83583515504558525 0.53715236379858367 0 -0.31427907481695483
-0.8294668620758251 0.54682079942404738 0 -0.29450488842946415
-0.81825132406677459 0.56328851572873695 0 -0.26170919816654065
-0.80669440632298828 0.5795636315442223 0 -0.23349360566567728
-0.79981326293209876 0.58894269596730975 0 -0.21987242339987711
-0.78772690344721708 0.60489152895896459 0 -0.20939075495164444
-0.77531324780274058 0.62062074273210732 0 -0.21681505584782279
-0.76794041117550271 0.62966985298973088 0 -0.22776537038805872
-0.75502182439290166 0.64503106872007376 0 -0.23003250994593491
-0.74179280843156725 0.6601470316764172 0 -0.20786185818365691
-0.73395361562089578 0.66882768534917181 0 -0.18564546931418674
-0.72024844537130372 0.68353641369378848 0 -0.15819721616994356
-0.70625231006171585 0.69797599827927004 0 -0.148588045178602
-0.6979759982792697 0.70625231006171607 0 -0.15082525245199302
-0.68353641369378804 0.72024844537130395 0 -0.15963690398537325
-0.66882768534917147 0.733953615620896 0 -0.17390043646981224
-0.66014703167641708 0.74179280843156781 0 -0.18405581702015456
-0.64503106872007354 0.75502182439290211 0 -0.19115422645725458
-0.62966985298973066 0.76794041117550305 0 -0.18372356196587838
-0.62062074273210699 0.7753132478027408 0 -0.17410136850273156
-0.60489152895896414 0.78772690344721752 0 -0.16592682783453644
-0.5889426959673093 0.79981326293209887 0 -0.17136972693288541
-0.57956363154422208 0.8066944063229885 0 -0.18049618430439096
-0.56328851572873673 0.81825132406677481 0 -0.19747167187583931
-0.54682079942404715 0.82946686207582532 0 -0.21537749303531592
-0.53715236379858333 0.83583515504558537 0 -0.22575558677807586
-0.52040197538565847 0.84650125647398267 0 -0.23061509777135725
-0.50348701299585508 0.85681480647892516 0 -0.21799229909694212
-0.49357130308078945 0.86265346468758863 0 -0.20451113670476698
-0.47641856847283048 0.8724022552168228 0 -0.19465457928249619
-0.4591299075423021 0.88179030330375574 0 -0.20584346138157666
-0.44900995370326086 0.88708701863041506 0 -0.22099617052397585
-0.43152909717475274 0.89589971786587663 0 -0.23910418246697041
-0.41394119791904621 0.90434647368755749 0 -0.2447868786006516
-0.4036603856162343 0.90909342843450591 0 -0.24358492881944874
-0.38592594211725134 0.91695894866065064 0 -0.24512702304513381
-0.36811320181955315 0.92445626689965965 0 -0.25387756138752321
-0.3577147106244894 0.92865006239101522 0 -0.26168965059060639
-0.33980057599646357 0.93556484286002828 0 -0.26212374870379673
-0.32183640000536196 0.94211200473336454 0 -0.24467899836721194
-0.31136267378464583 0.94575351066878532 0 -0.22718470076527214
-0.29334121513421552 0.9517212199328754 0 -0.19200808627548291
-0.27529715590087467 0.95732458853360458 0 -0.15234126386030633
-0.2647894159986261 0.96041872178516385 0 -0.13006696932714218
-0.24673066138611646 0.9654498440346958 0 -0.13454420441428949
-0.22867564314473451 0.97012241065072413 0 -0.19974475342601603
-0.21817345406717434 0.97267785395957229 0 -0.26023657128426403
-0.20014437652777062 0.97678917805452847 0 -0.30522758266009603
-0.18214401894562152 0.9805500189269627 0 -0.26278722145278877
-0.17168491351398121 0.98257889112092367 0 -0.20326900141758691
-0.15374882001537749 0.98579292268251528 0 -0.1264314253691308
-0.13586486968929126 0.98866658694181364 0 -0.094542771629750444
-0.12548403803665092 0.99018407685433452 0 -0.095138100677626194
-0.10770006954876805 0.99252839443646279 0 -0.099832238269990034
-0.089989943855735513 0.99454424422902687 0 -0.10549587873224593
-0.079719988140758744 0.99556822049148863 0 -0.10959747112746485
-0.062142732782788625 0.99707479656055797 0 -0.11839471701557526
-0.044659176519707654 0.9982663197545999 0 -0.13014437374514484
-0.034529930933562783 0.99881692812643152 0 -0.13622478881506672
-0.017209148359447951 0.99952143447348218 0 -0.11030880387491604
-1.5785380083866594e-17 0.99992554895591657 0 -0.032620319310069985
-0.99952143447348241 -0.017209148359447965 0 1.1369047210990912
-0.99853360243440614 4.4138995541523871e-18 0 3.762012476829153
-0.99724754714278829 0.017315984980563075 0 4.3701352423266684
-0.99635971105753696 0.027440305217570706 0 3.8067180869347195
-0.99459125349322663 0.044911876114919244 0 1.979427743221164
-0.99251141601463544 0.062472890915162851 0 -0.89198499844541168
-0.99115573231379717 0.072731534099536768 0 -2.921249084066543
-0.98857363633635165 0.090419207388299505 0 -4.6831080825222333
-0.98566827000784341 0.10817716030722739 0 -3.960146516566089
-0.98382688242632577 0.11854133218347268 0 -2.5427444837446362
-0.98040159546223427 0.13639426902857685 0 -1.0756506290014407
-0.97664265518016868 0.15429662820991541 0 -1.1910407486364936
-0.97429997254399037 0.16473499219989363 0 -1.8976549342260733
-0.9700060234838892 0.18269806712102341 0 -2.6531340465581685
-0.96536978325050027 0.20068812999070895 0 -2.6169370895408854
-0.96251283627974549 0.21116698145159818 0 -2.2724552879563724
-0.95732944240916629 0.22918111202872696 0 -1.8400076410381589
-0.95179709232243948 0.24719837355113125 0 -1.7059328013017836
-0.94841587547582684 0.25768187190837938 0 -1.7574256055078186
-0.94232751844465734 0.27568444824900584 0 -1.9336694012593252
-0.93588572396048786 0.29366506894044048 0 -2.2030500215285551
-0.93197351216502389 0.30411552768183231 0 -2.3858815347866225
-0.92497046532723259 0.32204094062330973 0 -2.4668867013739733
-0.91761187093665908 0.33991831198273936 0 -2.2148711680743247
-0.91316550076429881 0.35029654452838344 0 -1.9387900123580024
-0.90524428994987938 0.36807680806639154 0 -1.6345282160638939
-0.89696794942890068 0.38578220949946745 0 -1.5999146529860808
-0.89198805442724283 0.39604792683938994 0 -1.686116278566079
-0.88315183470061598 0.41361338657864943 0 -1.7302485219888024
-0.87396355089833377 0.43107672416028725 0 -1.6031934517207584
-0.86845474140140522 0.44118897797473705 0 -1.4628453163044635
-0.85871357368345436 0.45846909366950656 0 -1.3013060871746147
-0.84862613246749341 0.47561970740271509 0 -1.2682655301536088
-0.84259711132706072 0.48553737026570692 0 -1.2999189348885452
-0.83196812493254801 0.5024615569605122 0 -1.3071936449476655
-0.82100141040897079 0.51922907975683852 0 -1.2367515004162943
-0.81446501768647128 0.52891135209636531 0 -1.1638502764633782
-0.80297244781973875 0.54540986120962931 0 -1.0392927671284373
-0.79115342922981868 0.56172510985789226 0 -0.92427868137748836
-0.78412661092935898 0.57113204173304977 0 -0.86419729147463042
-0.77180170389375069 0.58713686086192474 0 -0.80592174413416562
-0.75916428854358253 0.6029327369746873 0 -0.80998152179876615
-0.75166798686807845 0.61202575154761207 0 -0.83535375170978154
-0.73854877002449504 0.62747150000356544 0 -0.82650330642331005
-0.72513352105045503 0.64268387751383471 0 -0.73900684324563193
-0.71719248631484722 0.65142628243971901 0 -0.65800792209246783
-0.70332340446691577 0.66625107870355582 0 -0.55704904980839831
-0.68917712695835687 0.68081965405986755 0 -0.5178205601289253
-0.68081965405986744 0.68917712695835709 0 -0.52180203427588523
-0.6662510787035556 0.70332340446691588 0 -0.54710604696060106
-0.65142628243971867 0.71719248631484767 0 -0.59227911896239049
-0.6426838775138346 0.72513352105045559 0 -0.62520339704979389
-0.62747150000356533 0.73854877002449559 0 -0.65110894115711859
-0.61202575154761185 0.75166798686807879 0 -0.63276728126582726
-0.60293273697468708 0.75916428854358298 0 -0.60583887735578579
-0.5871368608619244 0.77180170389375102 0 -0.58987930903479202
-0.57113204173304954 0.7841266109293592 0 -0.62120053026083577
-0.56172510985789192 0.79115342922981913 0 -0.65951635659584806
-0.54540986120962909 0.80297244781973887 0 -0.72789498561101429
-0.52891135209636519 0.81446501768647128 0 -0.79576171576286014
-0.51922907975683819 0.82100141040897112 0 -0.83316355600087177
-0.50246155696051198 0.83196812493254801 0 -0.85651946008644941
-0.48553737026570654 0.84259711132706083 0 -0.82398620902896247
-0.47561970740271481 0.84862613246749341 0 -0.78548248212925631
-0.45846909366950628 0.85871357368345458 0 -0.77064530710117762
-0.44118897797473688 0.86845474140140544 0 -0.83423942365979953
-0.43107672416028714 0.87396355089833411 0 -0.90207400108806279
-0.41361338657864932 0.88315183470061653 0 -0.97528318170077266
-0.39604792683938983 0.89198805442724316 0 -0.98173695069272227
-0.3857822094994674 0.89696794942890101 0 -0.95996845472097259
-0.36807680806639143 0.90524428994987982 0 -0.94586122405320527
-0.35029654452838332 0.91316550076429903 0 -0.97282651474635884
-0.33991831198273909 0.91761187093665897 0 -1.0033431291511565
-0.32204094062330951 0.9249704653272327 0 -1.0025439373559428
-0.30411552768183209 0.93197351216502367 0 -0.92498341885344315
-0.29366506894044025 0.93588572396048764 0 -0.84799685478651909
-0.27568444824900573 0.94232751844465723 0 -0.70851772804162982
-0.25768187190837932 0.94841587547582673 0 -0.56784891837455875
-0.24719837355113106 0.95179709232243914 0 -0.49286920515767935
-0.22918111202872687 0.95732944240916629 0 -0.48757250300839711
-0.21116698145159807 0.96251283627974538 0 -0.65576763538770688
-0.20068812999070881 0.96536978325050027 0 -0.81777329543666166
-0.18269806712102335 0.97000602348388898 0 -0.94048663811521349
-0.16473499219989352 0.97429997254399003 0 -0.82949977742417524
-0.15429662820991535 0.97664265518016868 0 -0.67203310054964405
-0.13639426902857682 0.98040159546223415 0 -0.48570791662613821
-0.11854133218347263 0.98382688242632566 0 -0.44043570596469162
-0.10817716030722732 0.98566827000784374 0 -0.47483002358827958
-0.09041920738829945 0.98857363633635165 0 -0.55104389095336126
-0.07273153409953674 0.99115573231379728 0 -0.6386096784043962
-0.062472890915162789 0.99251141601463533 0 -0.69549901772093869
-0.044911876114919209 0.99459125349322675 0 -0.78336532534532566
-0.027440305217570689 0.99635971105753707 0 -0.85957023959535939
-0.017315984980563023 0.99724754714278829 0 -0.88377570255079874
1.5890038394948593e-17 0.99853360243440614 0 -0.70459265072747246
0.017209148359447951 0.99952143447348241 0 -0.2066915592966731
-0.9988169281264313 -0.034529930933562832 0 2.0649404698329348
-0.99724754714278852 -0.017315984980563064 0 7.8320606681468679
-0.99538279592569001 8.9407831886683082e-18 0 11.508267888174087
-0.99415969950978633 0.010122187898938411 0 12.579590470372398
-0.99181820020540801 0.027586574900432707 0 11.14595225101527
-0.98916962056815483 0.045136153997773161 0 5.3372754955614257
-0.98748513778288127 0.055386282416703396 0 0.23709662154803418
-0.98434225204822023 0.073056311985055716 0 -5.7267036975419225
-0.98088184856604332 0.090793057736118343 0 -7.4242846494098425
-0.9787203053313136 0.10114336680457665 0 -6.6233170251633275
-0.97475022138126222 0.11897009048781124 0 -5.2748405444093134
-0.97045366954608914 0.13684350384104904 0 -4.3826542589592092
-0.96780162643855805 0.14726390518603788 0 -4.0580706141003775
-0.96298253949955637 0.16519445301699895 0 -3.6095074369977875
-0.95782973088504519 0.18315022503657413 0 -3.263530056913079
-0.95467629704365919 0.19360846956608627 0 -3.1104919563923166
-0.94899094145527352 0.2115863651511439 0 -2.9684552533561352
-0.94296650473864485 0.22956672613071466 0 -2.9821998906016032
-0.93930363510736736 0.24002862289904348 0 -3.0615026081525283
-0.93273978323056417 0.25799418637421762 0 -3.301604667062465
-0.92583356618121981 0.27593834258990735 0 -3.6722571190235724
-0.92165633332317598 0.28636802839626591 0 -3.9243808117475578
-0.91420724607684845 0.30425886579285205 0 -4.0300755099431358
-0.90641474325931215 0.32210352131697617 0 -3.6679247321144262
-0.90172157486689064 0.33246377900721041 0 -3.2743808740550362
-0.89338638870805798 0.35021535360916445 0 -2.8179618250309639
-0.88470909988074919 0.36789531157350436 0 -2.7133065521365514
-0.87950197335676539 0.37814793322383611 0 -2.7915878380462869
-0.87028600915253751 0.39569421139201705 0 -2.8023099864577219
-0.86073171423756445 0.41314304596348211 0 -2.6059177164816818
-0.85501630036470366 0.42324923530651148 0 -2.4108955322167569
-0.84493128091880032 0.44052339613738872 0 -2.16667860830978
-0.83451421900027867 0.45767418340506055 0 -2.069960961965243
-0.82829996775950532 0.46759499010537103 0 -2.0723927668513942
-0.81736413275703756 0.48453018534954939 0 -2.0307262799646271
-0.80610507482387994 0.50131627849045335 0 -1.9110250457871367
-0.79940523785210738 0.51101305529045382 0 -1.8087321799610991
-0.78764334763329924 0.52754320335298421 0 -1.6253620815404459
-0.77556955565886077 0.54389903501787262 0 -1.4396876954421967
-0.76840114160974426 0.55333390745402589 0 -1.3341829681888686
-0.75584436438961644 0.56939450320286256 0 -1.2099331135593789
-0.7429894327306128 0.5852563962062356 0 -1.1657757856157347
-0.73537309385119143 0.59439273363326239 0 -1.1700052002106422
-0.72205877463685164 0.60992165430481549 0 -1.1207240443580819
-0.70846235349081244 0.62522862055486272 0 -0.98492847283326268
-0.70042220395868238 0.63403149668631709 0 -0.87306889846336122
-0.68639351730963971 0.64896978351616963 0 -0.730972500927213
-0.67210092191256665 0.66366429078294698 0 -0.66745224292659422
-0.66366429078294675 0.67210092191256687 0 -0.66448312878853599
-0.64896978351616919 0.68639351730964016 0 -0.68492294133049914
-0.63403149668631698 0.70042220395868271 0 -0.7329566736654054
-0.62522862055486261 0.70846235349081299 0 -0.77057572192800472
-0.60992165430481515 0.7220587746368522 0 -0.80663141617373491
-0.59439273363326217 0.73537309385119198 0 -0.799958751398131
-0.58525639620623549 0.74298943273061313 0 -0.78077595565677804
-0.56939450320286222 0.755844364389617 0 -0.78832467492439873
-0.55333390745402578 0.76840114160974449 0 -0.8565623334844954
-0.54389903501787251 0.7755695556588611 0 -0.92139470437604043
-0.5275432033529841 0.78764334763329946 0 -1.0304864612774436
-0.51101305529045349 0.7994052378521076 0 -1.1304514259391913
-0.5013162784904529 0.80610507482388016 0 -1.1824425307003643
-0.48453018534954928 0.81736413275703756 0 -1.2269948520626535
-0.46759499010537064 0.82829996775950543 0 -1.2105193517693271
-0.45767418340506039 0.83451421900027878 0 -1.1804594112193423
-0.4405233961373885 0.84493128091880054 0 -1.2049069346733507
-0.42324923530651132 0.85501630036470366 0 -1.3423323140507391
-0.41314304596348206 0.86073171423756467 0 -1.4645169786767169
-0.39569421139201683 0.87028600915253762 0 -1.5819310206365464
-0.37814793322383605 0.87950197335676561 0 -1.5602727263404779
-0.3678953115735043 0.88470909988074942 0 -1.4935344087027271
-0.35021535360916434 0.89338638870805831 0 -1.4315496903874734
-0.3324637790072103 0.90172157486689075 0 -1.4584413711393531
-0.32210352131697589 0.90641474325931237 0 -1.506394715238369
-0.30425886579285194 0.91420724607684845 0 -1.500023635049752
-0.28636802839626563 0.92165633332317554 0 -1.3617074728082941
-0.27593834258990707 0.92583356618121959 0 -1.2270034436020552
-0.25799418637421745 0.93273978323056395 0 -1.0080073124929971
-0.24002862289904336 0.93930363510736725 0 -0.81973875172180422
-0.22956672613071444 0.94296650473864474 0 -0.72883390514239743
-0.21158636515114379 0.94899094145527352 0 -0.67528780608663885
-0.19360846956608616 0.95467629704365919 0 -0.76209279869905411
-0.18315022503657402 0.95782973088504508 0 -0.86546394623656975
-0.16519445301699889 0.96298253949955626 0 -0.94887014351835286
-0.14726390518603782 0.96780162643855794 0 -0.88623392068819085
-0.13684350384104896 0.97045366954608892 0 -0.79393492229372686
-0.11897009048781115 0.97475022138126188 0 -0.73224851449483763
-0.1011433668045766 0.97872030533131338 0 -0.81967958472000157
-0.09079305773611826 0.98088184856604332 0 -0.93631912673986828
-0.073056311985055675 0.98434225204822012 0 -1.168433188334365
-0.055386282416703368 0.98748513778288138 0 -1.4331418110565184
-0.045136153997773099 0.98916962056815483 0 -1.6013409207003715
-0.027586574900432658 0.9918182002054079 0 -1.8428056566334732
-0.010122187898938394 0.99415969950978633 0 -2.0204929226518211
4.6492072581075205e-17 0.99538279592569012 0 -2.0618364212247458
0.017315984980563085 0.99724754714278852 0 -1.6306819005851925
0.034529930933562818 0.9988169281264313 0 -0.47636306111563498
-0.99826631975460012 -0.044659176519707654 0 2.5622369361677189
-0.99635971105753707 -0.027440305217570692 0 10.471652089848396
-0.994159699509786 -0.01012218789893839 0 16.911608407064961
-0.99274251552795123 1.1198596787937211e-17 0 19.654143385974383
-0.99006951091644912 0.017462338809176574 0 19.252863054843722
-0.98709220696031752 0.035007395908386349 0 11.680025781527194
-0.98521781547677478 0.045253810723981075 0 4.4324778679099985
-0.98175124853651752 0.062915705722240881 0 -4.9076399477259338
-0.97797075637907604 0.080642242067346201 0 -9.1441335648384641
-0.97562470211136065 0.09098572343739976 0 -9.4019767024566328
-0.97134084590382963 0.10879931933805392 0 -8.7094017383713087
-0.9667349090072519 0.12665800837418828 0 -6.9471941665014514
-0.96390494592804576 0.13706918653774353 0 -5.5137138158446808
-0.95878402466242396 0.15498290967232331 0 -3.7740434186698208
-0.95333453101321597 0.17292081539723198 0 -3.1531515551545284
-0.95001091269371496 0.18336827491723992 0 -3.2617565787481304
-0.94403759286698063 0.20132713945102068 0 -3.4927221943624405
-0.93773105458749606 0.21928805420560304 0 -3.6708065775261813
-0.93390680720681207 0.22973854509566277 0 -3.7579375021310213
-0.92707065477727746 0.24768454068623677 0 -4.0077817038467805
-0.9198986484327446 0.26560940405724331 0 -4.4026689273444575
-0.91556981844108687 0.2760280998105123 0 -4.6723821684390554
-0.90786570819836143 0.29390065906414242 0 -4.7874113407112002
-0.89982526194085888 0.31172805523519559 0 -4.3998403763427678
-0.89499113033306199 0.3220788557248308 0 -3.9772031200354374
-0.88641959373902157 0.33981539712038983 0 -3.4654857545234603
-0.87751350775782488 0.35748212526320877 0 -3.3038187008769988
-0.87217676320737358 0.367728000866197 0 -3.3487006265586583
-0.86274426166778551 0.3852645400149981 0 -3.315351232206035
-0.85298134933298397 0.40270624950013351 0 -3.0919566300707801
-0.84714821307883259 0.4128096211625335 0 -2.8874452343755435
-0.83686732489551996 0.43008144048485297 0 -2.6128693053592809
-0.8262625635076859 0.44723331994773352 0 -2.4646222916845133
-0.81994285988180793 0.45715646834182438 0 -2.42901592751124
-0.80883237102780348 0.47409883261308866 0 -2.3371591163227965
-0.79740695320346433 0.49089633938595473 0 -2.1898851274627833
-0.79061412101911932 0.50060183489639187 0 -2.0803525737895923
-0.77869901233289363 0.51715073779949339 0 -1.876746194712503
-0.7664802917068374 0.53353035206391985 0 -1.6574365460292475
-0.75923133335592463 0.54298149616776858 0 -1.5265984747974737
-0.7465426596843292 0.55907442112947325 0 -1.3568521950874388
-0.73356398769922448 0.57497440749928463 0 -1.2655773406699908
-0.72587935466908493 0.58413567525308197 0 -1.2423008806857345
-0.71245401478345571 0.59971235257197464 0 -1.1566677521271038
-0.69875446873305025 0.61507351080283013 0 -0.99968460959062466
-0.69065788426636521 0.62391098368365006 0 -0.88171466876392857
-0.6765382838818782 0.638914125376428 0 -0.72912098666286562
-0.6621622899157813 0.6536805116044262 0 -0.65345731163435317
-0.65368051160442597 0.66216228991578163 0 -0.64279673013286798
-0.63891412537642778 0.67653828388187853 0 -0.65139903075989258
-0.62391098368364994 0.69065788426636554 0 -0.68961667937289273
-0.61507351080283001 0.69875446873305069 0 -0.72291774279088095
-0.59971235257197453 0.71245401478345616 0 -0.76147571912409728
-0.58413567525308174 0.72587935466908549 0 -0.77085628328546874
-0.57497440749928441 0.73356398769922504 0 -0.76662453135061037
-0.55907442112947303 0.74654265968432965 0 -0.80058101873862875
-0.54298149616776836 0.75923133335592485 0 -0.89475029511594417
-0.53353035206391952 0.76648029170683785 0 -0.97404517483356601
-0.51715073779949317 0.77869901233289374 0 -1.1026040940926418
-0.50060183489639165 0.79061412101911921 0 -1.2143440338728542
-0.49089633938595439 0.79740695320346433 0 -1.2703010245973876
-0.47409883261308849 0.80883237102780348 0 -1.3289251967436839
-0.45715646834182416 0.81994285988180793 0 -1.3371628511188358
-0.44723331994773319 0.82626256350768612 0 -1.3263018584054485
-0.43008144048485286 0.83686732489552018 0 -1.3912076504227864
-0.41280962116253339 0.84714821307883281 0 -1.5783616136716139
-0.4027062495001334 0.85298134933298431 0 -1.7309651094112706
-0.38526454001499805 0.86274426166778584 0 -1.8682058255381586
-0.36772800086619689 0.8721767632073737 0 -1.8192327742561776
-0.35748212526320872 0.87751350775782488 0 -1.7183715503949764
-0.33981539712038977 0.8864195937390219 0 -1.6162730398267811
-0.32207885572483069 0.8949911303330621 0 -1.6343833249571684
-0.31172805523519537 0.89982526194085899 0 -1.6888586614758121
-0.29390065906414231 0.90786570819836165 0 -1.6755771023092465
-0.27602809981051202 0.91556981844108654 0 -1.5011762025951465
-0.26560940405724315 0.91989864843274449 0 -1.3351259868530359
-0.2476845406862366 0.92707065477727724 0 -1.0805412677403292
-0.22973854509566269 0.93390680720681207 0 -0.88703154212598612
-0.21928805420560288 0.93773105458749617 0 -0.80313611474764068
-0.2013271394510206 0.94403759286698075 0 -0.70903506713248299
-0.18336827491723984 0.95001091269371485 0 -0.6795628186719328
-0.17292081539723181 0.95333453101321586 0 -0.68897051053367875
-0.1549829096723232 0.95878402466242363 0 -0.7082922219078861
-0.13706918653774341 0.96390494592804554 0 -0.72477086728931017
-0.1266580083741882 0.96673490900725156 0 -0.73793380603778069
-0.10879931933805387 0.97134084590382963 0 -0.84629332145959824
-0.090985723437399718 0.97562470211136043 0 -1.0741540218830632
-0.080642242067346104 0.97797075637907582 0 -1.2595785484904796
-0.062915705722240853 0.98175124853651741 0 -1.62041545995833
-0.04525381072398104 0.98521781547677478 0 -2.0287772741480898
-0.035007395908386287 0.98709220696031763 0 -2.2830310641006299
-0.017462338809176525 0.99006951091644912 0 -2.6417369837357181
1.0579578875036159e-17 0.99274251552795112 0 -2.887586879243917
0.010122187898938449 0.99415969950978633 0 -2.9431962675390819
0.027440305217570713 0.99635971105753707 0 -2.3156350376918544
0.044659176519707647 0.99826631975460012 0 -0.67381290307266795
-0.99707479656055809 -0.062142732782788652 0 2.6278222748001392
-0.99459125349322663 -0.044911876114919223 0 12.354834509653589
-0.9918182002054079 -0.027586574900432675 0 23.125883651934117
-0.99006951091644935 -0.017462338809176546 0 29.346352532828512
-0.98683068815640196 1.4572396667144191e-17 0 32.6170450281762
-0.98329280545041053 0.017540806791497519 0 25.283321989306888
-0.98109478125392779 0.027782889107713329 0 16.671810289657582
-0.9770769839421295 0.045434325848733789 0 3.9761224413122345
-0.97275183485187511 0.063146836388593613 0 -4.693835322108991
-0.97009202397353111 0.073480630484257917 0 -7.8865308462102321
-0.96527494500100608 0.091275176385465062 0 -10.408447288764931
-0.96014365590634942 0.10911206095269846 0 -9.1996046314492652
-0.9570117603053846 0.11950941864075311 0 -6.9950397494178711
-0.95137892851588624 0.13739769983455352 0 -4.2545974714654182
-0.94542662979184922 0.15530834762856935 0 -3.3656699480242631
-0.94181475746798049 0.1657392633000413 0 -3.6205606858839925
-0.93535396289074801 0.18366881128693616 0 -4.0448629095705355
-0.928570202160372 0.20159964855885826 0 -4.2589788190005242
-0.92447310145318851 0.21203245704072446 0 -4.3061872592391763
-0.91717678601912056 0.22994807037275541 0 -4.5617637674945524
-0.90955590234938077 0.24784294930988307 0 -5.0832231265126291
-0.90497117141510053 0.25824456455704381 0 -5.4738382477286143
-0.89683677343945134 0.27608873986704546 0 -5.7397496929262335
-0.88837822081098095 0.29388939549677007 0 -5.4120555003163817
-0.88330648553388336 0.30422558812311734 0 -4.9841071091425251
-0.87433672651092142 0.32193901636689803 0 -4.420909220525564
-0.86504533533396333 0.33958558644676151 0 -4.1578944117264633
-0.85949038927133858 0.34982129674911056 0 -4.1259137445800969
-0.84969349226086111 0.3673434181942592 0 -4.0102486628630114
-0.83957965863299888 0.38477501872040742 0 -3.7791153866423537
-0.83354855921700233 0.39487470049655016 0 -3.5978902357350413
-0.82293838932556174 0.41214430968977522 0 -3.3085129080831881
-0.81201818313756091 0.42929965639737694 0 -3.0614112004117859
-0.80552129926365912 0.43922764557189603 0 -2.9353513443108308
-0.7941174184237606 0.45618353536283202 0 -2.7223155215801977
-0.78241260329587614 0.47300159952749338 0 -2.5100417929673218
-0.77546361059714475 0.48272250044569648 0 -2.3855182110021178
-0.76329124098462231 0.49930413225843223 0 -2.1497858274931025
-0.75082920130422437 0.51572481735578535 0 -1.8836198248470661
-0.7434450228075844 0.52520389865524397 0 -1.7185301246875215
-0.73053491573966622 0.5413520846938622 0 -1.4765736366660724
-0.71734848868963552 0.5573169091454433 0 -1.2957362159611634
-0.70954918012121038 0.56652050042770719 0 -1.2144340804756784
-0.69593739004642508 0.582178082479474 0 -1.0533374975075951
-0.68206460335382568 0.59763085289967266 0 -0.85611418606143141
-0.67387318403870122 0.606526733051859 0 -0.72900542449659278
-0.65960075014272657 0.62163924208966204 0 -0.55851911575923052
-0.64508446920969653 0.63652670121853483 0 -0.45796608615111889
-0.63652670121853472 0.64508446920969664 0 -0.43005922737196134
-0.62163924208966181 0.65960075014272679 0 -0.41498931061632777
-0.60652673305185878 0.67387318403870167 0 -0.43807224738946399
-0.59763085289967244 0.68206460335382602 0 -0.46675959168941622
-0.58217808247947389 0.69593739004642552 0 -0.51272079772036694
-0.56652050042770707 0.70954918012121082 0 -0.54943339220537113
-0.55731690914544318 0.71734848868963597 0 -0.5691981594653458
-0.54135208469386198 0.73053491573966645 0 -0.64637073158607017
-0.52520389865524375 0.74344502280758462 0 -0.783910802011198
-0.51572481735578513 0.7508292013042247 0 -0.88785774483664781
-0.49930413225843212 0.76329124098462242 0 -1.0530548206304924
-0.48272250044569631 0.77546361059714475 0 -1.1927295439687886
-0.47300159952749299 0.78241260329587625 0 -1.2618090709592329
-0.45618353536283179 0.79411741842376071 0 -1.3559989438515909
-0.43922764557189575 0.80552129926365912 0 -1.4181336721161546
-0.42929965639737655 0.81201818313756091 0 -1.4456338826239059
-0.41214430968977506 0.82293838932556207 0 -1.5712089359042893
-0.39487470049654999 0.83354855921700244 0 -1.8092283611559286
-0.38477501872040737 0.83957965863299888 0 -1.9851521478543721
-0.36734341819425914 0.84969349226086122 0 -2.1325235040581862
-0.3498212967491105 0.85949038927133836 0 -2.0519053993641534
-0.33958558644676146 0.86504533533396333 0 -1.9154542815725801
-0.32193901636689792 0.87433672651092154 0 -1.7614326915580769
-0.30422558812311729 0.88330648553388369 0 -1.7439155283850121
-0.2938893954967699 0.88837822081098106 0 -1.7830487960498733
-0.27608873986704535 0.89683677343945167 0 -1.7277627809703313
-0.25824456455704364 0.90497117141510064 0 -1.4868160333236955
-0.2478429493098829 0.90955590234938066 0 -1.2735002813316703
-0.22994807037275519 0.91717678601912034 0 -0.9748392877905
-0.21203245704072429 0.92447310145318828 0 -0.79070322188911435
-0.20159964855885812 0.92857020216037212 0 -0.73073122683816272
-0.1836688112869361 0.93535396289074779 0 -0.62318067532826882
-0.16573926330004124 0.9418147574679806 0 -0.49691405261774463
-0.15530834762856918 0.94542662979184922 0 -0.42376833701063299
-0.13739769983455341 0.95137892851588624 0 -0.43930228659073217
-0.11950941864075304 0.95701176030538426 0 -0.6548487947253232
-0.1091120609526984 0.9601436559063492 0 -0.86821357667932264
-0.091275176385465034 0.96527494500100564 0 -1.3127124715546823
-0.073480630484257875 0.97009202397353089 0 -1.8449736614141128
-0.063146836388593544 0.972751834851875 0 -2.1943990060223215
-0.045434325848733734 0.97707698394212938 0 -2.8285712428275107
-0.027782889107713288 0.98109478125392768 0 -3.5027149422739963
-0.017540806791497447 0.98329280545041065 0 -3.9031875791839519
3.8252541251253504e-17 0.98683068815640196 0 -4.4091011809752008
0.01746233880917657 0.99006951091644935 0 -4.6578946728470632
0.027586574900432734 0.9918182002054079 0 -4.6317409248263148
0.044911876114919258 0.99459125349322663 0 -3.5533125572552522
0.062142732782788639 0.99707479656055831 0 -1.0192457263489452
-0.99556822049148874 -0.079719988140758785 0 1.5572075895886424
-0.99251141601463544 -0.062472890915162844 0 10.427562049524155
-0.98916962056815483 -0.04513615399777314 0 24.815793368821545
-0.98709220696031752 -0.035007395908386328 0 35.021300162473885
-0.98329280545041053 -0.017540806791497492 0 44.506172438534946
-0.97920014231616714 1.4729202116692735e-17 0 42.094947266512044
-0.97668210578427017 0.010240223300937518 0 35.61011321377547
-0.97211970052502306 0.027885450684148345 0 23.203876543238394
-0.96725699759268224 0.045588180878276915 0 10.218991707646515
-0.96428777235423901 0.055914755664199178 0 2.6624127050114081
-0.95894526663396784 0.073694484384132591 0 -5.8963920040965947
-0.9532968148792007 0.091513782992505316 0 -8.2189556569719748
-0.9498679200244976 0.1018997663044863 0 -6.9796832001240219
-0.94373191650684807 0.11976678814445151 0 -5.1161544665334659
-0.9372858510623564 0.13765432769208727 0 -4.2712996764852686
-0.93339110793797642 0.14807109581075042 0 -4.2066883517515699
-0.9264522736285089 0.16597540548925632 0 -4.1362404680364282
-0.91920092666669584 0.18388018436083539 0 -4.0163591110050323
-0.91483665809870396 0.19429761749758062 0 -3.9479672598124189
-0.90709005508112017 0.21218674886561578 0 -4.2013673139511489
-0.89903027064163821 0.23005545106955633 0 -4.9794189964188522
-0.89419547625738005 0.24044215343734179 0 -5.6222813549612152
-0.88564084837278512 0.25826157564891417 0 -6.2344674551262926
-0.87677424940302662 0.27603898927626186 0 -6.1058568643767703
-0.87147075145329744 0.28636254261759536 0 -5.727807972256044
-0.86211275745489668 0.30405611238350894 0 -5.1650644580364791
-0.85244595583727523 0.32168560212435748 0 -4.7985366674264798
-0.84667851028366115 0.33191284965275281 0 -4.6680289169285123
-0.83652689474234787 0.34942331375658564 0 -4.4678608879387482
-0.82607163597672406 0.36684734091151916 0 -4.2811197380711041
-0.81984800419916148 0.37694469751011661 0 -4.1737825173113006
-0.80891769856844109 0.39421423787658005 0 -3.9177779403071855
-0.79769093405909741 0.41137491945266869 0 -3.5605193869188709
-0.79102191135103084 0.42130870292259126 0 -3.3133165516827181
-0.7793330591070069 0.43827951477379107 0 -2.9355028555835565
-0.76735694064673865 0.45511921157717383 0 -2.6333351674303342
-0.76025633868132003 0.46485598879293683 0 -2.4877034502327851
-0.74783424029649603 0.48147088090091766 0 -2.2202463045554461
-0.73513603329818422 0.49793280312325594 0 -1.920919659077446
-0.72762061493714947 0.50743974418603222 0 -1.7343698884574119
-0.71449559056436773 0.52364274901894037 0 -1.4304847253226236
-0.7011075047933879 0.53967156674798744 0 -1.1527402614269016
-0.69319687092640836 0.5489167996771106 0 -1.0021073682884307
-0.67940404097973917 0.56465378041862124 0 -0.7505873064745342
-0.6653629799001517 0.58019622585500741 0 -0.50615618908677362
-0.65707940939222653 0.58914918406206618 0 -0.36905795675778552
-0.64265839561697835 0.60436842511911348 0 -0.17761132995300993
-0.62800562787770131 0.61937387310363456 0 -0.046047296091675932
-0.61937387310363423 0.62800562787770153 0 0.003620906310370371
-0.60436842511911348 0.64265839561697846 0 0.044799205973758437
-0.58914918406206607 0.65707940939222687 0 0.031573905862287505
-0.58019622585500719 0.66536297990015203 0 0.0015437092802978809
-0.56465378041862102 0.67940404097973972 0 -0.056969393337305739
-0.54891679967711049 0.6931968709264088 0 -0.11828591225801251
-0.53967156674798733 0.70110750479338835 0 -0.15730528368965241
-0.52364274901894026 0.71449559056436796 0 -0.27142708203948018
-0.5074397441860321 0.7276206149371498 0 -0.44947649312702548
-0.49793280312325572 0.73513603329818455 0 -0.57812446541343954
-0.48147088090091744 0.74783424029649614 0 -0.78535752192261221
-0.4648559887929366 0.76025633868131992 0 -0.96540128757320032
-0.45511921157717361 0.76735694064673865 0 -1.0576281922144157
-0.43827951477379085 0.77933305910700668 0 -1.2027632617630841
-0.42130870292259104 0.79102191135103084 0 -1.3308598561574732
-0.41137491945266846 0.79769093405909741 0 -1.4009378379251805
-0.39421423787657989 0.80891769856844131 0 -1.5703344789340714
-0.3769446975101165 0.81984800419916171 0 -1.809044563635464
-0.36684734091151899 0.82607163597672406 0 -1.9675446730680788
-0.34942331375658559 0.8365268947423482 0 -2.092841048628129
-0.33191284965275275 0.84667851028366126 0 -2.0046654697533346
-0.32168560212435743 0.85244595583727534 0 -1.8679398540666268
-0.30405611238350894 0.86211275745489713 0 -1.6887430410947128
-0.28636254261759531 0.87147075145329767 0 -1.6090339341850011
-0.27603898927626164 0.87677424940302673 0 -1.5965335299486509
-0.25826157564891405 0.88564084837278534 0 -1.4579025105153414
-0.24044215343734157 0.89419547625738016 0 -1.1440988226751201
-0.23005545106955611 0.89903027064163799 0 -0.89449149735714095
-0.21218674886561559 0.90709005508112006 0 -0.57235674157800909
-0.19429761749758054 0.91483665809870396 0 -0.41706401452222291
-0.18388018436083528 0.91920092666669584 0 -0.3952085953868143
-0.16597540548925627 0.92645227362850913 0 -0.35546853467808459
-0.14807109581075037 0.93339110793797642 0 -0.29342932406419336
-0.13765432769208713 0.9372858510623564 0 -0.26120857746307885
-0.11976678814445145 0.94373191650684807 0 -0.43177702063912793
-0.10189976630448623 0.94986792002449738 0 -0.92151847499871287
-0.091513782992505247 0.95329681487920059 0 -1.3450167449939232
-0.073694484384132536 0.95894526663396773 0 -2.161934039938838
-0.055914755664199144 0.96428777235423879 0 -3.0704038643613369
-0.045588180878276832 0.96725699759268202 0 -3.6384852021918341
-0.027885450684148293 0.97211970052502306 0 -4.609810958819442
-0.010240223300937478 0.97668210578427017 0 -5.5669523335833535
6.0757958731357538e-17 0.97920014231616725 0 -6.1006883111127639
0.017540806791497547 0.98329280545041053 0 -6.6726612022694107
0.035007395908386349 0.98709220696031752 0 -6.7648070046840694
0.04513615399777321 0.98916962056815516 0 -6.5345383842258382
0.062472890915162872 0.99251141601463544 0 -4.8535461356396166
0.079719988140758785 0.99556822049148885 0 -1.3655207357440191
-0.99454424422902687 -0.089989943855735513 0 0.43958844680861453
-0.99115573231379728 -0.072731534099536754 0 7.5961937915943256
-0.98748513778288149 -0.055386282416703361 0 23.631292925761596
-0.98521781547677489 -0.045253810723981061 0 36.229657732456026
-0.98109478125392791 -0.027782889107713298 0 50.266174463120187
-0.9766821057842705 -0.010240223300937483 0 52.689914460858027
-0.97397960001448836 1.9561939350547533e-17 0 48.967884354720674
-0.96910346323295038 0.017643472210844384 0 38.419486014396306
-0.96393134325166352 0.035342367538579438 0 23.200249352495494
-0.96078413066580359 0.045665820402639862 0 12.661349429513065
-0.95513956512878617 0.06343877736645763 0 -0.42170725360909039
-0.94919403188499474 0.081249686482674638 0 -6.0043760123142844
-0.94559462854700804 0.091630119982568758 0 -6.0811123697049592
-0.9391699194142803 0.10948659843248501 0 -5.5716796435905582
-0.9324407477098362 0.12736250383467448 0 -4.9439254792936413
-0.9283839075877347 0.13777208590181628 0 -4.5351648621745282
-0.92117128383863001 0.15566348975469801 0 -3.9455416148633708
-0.91365231248168388 0.17355485900079803 0 -3.524156667713815
-0.90913520788838487 0.18396435152961782 0 -3.379424790581286
-0.90113114104195779 0.20183977351729093 0 -3.643525661147172
-0.89282055611225553 0.21969490248566464 0 -4.6090030589267839
-0.88784293492790067 0.2300738709086268 0 -5.4318479238607491
-0.87904839519090994 0.247880469193546 0 -6.302553841249372
-0.86994896740109984 0.26564587908580051 0 -6.3433857985615703
-0.86451328207627254 0.27596293255244159 0 -6.0229102569601656
-0.85493394348462859 0.29364635859447336 0 -5.4937480683560622
-0.84505321144667578 0.31126724227948066 0 -5.0788019474315576
-0.83916471515194546 0.3214903015698618 0 -4.8892979452770042
-0.82881110200485897 0.33899517378665622 0 -4.6439354527619789
-0.8181614940768327 0.35641588536849494 0 -4.4985565072711564
-0.81182829992889061 0.36651247468148446 0 -4.4473662069526352
-0.80071586788874904 0.38378289076658728 0 -4.222758515175439
-0.78931475647925764 0.40094747061985297 0 -3.7972171063798088
-0.78254785653108971 0.41088502844542513 0 -3.4704072523094922
-0.77069700315898226 0.42786510765567343 0 -2.9830089894133236
-0.75856668687981621 0.44471783368947954 0 -2.6190528420302193
-0.75137992849407109 0.45446403714882688 0 -2.457680337232893
-0.7388159296743223 0.47109848252628872 0 -2.1701982139666613
-0.7259835405123487 0.48758443719276029 0 -1.8557271637641919
-0.71839355881427125 0.49710753355590792 0 -1.6612682455387886
-0.70514642943575812 0.51334220298570532 0 -1.3250434133716982
-0.69164376410030226 0.52940784461266399 0 -0.9883321582636535
-0.68366987038991889 0.53867698322097179 0 -0.79343741198343187
-0.66977414972476101 0.55445945751078096 0 -0.48383157979697655
-0.65563742643840761 0.5700531839723455 0 -0.20904083449876754
-0.64730145368317549 0.5790387415354119 0 -0.065635336324095211
-0.63279591804871571 0.59431887738609446 0 0.13961515093897481
-0.61806546219773772 0.60939156997278288 0 0.291785132222733
-0.60939156997278243 0.61806546219773806 0 0.35567503481164714
-0.59431887738609435 0.63279591804871593 0 0.41285050623970226
-0.57903874153541179 0.64730145368317582 0 0.40300820719793701
-0.57005318397234528 0.65563742643840817 0 0.36942544886403411
-0.55445945751078074 0.66977414972476168 0 0.30145068903668598
-0.53867698322097157 0.68366987038991922 0 0.22704125969938113
-0.52940784461266377 0.69164376410030282 0 0.17864470323224993
-0.5133422029857051 0.70514642943575834 0 0.04566679144215776
-0.49710753355590787 0.71839355881427169 0 -0.15488456452023994
-0.48758443719276007 0.72598354051234892 0 -0.29831926824446303
-0.4710984825262885 0.73881592967432275 0 -0.53271556920061391
-0.45446403714882672 0.75137992849407109 0 -0.74221281645261439
-0.44471783368947926 0.7585666868798161 0 -0.85288398443064528
-0.4278651076556732 0.77069700315898226 0 -1.0347641026869172
-0.41088502844542479 0.7825478565310896 0 -1.2065454645185152
-0.40094747061985281 0.78931475647925753 0 -1.3033347316440489
-0.38378289076658711 0.80071586788874927 0 -1.4916116101270522
-0.36651247468148423 0.81182829992889061 0 -1.7107850442154366
-0.35641588536849478 0.81816149407683281 0 -1.8431313014289317
-0.33899517378665617 0.82881110200485919 0 -1.941734867901906
-0.3214903015698618 0.83916471515194568 0 -1.8566056337001922
-0.31126724227948066 0.845053211446676 0 -1.7323766870658583
-0.2936463585944733 0.85493394348462903 0 -1.5469917257591022
-0.27596293255244153 0.86451328207627276 0 -1.4191797963317465
-0.26564587908580034 0.86994896740109984 0 -1.362042099482911
-0.24788046919354589 0.87904839519091016 0 -1.1588127963790535
-0.2300738709086266 0.88784293492790067 0 -0.80200153471918123
-0.21969490248566445 0.8928205561122553 0 -0.5377033401030854
-0.20183977351729074 0.90113114104195779 0 -0.21178259792381185
-0.18396435152961774 0.90913520788838476 0 -0.080284567964632444
-0.17355485900079787 0.91365231248168399 0 -0.085173721392943005
-0.15566348975469788 0.92117128383863001 0 -0.11749368117268413
-0.13777208590181622 0.92838390758773448 0 -0.16130874040930901
-0.12736250383467435 0.9324407477098362 0 -0.20623669106383002
-0.10948659843248496 0.93916991941428007 0 -0.53702032842993308
-0.091630119982568675 0.94559462854700793 0 -1.2213766905361387
-0.081249686482674541 0.9491940318849944 0 -1.7726954478966461
-0.063438777366457574 0.95513956512878573 0 -2.8211850314479787
-0.045665820402639834 0.96078413066580337 0 -3.9738187157200029
-0.035342367538579361 0.96393134325166363 0 -4.6866695691883251
-0.017643472210844332 0.96910346323295027 0 -5.8722715011652316
1.7652045863659756e-17 0.97397960001448824 0 -6.9929363131351385
0.010240223300937558 0.97668210578427039 0 -7.5932034393321777
0.027782889107713354 0.98109478125392791 0 -8.1611525265843046
0.045253810723981075 0.98521781547677489 0 -8.0878277351906416
0.055386282416703431 0.98748513778288161 0 -7.6978868720044229
0.072731534099536782 0.99115573231379728 0 -5.6034607499423563
0.089989943855735513 0.9945442442290271 0 -1.5554833455316714
-0.99252839443646268 -0.10770006954876805 0 -1.5825414622876337
-0.98857363633635165 -0.090419207388299477 0 1.3667268842286038
-0.98434225204822023 -0.073056311985055702 0 17.223418439240497
-0.98175124853651752 -0.062915705722240867 0 31.574398282733547
-0.97707698394212972 -0.045434325848733755 0 50.933127158925295
-0.97211970052502283 -0.027885450684148307 0 61.534828325980484
-0.96910346323295038 -0.017643472210844349 0 63.555058293250312
-0.96369409639719072 2.0567426190417353e-17 0 58.910250675290072
-0.95799649729309089 0.017695320367029439 0 43.75535677250727
-0.95454719773194507 0.028015161601075804 0 30.782061586411352
-0.94839027460734548 0.045779489336507183 0 13.039605590670991
-0.94194120594474084 0.063578979683251907 0 2.7319394055150017
-0.93805296897235158 0.073951614731755613 0 -0.050519851923209763
-0.93113948316478146 0.091792947748646603 0 -2.8410588133699486
-0.92393135091383982 0.10965180952903786 0 -3.625653794484009
-0.91960042318252444 0.12005074534650678 0 -3.2533726817665114
-0.91192509690285695 0.13792286789130018 0 -2.7402379948437505
-0.90395413613789388 0.15579404636883895 0 -2.6130045909930488
-0.89917903697879431 0.16619153005507561 0 -2.7212714713835813
-0.8907405695392393 0.18404615799028545 0 -3.2694852750290173
-0.88200707839033154 0.20188065794875215 0 -4.2859258773069913
-0.87678872884786641 0.21224786889428057 0 -5.048140405990992
-0.86759000541755638 0.23003499398645225 0 -5.9328617970190827
-0.85809853656022184 0.24778224143541838 0 -6.1768577743600019
-0.85244036249246291 0.25808950961420529 0 -6.0492836042364138
-0.8424886162556271 0.27575778753718022 0 -5.7770960977048871
-0.83224811932042109 0.29336603341769285 0 -5.4962273732836087
-0.82615612483964107 0.30358308125039585 0 -5.3315481948189314
-0.81546304639858924 0.32108025844651567 0 -5.0917746444911396
-0.80448695548577309 0.33849701894275019 0 -4.9128326893781695
-0.79796976352848958 0.34859322334814913 0 -4.8245873450883741
-0.7865515523589951 0.36586659652757297 0 -4.5149046741664254
-0.77485781390798059 0.3830391232633249 0 -3.9785103468964409
-0.7679266713876669 0.39298379376343762 0 -3.5772790636941822
-0.75580402536824132 0.40998069457032726 0 -2.9762740931930876
-0.74341506293372916 0.42685646677763728 0 -2.5209571130513768
-0.73608380872566093 0.43661913485974596 0 -2.3161629225587399
-0.72328184919211136 0.45328743115586745 0 -1.9642616300643363
-0.71022446318062904 0.46981466090792035 0 -1.5972173230925937
-0.70250945809240339 0.47936537530912188 0 -1.3758201082179569
-0.68905758946846563 0.49565397967851671 0 -0.97390049054069971
-0.67536279153887102 0.51178212053565308 0 -0.5430449086530551
-0.66728281039985715 0.52109174273342218 0 -0.28284667327631896
-0.65321451516492179 0.53695111824626207 0 0.11505832207413411
-0.63891729873173098 0.55263136721840955 0 0.44231912424151199
-0.63049338575197766 0.56167186120860768 0 0.60169627110398471
-0.61584595726001756 0.57705451423642229 0 0.83624880430926152
-0.6009850072884958 0.59224029685029322 0 1.0242622328510973
-0.59224029685029289 0.60098500728849613 0 1.1110038799800908
-0.57705451423642218 0.61584595726001778 0 1.1922041334449782
-0.56167186120860757 0.63049338575197789 0 1.1849146171888876
-0.55263136721840933 0.63891729873173142 0 1.1438508584778833
-0.53695111824626196 0.65321451516492246 0 1.058177843313757
-0.52109174273342196 0.66728281039985782 0 0.96195609610691923
-0.51178212053565286 0.67536279153887158 0 0.89896123177810361
-0.4956539796785166 0.68905758946846585 0 0.73366480665065159
-0.47936537530912177 0.70250945809240373 0 0.49162597256191576
-0.46981466090792007 0.71022446318062948 0 0.32001289187384796
-0.45328743115586728 0.72328184919211147 0 0.028966626681716102
-0.43661913485974568 0.7360838087256607 0 -0.24714762436229118
-0.42685646677763694 0.74341506293372894 0 -0.40075928673380529
-0.4099806945703271 0.75580402536824121 0 -0.66086422072682616
-0.39298379376343723 0.76792667138766657 0 -0.91552503733032908
-0.38303912326332457 0.77485781390798047 0 -1.0597575883098098
-0.36586659652757275 0.78655155235899521 0 -1.2866375661301086
-0.34859322334814896 0.7979697635284897 0 -1.4836500361216003
-0.33849701894275014 0.80448695548577343 0 -1.5785198028438465
-0.32108025844651555 0.81546304639858935 0 -1.6236364480837513
-0.30358308125039585 0.82615612483964129 0 -1.5062514132070717
-0.29336603341769274 0.83224811932042109 0 -1.3698915822310864
-0.27575778753718011 0.84248861625562732 0 -1.1308924765680026
-0.25808950961420518 0.85244036249246324 0 -0.9012326502861201
-0.24778224143541824 0.85809853656022206 0 -0.76676307331824622
-0.23003499398645214 0.86759000541755693 0 -0.4685445337189989
-0.21224786889428043 0.87678872884786663 0 -0.07400053217200328
-0.2018806579487519 0.88200707839033132 0 0.18810396799878054
-0.18404615799028534 0.89074056953923919 0 0.49990163662648479
-0.16619153005507553 0.89917903697879409 0 0.60920661415869404
-0.15579404636883881 0.90395413613789388 0 0.58355523759100958
-0.13792286789130012 0.91192509690285695 0 0.43403467333608631
-0.12005074534650673 0.91960042318252433 0 0.16017436406603885
-0.10965180952903776 0.92393135091383982 0 -0.067568073850646851
-0.091792947748646561 0.93113948316478112 0 -0.75566394422537586
-0.073951614731755516 0.93805296897235146 0 -1.8448796680134678
-0.063578979683251824 0.94194120594474084 0 -2.6495325409837318
-0.04577948933650712 0.94839027460734526 0 -4.1031014325184767
-0.028015161601075762 0.95454719773194496 0 -5.6123110154672142
-0.017695320367029359 0.95799649729309078 0 -6.5077600287434638
3.2720905302936703e-17 0.9636940963971905 0 -7.9372520531895381
0.017643472210844384 0.96910346323295027 0 -9.2075659138492405
0.027885450684148383 0.97211970052502295 0 -9.8423478728715192
0.045434325848733824 0.97707698394212972 0 -10.264499412996409
0.062915705722240894 0.98175124853651752 0 -9.7636368024250153
0.073056311985055772 0.98434225204822023 0 -9.0073610143676195
0.090419207388299519 0.98857363633635165 0 -6.3059970079477967
0.10770006954876807 0.99252839443646279 0 -1.7039279198837736
-0.99018407685433441 -0.12548403803665095 0 -3.6597377548572316
-0.98566827000784363 -0.10817716030722736 0 -6.4658477889031349
-0.98088184856604332 -0.090793057736118288 0 5.0943211183679313
-0.97797075637907616 -0.080642242067346159 0 17.828242879497008
-0.97275183485187533 -0.063146836388593586 0 38.760994060199174
-0.96725699759268224 -0.045588180878276881 0 56.909075863754914
-0.96393134325166374 -0.035342367538579396 0 65.706499974225508
-0.957996497293091 -0.01769532036702939 0 70.412877513628288
-0.95178156875724484 2.8295287182444089e-17 0 60.802807232412917
-0.94803509563879473 0.010318308968032892 0 49.318833898635759
-0.94137452704523872 0.028077575480529863 0 31.573693115274768
-0.93443094627439571 0.045869204624419929 0 18.064580905631228
-0.93025925653767561 0.056236104563002973 0 12.130437906244103
-0.92286643798354817 0.074065820602476545 0 4.8643720496751639
-0.9151890090828475 0.09191113921158349 0 1.2389464722677541
-0.91058970508773163 0.1023014497102113 0 0.64590660047139348
-0.90246161491067578 0.12015772894020833 0 -0.35003773186440934
-0.89404873066181356 0.13801210212692516 0 -1.6957795307956669
-0.88902153960175734 0.14839951868363563 0 -2.6044457502767204
-0.88015886587139147 0.16623663160388871 0 -3.8093643982430918
-0.87101269828861128 0.18405369814085185 0 -4.4818939136003966
-0.8655595765247861 0.1944109676616346 0 -4.6512215150924883
-0.85596688444980507 0.21218165518912532 0 -4.9276700817207697
-0.84609353647681274 0.22991365588676302 0 -5.2385335317051567
-0.84021875027532655 0.24021277439841612 0 -5.4298651842739805
-0.82990460743860894 0.25786859852544541 0 -5.6884225849609464
-0.81931422050173652 0.27546674015874129 0 -5.8460114626719033
-0.8130244002148419 0.28567917043999258 0 -5.8849788517227797
-0.80200145477376505 0.30317089767746047 0 -5.7675521267714451
-0.79070826763546753 0.32058574773652909 0 -5.4031484842996171
-0.78401243282854483 0.33068265392154195 0 -5.0855999809015424
-0.77229744067134998 0.34796066613769455 0 -4.4915396266445429
-0.76031979595749821 0.36514257261049887 0 -3.8547663394109284
-0.75322934955810394 0.37509506821578747 0 -3.4694891873632665
-0.74084314744951207 0.39210979447935573 0 -2.8638687400203269
-0.72820344333238995 0.40900932392386991 0 -2.3404541654885471
-0.72073213355129206 0.41878872922210658 0 -2.0700343439919568
-0.70769955650342098 0.43549109140154707 0 -1.6118282230216625
-0.69442414227759319 0.4520594777753823 0 -1.1537973342891379
-0.68658799180390617 0.46163758201400718 0 -0.88564543058100609
-0.67293773423365166 0.47797944621545707 0 -0.40290448750340313
-0.65905674988211449 0.49416904234526776 0 0.11123648962957255
-0.65087395265953873 0.50351836600740929 0 0.420278622824105
-0.63663837429403325 0.5194529914905901 0 0.88878929973904486
-0.62218553555768874 0.53521771471586299 0 1.2681933569409625
-0.61367632227644064 0.54431176686423943 0 1.4502998457507308
-0.59889120119080619 0.55979424388641841 0 1.7216425957016173
-0.5839035330702772 0.57509000732691729 0 1.945493413999217
-0.57509000732691706 0.58390353307027743 0 2.0519985998972503
-0.55979424388641819 0.5988912011908063 0 2.1521667242796245
-0.5443117668642391 0.61367632227644076 0 2.1434805354482585
-0.53521771471586277 0.62218553555768907 0 2.0931960031620163
-0.51945299149058977 0.63663837429403369 0 1.9884622517091066
-0.50351836600740907 0.65087395265953918 0 1.8712316345147344
-0.49416904234526754 0.65905674988211493 0 1.794860501135715
-0.4779794462154569 0.672937734233652 0 1.5968505958827226
-0.46163758201400706 0.68658799180390639 0 1.3092426315002177
-0.45205947777538219 0.69442414227759364 0 1.1052177149495559
-0.43549109140154679 0.70769955650342131 0 0.74445791836852204
-0.41878872922210636 0.72073213355129218 0 0.38098994067117387
-0.40900932392386963 0.72820344333238973 0 0.16959058842626443
-0.39210979447935546 0.74084314744951196 0 -0.18784827232731227
-0.3750950682157872 0.75322934955810361 0 -0.53474057178584944
-0.36514257261049871 0.76031979595749821 0 -0.72822311583208377
-0.34796066613769439 0.7722974406713502 0 -1.0038921893630111
-0.33068265392154178 0.78401243282854471 0 -1.1997454149968356
-0.32058574773652904 0.79070826763546775 0 -1.2718755718782162
-0.30317089767746042 0.80200145477376539 0 -1.2558602028787711
-0.28567917043999252 0.81302440021484224 0 -1.0514137469497844
-0.27546674015874117 0.81931422050173675 0 -0.85295340263323605
-0.25786859852544536 0.82990460743860917 0 -0.49840762455968968
-0.24021277439841604 0.84021875027532666 0 -0.14338569027514642
-0.22991365588676285 0.84609353647681296 0 0.064967364561403257
-0.21218165518912516 0.85596688444980518 0 0.43214721706373149
-0.19441096766163449 0.86555957652478643 0 0.81413601454318485
-0.18405369814085168 0.87101269828861128 0 1.036925713354282
-0.16623663160388857 0.88015886587139136 0 1.3077149586224861
-0.14839951868363549 0.88902153960175712 0 1.4223021068313637
-0.13801210212692502 0.89404873066181356 0 1.4118358379824287
-0.12015772894020825 0.90246161491067578 0 1.1629641544913638
-0.10230144971021121 0.91058970508773163 0 0.60940151683053623
-0.091911139211583393 0.9151890090828475 0 0.14196247268124132
-0.07406582060247649 0.92286643798354806 0 -1.0009178786463346
-0.056236104563002903 0.93025925653767549 0 -2.5847392537637903
-0.045869204624419846 0.93443094627439549 0 -3.6873770533455765
-0.028077575480529797 0.9413745270452385 0 -5.5512545896956009
-0.010318308968032852 0.94803509563879462 0 -7.3220605635399183
4.7158811970740144e-17 0.95178156875724462 0 -8.3025369357425198
0.017695320367029442 0.95799649729309089 0 -9.7970344632148141
0.035342367538579431 0.96393134325166363 0 -11.033223976903844
0.04558818087827695 0.96725699759268224 0 -11.593905643998431
0.063146836388593655 0.97275183485187544 0 -11.684813901565807
0.080642242067346187 0.97797075637907604 0 -10.573601595037921
0.090793057736118371 0.98088184856604332 0 -9.3640335827518637
0.10817716030722739 0.98566827000784363 0 -6.1983772927961827
0.12548403803665095 0.99018407685433441 0 -1.6035972326402121
-0.98866658694181375 -0.13586486968929126 0 -4.8371576226633879
-0.98382688242632588 -0.11854133218347265 0 -11.541957041683061
-0.97872030533131349 -0.1011433668045766 0 -4.208523741992094
-0.97562470211136065 -0.090985723437399746 0 6.192644824680646
-0.97009202397353123 -0.073480630484257875 0 26.335004404681683
-0.96428777235423901 -0.055914755664199151 0 48.372015007803498
-0.96078413066580337 -0.045665820402639827 0 61.366795961209192
-0.95454719773194507 -0.028015161601075745 0 72.783209364007234
-0.94803509563879484 -0.010318308968032831 0 68.69085432327833
-0.94411801668886175 3.5066318030250773e-17 0 59.782284466662603
-0.93716847661392699 0.017757851943342087 0 44.121365682867008
-0.92994137018538181 0.035546433405424058 0 29.541495426264643
-0.92560725572198732 0.045910881842239126 0 21.683936780165702
-0.91793991933573804 0.063735353030469719 0 11.441360447529046
-0.90999390249181278 0.081574294238157555 0 5.6226686255989105
-0.90524108184045604 0.091960453698496133 0 4.0882578072197218
-0.89685413344656817 0.10980899043059264 0 1.6272623453207298
-0.88818874738771669 0.12765503866924033 0 -1.054560559793785
-0.88301758826185772 0.13803743098847626 0 -2.6503234234644695
-0.87391276639087379 0.15586575965633534 0 -4.4007282340799758
-0.86453116747703729 0.17367405292464588 0 -4.7438985078150822
-0.85894416744989444 0.18402631639855582 0 -4.3770050538388174
-0.8491269108126952 0.20178873994680371 0 -4.0734397687038584
-0.8390360017132712 0.21951311683615946 0 -4.3703704648698043
-0.83303785745470571 0.22980819254743143 0 -4.7901197123830483
-0.82251741127185751 0.24745792052824994 0 -5.4557855196860148
-0.81172793077762051 0.26505126227406228 0 -5.9837880335720346
-0.80532558248390063 0.27526159842785114 0 -6.2111543389484565
-0.79411506097889195 0.29275110667094956 0 -6.213708548668686
-0.78264162854925112 0.31016570701460466 0 -5.6887408085000102
-0.7758442774220673 0.32026347857283938 0 -5.1677880543706749
-0.76396067905548293 0.33754489352583072 0 -4.3375067881191409
-0.75182179102783919 0.3547328510903115 0 -3.6506293695070697
-0.74464088818402752 0.3646901914659913 0 -3.3112219323238592
-0.73210506115446039 0.38171569338406297 0 -2.7470696125327594
-0.71932303654662599 0.39862932043521937 0 -2.1943316729930045
-0.71177224234832814 0.4084185615474476 0 -1.8776381678885437
-0.69860879896867889 0.42514079996379184 0 -1.3416573935803389
-0.68520967393141319 0.44173304074202135 0 -0.81544903844985384
-0.67730478739947553 0.45132695736241318 0 -0.51209800218827572
-0.66354196714028268 0.46769947168968051 0 0.023694118076149073
-0.64955533832809675 0.4839243229888377 0 0.58138974267509946
-0.64131419701676706 0.49329637704980273 0 0.91157273253803572
-0.62698367925045095 0.50927401477954248 0 1.4134380380114675
-0.6124424976319004 0.52508694115018173 0 1.8227939620217357
-0.60388484907429807 0.53421152155086948 0 2.0206235394467291
-0.58902151780973455 0.54975084635649185 0 2.3164203844599887
-0.57396183568607684 0.5651091822394898 0 2.5611937521399311
-0.56510918223948969 0.57396183568607706 0 2.6777722327429698
-0.54975084635649163 0.58902151780973466 0 2.7873218290824338
-0.53421152155086915 0.60388484907429818 0 2.7769676353454167
-0.52508694115018162 0.61244249763190084 0 2.7208591081909912
-0.50927401477954215 0.62698367925045118 0 2.6046800759967468
-0.49329637704980256 0.64131419701676751 0 2.4746771219404717
-0.48392432298883759 0.6495553383280972 0 2.389796420528532
-0.4676994716896804 0.66354196714028313 0 2.171563557505614
-0.45132695736241302 0.67730478739947575 0 1.8556549532310183
-0.44173304074202124 0.68520967393141352 0 1.6310623601521039
-0.42514079996379162 0.69860879896867922 0 1.2253882374896821
-0.40841856154744743 0.71177224234832803 0 0.80402989476752118
-0.39862932043521909 0.7193230365466261 0 0.55365032270785852
-0.38171569338406275 0.73210506115446028 0 0.13294900181048599
-0.36469019146599108 0.74464088818402729 0 -0.27104571265271837
-0.35473285109031133 0.75182179102783908 0 -0.49413134319940022
-0.33754489352583061 0.76396067905548315 0 -0.80095436387431107
-0.32026347857283916 0.7758442774220673 0 -1.0013496817389644
-0.3101657070146045 0.78264162854925123 0 -1.0637028890047611
-0.29275110667094939 0.79411506097889195 0 -1.0058239505781419
-0.27526159842785108 0.80532558248390074 0 -0.7275365331069179
-0.26505126227406212 0.81172793077762062 0 -0.47341359768849128
-0.24745792052824991 0.82251741127185773 0 -0.030277920151238768
-0.22980819254743132 0.83303785745470604 0 0.4000807722646661
-0.21951311683615929 0.83903600171327142 0 0.64432670687283033
-0.20178873994680355 0.84912691081269565 0 1.0345043646000041
-0.18402631639855571 0.85894416744989477 0 1.3864466668446978
-0.17367405292464569 0.86453116747703718 0 1.5713856733876741
-0.15586575965633517 0.87391276639087367 0 1.806661097574519
-0.13803743098847618 0.88301758826185772 0 1.9325214033157634
-0.12765503866924019 0.88818874738771669 0 1.9426053248486053
-0.10980899043059254 0.89685413344656795 0 1.6393153703084518
-0.091960453698496036 0.90524108184045604 0 0.90070464307177356
-0.081574294238157444 0.90999390249181278 0 0.27027208587594004
-0.063735353030469691 0.91793991933573804 0 -1.1737773849280766
-0.045910881842239064 0.9256072557219871 0 -3.0740496303179059
-0.035546433405423968 0.92994137018538159 0 -4.3613348611444716
-0.017757851943342021 0.93716847661392677 0 -6.4531172626365496
3.1393832020325859e-18 0.94411801668886164 0 -8.3244138538453463
0.010318308968032909 0.94803509563879462 0 -9.307075236537365
0.0280151616010758 0.95454719773194474 0 -10.753330998761262
0.045665820402639862 0.96078413066580348 0 -11.881604963810821
0.055914755664199234 0.96428777235423913 0 -12.348026193099637
0.073480630484257972 0.97009202397353123 0 -12.16431891783645
0.09098572343739976 0.97562470211136054 0 -10.628264888376043
0.10114336680457667 0.97872030533131338 0 -9.127439992949661
0.11854133218347268 0.98382688242632588 0 -5.7658310496515961
0.13586486968929126 0.98866658694181386 0 -1.4324656126755673
-0.98579292268251517 -0.15374882001537754 0 -5.7503944456599143
-0.98040159546223427 -0.13639426902857682 0 -16.812205918738986
-0.97475022138126199 -0.11897009048781114 0 -16.174487043665664
-0.97134084590382985 -0.10879931933805392 0 -10.43661424415558
-0.96527494500100586 -0.091275176385465048 0 5.9898001248906416
-0.95894526663396795 -0.07369448438413255 0 30.520304573359393
-0.95513956512878595 -0.063438777366457574 0 47.639877883259501
-0.94839027460734548 -0.045779489336507134 0 67.263299753051172
-0.94137452704523872 -0.028077575480529793 0 72.325683164888062
-0.93716847661392688 -0.01775785194334201 0 68.94901067275886
-0.929729757300084 4.7756477154419905e-17 0 59.232344323819049
-0.92202303035363142 0.017785772016454926 0 45.52482556279481
-0.91741430421917336 0.028147417444188215 0 36.047228205503565
-0.90928308873311126 0.045965288851467313 0 22.832429652928884
-0.9008835136474066 0.063795667377624043 0 14.305222354862527
-0.89587158571942238 0.074176077967996731 0 11.313488582122329
-0.88704795063567032 0.092013665840289555 0 6.545796911439993
-0.87795686218095137 0.10984772884197133 0 1.8037844077328864
-0.87254309649346418 0.1202228182254555 0 -0.84570728006163143
-0.86303040716193136 0.13803829846771348 0 -3.6511507980583455
-0.85325247671722837 0.15583370320340123 0 -4.0216713372262607
-0.84744019923538561 0.1661786061780563 0 -3.2586086936020218
-0.83724522305753002 0.18392890193144429 0 -2.5341047847262925
-0.82678855862185008 0.20164216457364842 0 -2.8785757832344068
-0.82058310912470478 0.21193140486326245 0 -3.5231807843221454
-0.80971609348532469 0.22957248305317832 0 -4.6168882165885901
-0.79859230301249362 0.24715928527421091 0 -5.5835632738130974
-0.79200106505281798 0.25736695835570911 0 -6.0580298483616657
-0.78047577665571366 0.27485415098045501 0 -6.2660609125850586
-0.76869999170979031 0.29226966972327451 0 -5.6403498938144736
-0.76173239902533652 0.302369638387046 0 -4.9400287363843853
-0.74956612206230222 0.31965798430433606 0 -3.9096847968895725
-0.73715697951975234 0.33685724021681346 0 -3.2043427558654063
-0.72982449771588931 0.34682334010515647 0 -2.9263528269051933
-0.71703798909826899 0.36386794238116549 0 -2.4148992689043349
-0.70401756946332761 0.38080616173707327 0 -1.8228015209213708
-0.69633365229325017 0.39061241374375161 0 -1.4447612648341395
-0.68295105307215231 0.40736880704264627 0 -0.79949094465712256
-0.66934477489928712 0.42400179143454314 0 -0.1677525274714981
-0.66132479502009711 0.43362261755921194 0 0.19469335803215806
-0.64737349808811762 0.45004713959788417 0 0.81787652804141175
-0.63320996899087434 0.4663316372921299 0 1.4437830370960747
-0.62487112365393216 0.47574207634167393 0 1.8055443223753029
-0.61038159882575582 0.49179223713812287 0 2.357677051548384
-0.59569242456108518 0.50768630975188789 0 2.8138193247383345
-0.58705361728298744 0.51686222917788804 0 3.0373046200062719
-0.5720591958591883 0.53249707170000959 0 3.3739276584666009
-0.55687874997431097 0.54796044980929326 0 3.6554716874186766
-0.54796044980929304 0.55687874997431108 0 3.791245460782533
-0.53249707170000926 0.5720591958591883 0 3.9237645305583033
-0.51686222917788771 0.58705361728298766 0 3.9229817303683872
-0.50768630975188767 0.59569242456108562 0 3.8660672224814565
-0.49179223713812253 0.61038159882575616 0 3.7325196652203494
-0.4757420763416737 0.6248711236539326 0 3.5644692794252935
-0.46633163729212973 0.63320996899087489 0 3.4489535459098519
-0.45004713959788395 0.64737349808811806 0 3.1775811580169071
-0.43362261755921183 0.66132479502009722 0 2.8101783298841392
-0.42400179143454308 0.66934477489928745 0 2.5557472058589501
-0.40736880704264616 0.68295105307215243 0 2.0881978714944083
-0.39061241374375144 0.69633365229325017 0 1.5901802850699465
-0.38080616173707293 0.7040175694633275 0 1.2890437253446521
-0.36386794238116527 0.7170379890982691 0 0.7776585021210487
-0.34682334010515636 0.7298244977158892 0 0.28000328856280943
-0.33685724021681329 0.73715697951975223 0 0.0047830284309229587
-0.31965798430433595 0.74956612206230255 0 -0.33448831422372016
-0.30236963838704584 0.76173239902533652 0 -0.48676342342662016
-0.29226966972327445 0.76869999170979075 0 -0.48649086839146438
-0.27485415098045479 0.78047577665571366 0 -0.30590002000173105
-0.25736695835570905 0.7920010650528182 0 0.10857751658022405
-0.24715928527421072 0.79859230301249362 0 0.44472739786328264
-0.22957248305317829 0.80971609348532492 0 0.97369422682071027
-0.21193140486326234 0.82058310912470489 0 1.4124477666152808
-0.20164216457364828 0.82678855862185008 0 1.6282842079324951
-0.18392890193144412 0.83724522305753024 0 1.9496042197682939
-0.16617860617805622 0.84744019923538572 0 2.2130391174999455
-0.15583370320340104 0.85325247671722848 0 2.3397340096630237
-0.13803829846771337 0.86303040716193125 0 2.503251183647675
-0.12022281822545541 0.87254309649346407 0 2.5983884547415732
-0.10984772884197123 0.87795686218095137 0 2.5990722242762052
-0.092013665840289444 0.88704795063567021 0 2.1435460940943232
-0.074176077967996634 0.89587158571942216 0 1.0565649592619701
-0.063795667377623919 0.9008835136474066 0 0.14298491082390807
-0.045965288851467258 0.90928308873311126 0 -1.762920724512322
-0.028147417444188153 0.91741430421917314 0 -4.0706240005219945
-0.017785772016454839 0.9220230303536312 0 -5.5623982316708656
1.8147461318679562e-17 0.92972975730008389 0 -7.8434488856539639
0.017757851943342052 0.93716847661392688 0 -9.6812498038905623
0.02807757548052987 0.9413745270452385 0 -10.545252618592528
0.04577948933650719 0.94839027460734537 0 -11.698641211999433
0.063438777366457602 0.95513956512878606 0 -12.430446429245441
0.073694484384132633 0.95894526663396795 0 -12.617609395790153
0.091275176385465132 0.96527494500100608 0 -11.895677057248955
0.10879931933805394 0.97134084590382974 0 -9.7459616381986987
0.11897009048781125 0.97475022138126199 0 -7.8954670667767992
0.13639426902857685 0.98040159546223427 0 -4.5205792420267388
0.15374882001537754 0.98579292268251539 0 -1.0240449249393715
-0.98257889112092389 -0.17168491351398127 0 -5.1217212271614629
-0.97664265518016902 -0.15429662820991541 0 -17.176905510846616
-0.97045366954608914 -0.13684350384104901 0 -22.104350988700016
-0.96673490900725212 -0.12665800837418828 0 -21.443183972007397
-0.96014365590634931 -0.10911206095269844 0 -11.658520087670695
-0.9532968148792007 -0.091513782992505302 0 9.556009886023535
-0.9491940318849944 -0.081249686482674568 0 26.360988534179715
-0.94194120594474084 -0.063578979683251838 0 49.201881998178315
-0.9344309462743956 -0.045869204624419853 0 62.431036426809925
-0.9299413701853817 -0.035546433405423968 0 65.734624691400157
-0.92202303035363131 -0.017785772016454822 0 64.800508313681419
-0.9138464677459095 5.9641883222683302e-17 0 55.610919090232734
-0.90896891553210024 0.010360475222214335 0 46.916684338281669
-0.90038389553833775 0.028174544035232642 0 33.850870355289572
-0.89154097696405921 0.045999140073102546 0 24.242041588699397
-0.88627593801532001 0.056375408764982989 0 20.111036945264001
-0.87702598513909669 0.074204783786025533 0 13.478831951373131
-0.86751961834502811 0.092029557292474168 0 7.1269222874357858
-0.86186932537449057 0.10239888993267865 0 3.6580669081639718
-0.85195921424398524 0.12020413182842571 0 -0.33131910768350914
-0.84179537097017032 0.13798918883787478 0 -1.6028434831952254
-0.83576385502352912 0.14832817317858543 0 -1.234047305187693
-0.82520147312232861 0.16606874633441193 0 -0.95932655464747174
-0.81438926283517854 0.18377319673716061 0 -1.4654227985205996
-0.80798239061596033 0.19405788822777431 0 -2.0876132793615079
-0.79677879254887873 0.2116924261210619 0 -3.2012771857245448
-0.78533050391443815 0.22927465737809721 0 -4.2988654135529272
-0.77855599589608837 0.23948074211224904 0 -4.8948022527511474
-0.76672542394517118 0.25696733321230775 0 -5.2959019286369582
-0.75465653178705994 0.27438530326501825 0 -4.8305963157588421
-0.74752395990309328 0.28448827145082145 0 -4.2086603763221966
-0.73508382898475944 0.3017847620290427 0 -3.2867644869191595
-0.72241296508643749 0.31899630756858954 0 -2.6565084077299073
-0.71493372916328923 0.32897163519349976 0 -2.4064330447079554
-0.70190457496394709 0.34603594488490258 0 -1.9104546095366148
-0.68865346177035691 0.36299910063419116 0 -1.2919517989276783
-0.68084074428455321 0.37282243671347132 0 -0.88036372445521527
-0.66724613408742983 0.38961288221419588 0 -0.16416315472477211
-0.6534394811176405 0.40628620645771252 0 0.55291460856835717
-0.64530818030757175 0.41593356303146134 0 0.97024348818413297
-0.63117458680636829 0.43240918496653064 0 1.6739653915171444
-0.61683995038355111 0.44875208625909063 0 2.3599164448562417
-0.60840659221258642 0.45820002814788041 0 2.7480177440913631
-0.59376323141307163 0.47432091591683595 0 3.3424390398860373
-0.57893083912527432 0.49029397572713312 0 3.8389342882281845
-0.57021346906179593 0.4995198069787522 0 4.0851254705941464
-0.55509210417367338 0.51524741629637572 0 4.4601929400222842
-0.53979464627091334 0.53081270230594557 0 4.7797029557155994
-0.53081270230594546 0.53979464627091345 0 4.9371864825126437
-0.51524741629637538 0.55509210417367361 0 5.1027887722925316
-0.49951980697875192 0.57021346906179615 0 5.1293868231184163
-0.49029397572713285 0.57893083912527465 0 5.0841532675165331
-0.47432091591683556 0.59376323141307186 0 4.9367246352596581
-0.45820002814788013 0.60840659221258675 0 4.7083048722406176
-0.44875208625909047 0.61683995038355155 0 4.5393137580596754
-0.43240918496653052 0.63117458680636873 0 4.1894181704856397
-0.41593356303146112 0.64530818030757198 0 3.7670975881014388
-0.40628620645771235 0.65343948111764105 0 3.4904947101650676
-0.38961288221419571 0.66724613408743028 0 2.9839147073447974
-0.37282243671347109 0.6808407442845531 0 2.4433253684033076
-0.36299910063419089 0.68865346177035702 0 2.1151242893781386
-0.34603594488490236 0.70190457496394698 0 1.5403698927899845
-0.3289716351934997 0.71493372916328912 0 0.95652627544308932
-0.31899630756858938 0.72241296508643726 0 0.62730584309385706
-0.30178476202904259 0.73508382898475955 0 0.28620698552476742
-0.28448827145082128 0.74752395990309306 0 0.26196434377960448
-0.27438530326501814 0.75465653178705994 0 0.38932327612567941
-0.25696733321230758 0.76672542394517129 0 0.76251511991731324
-0.23948074211224896 0.77855599589608848 0 1.3207766767045892
-0.22927465737809707 0.78533050391443837 0 1.7142624709685408
-0.21169242612106179 0.79677879254887884 0 2.2306753498629797
-0.19405788822777417 0.80798239061596056 0 2.5075999546334096
-0.18377319673716047 0.81438926283517876 0 2.5702779466598966
-0.16606874633441174 0.82520147312232861 0 2.6753697307601567
-0.14832817317858532 0.83576385502352923 0 2.80447969497631
-0.13798918883787459 0.84179537097017032 0 2.8863577503917259
-0.12020413182842558 0.85195921424398513 0 2.9657058865102313
-0.10239888993267859 0.86186932537449057 0 2.9575775610762198
-0.092029557292474029 0.867519618345028 0 2.8834749918244555
-0.074204783786025436 0.87702598513909646 0 2.1920197819481611
-0.056375408764982912 0.88627593801532001 0 0.71948717198634016
-0.045999140073102435 0.89154097696405932 0 -0.47469743546793836
-0.028174544035232587 0.90038389553833775 0 -2.7558985529857662
-0.010360475222214276 0.90896891553210024 0 -5.2737110834820173
2.501111231918977e-17 0.9138464677459095 0 -6.8090352431726613
0.017785772016454888 0.92202303035363109 0 -8.9978839123978336
0.035546433405424009 0.92994137018538137 0 -10.525932360947913
0.045869204624419929 0.93443094627439527 0 -11.113018550545865
0.063578979683251893 0.94194120594474073 0 -11.70062486508818
0.08124968648267461 0.94919403188499418 0 -11.762135434385593
0.091513782992505385 0.95329681487920082 0 -11.521265937481733
0.10911206095269856 0.96014365590634931 0 -10.183663829439483
0.12665800837418828 0.9667349090072519 0 -7.5952738991982676
0.13684350384104907 0.97045366954608914 0 -5.6064311321387459
0.15429662820991547 0.97664265518016902 0 -2.6427014685105852
0.1716849135139813 0.98257889112092411 0 -0.47245603078441883
-0.98055001892696281 -0.1821440189456216 0 -4.1131746606441739
-0.97429997254399037 -0.16473499219989363 0 -15.306243164097967
-0.96780162643855805 -0.14726390518603788 0 -22.903383197695355
-0.96390494592804599 -0.1370691865377435 0 -25.255336337578456
-0.95701176030538448 -0.11950941864075304 0 -20.454748791076351
-0.94986792002449771 -0.10189976630448629 0 -3.5877497111472785
-0.94559462854700815 -0.091630119982568717 0 11.141617811799939
-0.93805296897235169 -0.073951614731755516 0 33.646252055157646
-0.93025925653767594 -0.056236104563002896 0 51.00387658763642
-0.92560725572198743 -0.045910881842239043 0 58.514694582372449
-0.91741430421917369 -0.028147417444188111 0 63.714385440925064
-0.90896891553210046 -0.010360475222214215 0 58.664212421164862
-0.90393763019561701 6.6391526666329997e-17 0 51.481249490737099
-0.89509322734939389 0.01781302389537422 0 39.886830147226213
-0.88599706649170806 0.035635417211538491 0 30.384593524003655
-0.88058751914480138 0.046009947972976133 0 25.747153679024727
-0.87109428550708046 0.063835689204041951 0 18.254041791633163
-0.86135107738579086 0.081656186215598198 0 11.193382478187413
-0.85556594957457477 0.092022816775470057 0 7.3690211393829443
-0.84542938351999908 0.10982319452569557 0 2.6674622855555947
-0.83504576181181989 0.12760329450164914 0 0.52623493299855728
-0.82888944057349734 0.13793943851726942 0 0.34238646896192837
-0.81811798972770045 0.15567536047926511 0 -0.004281418924731991
-0.8071035573710944 0.17337564498847041 0 -0.65913150685384725
-0.80058216526313108 0.18365822640628621 0 -1.1737876700855476
-0.78918726897734293 0.20128983705587042 0 -2.1389428603377278
-0.77755462884623372 0.21887022570551448 0 -3.1869797748978539
-0.77067603625158176 0.22907583085898242 0 -3.7997904655198562
-0.75867213703852643 0.24656277807987359 0 -4.3048317000071812
-0.74643689090644949 0.26398280139206698 0 -4.0381466195734133
-0.73921070960813484 0.27408784048526247 0 -3.5670737548947504
-0.72661523197868005 0.2913895572596617 0 -2.8342916896449344
-0.713795946435966 0.30860864321210574 0 -2.2865115932256899
-0.70623350378935457 0.31858951908385091 0 -2.0396937217084115
-0.69306679952540873 0.33566551649556753 0 -1.5380777373447527
-0.67968493813173858 0.35264328681080476 0 -0.90924626419785926
-0.67179923153345078 0.36247656863077893 0 -0.48913494000123303
-0.65808449108466838 0.37928673603464752 0 0.2523984211678969
-0.64416431270828067 0.39598330794355607 0 1.0090544308855511
-0.63596994445658384 0.40564590729964695 0 1.4548263665311787
-0.62173307483787699 0.42215081521088954 0 2.2005946616106566
-0.60730149883097484 0.43852710415593193 0 2.917460997950819
-0.59881459188166919 0.44799645085985246 0 3.318736291267252
-0.58408406215403963 0.46415765192398595 0 3.9342589456189265
-0.56917050171963779 0.48017567051919519 0 4.4505789274091949
-0.56040859725082692 0.48942988539199606 0 4.7077059726835211
-0.54521525336678311 0.50521020872042499 0 5.1029252082244936
-0.52985141916203504 0.52083335725711455 0 5.4442911781505963
-0.52083335725711444 0.52985141916203526 0 5.6150183579186459
-0.50521020872042477 0.54521525336678334 0 5.8033772197824014
-0.48942988539199594 0.56040859725082726 0 5.8521772982978195
-0.48017567051919485 0.56917050171963812 0 5.8178986114715343
-0.46415765192398556 0.58408406215403996 0 5.6637694019588523
-0.44799645085985229 0.59881459188166952 0 5.3926677217007644
-0.43852710415593171 0.60730149883097517 0 5.1845093730160619
-0.42215081521088937 0.62173307483787732 0 4.7805276694238383
-0.40564590729964678 0.63596994445658417 0 4.3256627466383639
-0.39598330794355585 0.64416431270828101 0 4.0390393311749797
-0.37928673603464724 0.6580844910846686 0 3.5189680898515618
-0.36247656863077882 0.67179923153345078 0 2.967409830942231
-0.35264328681080437 0.67968493813173858 0 2.6329417487220295
-0.33566551649556725 0.69306679952540873 0 2.0354761248022566
-0.31858951908385069 0.70623350378935434 0 1.4115156597591505
-0.30860864321210563 0.71379594643596589 0 1.055284509072872
-0.29138955725966159 0.72661523197868005 0 0.73043980839696665
-0.2740878404852623 0.73921070960813473 0 0.81101333221651606
-0.26398280139206692 0.74643689090644949 0 1.0339375868935445
-0.24656277807987348 0.75867213703852676 0 1.5404120964601742
-0.22907583085898239 0.77067603625158199 0 2.1792755212826038
-0.21887022570551437 0.77755462884623383 0 2.5926617267268068
-0.20128983705587031 0.78918726897734293 0 3.0599199514706577
-0.1836582264062861 0.8005821652631312 0 3.1765340734282264
-0.1733756449884703 0.80710355737109463 0 3.1030311266356905
-0.15567536047926497 0.81811798972770056 0 3.0267071886118786
-0.13793943851726931 0.82888944057349756 0 3.0591703382812754
-0.12760329450164898 0.83504576181182 0 3.1187513319339213
-0.10982319452569544 0.84542938351999875 0 3.1391911839673625
-0.092022816775469973 0.85556594957457477 0 3.0347258091984477
-0.081656186215598073 0.86135107738579086 0 2.886249929564487
-0.063835689204041868 0.87109428550708035 0 2.0187352305127519
-0.046009947972976063 0.88058751914480138 0 0.30758185929998233
-0.035635417211538387 0.88599706649170806 0 -1.0453326852923992
-0.017813023895374158 0.89509322734939378 0 -3.5037891849928839
-4.1645593999788813e-18 0.90393763019561679 0 -6.0582661094938128
0.010360475222214302 0.90896891553210035 0 -7.5508428697570347
0.02814741744418818 0.91741430421917336 0 -9.5698355140200952
0.045910881842239085 0.92560725572198721 0 -10.809101006073805
0.056236104563002973 0.93025925653767561 0 -11.176520782991753
0.073951614731755586 0.93805296897235158 0 -11.33341512532089
0.091630119982568745 0.94559462854700815 0 -10.903821614951147
0.10189976630448634 0.9498679200244976 0 -10.361588079030383
0.11950941864075314 0.9570117603053846 0 -8.6452536481896214
0.1370691865377435 0.96390494592804599 0 -5.8846907676213007
0.14726390518603796 0.96780162643855827 0 -3.8945271558948793
0.16473499219989365 0.97429997254399037 0 -1.3385370935416423
0.18214401894562163 0.98055001892696303 0 -0.10783730974068875
-0.97678917805452881 -0.20014437652777076 0 -2.5760973761453694
-0.97000602348388909 -0.18269806712102341 0 -11.796557967931745
-0.96298253949955659 -0.16519445301699892 0 -21.90271007695782
-0.95878402466242396 -0.15498290967232328 0 -27.656381279266366
-0.95137892851588635 -0.13739769983455347 0 -29.412102818440506
-0.9437319165068484 -0.11976678814445152 0 -19.651642968978233
-0.93916991941428019 -0.10948659843248496 0 -9.0484993565053191
-0.93113948316478168 -0.091792947748646575 0 10.670264202836639
-0.92286643798354817 -0.074065820602476476 0 31.33050424098008
-0.91793991933573826 -0.063735353030469649 0 43.304557870205613
-0.90928308873311148 -0.045965288851467209 0 56.040015955414596
-0.90038389553833786 -0.028174544035232521 0 57.715392163680292
-0.89509322734939401 -0.017813023895374081 0 53.998224125100492
-0.88581140598202224 7.1904698021868047e-17 0 46.334209231809844
-0.87628844688525298 0.017820398910446088 0 38.021060742986613
-0.87063547121394458 0.028192980645454883 0 32.933978759964312
-0.86073261543240387 0.046014247175978441 0 24.658818382904535
-0.85059085653193578 0.063829142134496294 0 17.089441053979403
-0.84457893236048454 0.074192132220686671 0 13.064527723165988
-0.8340616251069034 0.09198584491324853 0 7.6986452924691386
-0.82330868153592118 0.10975907499638335 0 4.4185270522817497
-0.8169427184585818 0.120091272863667 0 3.3982389821137051
-0.80582021978306007 0.13782075908638358 0 2.0348760633075833
-0.79446639666474517 0.15551537071900548 0 0.99885072651849283
-0.78775287421520657 0.16579515391574118 0 0.52740100999558981
-0.77603714656962419 0.18342308551380712 0 -0.34785868405511156
-0.76409545410763491 0.20100155923425544 0 -1.3490051281992907
-0.75704242576165015 0.21120701807456743 0 -1.9592907607490788
-0.74474813253751626 0.22869564704881715 0 -2.5794727858291222
-0.73223427387095985 0.24612013829081425 0 -2.5902588101837147
-0.72485135500456932 0.25622921816375904 0 -2.3426491418726667
-0.71199583121832222 0.27354062462368639 0 -1.8997632260455599
-0.69892816212801934 0.29077321560039704 0 -1.4942999721798311
-0.69122650148711573 0.30076386518038883 0 -1.2672935083966193
-0.67782969600374943 0.31786021444175988 0 -0.76915046802021703
-0.66422915606054478 0.33486317387761516 0 -0.11613742847377639
-0.65622139059762552 0.34471349728864376 0 0.32949951548335538
-0.64230577980944148 0.36155730268472469 0 1.1139486488831025
-0.62819579509234214 0.37829334986637164 0 1.9095355452743918
-0.61989598834305015 0.38798176070599588 0 2.3764989434893522
-0.60548646177023047 0.40453614845317831 0 3.1607221423162848
-0.59089281983708952 0.42096871787379231 0 3.9194640074072398
-0.58231638433344624 0.43047409290304961 0 4.3459273746127174
-0.5674401031709384 0.44670306521653086 0 4.9936616761309729
-0.55239080152068543 0.46279656797697927 0 5.5265523356942694
-0.54355440605994154 0.47209839823410749 0 5.7873055888180334
-0.52824063624371453 0.48796709083479489 0 6.1957590587229712
-0.51276570604944005 0.50368716894710097 0 6.5618020557022865
-0.50368716894710086 0.51276570604944038 0 6.7513412341859542
-0.48796709083479456 0.52824063624371465 0 6.9670251809640646
-0.47209839823410732 0.54355440605994187 0 7.0350553337914201
-0.4627965679769791 0.55239080152068576 0 7.0071597600909064
-0.44670306521653058 0.56744010317093885 0 6.8396783153380163
-0.43047409290304928 0.58231638433344657 0 6.5221444884420743
-0.4209687178737922 0.59089281983708997 0 6.2738582129944698
-0.4045361484531782 0.60548646177023069 0 5.8102361650584191
-0.38798176070599577 0.61989598834305037 0 5.3120600548079207
-0.37829334986637136 0.62819579509234236 0 5.0072886667006848
-0.36155730268472447 0.64230577980944181 0 4.4595406253648129
-0.34471349728864359 0.65622139059762563 0 3.8837513773589083
-0.33486317387761488 0.66422915606054456 0 3.5383053811446739
-0.31786021444175971 0.67782969600374965 0 2.9495434217553278
-0.30076386518038872 0.69122650148711551 0 2.3725377740161115
-0.29077321560039693 0.69892816212801923 0 2.0613052742185731
-0.27354062462368622 0.71199583121832211 0 1.8383024028159238
-0.25622921816375893 0.72485135500456954 0 2.0516828506112392
-0.24612013829081419 0.73223427387096007 0 2.3622014232390449
-0.22869564704881709 0.74474813253751648 0 2.9709198932275158
-0.21120701807456738 0.75704242576165026 0 3.642436544655046
-0.20100155923425539 0.76409545410763513 0 4.0411527770730533
-0.18342308551380693 0.77603714656962397 0 4.4030502651884031
-0.16579515391574104 0.78775287421520657 0 4.3092730141631188
-0.15551537071900531 0.79446639666474539 0 4.0726046890960568
-0.13782075908638347 0.80582021978306018 0 3.7589900551881144
-0.12009127286366689 0.8169427184585818 0 3.625678199688473
-0.1097590749963832 0.82330868153592107 0 3.6152428443340092
-0.091985844913248418 0.83406162510690307 0 3.4537615414091061
-0.074192132220686602 0.84457893236048442 0 3.0747443120159681
-0.063829142134496183 0.85059085653193578 0 2.7269625289477126
-0.046014247175978365 0.86073261543240387 0 1.4973570784595616
-0.028192980645454811 0.87063547121394458 0 -0.59354965162225648
-0.017820398910445984 0.87628844688525298 0 -2.1650414286656243
-1.7490331951265199e-17 0.88581140598202213 0 -4.8363862095093237
0.017813023895374144 0.89509322734939378 0 -7.3732451271139992
0.028174544035232611 0.90038389553833775 0 -8.7538307727114493
0.045965288851467272 0.90928308873311103 0 -10.482840495896518
0.063735353030469719 0.91793991933573815 0 -11.318793912981491
0.074065820602476559 0.92286643798354784 0 -11.400871128377755
0.091792947748646644 0.93113948316478146 0 -10.994360238712177
0.109486598432485 0.93916991941427996 0 -9.9120694898092001
0.1197667881444516 0.9437319165068484 0 -8.9702328105685556
0.13739769983455355 0.95137892851588635 0 -6.8188483372727902
0.15498290967232328 0.95878402466242407 0 -3.9919905273951102
0.16519445301699898 0.96298253949955659 0 -2.1357067352431955
0.18269806712102343 0.97000602348388909 0 -0.10357453258921322
0.20014437652777076 0.97678917805452881 0 0.21920908879255974
-0.9726778539595724 -0.21817345406717445 0 -1.4505498090172886
-0.9653697832505006 -0.20068812999070895 0 -8.3351708677063829
-0.95782973088504519 -0.1831502250365741 0 -18.199733217548328
-0.95333453101321608 -0.17292081539723192 0 -24.8219132995591
-0.94542662979184933 -0.15530834762856929 0 -30.038899966369417
-0.9372858510623564 -0.13765432769208724 0 -26.300710380500945
-0.93244074770983632 -0.12736250383467443 0 -20.151506000364307
-0.92393135091384015 -0.10965180952903784 0 -5.793002233349311
-0.91518900908284773 -0.091911139211583434 0 12.971753733316641
-0.90999390249181289 -0.081574294238157471 0 25.421913673688241
-0.90088351364740693 -0.063795667377623946 0 41.207792383154668
-0.89154097696405954 -0.045999140073102421 0 48.710001940606688
-0.88599706649170806 -0.035635417211538352 0 49.430779729345865
-0.87628844688525298 -0.017820398910445935 0 47.340409857214297
-0.86634937149662805 7.4264463809956321e-17 0 41.455478072085342
-0.86045920086727978 0.010371790246739825 0 36.471825236938244
-0.85015744194282317 0.028190559567717467 0 28.346035243166636
-0.83962783727509116 0.046001807331251622 0 21.214521590400558
-0.83339532929243754 0.056362280231911935 0 17.537715503168677
-0.82250790637946036 0.074151225863040848 0 12.300604169094218
-0.81139618116951084 0.091919433700432124 0 8.4650765163019326
-0.80482666086856214 0.10224873284473296 0 6.8465772728377798
-0.79336346655802026 0.11997352669305722 0 4.6281315179176978
-0.78168045395083774 0.13766412643134768 0 3.0477532283615405
-0.77478065931510665 0.14794203487855118 0 2.3958733892308013
-0.76275401506855189 0.16556779060224475 0 1.3374049443372154
-0.7505129754818447 0.18314573480012594 0 0.29815972336791241
-0.7432910550265962 0.19335179372164982 0 -0.2789791235330919
-0.73071569991881491 0.2108432740917788 0 -0.92764440768198675
-0.71793230070954128 0.22827324753117231 0 -1.100785428230068
-0.71039779743348486 0.23838688105375558 0 -1.00066205310789
-0.69729085328778562 0.25570871522840727 0 -0.76665697271828892
-0.68398312462858291 0.27295535534520365 0 -0.49441291023776801
-0.67614694605991632 0.28295600013301342 0 -0.31069482859495645
-0.66252785862911201 0.30007290825261201 0 0.16171440556444325
-0.64871612540769596 0.31710103182076854 0 0.8491319939735047
-0.64059049971068838 0.32696826979282329 0 1.3380832266668403
-0.62648095597636821 0.34384529207712633 0 2.1685182239295377
-0.61218774595756853 0.36062012525297571 0 2.9645330316629828
-0.60378616431670706 0.37033381772174184 0 3.4142180240069382
-0.58920998641358835 0.38693654507736103 0 4.1904824283282647
-0.57445991534034702 0.40342395376333112 0 4.9762890652693237
-0.56579706109361039 0.4129643752058601 0 5.4317336928738325
-0.55078007780253879 0.42925917824543186 0 6.1069311352471116
-0.53559971254662442 0.4454258956509643 0 6.6327532795912791
-0.52669137779042308 0.45477386528893676 0 6.8759623411264217
-0.5112612749703529 0.47072811862457464 0 7.2681600112151994
-0.49567897626296842 0.48654196689128226 0 7.6408848542029739
-0.48654196689128199 0.4956789762629687 0 7.8431108045098306
-0.47072811862457448 0.51126127497035312 0 8.0687426287555351
-0.45477386528893654 0.52669137779042341 0 8.1279100152032626
-0.44542589565096424 0.53559971254662475 0 8.087375324895886
-0.42925917824543158 0.55078007780253924 0 7.9037320118918961
-0.41296437520585982 0.56579706109361061 0 7.5796421399986906
-0.40342395376333084 0.57445991534034724 0 7.3309549191614813
-0.38693654507736092 0.58920998641358868 0 6.8567866282110312
-0.37033381772174168 0.6037861643167074 0 6.3333453186411619
-0.36062012525297549 0.61218774595756875 0 6.0078493112700864
-0.34384529207712622 0.62648095597636855 0 5.4240150292378555
-0.32696826979282312 0.64059049971068849 0 4.8131987997720183
-0.31710103182076838 0.64871612540769608 0 4.4535865931185459
-0.30007290825261179 0.66252785862911179 0 3.937225654593087
-0.28295600013301325 0.67614694605991621 0 3.5675854928843762
-0.27295535534520354 0.68398312462858279 0 3.4277483158540241
-0.25570871522840721 0.69729085328778562 0 3.4066749945372123
-0.23838688105375544 0.71039779743348497 0 3.6794899701093882
-0.2282732475311722 0.71793230070954139 0 3.963878484016806
-0.21084327409177869 0.73071569991881502 0 4.491979352571243
-0.19335179372164976 0.74329105502659643 0 5.0487274669044169
-0.18314573480012589 0.75051297548184481 0 5.3672512789714837
-0.16556779060224466 0.76275401506855189 0 5.6044686876013108
-0.14794203487855107 0.77478065931510676 0 5.4078088197228311
-0.13766412643134754 0.78168045395083785 0 5.1187919757184988
-0.11997352669305711 0.79336346655802026 0 4.6868010252949039
-0.10224873284473286 0.80482666086856225 0 4.3933768019013124
-0.091919433700431957 0.81139618116951062 0 4.2674026251000976
-0.074151225863040751 0.82250790637946014 0 3.8137102897183497
-0.056362280231911872 0.83339532929243754 0 3.0167249173974247
-0.046001807331251497 0.83962783727509105 0 2.3774724265076679
-0.028190559567717381 0.85015744194282317 0 0.710158393308569
-0.010371790246739751 0.86045920086727978 0 -1.7162442624527476
2.5406263934985057e-17 0.86634937149662783 0 -3.4314114642787978
0.017820398910445994 0.87628844688525298 0 -6.1973472873398627
0.035635417211538421 0.88599706649170784 0 -8.6253545190774688
0.045999140073102511 0.89154097696405943 0 -9.8575498208630652
0.063795667377624002 0.90088351364740671 0 -11.32556161490851
0.081574294238157541 0.90999390249181289 0 -11.913135349064632
0.091911139211583517 0.9151890090828475 0 -11.853634504718373
0.1096518095290379 0.92393135091383993 0 -11.155300556135641
0.12736250383467448 0.93244074770983632 0 -9.712461322967588
0.13765432769208732 0.9372858510623564 0 -8.5489315106284227
0.1553083476285694 0.94542662979184933 0 -6.2652006640790416
0.17292081539723198 0.95333453101321608 0 -3.6677238957438458
0.18315022503657416 0.95782973088504519 0 -2.0821513203081028
0.20068812999070901 0.96536978325050071 0 -0.29750056248490003
0.21817345406717445 0.9726778539595724 0 0.12419120751534789
-0.97012241065072446 -0.22867564314473462 0 -0.98569532601140553
-0.96251283627974549 -0.21116698145159815 0 -6.395938578983511
-0.95467629704365953 -0.19360846956608624 0 -14.96962003625505
-0.95001091269371507 -0.18336827491723995 0 -21.030215698409869
-0.9418147574679806 -0.1657392633000413 0 -26.907891445147865
-0.93339110793797631 -0.1480710958107504 0 -26.120632983870429
-0.9283839075877347 -0.13777208590181625 0 -22.622552540823762
-0.91960042318252433 -0.12005074534650671 0 -12.371078829324567
-0.91058970508773163 -0.10230144971021121 0 3.1482506084970838
-0.90524108184045604 -0.09196045369849605 0 14.198936617739474
-0.8958715857194226 -0.074176077967996662 0 29.813371764088988
-0.88627593801532012 -0.056375408764982864 0 40.181071082354457
-0.88058751914480149 -0.046009947972975994 0 43.771879022349381
-0.87063547121394458 -0.028192980645454734 0 45.489832872409934
-0.86045920086727978 -0.010371790246739674 0 41.530588120208193
-0.85443388620948224 7.0936573229106788e-17 0 36.881150621539447
-0.84390494979399022 0.017818104720180035 0 29.285050321635048
-0.8331545862434635 0.035628011403333833 0 22.817715483685628
-0.82679657679977914 0.045987469040996903 0 19.564935729005253
-0.81569866232624066 0.063774400843818732 0 14.73022299727279
-0.80438299407296976 0.081540426510343295 0 10.828713212306608
-0.79769780996096751 0.091868458455998336 0 8.9764872962365256
-0.7860410999259958 0.10959121956774559 0 6.3479981630714413
-0.77417119192367367 0.12728014824662021 0 4.3931855624292
-0.76716567894471122 0.13755733374239723 0 3.5450175032180677
-0.7549626329935335 0.15518242017111361 0 2.2680473690155574
-0.74255182376683992 0.17276060287712433 0 1.1718583787740895
-0.73523414801762255 0.18296730345665407 0 0.62645937550055009
-0.72249948723901469 0.20046089703071751 0 -0.0030471743745184442
-0.70956336495594763 0.2178944474385201 0 -0.22292555322307153
-0.70194299509024716 0.22801092235188658 0 -0.17708943272779065
-0.68869366495202189 0.24533909147323738 0 -0.030071703675486002
-0.67525002200544149 0.26259408943590357 0 0.17020472551795537
-0.66733769894902362 0.27260061522622736 0 0.32018985213160489
-0.65359281064426955 0.28972952202497237 0 0.76982156534168478
-0.63966157665270362 0.30677222254351694 0 1.4816850431051436
-0.63146927078449677 0.31664921534787172 0 2.0027420541351524
-0.61725002112471472 0.33354532673164433 0 2.8614454074265709
-0.60285317463368926 0.35034237180676342 0 3.643183831979858
-0.59439403066413121 0.36007051086085556 0 4.0679762770722192
-0.57972360103197151 0.37670081080769335 0 4.8214945268714438
-0.56488506057514154 0.39321944148087024 0 5.6164319729561099
-0.55617333057267249 0.40277979224447585 0 6.0892630698451873
-0.54107676582408715 0.41911199259799387 0 6.7774139840512948
-0.5258222613779201 0.43532025842154926 0 7.2891135998488954
-0.51687322661071411 0.44469439371290825 0 7.513388057436778
-0.50137729518343566 0.4606971407074727 0 7.8839660803614091
-0.48573422140958905 0.47656410387563647 0 8.2526763106435279
-0.47656410387563614 0.48573422140958927 0 8.459188839930599
-0.46069714070747253 0.50137729518343577 0 8.6834328608745146
-0.44469439371290803 0.51687322661071444 0 8.7269346597806869
-0.43532025842154909 0.52582226137792043 0 8.6720884579027011
-0.41911199259799375 0.54107676582408759 0 8.4787853493744443
-0.40277979224447558 0.55617333057267282 0 8.1669025592780198
-0.39321944148087012 0.56488506057514187 0 7.9333963868878214
-0.37670081080769324 0.57972360103197174 0 7.4723941974613108
-0.3600705108608554 0.59439403066413143 0 6.9414515167658255
-0.35034237180676314 0.60285317463368937 0 6.6027930529325651
-0.33354532673164417 0.61725002112471494 0 5.9960193622499123
-0.31664921534787149 0.63146927078449677 0 5.3634012055727798
-0.30677222254351677 0.63966157665270351 0 4.9961636332146391
-0.28972952202497221 0.65359281064426933 0 4.5482750664738534
-0.27260061522622725 0.66733769894902351 0 4.3600949048230682
-0.26259408943590351 0.67525002200544149 0 4.366432157589875
-0.24533909147323729 0.68869366495202178 0 4.4986105724220318
-0.2280109223518865 0.70194299509024749 0 4.7757054636553438
-0.21789444743852002 0.70956336495594774 0 4.9996963501268157
-0.20046089703071743 0.72249948723901491 0 5.4086946474147419
-0.18296730345665399 0.73523414801762266 0 5.8396517637090062
-0.17276060287712428 0.74255182376684015 0 6.0847662485766563
-0.1551824201711135 0.7549626329935335 0 6.2410231687151008
-0.13755733374239709 0.76716567894471133 0 6.0273164629717186
-0.12728014824662007 0.77417119192367367 0 5.7521102579120704
-0.10959121956774548 0.7860410999259958 0 5.2993872422288977
-0.091868458455998211 0.79769780996096729 0 4.9156975958795144
-0.08154042651034317 0.80438299407296954 0 4.7043523233932252
-0.063774400843818635 0.81569866232624044 0 4.0382200194480617
-0.045987469040996827 0.82679657679977903 0 2.9442668232510196
-0.035628011403333708 0.83315458624346339 0 2.1015321938294567
-0.017818104720179948 0.84390494979399011 0 0.1529809881179254
1.9602507282654727e-18 0.85443388620948224 0 -2.4488451491882088
0.010371790246739778 0.86045920086727978 0 -4.2168438673666744
0.028192980645454786 0.87063547121394436 0 -6.989270276588762
0.046009947972976056 0.88058751914480127 0 -9.3175250812859733
0.056375408764982954 0.8862759380153199 0 -10.449846261606044
0.074176077967996704 0.89587158571942227 0 -11.777675281405728
0.091960453698496078 0.90524108184045582 0 -12.282177427279189
0.10230144971021131 0.9105897050877314 0 -12.197718447340193
0.12005074534650678 0.91960042318252422 0 -11.441175256114354
0.13777208590181628 0.92838390758773437 0 -9.9135736154846814
0.14807109581075045 0.93339110793797619 0 -8.6982716136177114
0.16573926330004138 0.9418147574679806 0 -6.465370398309541
0.18336827491723995 0.95001091269371507 0 -4.1180259754459092
0.19360846956608632 0.95467629704365942 0 -2.74550082746104
0.21116698145159815 0.9625128362797456 0 -0.98955398970964215
0.22867564314473462 0.97012241065072435 0 -0.10208708325327685
-0.96544984403469625 -0.24673066138611663 0 -0.57268063583214057
-0.9573294424091664 -0.22918111202872687 0 -4.2697099688875211
-0.94899094145527352 -0.21158636515114385 0 -10.683277497150284
-0.94403759286698086 -0.20132713945102065 0 -15.425566938904304
-0.9353539628907479 -0.18366881128693616 0 -21.297514638837701
-0.9264522736285089 -0.16597540548925629 0 -23.711641551544009
-0.92117128383862978 -0.15566348975469796 0 -23.419252065926276
-0.91192509690285717 -0.13792286789130018 0 -18.614652042379198
-0.90246161491067578 -0.12015772894020828 0 -8.1310578432808427
-0.89685413344656795 -0.10980899043059257 0 0.31795338583388516
-0.88704795063566999 -0.092013665840289444 0 14.274816039729608
-0.87702598513909669 -0.07420478378602538 0 26.876549651229684
-0.87109428550708068 -0.063835689204041812 0 33.358079469325432
-0.86073261543240398 -0.046014247175978296 0 39.456953723081256
-0.85015744194282306 -0.028190559567717315 0 38.657094824019779
-0.84390494979399022 -0.017818104720179893 0 35.316657563092562
-0.83299429261789004 6.9923503792568754e-17 0 29.561698767914169
-0.82187319127365377 0.017808737925585936 0 24.494639941657937
-0.81530450403291244 0.02816710590258507 0 21.850892377500355
-0.80385338047033761 0.045951686473773817 0 17.665944385382854
-0.79219565892986632 0.063715043725039569 0 13.90639517640478
-0.78531655624936625 0.074041511006137942 0 11.919056086444595
-0.77333552050530219 0.091761797299336728 0 8.9412722840163426
-0.76115252042546544 0.10944882003639281 0 6.5263464816203829
-0.75396996493612678 0.11972529690256802 0 5.3746238396845607
-0.74147160074007812 0.13735009446466148 0 3.7526668075019578
-0.72877668708743271 0.15492946850181985 0 2.5692626902389257
-0.72129881505206694 0.16513768544969848 0 2.0766306819538918
-0.70829771418199372 0.18263554311057201 0 1.4779397203207238
-0.6951062468655953 0.20007576442050903 0 1.1792433908844449
-0.6873423484817176 0.21019737262165736 0 1.1349536976001526
-0.67385507142516787 0.22753675702935544 0 1.1481555242064501
-0.66018435900295125 0.2448063084620396 0 1.2551387241417831
-0.65214484825994146 0.254822983500959 0 1.3703427404486186
-0.63818986693421598 0.27197245869352055 0 1.8062386605274994
-0.62405910242467411 0.28903999095869926 0 2.5643815695835266
-0.61575547658494778 0.2989335386884247 0 3.1352680352071531
-0.60135309932478176 0.3158619486671474 0 4.045894407793079
-0.58678327844535294 0.33269646349918103 0 4.826638474083512
-0.57822806738877874 0.3424489267843922 0 5.2299271724292327
-0.56340034670229444 0.3591255789466547 0 5.9626281010917506
-0.54841416914835917 0.37569661227944973 0 6.764620161043787
-0.53962087498902411 0.38529037735141775 0 7.2518698588889166
-0.52439149887323511 0.40168522457591388 0 7.9433855431837026
-0.50901325353941951 0.41796302750731223 0 8.4259333018419529
-0.49999628108964284 0.42738092863476124 0 8.6206153260595659
-0.48439044897794287 0.44346474779102368 0 8.9537687315523264
-0.46864588429891885 0.45942046311269097 0 9.3071017366156905
-0.45942046311269075 0.46864588429891907 0 9.5136486974678682
-0.44346474779102352 0.4843904489779432 0 9.7351526475534413
-0.42738092863476101 0.49999628108964317 0 9.7698530658060889
-0.41796302750731212 0.50901325353941984 0 9.7080422097622581
-0.40168522457591371 0.52439149887323544 0 9.5129107381935931
-0.38529037735141758 0.53962087498902456 0 9.2140447493886359
-0.37569661227944962 0.5484141691483595 0 8.9933800013589913
-0.35912557894665448 0.56340034670229477 0 8.5383205344019402
-0.34244892678439193 0.57822806738877908 0 7.9895600923037495
-0.33269646349918081 0.58678327844535327 0 7.6318241909630089
-0.31586194866714734 0.60135309932478209 0 7.0102362073042368
-0.29893353868842454 0.61575547658494778 0 6.3903886445637808
-0.28903999095869909 0.62405910242467399 0 6.0466894044805874
-0.27197245869352038 0.63818986693421598 0 5.7157703188116491
-0.25482298350095889 0.65214484825994146 0 5.7487563447129739
-0.24480630846203949 0.66018435900295114 0 5.9201530503923925
-0.22753675702935536 0.67385507142516776 0 6.2231656735589054
-0.21019737262165727 0.68734234848171771 0 6.5031233006539368
-0.20007576442050892 0.69510624686559541 0 6.6569213568895744
-0.18263554311057195 0.70829771418199372 0 6.9085782192868219
-0.16513768544969842 0.72129881505206717 0 7.1476649060856907
-0.15492946850181977 0.72877668708743282 0 7.270769932918042
-0.13735009446466143 0.74147160074007812 0 7.2828578414561909
-0.1197252969025679 0.75396996493612678 0 7.0200439761268223
-0.10944882003639268 0.76115252042546544 0 6.7517835847456649
-0.091761797299336603 0.77333552050530208 0 6.2471441592435939
-0.074041511006137831 0.78531655624936636 0 5.7124824349298047
-0.063715043725039444 0.79219565892986632 0 5.3672564050705818
-0.045951686473773734 0.80385338047033728 0 4.3864577000582576
-0.028167105902585001 0.81530450403291244 0 2.8696034654439728
-0.017808737925585814 0.82187319127365377 0 1.7417863094027166
1.3787733142196656e-17 0.83299429261789004 0 -0.60769370005264667
0.017818104720179966 0.84390494979399022 0 -3.4734730558671769
0.028190559567717422 0.85015744194282317 0 -5.3298298023953476
0.046014247175978351 0.86073261543240409 0 -8.125402211260516
0.063835689204041882 0.87109428550708046 0 -10.30850578023246
0.074204783786025491 0.87702598513909635 0 -11.288266875233619
0.092013665840289499 0.88704795063566977 0 -12.390161964482132
0.10980899043059261 0.89685413344656784 0 -12.736336389508239
0.12015772894020836 0.90246161491067556 0 -12.58933426862577
0.1379228678913002 0.91192509690285661 0 -11.756492686944521
0.15566348975469801 0.92117128383862978 0 -10.188619318261411
0.16597540548925638 0.9264522736285089 0 -8.973606998737468
0.18366881128693624 0.9353539628907479 0 -6.8919683702655057
0.20132713945102065 0.94403759286698063 0 -4.9037783391023355
0.21158636515114387 0.94899094145527352 0 -3.797236081489499
0.22918111202872699 0.95732944240916662 0 -2.0274271011523095
0.24673066138611663 0.96544984403469625 0 -0.43396036659732834
-0.96041872178516408 -0.26478941599862627 0 -0.65036735725574479
-0.95179709232243925 -0.24719837355113114 0 -3.7971005277955707
-0.94296650473864496 -0.22956672613071455 0 -8.3947849448235097
-0.93773105458749617 -0.21928805420560299 0 -11.619772503458806
-0.92857020216037189 -0.2015996485588582 0 -16.215331904782314
-0.91920092666669595 -0.18388018436083536 0 -19.3378314934317
-0.91365231248168388 -0.17355485900079795 0 -20.333491203140515
-0.90395413613789399 -0.1557940463688389 0 -18.466307419963435
-0.89404873066181334 -0.13801210212692508 0 -11.737637034058322
-0.88818874738771658 -0.12765503866924025 0 -5.7558602260970888
-0.87795686218095126 -0.10984772884197123 0 5.1022261402558753
-0.86751961834502778 -0.092029557292474001 0 16.275627652748081
-0.86135107738579075 -0.081656186215598059 0 22.698109989078237
-0.85059085653193545 -0.063829142134496142 0 29.989247637887352
-0.83962783727509116 -0.046001807331251462 0 32.01998993458799
-0.83315458624346339 -0.035628011403333687 0 30.961523324696572
-0.82187319127365366 -0.017808737925585801 0 28.25492641352189
-0.81039225610882659 6.7258513775876404e-17 0 24.853004396616232
-0.80361919122223868 0.01035795458610172 0 22.594806117768073
-0.79182558924239654 0.02814133201479059 0 18.918933047284682
-0.77983640631333762 0.045903141855932569 0 15.597309369031732
-0.77276947697459308 0.056228679866704538 0 13.822001765870036
-0.76047444428535793 0.07394754572475018 0 10.974514151682701
-0.7479884885384438 0.091633658987525388 0 8.3715920706287026
-0.74063469373287527 0.1019099754519362 0 6.9857548400219285
-0.72785080523030599 0.11953536275533712 0 5.0893490913869481
-0.7148813421916409 0.13711671508198012 0 3.8422840884334502
-0.70724871843735104 0.14732685881406635 0 3.3964545252223037
-0.6939903224007985 0.16482959457890406 0 2.8163766464018298
-0.680552377241603 0.18227697349373609 0 2.4287857971731364
-0.67264997794444326 0.19240393404396622 0 2.2905979198957582
-0.65893315602018199 0.20975479019520726 0 2.183664487078083
-0.64504346780085819 0.22703898771730768 0 2.2388975313679085
-0.63688133398864843 0.23706578488225685 0 2.3537814021262791
-0.62272384639215306 0.2542356330757915 0 2.813609603962774
-0.60840080759320037 0.27132760162129221 0 3.6228698116525582
-0.5999899301317364 0.28123737657502274 0 4.2340207208638851
-0.58541114631328517 0.29819734529420916 0 5.2010205563349521
-0.5706747279845753 0.31506835519594778 0 6.0176385157268379
-0.56202700150838503 0.32484446225616143 0 6.4327297771473226
-0.54704781675088721 0.34156609446663277 0 7.1749174924112555
-0.531919479834568 0.35818789137308882 0 7.973506153564597
-0.52304764875504661 0.36781398938234994 0 8.4529462230886363
-0.50769038739433447 0.38426939898228007 0 9.1220970682342877
-0.49219298099539438 0.40061435936373191 0 9.5712362364902681
-0.48311057807476421 0.41007450165216536 0 9.7422935582132482
-0.46739888424563153 0.42623652694157893 0 10.040764197335191
-0.45155653183253736 0.44227780993089721 0 10.368833891379197
-0.44227780993089699 0.45155653183253747 0 10.565518374766214
-0.42623652694157882 0.46739888424563192 0 10.785623578198566
-0.41007450165216508 0.4831105780747646 0 10.839684931515778
-0.40061435936373174 0.49219298099539466 0 10.796983320167465
-0.38426939898227991 0.5076903873943347 0 10.620937651358485
-0.36781398938234977 0.52304764875504706 0 10.320012510787475
-0.35818789137308871 0.53191947983456833 0 10.089202276295984
-0.3415660944666325 0.54704781675088743 0 9.6119786302120644
-0.32484446225616126 0.56202700150838503 0 9.0368199333874131
-0.31506835519594756 0.57067472798457541 0 8.6646932595304786
-0.2981973452942091 0.58541114631328539 0 8.0634939628809992
-0.28123737657502257 0.59998993013173652 0 7.5274797748045712
-0.27132760162129216 0.60840080759320048 0 7.2579341664191519
-0.25423563307579133 0.62272384639215295 0 7.0367316466085894
-0.2370657848822568 0.63688133398864843 0 7.1485948569284705
-0.2270389877173076 0.64504346780085819 0 7.3517578719029251
-0.20975479019520721 0.65893315602018199 0 7.6871007805566309
-0.19240393404396608 0.67264997794444326 0 7.9715572569505451
-0.18227697349373598 0.680552377241603 0 8.1132131777735683
-0.16482959457890398 0.69399032240079872 0 8.2921648928411535
-0.14732685881406624 0.70724871843735126 0 8.3885122957075087
-0.13711671508198003 0.71488134219164101 0 8.4019052446164011
-0.11953536275533705 0.72785080523030599 0 8.2643425569927924
-0.10190997545193611 0.74063469373287527 0 7.9134562254115712
-0.091633658987525277 0.74798848853844391 0 7.6171795344095541
-0.073947545724750069 0.76047444428535782 0 7.0266232621391742
-0.05622867986670442 0.77276947697459297 0 6.3469060334867722
-0.045903141855932431 0.7798364063133375 0 5.890269109841225
-0.028141332014790514 0.79182558924239643 0 4.6757001021653517
-0.010357954586101644 0.80361919122223857 0 2.8718022748154834
5.7367555867659264e-17 0.81039225610882637 0 1.5577433961434586
0.017808737925585887 0.82187319127365366 0 -1.0719058081688404
0.035628011403333756 0.83315458624346339 0 -4.1554775886379831
0.046001807331251567 0.83962783727509083 0 -6.1053669842793434
0.063829142134496183 0.85059085653193545 0 -8.9511487969503634
0.081656186215598128 0.86135107738579075 0 -11.033747885094831
0.092029557292474126 0.86751961834502755 0 -11.8919080730965
0.10984772884197133 0.87795686218095104 0 -12.783095579945023
0.12765503866924027 0.88818874738771636 0 -12.931014705255963
0.13801210212692516 0.89404873066181312 0 -12.67977427342443
0.15579404636883895 0.90395413613789366 0 -11.773669866645516
0.17355485900079795 0.91365231248168366 0 -10.279549672268805
0.18388018436083539 0.91920092666669573 0 -9.1699345821414457
0.20159964855885829 0.92857020216037189 0 -7.2962830732383699
0.21928805420560299 0.93773105458749617 0 -5.5375686789391949
0.22956672613071466 0.94296650473864485 0 -4.5553110265020749
0.24719837355113122 0.95179709232243948 0 -2.7163718121126892
0.26478941599862621 0.96041872178516396 0 -0.64755109889414497
-0.9573245885336048 -0.27529715590087478 0 -0.8859451107346431
-0.94841587547582673 -0.25768187190837927 0 -4.173945163511414
-0.93930363510736747 -0.24002862289904342 0 -7.8753096441885448
-0.93390680720681207 -0.22973854509566269 0 -10.167358379277021
-0.92447310145318851 -0.21203245704072435 0 -13.526239987805225
-0.91483665809870385 -0.19429761749758057 0 -16.031132642167176
-0.90913520788838476 -0.18396435152961779 0 -16.969636783518439
-0.89917903697879387 -0.16619153005507553 0 -15.746265142643852
-0.88902153960175689 -0.14839951868363552 0 -10.638374574860135
-0.88301758826185761 -0.13803743098847615 0 -6.0114693771571766
-0.87254309649346395 -0.1202228182254554 0 2.4820707186709354
-0.86186932537449057 -0.10239888993267851 0 11.335882448387745
-0.85556594957457455 -0.092022816775469876 0 16.513975917411546
-0.84457893236048431 -0.074192132220686505 0 23.165256632388814
-0.83339532929243754 -0.056362280231911782 0 26.646238795069397
-0.82679657679977903 -0.045987469040996758 0 27.263739642717248
-0.81530450403291244 -0.028167105902584928 0 26.768551102086715
-0.80361919122223879 -0.010357954586101588 0 24.431388413816769
-0.79673008980659565 6.6422042814637485e-17 0 22.316605117706768
-0.78474211749322575 0.017783087321761586 0 18.892953782287911
-0.772564904479766 0.035544398194522396 0 15.950454170272348
-0.76539146373747402 0.045869623116791478 0 14.438349833473998
-0.75291843329409225 0.063588039589808409 0 11.863778520815083
-0.74026081133798904 0.081273978264914351 0 9.2710748559511664
-0.7328100171408044 0.091550395129034401 0 7.7851388997985769
-0.71986444189507437 0.10917643271566883 0 5.7681331927955739
-0.70673956543284877 0.12675920552713077 0 4.4991490761325608
-0.69901936679904264 0.13697060735912514 0 4.0794445227244251
-0.68561540539828369 0.15447637859265681 0 3.5086551840740521
-0.67203806033809277 0.17192806551606346 0 3.0705418876305579
-0.66405734862328059 0.18205819648691637 0 2.8799670202702328
-0.65021076522923449 0.19941577275598485 0 2.7154492969472162
-0.63619732403464779 0.21670846715872513 0 2.764159948691371
-0.62796590444583766 0.22674110450988888 0 2.8965068950263837
-0.61369401577901173 0.24392265770000413 0 3.3892729387730287
-0.59926237947773486 0.26102860890053892 0 4.2302471720094967
-0.59079093502389213 0.27094764624724454 0 4.8593975552377566
-0.57611254451067595 0.28792559230073939 0 5.8594588731562514
-0.56128207195552071 0.3048173494705802 0 6.7119525387703902
-0.55258212005923402 0.31460688061826247 0 7.1478905278192091
-0.53751743952606812 0.33135402351013493 0 7.9080187474965182
-0.52230886442584834 0.34800457939810092 0 8.6990925302299402
-0.51339270653088942 0.35764898178042498 0 9.1635823074793343
-0.49796326607769337 0.37413865636959481 0 9.8086278868368559
-0.48239860250123556 0.39052158930053649 0 10.238111124988883
-0.47327926711739565 0.40000560613650021 0 10.399420614207097
-0.45750781398278106 0.41621181834166415 0 10.681211908597374
-0.44161025121544889 0.43230143094243989 0 10.991926100078484
-0.43230143094243961 0.44161025121544911 0 11.179050999428368
-0.41621181834166404 0.45750781398278134 0 11.398821058856846
-0.40000560613649994 0.47327926711739599 0 11.474735944181766
-0.39052158930053615 0.48239860250123584 0 11.452769618655179
-0.37413865636959459 0.4979632660776937 0 11.295496875448594
-0.35764898178042487 0.51339270653088975 0 10.987274391379858
-0.34800457939810081 0.52230886442584856 0 10.741388836964342
-0.33135402351013465 0.53751743952606834 0 10.240904009869958
-0.31460688061826225 0.55258212005923413 0 9.6483644879950798
-0.30481734947057998 0.56128207195552082 0 9.2704323589183986
-0.28792559230073922 0.57611254451067606 0 8.6947315928233344
-0.27094764624724438 0.59079093502389224 0 8.2325064219200801
-0.26102860890053886 0.59926237947773497 0 8.0228992713519087
-0.24392265770000396 0.61369401577901173 0 7.859153809056413
-0.22674110450988885 0.62796590444583744 0 7.959365972428424
-0.21670846715872502 0.63619732403464779 0 8.1282535558267934
-0.19941577275598479 0.65021076522923449 0 8.4276456591770366
-0.18205819648691626 0.66405734862328081 0 8.7148051350562135
-0.17192806551606332 0.67203806033809299 0 8.8718456242928916
-0.15447637859265673 0.68561540539828392 0 9.0436427786775528
-0.13697060735912506 0.69901936679904286 0 9.0816103934206378
-0.12675920552713069 0.70673956543284888 0 9.0401286421431077
-0.10917643271566875 0.71986444189507437 0 8.8157281211427119
-0.09155039512903429 0.73281001714080463 0 8.3934452893934868
-0.081273978264914212 0.74026081133798904 0 8.0613917636655028
-0.063588039589808312 0.75291843329409214 0 7.4006250863319583
-0.045869623116791367 0.76539146373747402 0 6.6365807637764362
-0.035544398194522257 0.77256490447976578 0 6.1245003796653474
-0.017783087321761509 0.78474211749322553 0 4.8081591325883446
1.1462759254391729e-17 0.79673008980659554 0 2.8951037405824867
0.010357954586101711 0.80361919122223879 0 1.5147724034713157
0.028167105902585022 0.81530450403291232 0 -1.2233849482247154
0.04598746904099682 0.82679657679977903 0 -4.4073610254931719
0.056362280231911893 0.83339532929243731 0 -6.4090785078530201
0.074192132220686574 0.84457893236048442 0 -9.2876740129322979
0.092022816775469946 0.85556594957457432 0 -11.327099876193298
0.10239888993267861 0.86186932537449013 0 -12.128269099529669
0.12022281822545546 0.87254309649346373 0 -12.905977067024823
0.13803743098847623 0.88301758826185761 0 -12.927885148879891
0.1483995186836356 0.88902153960175689 0 -12.603838280858
0.16619153005507556 0.89917903697879364 0 -11.660863358842462
0.18396435152961788 0.90913520788838476 0 -10.255906805328092
0.19429761749758062 0.91483665809870363 0 -9.2483988138891196
0.21203245704072446 0.92447310145318851 0 -7.5144920786338973
0.22973854509566272 0.93390680720681218 0 -5.8305719015416111
0.24002862289904356 0.93930363510736758 0 -4.8611817819055556
0.25768187190837938 0.94841587547582684 0 -2.9588930996475784
0.27529715590087472 0.95732458853360458 0 -0.71796650382353189
-0.95172121993287551 -0.29334121513421563 0 -1.0268227686063687
-0.94232751844465734 -0.27568444824900579 0 -4.1577208390789471
-0.93273978323056406 -0.2579941863742175 0 -6.7051673189269607
-0.92707065477727746 -0.24768454068623669 0 -7.9277465926021078
-0.91717678601912034 -0.22994807037275528 0 -9.7926157038601218
-0.90709005508112006 -0.2121867488656157 0 -11.392161870858155
-0.90113114104195757 -0.20183977351729079 0 -12.112494977773599
-0.89074056953923919 -0.1840461579902854 0 -11.605699472978021
-0.88015886587139114 -0.1662366316038886 0 -8.6838076178044599
-0.87391276639087379 -0.15586575965633517 0 -5.9485954304806485
-0.86303040716193136 -0.13803829846771337 0 -0.79769504476877118
-0.85195921424398502 -0.12020413182842553 0 4.7361076008581549
-0.84542938351999863 -0.10982319452569539 0 8.0998596829256329
-0.83406162510690307 -0.091985844913248335 0 13.52323276216266
-0.82250790637946014 -0.074151225863040668 0 18.416786218651563
-0.81569866232624033 -0.063774400843818566 0 20.921756311140371
-0.80385338047033739 -0.045951686473773665 0 23.080032763495119
-0.79182558924239654 -0.028141332014790459 0 22.299862493075221
-0.78474211749322553 -0.01778308732176145 0 20.631141464293808
-0.77242867893710776 6.5667439455815159e-17 0 17.886298143645639
-0.75993675824682161 0.017760944537693318 0 15.614130600581245
-0.75258511023638208 0.028085910268439696 0 14.476491498410484
-0.73981436623904961 0.045804015223964108 0 12.329779645409817
-0.72686973829850532 0.06349008305475777 0 9.8659600644024081
-0.71925682323098938 0.073766903775614096 0 8.3338384201694282
-0.70604109250018376 0.091394417696876146 0 6.282076025480972
-0.69265663747646566 0.10897993264656759 0 5.0716183264011061
-0.68479020805805124 0.11919364094109154 0 4.7221673905653798
-0.67114324893123067 0.13670481659871409 0 4.2277738724648675
-0.65733327294691479 0.15416400942116318 0 3.7951536002460955
-0.64922190483882281 0.16429960484125553 0 3.5816125721305938
-0.63515887667983406 0.18166867486003926 0 3.4317869419696478
-0.62093906905410601 0.19897580277142085 0 3.577992851737851
-0.61259213408377566 0.20901832185435482 0 3.7992343946101723
-0.59812954800338036 0.22621961967705007 0 4.4074294161415439
-0.5835169278975082 0.24334908800278937 0 5.3035058442654286
-0.57494456114886139 0.25328367531389245 0 5.9406250949466974
-0.56010022030118722 0.2702917575717268 0 6.9693421715853718
-0.54511307307625567 0.28721824234490417 0 7.8775481178700755
-0.53632613406388174 0.29703022186207972 0 8.354643872402578
-0.52111906391456131 0.31381999096524921 0 9.1429079408444132
-0.50577686765218577 0.33051856127719725 0 9.9001352254266912
-0.49678689586680513 0.3401935074147342 0 10.320753575405812
-0.48123726496902419 0.35674033314985282 0 10.915646838330213
-0.46556060774413205 0.37318657203515299 0 11.336399166442391
-0.4563797729360729 0.38271037959708826 0 11.509251086716809
-0.44050880488487781 0.39899021851249322 0 11.801734543274634
-0.42451929351051493 0.41516034115244177 0 12.106227409005093
-0.4151603411524416 0.42451929351051509 0 12.283629875066071
-0.39899021851249306 0.44050880488487809 0 12.500976514446265
-0.38271037959708798 0.45637977293607318 0 12.596178620753605
-0.37318657203515271 0.46556060774413222 0 12.593436291199286
-0.35674033314985265 0.48123726496902447 0 12.451763590152906
-0.34019350741473403 0.49678689586680547 0 12.132789290983427
-0.3305185612771972 0.5057768676521861 0 11.870313690706345
-0.31381999096524893 0.52111906391456153 0 11.350103538953531
-0.2970302218620795 0.53632613406388197 0 10.752838626727453
-0.28721824234490395 0.54511307307625578 0 10.379609455439937
-0.27029175757172669 0.56010022030118722 0 9.8312140999827342
-0.2532836753138924 0.5749445611488615 0 9.4217970000438758
-0.24334908800278926 0.58351692789750853 0 9.2517272387764784
-0.22621961967704998 0.59812954800338047 0 9.127046426078671
-0.20901832185435471 0.61259213408377566 0 9.2235602356409849
-0.19897580277142074 0.62093906905410601 0 9.3731141317010049
-0.18166867486003921 0.63515887667983406 0 9.6490301383508736
-0.16429960484125547 0.64922190483882292 0 9.9303652259951534
-0.1541640094211631 0.65733327294691513 0 10.090545436699671
-0.136704816598714 0.6711432489312309 0 10.255495974279622
-0.11919364094109146 0.68479020805805135 0 10.267658948407465
-0.10897993264656754 0.69265663747646589 0 10.199782814896995
-0.091394417696876049 0.70604109250018376 0 9.8681920588294574
-0.073766903775613998 0.71925682323098961 0 9.2543908367492254
-0.063490083054757632 0.72686973829850565 0 8.7774318554481834
-0.045804015223963997 0.73981436623904984 0 7.890229297377978
-0.028085910268439582 0.75258511023638197 0 6.9406012734148543
-0.017760944537693189 0.7599367582468215 0 6.3377218121304724
9.9496120387598687e-18 0.77242867893710776 0 4.8712115495282777
0.01778308732176153 0.78474211749322553 0 2.8115926961014273
0.028141332014790577 0.79182558924239654 0 1.3498509773047724
0.045951686473773762 0.80385338047033739 0 -1.4877803600937263
0.063774400843818635 0.81569866232624011 0 -4.7150641873267034
0.074151225863040751 0.82250790637945992 0 -6.7156138723826251
0.091985844913248391 0.83406162510690296 0 -9.547709962122779
0.10982319452569542 0.84542938351999852 0 -11.483031888430068
0.12020413182842563 0.8519592142439848 0 -12.20000371271566
0.13803829846771343 0.86303040716193102 0 -12.849207828389147
0.15586575965633528 0.87391276639087367 0 -12.769894631582311
0.16623663160388868 0.88015886587139114 0 -12.403965446588007
0.18404615799028545 0.89074056953923908 0 -11.487134972444837
0.20183977351729088 0.90113114104195768 0 -10.242744111503077
0.21218674886561575 0.90709005508112006 0 -9.3795268123836095
0.22994807037275536 0.91717678601912034 0 -7.8114072412698095
0.24768454068623669 0.92707065477727746 0 -6.1634484030093137
0.25799418637421762 0.93273978323056406 0 -5.1582879812652189
0.27568444824900584 0.94232751844465745 0 -3.1548395392846169
0.29334121513421557 0.9517212199328754 0 -0.76877286903519948
-0.94575351066878555 -0.31136267378464605 0 -0.75133574736095066
-0.93588572396048753 -0.29366506894044037 0 -3.0502063014904408
-0.92583356618121959 -0.27593834258990718 0 -4.9393050671986698
-0.91989864843274471 -0.26560940405724326 0 -5.8540011058153896
-0.90955590234938077 -0.24784294930988299 0 -7.2381289118666174
-0.8990302706416381 -0.23005545106955622 0 -8.4064416895253444
-0.89282055611225541 -0.21969490248566462 0 -8.9394693665223439
-0.88200707839033143 -0.20188065794875207 0 -8.8658353480830865
-0.87101269828861128 -0.18405369814085176 0 -7.4291114923337558
-0.86453116747703729 -0.17367405292464574 0 -5.9948933384880183
-0.85325247671722837 -0.15583370320340109 0 -3.0335345693010578
-0.84179537097017021 -0.13798918883787459 0 0.48385523995465818
-0.83504576181181966 -0.12760329450164895 0 2.7875774613864577
-0.82330868153592118 -0.1097590749963832 0 7.1337210903606509
-0.81139618116951084 -0.091919433700431943 0 11.970140660914611
-0.80438299407296976 -0.08154042651034317 0 14.879956545627062
-0.79219565892986632 -0.063715043725039403 0 17.967796357969867
-0.77983640631333784 -0.045903141855932438 0 18.338620689035704
-0.77256490447976589 -0.03554439819452225 0 17.418456041423212
-0.75993675824682139 -0.017760944537693175 0 15.709993555537306
-0.74714070183904646 7.1867334273755357e-17 0 14.104397446333772
-0.73961690669196156 0.010324915250531959 0 13.19718118421213
-0.72655869180191035 0.028043051599064818 0 11.372005955807602
-0.71333707234298194 0.045729561225916426 0 9.1647659001768069
-0.70556775394786775 0.056006948912543306 0 7.7547448011082487
-0.69209149236294776 0.073636178413790013 0 5.9014899594051986
-0.67845682037004429 0.091224611752628873 0 4.8810466957224348
-0.67044948277932992 0.10144069488046963 0 4.6375772913968261
-0.65656844813262438 0.11895732459745136 0 4.3052099810384812
-0.64253447265958685 0.13642397559853245 0 4.007920577029024
-0.63429733417781353 0.14656495750785592 0 3.8651225464003094
-0.62002601520494194 0.16394529181976122 0 3.8871743840925461
-0.60560768392961906 0.1812664913149438 0 4.2782682930038929
-0.59714965235505435 0.19131861511958684 0 4.6668043106355634
-0.58250370774567517 0.20853905833683536 0 5.4684734655506979
-0.56771711855609874 0.22569127715205989 0 6.4198218016717856
-0.55904776151753321 0.23564088592465293 0 7.0335998979164218
-0.54404396642360542 0.25267804590841686 0 8.0514111379498665
-0.52890631078144934 0.26963799862423821 0 9.0034586498470457
-0.52003582135124449 0.2794715957929248 0 9.5254773536907749
-0.5046920058955936 0.29630238765113914 0 10.335093088370789
-0.48922150436105627 0.31304713607481072 0 11.030431118620154
-0.4801606621864728 0.32275144548333462 0 11.383869742809409
-0.46449564241880154 0.3393531943975302 0 11.919242925492595
-0.4487114728229149 0.35586024979798175 0 12.366754388397965
-0.43947160107611932 0.36542227487652901 0 12.589678486579484
-0.42350510292209614 0.38177281711060562 0 12.947479998611701
-0.40742732176844348 0.39802024027016197 0 13.27971562333342
-0.39802024027016175 0.40742732176844376 0 13.457443064271832
-0.38177281711060551 0.42350510292209642 0 13.669735446814482
-0.36542227487652873 0.4394716010761196 0 13.755988261105802
-0.35586024979798159 0.44871147282291518 0 13.746577976272487
-0.33935319439752998 0.46449564241880187 0 13.595231621079687
-0.32275144548333451 0.48016066218647302 0 13.26958589721575
-0.31304713607481055 0.48922150436105655 0 13.005366591309901
-0.29630238765113887 0.50469200589559393 0 12.496540218385066
-0.27947159579292463 0.5200358213512446 0 11.93047877428117
-0.26963799862423804 0.52890631078144956 0 11.581331762193827
-0.25267804590841664 0.54404396642360553 0 11.033863533881004
-0.23564088592465279 0.55904776151753344 0 10.567229265487773
-0.2256912771520598 0.56771711855609885 0 10.342778893143073
-0.20853905833683531 0.58250370774567517 0 10.175265586775227
-0.19131861511958678 0.59714965235505435 0 10.305575174468116
-0.18126649131494371 0.60560768392961917 0 10.504053838895684
-0.16394529181976114 0.62002601520494216 0 10.823799213927849
-0.14656495750785581 0.63429733417781364 0 11.08465072077237
-0.13642397559853239 0.64253447265958696 0 11.209371068256891
-0.11895732459745129 0.65656844813262472 0 11.366514738815562
-0.10144069488046956 0.67044948277933014 0 11.451543620360935
-0.091224611752628817 0.67845682037004462 0 11.4499735656456
-0.073636178413789929 0.69209149236294776 0 11.070132855494188
-0.056006948912543202 0.70556775394786797 0 10.173177543291686
-0.045729561225916281 0.71333707234298205 0 9.4386563432374206
-0.028043051599064703 0.72655869180191035 0 8.1818409793653863
-0.010324915250531856 0.73961690669196156 0 6.9897315178238513
5.7893130387191822e-17 0.74714070183904646 0 6.2998703427490836
0.017760944537693252 0.75993675824682139 0 4.7082913041274681
0.035544398194522334 0.772564904479766 0 2.5443079332333922
0.045903141855932549 0.77983640631333773 0 1.0356221871692006
0.0637150437250395 0.79219565892986632 0 -1.793763729725375
0.081540426510343239 0.80438299407296943 0 -4.890582066994023
0.091919433700432041 0.8113961811695104 0 -6.7654918505301938
0.10975907499638322 0.82330868153592107 0 -9.4030403542148857
0.12760329450164903 0.83504576181181966 0 -11.185805753415307
0.13798918883787467 0.84179537097016999 0 -11.835301474200069
0.15583370320340117 0.85325247671722804 0 -12.444306675183798
0.1736740529246458 0.86453116747703695 0 -12.425323316587596
0.18405369814085182 0.87101269828861105 0 -12.136836696404705
0.2018806579487521 0.8820070783903311 0 -11.367738634062068
0.21969490248566464 0.89282055611225541 0 -10.280145292812229
0.23005545106955633 0.89903027064163821 0 -9.506089383250222
0.24784294930988301 0.90955590234938066 0 -7.9951465462030704
0.26560940405724326 0.9198986484327446 0 -6.2681963065984352
0.27593834258990735 0.92583356618121981 0 -5.165053717745959
0.29366506894044042 0.93588572396048753 0 -3.0751488385253127
0.31136267378464599 0.94575351066878532 0 -0.73176584708558123
-0.94211200473336454 -0.32183640000536212 0 -0.42796497284460611
-0.93197351216502355 -0.30411552768183214 0 -1.984276582775935
-0.92165633332317587 -0.28636802839626574 0 -3.6983166005252759
-0.91556981844108676 -0.27602809981051213 0 -4.746904125326818
-0.90497117141510053 -0.25824456455704375 0 -6.2649999524954003
-0.89419547625738005 -0.24044215343734171 0 -7.3811129649508294
-0.88784293492790067 -0.2300738709086268 0 -7.8227616100368573
-0.87678872884786663 -0.21224786889428057 0 -7.8807253843882998
-0.86555957652478643 -0.19441096766163463 0 -6.9992037378139935
-0.85894416744989466 -0.18402631639855574 0 -6.0603439266192964
-0.84744019923538572 -0.16617860617805622 0 -3.8694131092891118
-0.83576385502352912 -0.14832817317858529 0 -0.96640149939656694
-0.82888944057349745 -0.13793943851726925 0 1.0414612691613028
-0.81694271845858168 -0.12009127286366683 0 4.832395357931917
-0.80482666086856225 -0.10224873284473279 0 9.0307947780314226
-0.79769780996096751 -0.09186845845599817 0 11.562151055257729
-0.78531655624936625 -0.074041511006137775 0 14.471398475967179
-0.77276947697459308 -0.056228679866704386 0 15.330335299959875
-0.76539146373747391 -0.045869623116791318 0 14.959655981223742
-0.75258511023638186 -0.028085910268439537 0 13.988779501369281
-0.73961690669196145 -0.010324915250531804 0 12.765306987588527
-0.73199570477821774 8.2549922330747311e-17 0 11.934096253116644
-0.7187748807053792 0.017718201428807104 0 10.256249550059243
-0.70539664098156551 0.035405005570316742 0 8.2565990391385089
-0.69753891344647778 0.04568273840488242 0 6.9907085631188224
-0.68391542568383601 0.063312977176428142 0 5.3516544342170826
-0.67013940581925002 0.080903095423310215 0 4.493506676899865
-0.66205249052091841 0.091120539183271648 0 4.3230836368697876
-0.6480392961718664 0.10864027866144489 0 4.1153030241797603
-0.63387888973698459 0.12611116573973741 0 3.9468019108226642
-0.62557078026974966 0.13625520081965367 0 3.8822651677037081
-0.6111819515643554 0.15364191031855345 0 4.0646167656043186
-0.5966516516341408 0.17097106275220572 0 4.6517921231112052
-0.58813097385687108 0.18102861045382515 0 5.1648618068093848
-0.57338165553896225 0.19825985817471484 0 6.1057430982309402
-0.55849700922342504 0.21542490763116492 0 7.0884479353096843
-0.54977299349697317 0.22538298463092871 0 7.6769226045981718
-0.53467935291703605 0.24243653141265245 0 8.6720774584987641
-0.51945690870837236 0.25941533855435328 0 9.6411177351848245
-0.51053935800859662 0.26926111152251542 0 10.187263273801834
-0.4951185282354385 0.28611500460521022 0 11.003262573427149
-0.47957577651850197 0.3028857526401687 0 11.651882624172428
-0.47047503064202922 0.31260659253947992 0 11.958595195759237
-0.45474504699236418 0.32923925852751107 0 12.457132046459542
-0.43890035414992196 0.34578054564255567 0 12.933411746968899
-0.42962725027831622 0.355364081231137 0 13.199173976619582
-0.41360698074520924 0.37175441743916027 0 13.6146596714369
-0.3974795173690524 0.38804534730230944 0 13.975543985254392
-0.38804534730230927 0.39747951736905252 0 14.157139693767716
-0.37175441743916016 0.41360698074520952 0 14.365130188887649
-0.35536408123113672 0.4296272502783165 0 14.434460190915303
-0.34578054564255545 0.43890035414992207 0 14.410384265853276
-0.32923925852751085 0.45474504699236445 0 14.243485995317636
-0.31260659253947976 0.47047503064202945 0 13.916644393136222
-0.30288575264016854 0.47957577651850225 0 13.658051572656174
-0.28611500460520994 0.49511852823543873 0 13.168765393452103
-0.2692611115225152 0.51053935800859684 0 12.634086386880035
-0.25941533855435306 0.51945690870837247 0 12.305271297384126
-0.24243653141265234 0.53467935291703605 0 11.749014831005161
-0.22538298463092854 0.54977299349697317 0 11.210904285578378
-0.21542490763116481 0.55849700922342516 0 10.922096281799258
-0.19825985817471478 0.57338165553896236 0 10.70104973870991
-0.1810286104538251 0.58813097385687108 0 10.86313475470787
-0.17097106275220564 0.5966516516341408 0 11.112831160621976
-0.1536419103185534 0.61118195156435551 0 11.480200622185137
-0.13625520081965356 0.62557078026974955 0 11.723463388845639
-0.12611116573973732 0.63387888973698481 0 11.813993802720448
-0.10864027866144482 0.64803929617186662 0 11.966150705961663
-0.091120539183271579 0.66205249052091852 0 12.127523951128103
-0.080903095423310145 0.67013940581925024 0 12.196315098616326
-0.063312977176428073 0.68391542568383612 0 11.810616121309257
-0.045682738404882316 0.69753891344647811 0 10.722428032631592
-0.035405005570316596 0.70539664098156563 0 9.8030888501407318
-0.017718201428806989 0.71877488070537932 0 8.2837013993653539
2.1996648493885731e-17 0.73199570477821763 0 6.9242548703765721
0.010324915250531931 0.73961690669196156 0 6.1779816999845796
0.028085910268439613 0.75258511023638175 0 4.5162515625915001
0.045869623116791394 0.76539146373747391 0 2.3102475268634755
0.056228679866704503 0.77276947697459297 0 0.79277388210383526
0.074041511006137858 0.78531655624936614 0 -1.9821201868880991
0.091868458455998239 0.7976978099609674 0 -4.9306092069451957
0.10224873284473292 0.80482666086856225 0 -6.6831207284181522
0.12009127286366687 0.81694271845858168 0 -9.1489816421098649
0.13793943851726936 0.82888944057349712 0 -10.826580241589751
0.1483281731785854 0.83576385502352901 0 -11.447104957136174
0.1661786061780563 0.84744019923538549 0 -12.070294613482162
0.18402631639855585 0.85894416744989455 0 -12.149715949986438
0.19441096766163468 0.86555957652478621 0 -11.952158940230671
0.2122478688942806 0.87678872884786641 0 -11.313636648237523
0.2300738709086268 0.88784293492790056 0 -10.311802821867369
0.24044215343734185 0.89419547625738016 0 -9.5653939716236831
0.25824456455704375 0.90497117141510042 0 -8.0433760265431324
0.27602809981051218 0.91556981844108676 0 -6.2273210833021713
0.28636802839626596 0.92165633332317598 0 -5.045316926549547
0.30411552768183225 0.93197351216502355 0 -2.9145229450467123
0.32183640000536212 0.94211200473336454 0 -0.67402327439102816
-0.93556484286002839 -0.33980057599646363 0 -0.077047686891192527
-0.92497046532723259 -0.32204094062330957 0 -0.8028613253085829
-0.91420724607684856 -0.304258865792852 0 -2.2596799910104659
-0.90786570819836165 -0.29390065906414237 0 -3.3937512655810727
-0.89683677343945145 -0.27608873986704541 0 -4.9989478297869461
-0.88564084837278501 -0.25826157564891411 0 -6.0521299375525821
-0.87904839519091005 -0.247880469193546 0 -6.4130546204307493
-0.86759000541755671 -0.23003499398645227 0 -6.6529436909466062
-0.8559668844498054 -0.21218165518912538 0 -6.4181235306176943
-0.84912691081269542 -0.2017887399468036 0 -6.045449085334651
-0.83724522305753035 -0.18392890193144421 0 -4.7555991005071938
-0.82520147312232872 -0.16606874633441177 0 -2.6053000921497698
-0.81811798972770056 -0.15567536047926495 0 -0.98179947540271706
-0.80582021978306007 -0.13782075908638344 0 2.0241174217178375
-0.79336346655802026 -0.11997352669305705 0 5.2464487210709994
-0.78604109992599569 -0.10959121956774544 0 7.1689170327995244
-0.77333552050530219 -0.091761797299336562 0 9.7088782032589123
-0.76047444428535804 -0.073947545724750055 0 11.163243265753698
-0.75291843329409203 -0.063588039589808257 0 11.525675290723665
-0.73981436623904961 -0.045804015223963948 0 11.571803983236181
-0.72655869180191013 -0.028043051599064648 0 10.926329180390621
-0.7187748807053792 -0.017718201428806927 0 10.25203790576475
-0.7052826831180119 9.5235365646848653e-17 0 8.8967089083117923
-0.69164316348345112 0.017687190175696362 0 7.3377487735902225
-0.68363799136486259 0.027965438590931521 0 6.3706249633682299
-0.66976903560309942 0.045597258575609222 0 5.1332082555588681
-0.65575742964875683 0.063190085155172923 0 4.5081261932625099
-0.64753791629905944 0.073409738514666645 0 4.4037976146213111
-0.63330456383723899 0.090934560119611124 0 4.3199146690717285
-0.61893360779717588 0.10841240408464434 0 4.3065091951126471
-0.61050733604548679 0.11856146598205403 0 4.3459814964917234
-0.59592290526586456 0.13595869060612797 0 4.7214482576066663
-0.58120627820335258 0.15330098134302911 0 5.5184970673848683
-0.57258137276427357 0.16336749744196583 0 6.1563947422776248
-0.55766010081133222 0.18061662272733658 0 7.2389901069860034
-0.54261238422316538 0.1978029162204934 0 8.2604297139521705
-0.53379748716423725 0.20777501985704197 0 8.8286156745295958
-0.5185544860592487 0.22485571814629515 0 9.785457392635708
-0.50319111783419879 0.24186577548311008 0 10.721862792046002
-0.49419536080454579 0.25173173334013743 0 11.25050532286672
-0.478646568082288 0.26862393006708279 0 12.021642237554989
-0.46298379110000681 0.28543779563580551 0 12.604283748224727
-0.45381676449787162 0.29518605312723029 0 12.866276081330966
-0.43797888868954271 0.31187000451785951 0 13.329082303556797
-0.42203369440715693 0.32846808327344607 0 13.828963828932887
-0.4127054136988772 0.33808730927478708 0 14.132121885733882
-0.39659587504396426 0.35454367873423448 0 14.596960623987918
-0.38038594247472091 0.37090681191012936 0 14.980439190705424
-0.37090681191012925 0.38038594247472118 0 15.16318577897216
-0.35454367873423431 0.3965958750439646 0 15.358560612743442
-0.33808730927478692 0.41270541369887748 0 15.397514265063329
-0.32846808327344579 0.42203369440715721 0 15.349654810404809
-0.31187000451785923 0.43797888868954304 0 15.164375454366795
-0.29518605312723006 0.45381676449787195 0 14.852065013459866
-0.28543779563580535 0.46298379110000709 0 14.615276190394553
-0.26862393006708252 0.47864656808228834 0 14.160183213203792
-0.25173173334013721 0.49419536080454607 0 13.651615105690601
-0.24186577548310995 0.50319111783419912 0 13.333997840918018
-0.22485571814629501 0.51855448605924881 0 12.787984539097826
-0.2077750198570418 0.53379748716423736 0 12.248175781380388
-0.19780291622049326 0.54261238422316549 0 11.953580241462511
-0.18061662272733656 0.55766010081133222 0 11.723910969443665
-0.16336749744196574 0.57258137276427357 0 11.880412585168806
-0.15330098134302905 0.58120627820335269 0 12.127681663353767
-0.13595869060612786 0.59592290526586467 0 12.482881814491918
-0.11856146598205396 0.61050733604548679 0 12.702722432091056
-0.10841240408464424 0.61893360779717621 0 12.776031632906676
-0.090934560119611083 0.63330456383723932 0 12.917752611472066
-0.073409738514666603 0.64753791629905966 0 13.096330661710835
-0.063190085155172854 0.65575742964875716 0 13.182371007646093
-0.045597258575609145 0.66976903560309953 0 12.760193816663298
-0.027965438590931424 0.68363799136486281 0 11.539842555424734
-0.017687190175696223 0.69164316348345123 0 10.500549433707254
1.8044595596245007e-17 0.70528268311801201 0 8.7143422734020106
0.017718201428807027 0.71877488070537909 0 7.0132003579463609
0.02804305159906478 0.72655869180191024 0 6.0457060453855735
0.045804015223964024 0.73981436623904961 0 4.1417068197051616
0.06358803958980834 0.75291843329409214 0 1.895219858119916
0.073947545724750152 0.76047444428535804 0 0.44253808462571004
0.091761797299336645 0.77333552050530208 0 -2.1440094867630699
0.10959121956774552 0.78604109992599558 0 -4.8171839254133699
0.11997352669305715 0.79336346655802015 0 -6.378688536207842
0.13782075908638347 0.80582021978305995 0 -8.6071259760627168
0.15567536047926503 0.81811798972770022 0 -10.182903391187693
0.16606874633441188 0.82520147312232817 0 -10.804072923664203
0.18392890193144432 0.83724522305752991 0 -11.4897304403232
0.20178873994680374 0.84912691081269531 0 -11.703314138624114
0.21218165518912541 0.85596688444980484 0 -11.611380796052952
0.23003499398645233 0.86759000541755649 0 -11.121095146133243
0.24788046919354609 0.87904839519091027 0 -10.212980575411732
0.25826157564891422 0.88564084837278523 0 -9.4948299950902815
0.27608873986704541 0.89683677343945134 0 -7.967093159764465
0.29390065906414242 0.90786570819836165 0 -6.0740153810580644
0.30425886579285216 0.91420724607684856 0 -4.8242197415246917
0.32204094062330973 0.92497046532723259 0 -2.6856305267416118
0.33980057599646363 0.93556484286002828 0 -0.59862216322605999
-0.92865006239101522 -0.35771471062448962 0 -0.05137366135132003
-0.91761187093665897 -0.33991831198273925 0 -0.62989534223354449
-0.90641474325931248 -0.322103521316976 0 -1.8379700931652656
-0.89982526194085899 -0.31172805523519548 0 -2.788831491023942
-0.88837822081098095 -0.29388939549677001 0 -4.1772395866468832
-0.87677424940302673 -0.2760389892762618 0 -5.1563792501280172
-0.86994896740109984 -0.26564587908580051 0 -5.539999899430792
-0.85809853656022206 -0.24778224143541841 0 -5.9299830810523275
-0.84609353647681274 -0.22991365588676296 0 -5.9857400425375875
-0.83903600171327131 -0.21951311683615937 0 -5.8429409735929339
-0.82678855862184986 -0.20164216457364834 0 -4.9828345585072409
-0.81438926283517898 -0.1837731967371605 0 -3.2965702724864969
-0.80710355737109463 -0.17337564498847027 0 -1.962200292345865
-0.79446639666474506 -0.15551537071900534 0 0.47840594220942101
-0.78168045395083785 -0.13766412643134751 0 3.0417641898763339
-0.77417119192367367 -0.12728014824662001 0 4.5646830361414716
-0.76115252042546555 -0.10944882003639265 0 6.8259051963003161
-0.74798848853844402 -0.091633658987525263 0 8.5794937336827104
-0.74026081133798882 -0.081273978264914185 0 9.3515887439899856
-0.72686973829850532 -0.063490083054757632 0 10.028576075089186
-0.71333707234298183 -0.04572956122591626 0 9.8516241574742907
-0.70539664098156563 -0.035405005570316568 0 9.3865991179703769
-0.69164316348345123 -0.017687190175696171 0 8.4614942422571779
-0.67775219943870202 9.4449581786575299e-17 0 7.4474680331494341
-0.66960518409662106 0.010278534467082498 0 6.8340976384497774
-0.65550016760465657 0.027911524408168565 0 6.0204636304134107
-0.64126210099927183 0.045506615788970597 0 5.5502199764420093
-0.63291516775288958 0.055728200657644181 0 5.4256596211131161
-0.61847032183665129 0.073257583397536713 0 5.33088630889171
-0.60389718161885064 0.090741797378361438 0 5.3668192952564402
-0.59535747638606851 0.10089550897822659 0 5.4583030970060706
-0.58058532568928145 0.1183025306161027 0 5.895694782315176
-0.56568994338537271 0.13565714144989457 0 6.7101387486234589
-0.5569650731507455 0.14573209842587029 0 7.3403459113672067
-0.54187892372885205 0.16299809766935647 0 8.4206838636162331
-0.52667489802964174 0.1802044974190305 0 9.4596881092427978
-0.51777290943889887 0.19018989859295377 0 10.042855407642721
-0.50238681063338542 0.20729637186990407 0 10.966384152022769
-0.48688846759505222 0.22433613553095774 0 11.785276496452363
-0.47781782303574838 0.23422129777932957 0 12.21363984403788
-0.46214652509969828 0.2511499642336768 0 12.862920008606569
-0.44636887419091231 0.26800491455855247 0 13.402495924439476
-0.43713842550196114 0.27777931043256104 0 13.671538512511299
-0.42119733323535946 0.29451217633259358 0 14.138095845804738
-0.4051560195055971 0.31116444788453607 0 14.622068583107582
-0.39577497948309204 0.32081774269757585 0 14.908049368388227
-0.37958010217791427 0.33733716478520948 0 15.347408222315392
-0.36329135486223407 0.35376926675184267 0 15.712996207617028
-0.35376926675184256 0.36329135486223418 0 15.888027120233801
-0.33733716478520925 0.37958010217791444 0 16.063855862937022
-0.32081774269757563 0.39577497948309226 0 16.073573028968951
-0.3111644478845359 0.40515601950559743 0 16.006321946951445
-0.29451217633259341 0.42119733323535974 0 15.81688543614354
-0.27777931043256077 0.43713842550196147 0 15.541806116712504
-0.26800491455855224 0.44636887419091259 0 15.34187178249414
-0.25114996423367658 0.4621465250996985 0 14.9187077606014
-0.23422129777932935 0.47781782303574849 0 14.393929352776865
-0.22433613553095758 0.48688846759505239 0 14.052138124888689
-0.20729637186990399 0.50238681063338553 0 13.554421984007117
-0.19018989859295365 0.51777290943889887 0 13.192745985210486
-0.18020449741903044 0.52667489802964196 0 13.047276429756128
-0.16299809766935638 0.54187892372885205 0 12.933672457357167
-0.14573209842587023 0.5569650731507455 0 12.997477232915237
-0.13565714144989452 0.56568994338537271 0 13.109376724005303
-0.11830253061610259 0.58058532568928167 0 13.314869408191299
-0.10089550897822651 0.59535747638606862 0 13.522242750079389
-0.090741797378361355 0.60389718161885086 0 13.639791520078701
-0.073257583397536644 0.61847032183665174 0 13.768591348987457
-0.055728200657644125 0.63291516775288992 0 13.795857506994126
-0.045506615788970528 0.64126210099927217 0 13.745434588944853
-0.027911524408168499 0.65550016760465679 0 13.243275218849789
-0.010278534467082408 0.66960518409662118 0 12.172475204054845
4.421044253839695e-17 0.67775219943870224 0 11.298755116015991
0.017687190175696289 0.69164316348345134 0 9.5172466460144296
0.035405005570316665 0.70539664098156563 0 7.4057976140058477
0.045729561225916392 0.71333707234298205 0 6.0436883338383574
0.063490083054757715 0.72686973829850554 0 3.7249811565797288
0.081273978264914254 0.74026081133798904 0 1.4766599927459467
0.091633658987525402 0.74798848853844402 0 0.19507765702779184
0.10944882003639274 0.76115252042546544 0 -2.0832612330962501
0.1272801482466201 0.77417119192367356 0 -4.4711991186662576
0.13766412643134762 0.78168045395083774 0 -5.8828347894786459
0.15551537071900537 0.79446639666474483 0 -7.96642441751123
0.17337564498847036 0.8071035573710944 0 -9.5522857141409787
0.18377319673716058 0.81438926283517843 0 -10.242666030838157
0.20164216457364845 0.82678855862184963 0 -11.03255575463105
0.21951311683615948 0.83903600171327131 0 -11.313149757738794
0.22991365588676307 0.84609353647681262 0 -11.243967489334626
0.24778224143541841 0.85809853656022184 0 -10.782504827585839
0.26564587908580056 0.86994896740109984 0 -9.8925777410138203
0.27603898927626186 0.87677424940302673 0 -9.18093348695343
0.29388939549677007 0.88837822081098072 0 -7.6759499223191696
0.31172805523519553 0.89982526194085877 0 -5.82233864317016
0.32210352131697623 0.90641474325931237 0 -4.6037652274063259
0.33991831198273936 0.91761187093665897 0 -2.5416218151585581
0.35771471062448956 0.92865006239101511 0 -0.5616291420001347
-0.92445626689965954 -0.3681132018195532 0 -0.16862435041426505
-0.91316550076429903 -0.35029654452838332 0 -0.93981751651265566
-0.90172157486689086 -0.3324637790072103 0 -2.008989587045332
-0.89499113033306232 -0.32207885572483075 0 -2.746432884363895
-0.88330648553388369 -0.30422558812311729 0 -3.8867261614577004
-0.87147075145329767 -0.28636254261759547 0 -4.8156890801745043
-0.86451328207627254 -0.27596293255244159 0 -5.251312825678693
-0.85244036249246291 -0.25808950961420524 0 -5.709445933932896
-0.84021875027532666 -0.24021277439841615 0 -5.782970698310022
-0.83303785745470582 -0.22980819254743132 0 -5.633390318513376
-0.82058310912470489 -0.21193140486326237 0 -4.8265009990976875
-0.80798239061596067 -0.19405788822777414 0 -3.2895715910957923
-0.8005821652631312 -0.18365822640628601 0 -2.0833099051327091
-0.78775287421520646 -0.16579515391574096 0 0.12260389042228821
-0.77478065931510653 -0.14794203487855098 0 2.4400079245890773
-0.76716567894471133 -0.13755733374239698 0 3.8218168320224186
-0.75396996493612678 -0.11972529690256782 0 5.9606816830387208
-0.74063469373287527 -0.10190997545193606 0 7.7601785691075618
-0.73281001714080463 -0.091550395129034262 0 8.6305586752934644
-0.71925682323098949 -0.073766903775613943 0 9.50675941676025
-0.70556775394786775 -0.056006948912543139 0 9.5538368283941928
-0.697538913446478 -0.045682738404882239 0 9.2322268501224851
-0.6836379913648627 -0.027965438590931327 0 8.5993273268078116
-0.66960518409662095 -0.010278534467082302 0 7.9391215465022027
-0.66137817529908816 9.7769182576928799e-17 0 7.549405270836977
-0.64714006660516488 0.017633380875836609 0 6.9863396293160287
-0.63277436285587785 0.035229490403492866 0 6.5740011755012784
-0.62435563202358801 0.045452017893528762 0 6.4042547532438476
-0.6097916450948403 0.062983727333865341 0 6.2506490016361305
-0.59510464316782685 0.080471295387825256 0 6.2733071352196283
-0.58650107215715985 0.090627493423183852 0 6.3738490841506668
-0.57162325507924916 0.1080398110978173 0 6.7930499594247369
-0.55662728140850737 0.12540114534129132 0 7.5374141486671897
-0.54784617027601068 0.13548073351666895 0 8.1075795484968314
-0.5326672797484604 0.15275602917474809 0 9.1248132786544325
-0.51737535629982334 0.16997354987107208 0 10.161435129487954
-0.50842440364723285 0.17996632368805926 0 10.765069966896187
-0.49295787005626379 0.19708711533080381 0 11.669833840404774
-0.47738367796455589 0.21414341351146804 0 12.388421826951415
-0.46827095912710326 0.22403927820596856 0 12.72773251527795
-0.45253084797465037 0.24098829012564316 0 13.278111960296087
-0.43668868761996033 0.25786618547051032 0 13.802140544306914
-0.42742263082255233 0.26765518960158219 0 14.095125622808137
-0.41142360073628881 0.28441540988831449 0 14.57838764617737
-0.39532834849749676 0.30109800791925589 0 15.036476420603694
-0.38591770912335183 0.31077037648740552 0 15.290295417264877
-0.36967496670618899 0.32732511360593708 0 15.68434781369495
-0.3533420286625597 0.34379586179742383 0 16.02265037597871
-0.34379586179742372 0.35334202866255993 0 16.189208730233297
-0.32732511360593691 0.3696749667061891 0 16.350542321466058
-0.31077037648740541 0.38591770912335205 0 16.343914876205563
-0.30109800791925573 0.39532834849749698 0 16.267454164952692
-0.28441540988831432 0.41142360073628903 0 16.081443344785761
-0.26765518960158197 0.42742263082255255 0 15.836628873398476
-0.2578661854705101 0.43668868761996066 0 15.663627959310766
-0.24098829012564293 0.45253084797465054 0 15.258269480748378
-0.22403927820596836 0.46827095912710343 0 14.708715404017093
-0.21414341351146787 0.47738367796455605 0 14.34005216334754
-0.19708711533080367 0.49295787005626385 0 13.885706613537868
-0.1799663236880592 0.50842440364723285 0 13.696108141396142
-0.16997354987107197 0.51737535629982334 0 13.695861250023242
-0.15275602917474804 0.5326672797484604 0 13.697414286185847
-0.13548073351666887 0.54784617027601068 0 13.675573478040699
-0.12540114534129126 0.55662728140850748 0 13.659272589704253
-0.1080398110978172 0.57162325507924927 0 13.726768929457908
-0.090627493423183755 0.58650107215715996 0 13.931020718729545
-0.080471295387825173 0.59510464316782707 0 14.097020601755105
-0.062983727333865272 0.60979164509484052 0 14.21674476187194
-0.045452017893528714 0.62435563202358824 0 14.092286729462547
-0.035229490403492804 0.63277436285587818 0 13.90466939209934
-0.017633380875836543 0.64714006660516521 0 13.338399811368063
-8.6766219907499516e-18 0.66137817529908827 0 12.457859780998101
0.010278534467082441 0.66960518409662118 0 11.785849084490222
0.027965438590931445 0.68363799136486281 0 10.113402686644742
0.045682738404882337 0.69753891344647811 0 7.7525896568322805
0.056006948912543257 0.70556775394786786 0 6.1081680845726094
0.073766903775614026 0.71925682323098949 0 3.4965495975167715
0.091550395129034332 0.73281001714080463 0 1.259963226401084
0.10190997545193617 0.74063469373287527 0 0.11034417064435482
0.11972529690256792 0.75396996493612678 0 -1.9538891887954586
0.13755733374239706 0.7671656789447111 0 -4.177387986491893
0.14794203487855109 0.77478065931510653 0 -5.5187405308620265
0.16579515391574104 0.78775287421520634 0 -7.5529567087107248
0.18365822640628615 0.80058216526313075 0 -9.1862311217823756
0.19405788822777423 0.80798239061596022 0 -9.9424813710843516
0.21193140486326245 0.82058310912470456 0 -10.805597673340936
0.22980819254743146 0.83303785745470582 0 -11.094563067745431
0.24021277439841618 0.84021875027532633 0 -11.003917641926613
0.2580895096142054 0.85244036249246313 0 -10.510332117705889
0.27596293255244164 0.86451328207627265 0 -9.6023208545643541
0.28636254261759547 0.87147075145329767 0 -8.8880168738052099
0.30422558812311729 0.88330648553388358 0 -7.4110786058892071
0.3220788557248308 0.89499113033306232 0 -5.6299071123416145
0.33246377900721052 0.90172157486689086 0 -4.4703316318115149
0.35029654452838344 0.91316550076429903 0 -2.4887268251854393
0.3681132018195532 0.92445626689965976 0 -0.55464789306915163
-0.91695894866065053 -0.38592594211725134 0 -0.30977554597346429
-0.90524428994987949 -0.36807680806639137 0 -1.3044477395877965
-0.89338638870805842 -0.35021535360916439 0 -2.1857649723323744
-0.8864195937390219 -0.33981539712038983 0 -2.6496080848309171
-0.87433672651092187 -0.32193901636689809 0 -3.4439380986114205
-0.86211275745489702 -0.30405611238350905 0 -4.2456593554548805
-0.85493394348462859 -0.29364635859447341 0 -4.6977373510566833
-0.84248861625562677 -0.27575778753718017 0 -5.1705886571274604
-0.82990460743860883 -0.25786859852544536 0 -5.2174291764060019
-0.8225174112718574 -0.24745792052824989 0 -5.042080701149116
-0.80971609348532492 -0.22957248305317829 0 -4.3064021410022937
-0.79677879254887896 -0.21169242612106173 0 -3.0072141247852806
-0.78918726897734315 -0.20128983705587022 0 -2.0083111738423933
-0.77603714656962419 -0.18342308551380693 0 -0.14978016425603966
-0.76275401506855178 -0.1655677906022445 0 1.8495381198975585
-0.7549626329935335 -0.15518242017111339 0 3.0650071971600843
-0.74147160074007834 -0.13735009446466137 0 5.0347391515929694
-0.72785080523030599 -0.11953536275533697 0 6.8248225382994505
-0.71986444189507459 -0.10917643271566872 0 7.7615861131509893
-0.70604109250018388 -0.091394417696876021 0 8.8473781797100433
-0.69209149236294787 -0.07363617841378986 0 9.2209186607259532
-0.68391542568383612 -0.063312977176427976 0 9.140218283823927
-0.66976903560309975 -0.045597258575609048 0 8.9605069339896453
-0.65550016760465668 -0.027911524408168374 0 8.7962941798763303
-0.64714006660516477 -0.017633380875836421 0 8.703330230177988
-0.63268057861611948 9.2720280420921923e-17 0 8.4832201647531917
-0.61810263822894052 0.017597178607585414 0 8.176832124645097
-0.60956455159677747 0.027820921816233624 0 7.9717094737456851
-0.59480255416036387 0.045355914361148046 0 7.7769722440446838
-0.57992637369894084 0.062848495794447179 0 7.8101975553073295
-0.57121671650179395 0.073008509581614756 0 7.9343870554931968
-0.55616341998446617 0.090429100876982429 0 8.326793006151977
-0.54100044363614752 0.10780109953762865 0 8.9452199873390956
-0.53212598224782637 0.11788809586359315 0 9.4037656727250258
-0.51679319210134922 0.13517835809414092 0 10.276039295331323
-0.50135544795965103 0.15241389190559568 0 11.243025137252248
-0.4923232832638984 0.16241865146064541 0 11.835101273243239
-0.47672337028655692 0.17956278947332732 0 12.681965149438293
-0.46102343952081343 0.19664612741674445 0 13.28209649626471
-0.45184098847529797 0.20655952725847479 0 13.530433217529437
-0.43598685630411133 0.22354192597187406 0 13.976055885392189
-0.42003783962476826 0.24045753535847861 0 14.473221830971855
-0.41071281528236631 0.25027057634318217 0 14.78115919406687
-0.3946178652905607 0.26707584771278076 0 15.261952079712486
-0.37843334689352304 0.28380844089802554 0 15.670503133114224
-0.36897373699174896 0.29351227473479019 0 15.876685484342119
-0.35265183078886575 0.31012530398019877 0 16.200445385652632
-0.33624583998474966 0.32665988422692127 0 16.489282504003345
-0.32665988422692105 0.33624583998474977 0 16.635939020029028
-0.31012530398019872 0.35265183078886592 0 16.767840457488681
-0.29351227473479002 0.36897373699174923 0 16.736280857813856
-0.28380844089802532 0.37843334689352326 0 16.648607084267738
-0.26707584771278053 0.39461786529056087 0 16.467809569822837
-0.25027057634318195 0.41071281528236664 0 16.26181604817647
-0.24045753535847847 0.42003783962476865 0 16.123742727289496
-0.22354192597187383 0.43598685630411138 0 15.752226940457888
-0.2065595272584746 0.45184098847529808 0 15.19660538223361
-0.19664612741674431 0.46102343952081359 0 14.813274062491359
-0.17956278947332721 0.47672337028655709 0 14.424471676343915
-0.16241865146064532 0.49232328326389846 0 14.430916405085908
-0.15241389190559559 0.50135544795965103 0 14.590284995762229
-0.13517835809414083 0.51679319210134922 0 14.725263527267082
-0.11788809586359311 0.53212598224782637 0 14.627071488239174
-0.10780109953762855 0.54100044363614752 0 14.483978127312083
-0.090429100876982332 0.55616341998446628 0 14.410053217748972
-0.073008509581614658 0.57121671650179384 0 14.600548639607329
-0.062848495794447096 0.57992637369894084 0 14.806035882169345
-0.045355914361147977 0.59480255416036398 0 14.903547617453272
-0.027820921816233558 0.60956455159677769 0 14.618183100296937
-0.017597178607585345 0.61810263822894074 0 14.28818675732831
-2.015658270020042e-17 0.63268057861611982 0 13.62089763613397
0.017633380875836508 0.64714006660516521 0 12.854189915772459
0.027911524408168523 0.6555001676046569 0 12.328390535730062
0.045597258575609159 0.66976903560309986 0 10.759646851796209
0.063312977176428073 0.68391542568383623 0 8.274204493314512
0.073636178413789985 0.69209149236294809 0 6.4682657479879042
0.09139441769687609 0.70604109250018388 0 3.6679616781086919
0.10917643271566876 0.71986444189507459 0 1.3906252248863
0.1195353627553371 0.72785080523030599 0 0.28251851357696323
0.13735009446466145 0.74147160074007834 0 -1.6541940608998504
0.1551824201711135 0.75496263299353339 0 -3.6852149089635042
0.16556779060224464 0.76275401506855167 0 -4.893574973413477
0.18342308551380698 0.77603714656962386 0 -6.798371726681486
0.20128983705587036 0.78918726897734259 0 -8.4477814420642119
0.21169242612106184 0.79677879254887862 0 -9.2705280320793193
0.22957248305317837 0.80971609348532458 0 -10.198447839736913
0.24745792052824994 0.82251741127185729 0 -10.467023309850539
0.25786859852544547 0.82990460743860883 0 -10.330966527972951
0.27575778753718028 0.84248861625562699 0 -9.7975969778662542
0.29364635859447341 0.85493394348462859 0 -8.9114447619126231
0.30405611238350899 0.86211275745489691 0 -8.2376290335384361
0.32193901636689815 0.87433672651092165 0 -6.8714813969710713
0.33981539712038988 0.8864195937390219 0 -5.2517096209378247
0.3502153536091645 0.8933863887080582 0 -4.2047648962044422
0.36807680806639143 0.90524428994987949 0 -2.3777189474357945
0.3859259421172514 0.91695894866065064 0 -0.53842097724214066
-0.90909342843450558 -0.40366038561623424 0 -0.33466015373950947
-0.8969679494289009 -0.38578220949946734 0 -1.3354143461921679
-0.88470909988074919 -0.36789531157350419 0 -2.0984199354739852
-0.87751350775782511 -0.35748212526320883 0 -2.4420237977185639
-0.86504533533396355 -0.33958558644676151 0 -3.0335948652280118
-0.85244595583727545 -0.32168560212435754 0 -3.6520248348447848
-0.84505321144667578 -0.31126724227948077 0 -4.0080055022171166
-0.83224811932042086 -0.29336603341769274 0 -4.3561582591251709
-0.81931422050173652 -0.27546674015874123 0 -4.3330898581515136
-0.81172793077762029 -0.26505126227406217 0 -4.1465952574339919
-0.7985923030124934 -0.24715928527421072 0 -3.5024839805205166
-0.78533050391443793 -0.22927465737809696 0 -2.4447069104614587
-0.7775546288462335 -0.21887022570551426 0 -1.6458046463461022
-0.76409545410763491 -0.20100155923425528 0 -0.079293098429446485
-0.75051297548184459 -0.18314573480012572 0 1.7152699343636824
-0.74255182376684004 -0.17276060287712414 0 2.848767657581099
-0.72877668708743293 -0.15492946850181968 0 4.697728479541488
-0.71488134219164123 -0.13711671508197998 0 6.385777481288871
-0.70673956543284899 -0.12675920552713063 0 7.2789889008500142
-0.692656637476466 -0.10897993264656747 0 8.4292410897652559
-0.6784568203700444 -0.091224611752628734 0 9.0595321070128421
-0.67013940581925024 -0.080903095423310062 0 9.2070802182213285
-0.65575742964875694 -0.063190085155172743 0 9.4015861456361911
-0.64126210099927183 -0.04550661578897041 0 9.5668667152644087
-0.63277436285587796 -0.035229490403492686 0 9.642998060358515
-0.61810263822894063 -0.017597178607585237 0 9.6414096793985919
-0.60332130866092326 8.2771940582971877e-17 0 9.4578556520062573
-0.59466887794809475 0.010224331667468887 0 9.2847352681146944
-0.57971724318356099 0.027761512041032273 0 9.1462153779805995
-0.564659954219486 0.045257978290581813 0 9.247307572306017
-0.55584876727004329 0.055421130528560972 0 9.4113951686335859
-0.5406275787464343 0.072848787568311243 0 9.7964473626156447
-0.52530488140863885 0.090230175750913327 0 10.300668207421149
-0.51634116700401456 0.10032380222453506 0 10.648972949565756
-0.50086127637021327 0.11762762345890569 0 11.340120591489637
-0.48528420753094015 0.1348796622066836 0 12.148382769334582
-0.47617447274717728 0.14489547834558761 0 12.65996437510996
-0.46044720194356742 0.1620612692064923 0 13.412803162809119
-0.44462725852826213 0.17916981992315534 0 13.978339473470122
-0.43537827335336227 0.18909962525972054 0 14.230422624391753
-0.41941538755919144 0.20611334739525378 0 14.670065113967135
-0.4033644987253947 0.22306444245275911 0 15.137929928593175
-0.39398327952217849 0.23290014278596838 0 15.418951705212926
-0.3777969581615791 0.24974795200780306 0 15.849874738966825
-0.36152745559201338 0.26652783249477141 0 16.2058950566961
-0.35202124748993607 0.27626146175510968 0 16.380520001878772
-0.33562405344460911 0.29292974540696998 0 16.652185237641334
-0.31914863990817333 0.30952489821609513 0 16.892130225384705
-0.30952489821609497 0.31914863990817338 0 17.012269074469348
-0.29292974540696975 0.33562405344460922 0 17.109176602272527
-0.27626146175510952 0.35202124748993624 0 17.056991399368528
-0.26652783249477119 0.3615274555920136 0 16.963959842545325
-0.24974795200780281 0.37779695816157943 0 16.786010804303025
-0.23290014278596813 0.39398327952217871 0 16.598172347033127
-0.22306444245275889 0.40336449872539498 0 16.477482930530847
-0.20611334739525355 0.41941538755919155 0 16.144520974938317
-0.18909962525972035 0.43537827335336238 0 15.637934859260028
-0.1791698199231552 0.4446272585282624 0 15.287102902153414
-0.16206126920649214 0.46044720194356753 0 14.947600752477191
-0.14489547834558755 0.47617447274717734 0 14.993196705071874
-0.13487966220668351 0.48528420753094009 0 15.170992447840264
-0.11762762345890561 0.50086127637021338 0 15.337117990287716
-0.10032380222453498 0.51634116700401456 0 15.270178379741221
-0.090230175750913272 0.52530488140863885 0 15.143850716934605
-0.072848787568311174 0.54062757874643441 0 15.075817017954883
-0.055421130528560889 0.5558487672700434 0 15.239877756756803
-0.045257978290581743 0.56465995421948623 0 15.417556701061679
-0.027761512041032201 0.57971724318356121 0 15.483813009128356
-0.010224331667468825 0.59466887794809487 0 15.19349805589958
-1.4131794733678125e-17 0.60332130866092348 0 14.866367851157069
0.017597178607585313 0.61810263822894085 0 14.11455495686797
0.035229490403492776 0.63277436285587829 0 13.135909134935329
0.045506615788970556 0.64126210099927217 0 12.447935562672949
0.063190085155172868 0.65575742964875716 0 10.838327836138589
0.080903095423310145 0.67013940581925047 0 8.6573558282150866
0.091224611752628845 0.67845682037004473 0 7.1565111741001282
0.10897993264656755 0.69265663747646611 0 4.623177229115301
0.12675920552713071 0.70673956543284899 0 2.2170959615880359
0.13711671508198009 0.71488134219164123 0 0.88096546937238751
0.15492946850181977 0.72877668708743293 0 -1.274736668754868
0.17276060287712425 0.74255182376683981 0 -3.2399610132291667
0.18314573480012589 0.75051297548184459 0 -4.2955009413057894
0.20100155923425539 0.76409545410763491 0 -5.9982730368276638
0.21887022570551434 0.77755462884623316 0 -7.5600842697630712
0.22927465737809702 0.78533050391443771 0 -8.378049575437478
0.24715928527421077 0.79859230301249318 0 -9.2798133147586856
0.26505126227406223 0.81172793077762007 0 -9.4846206596481242
0.27546674015874129 0.81931422050173641 0 -9.2999001056234682
0.29336603341769291 0.8322481193204212 0 -8.7585849831157692
0.31126724227948083 0.84505321144667578 0 -7.9737790334784302
0.32168560212435754 0.85244595583727545 0 -7.4047451071525385
0.33958558644676151 0.86504533533396344 0 -6.2319016883027603
0.35748212526320877 0.877513507757825 0 -4.81149665846735
0.36789531157350436 0.88470909988074919 0 -3.8811083749974467
0.38578220949946745 0.89696794942890079 0 -2.2235771907810684
0.4036603856162343 0.90909342843450569 0 -0.5100907565191759
-0.90434647368755716 -0.41394119791904627 0 -0.30134199855791788
-0.89198805442724316 -0.39604792683938994 0 -1.2166016248767886
-0.8795019733567655 -0.37814793322383589 0 -1.9401533044769175
-0.87217676320737392 -0.367728000866197 0 -2.2775902645161046
-0.85949038927133858 -0.34982129674911056 0 -2.8115388111382851
-0.84667851028366137 -0.33191284965275297 0 -3.3019793613112154
-0.83916471515194557 -0.32149030156986186 0 -3.5566999663715682
-0.82615612483964096 -0.30358308125039585 0 -3.7754176473636445
-0.81302440021484179 -0.28567917043999258 0 -3.6924615348585896
-0.80532558248390052 -0.27526159842785108 0 -3.5038048668503592
-0.79200106505281787 -0.25736695835570905 0 -2.9182537009294292
-0.77855599589608826 -0.2394807421122489 0 -1.9992001198064768
-0.77067603625158188 -0.22907583085898225 0 -1.3118730914806993
-0.75704242576165015 -0.21120701807456727 0 0.1088072330817241
-0.74329105502659609 -0.1933517937216496 0 1.8294973327883057
-0.73523414801762266 -0.18296730345665391 0 2.9481793357812012
-0.72129881505206694 -0.16513768544969828 0 4.7465106221594517
-0.70724871843735093 -0.14732685881406613 0 6.3408571361683865
-0.69901936679904275 -0.13697060735912497 0 7.1671135251545754
-0.68479020805805124 -0.11919364094109142 0 8.2982242387890963
-0.67044948277933003 -0.10144069488046946 0 9.0472841042127516
-0.66205249052091841 -0.091120539183271509 0 9.3191324513833322
-0.64753791629905932 -0.073409738514666478 0 9.6928046427538401
-0.63291516775288947 -0.055728200657643993 0 9.9751417562083144
-0.6243556320235879 -0.045452017893528603 0 10.093596081000642
-0.60956455159677747 -0.027820921816233461 0 10.164508423774896
-0.59466887794809475 -0.010224331667468736 0 10.059392466492548
-0.58595217970187141 6.9137381535422575e-17 0 9.9338626043342089
-0.5708939846646901 0.017537861167441569 0 9.8686893334766665
-0.55573495940445938 0.035035985596045018 0 10.030786263974891
-0.54686675289348452 0.04520060650100962 0 10.222546057556507
-0.5315512985025892 0.062631744540606715 0 10.610092253089599
-0.51613895103711938 0.080017940406011887 0 11.055107598563623
-0.50712515217230325 0.090115029014784714 0 11.34262653374431
-0.49156273676642431 0.10742603158902027 0 11.917904244430749
-0.47590753111445472 0.12468692502900083 0 12.600400428842315
-0.46675430473993229 0.13470871762259831 0 13.038060289995274
-0.4509556473213146 0.1518862820834235 0 13.722257445157316
-0.43506845900916064 0.16900862198962313 0 14.301249281178061
-0.42578220514573001 0.17894743229227636 0 14.593178504001937
-0.40975842122170059 0.19597839934321054 0 15.06874746580875
-0.39365051248031335 0.21294909091885564 0 15.518833369241664
-0.38423785160060775 0.22279732956966539 0 15.767683554673241
-0.36800042739706973 0.23966871660423791 0 16.150993567887184
-0.35168342077766612 0.25647485452985413 0 16.475384044022643
-0.34215117818313412 0.26622504829492732 0 16.63804424367212
-0.32571194335404319 0.28292408223547566 0 16.886909723632648
-0.30919779389084695 0.29955298326734925 0 17.09923201273498
-0.29955298326734908 0.30919779389084701 0 17.201753692605823
-0.28292408223547549 0.32571194335404341 0 17.276543126557325
-0.2662250482949271 0.34215117818313423 0 17.214018719625681
-0.25647485452985397 0.3516834207776664 0 17.119932051926899
-0.23966871660423764 0.36800042739707006 0 16.942304768769333
-0.22279732956966511 0.38423785160060803 0 16.756481250652691
-0.21294909091885547 0.39365051248031374 0 16.638725131794704
-0.19597839934321035 0.4097584212217007 0 16.329586197509066
-0.17894743229227617 0.42578220514573017 0 15.872730737579083
-0.16900862198962294 0.43506845900916086 0 15.558935381977525
-0.15188628208342336 0.45095564732131471 0 15.240346992926533
-0.13470871762259823 0.46675430473993229 0 15.244378445114853
-0.12468692502900076 0.47590753111445472 0 15.375417436487872
-0.10742603158902019 0.49156273676642437 0 15.517777181377788
-0.090115029014784645 0.50712515217230325 0 15.512282301444165
-0.080017940406011789 0.51613895103711938 0 15.453726108494605
-0.062631744540606646 0.53155129850258942 0 15.448697612554914
-0.04520060650100953 0.54686675289348463 0 15.59223952549408
-0.035035985596044941 0.55573495940445961 0 15.726428192076858
-0.017537861167441503 0.57089398466469043 0 15.77044615290367
-4.1040454792716598e-18 0.58595217970187163 0 15.5397024676366
0.010224331667468807 0.59466887794809509 0 15.272533992943996
0.027820921816233538 0.6095645515967778 0 14.480662181733461
0.045452017893528679 0.62435563202358824 0 13.25371641278211
0.055728200657644146 0.63291516775288981 0 12.352012015602549
0.073409738514666603 0.64753791629905955 0 10.662482853611362
0.091120539183271593 0.66205249052091864 0 8.82413999499399
0.10144069488046958 0.67044948277933003 0 7.6805963425423274
0.11919364094109151 0.68479020805805146 0 5.4816126040401443
0.13697060735912506 0.69901936679904275 0 2.9743357085351065
0.14732685881406626 0.70724871843735093 0 1.4068037119317354
0.16513768544969837 0.72129881505206694 0 -1.0045372803620647
0.18296730345665393 0.73523414801762244 0 -2.9833151016423822
0.19335179372164973 0.74329105502659609 0 -3.9478016871940707
0.21120701807456729 0.75704242576165015 0 -5.5095037505713353
0.22907583085898231 0.77067603625158165 0 -6.9777689684042823
0.23948074211224896 0.77855599589608804 0 -7.7618102870560701
0.25736695835570911 0.79200106505281764 0 -8.6094814083264399
0.2752615984278512 0.80532558248390052 0 -8.7631570293552912
0.28567917043999264 0.8130244002148419 0 -8.5537966958215623
0.30358308125039601 0.82615612483964129 0 -8.0263245617852288
0.32149030156986186 0.83916471515194535 0 -7.3342925652524871
0.33191284965275292 0.84667851028366115 0 -6.851722392455792
0.34982129674911056 0.85949038927133847 0 -5.8227112101711311
0.367728000866197 0.8721767632073737 0 -4.5312834530866093
0.378147933223836 0.87950197335676528 0 -3.668347604464715
0.39604792683938994 0.89198805442724305 0 -2.1143901840647938
0.41394119791904621 0.90434647368755705 0 -0.48775091061394293
-0.8958997178658763 -0.43152909717475274 0 -0.25322764541512943
-0.88315183470061642 -0.41361338657864932 0 -1.044985744217241
-0.87028600915253773 -0.39569421139201683 0 -1.7111721153466519
-0.86274426166778573 -0.38526454001499799 0 -2.038933998979557
-0.84969349226086133 -0.3673434181942592 0 -2.4890018016056183
-0.83652689474234798 -0.3494233137565857 0 -2.7941028001470802
-0.82881110200485886 -0.33899517378665628 0 -2.9015385752157696
-0.81546304639858902 -0.32108025844651561 0 -2.9163426362838689
-0.80200145477376483 -0.30317089767746042 0 -2.708755534797842
-0.79411506097889184 -0.2927511066709495 0 -2.4865225629803729
-0.78047577665571333 -0.2748541509804549 0 -1.9458219919820061
-0.76672542394517096 -0.25696733321230758 0 -1.2067186119247839
-0.7586721370385261 -0.24656277807987334 0 -0.67777656418935039
-0.74474813253751626 -0.22869564704881701 0 0.51374520297974502
-0.73071569991881491 -0.21084327409177853 0 2.0792551437895734
-0.7224994872390148 -0.20046089703071729 0 3.1388236636992373
-0.70829771418199361 -0.18263554311057179 0 4.8431633813257395
-0.69399032240079883 -0.16482959457890389 0 6.3466592109504685
-0.68561540539828381 -0.15447637859265664 0 7.1274825474448216
-0.67114324893123078 -0.13670481659871397 0 8.2851100981760162
-0.65656844813262449 -0.11895732459745123 0 9.2064505235343539
-0.64803929617186651 -0.10864027866144473 0 9.6353484351076997
-0.63330456383723877 -0.090934560119610958 0 10.215792997512061
-0.6184703218366514 -0.073257583397536546 0 10.601927583670074
-0.6097916450948403 -0.062983727333865189 0 10.740306343514474
-0.59480255416036365 -0.045355914361147887 0 10.882029132526256
-0.57971724318356088 -0.027761512041032131 0 10.909341464412623
-0.57089398466469021 -0.017537861167441444 0 10.8840823347688
-0.55565914794416704 5.6641238610330629e-17 0 10.949817841294655
-0.54033152987569089 0.017499794998367742 0 11.179018525262439
-0.53136885656472399 0.027666245377244724 0 11.381347301956227
-0.51589726677630021 0.045102151090589598 0 11.751204329375435
-0.50033647696558303 0.062495358815351093 0 12.135202555416281
-0.49123977015308562 0.072597649004559284 0 12.367660892034023
-0.47554078287011237 0.089919665022303738 0 12.820586269930629
-0.45975631255409088 0.10719438532043377 0 13.346548605577732
-0.4505311573672337 0.11722560684764628 0 13.683203564700118
-0.43461447262627551 0.13442189514577557 0 14.266200975583384
-0.41861615003659847 0.15156633443602521 0 14.848222701192753
-0.40926832421777337 0.16151964560853929 0 15.182886655961877
-0.39314396685733355 0.17857849105630849 0 15.694707975765047
-0.37694193708910362 0.19558098891936745 0 16.118753194753921
-0.36747739906844895 0.2054496302524495 0 16.326959533778275
-0.35115569788052092 0.22235946702887552 0 16.645371348559543
-0.33476040160783804 0.2392085224900008 0 16.918042932794528
-0.32518527792071605 0.24898583193410134 0 17.056199548458917
-0.30867684370523579 0.26573526956094756 0 17.265360538998966
-0.29209899483652774 0.28241956694137066 0 17.439988039637296
-0.28241956694137055 0.2920989948365279 0 17.521798882257464
-0.26573526956094734 0.3086768437052359 0 17.567662270065536
-0.24898583193410115 0.32518527792071616 0 17.485281241949327
-0.23920852249000069 0.33476040160783832 0 17.383816632829653
-0.2223594670288753 0.35115569788052126 0 17.200559689587624
-0.20544963025244925 0.36747739906844917 0 17.018030642863216
-0.1955809889193672 0.37694193708910395 0 16.907085680316595
-0.17857849105630827 0.39314396685733383 0 16.629885206717343
-0.16151964560853907 0.40926832421777359 0 16.232249979950538
-0.15156633443602502 0.41861615003659863 0 15.960856284980908
-0.13442189514577541 0.43461447262627567 0 15.658621915556235
-0.1172256068476462 0.45053115736723381 0 15.597553567357672
-0.10719438532043368 0.45975631255409088 0 15.661769645901272
-0.089919665022303641 0.47554078287011237 0 15.770123685193948
-0.072597649004559214 0.49123977015308562 0 15.851426516588814
-0.06249535881535101 0.50033647696558303 0 15.888676354267478
-0.045102151090589529 0.51589726677630032 0 15.969952141254943
-0.027666245377244644 0.5313688565647241 0 16.078239098649966
-0.017499794998367672 0.54033152987569111 0 16.145849744048967
1.1125957584172086e-17 0.55565914794416738 0 16.14836792281724
0.017537861167441507 0.57089398466469021 0 15.989980712613523
0.027761512041032201 0.57971724318356121 0 15.802312021436292
0.045355914361147949 0.59480255416036398 0 14.984678766528866
0.062983727333865258 0.60979164509484052 0 13.493493880515404
0.073257583397536699 0.61847032183665152 0 12.358653447209175
0.090934560119611083 0.63330456383723921 0 10.59152152287901
0.10864027866144482 0.64803929617186651 0 9.1513415539812062
0.11895732459745137 0.6565684481326246 0 8.4199276802019227
0.13670481659871403 0.67114324893123101 0 6.6526706043888266
0.15447637859265673 0.68561540539828381 0 4.1417847484463186
0.16482959457890403 0.69399032240079883 0 2.3976239955772471
0.18263554311057187 0.70829771418199361 0 -0.220522965111901
0.20046089703071737 0.7224994872390148 0 -2.226036505881527
0.21084327409177869 0.73071569991881491 0 -3.1293507374755363
0.22869564704881704 0.74474813253751626 0 -4.5576547838053409
0.24656277807987337 0.75867213703852598 0 -5.8705514934474889
0.25696733321230758 0.76672542394517074 0 -6.5588665376261996
0.2748541509804549 0.7804757766557131 0 -7.3078024822826571
0.2927511066709495 0.79411506097889162 0 -7.4567886121883173
0.30317089767746047 0.80200145477376483 0 -7.2867655219151128
0.32108025844651567 0.81546304639858913 0 -6.879876815493394
0.33899517378665639 0.8288111020048593 0 -6.3725681560975858
0.34942331375658564 0.83652689474234776 0 -6.0231955295838144
0.36734341819425931 0.84969349226086122 0 -5.2085262853986105
0.3852645400149981 0.86274426166778573 0 -4.1041988589596867
0.39569421139201688 0.8702860091525374 0 -3.3380113083667942
0.41361338657864938 0.8831518347006162 0 -1.9376676774257267
0.4315290971747528 0.89589971786587619 0 -0.45004586844615546
-0.88708701863041484 -0.44900995370326097 0 -0.22968358337486675
-0.873963550898334 -0.43107672416028719 0 -0.95233473714708694
-0.86073171423756467 -0.41314304596348195 0 -1.5682827769398469
-0.8529813493329842 -0.40270624950013345 0 -1.8725076455004601
-0.83957965863299877 -0.38477501872040737 0 -2.2451427653145886
-0.82607163597672406 -0.36684734091151916 0 -2.4187119469531639
-0.81816149407683236 -0.35641588536849494 0 -2.4273442118214184
-0.80448695548577309 -0.33849701894275031 0 -2.2780458333848701
-0.79070826763546731 -0.32058574773652915 0 -1.9197862376276906
-0.78264162854925123 -0.31016570701460455 0 -1.6210512661933287
-0.76869999170979009 -0.29226966972327434 0 -1.0453451765248178
-0.75465653178705971 -0.27438530326501809 0 -0.40450123344600591
-0.74643689090644949 -0.26398280139206692 0 0.01123191452346332
-0.73223427387096007 -0.24612013829081408 0 0.99768953670528793
-0.71793230070954117 -0.22827324753117201 0 2.3570370457007552
-0.70956336495594763 -0.21789444743851988 0 3.3014272921702137
-0.69510624686559519 -0.20007576442050876 0 4.8972536129860709
-0.680552377241603 -0.18227697349373589 0 6.4172948682189759
-0.67203806033809277 -0.17192806551606329 0 7.2606455479906717
-0.6573332729469149 -0.15416400942116304 0 8.5426698761307733
-0.64253447265958674 -0.13642397559853231 0 9.5993793106530045
-0.6338788897369847 -0.12611116573973732 0 10.107907767826928
-0.61893360779717588 -0.1084124040846442 0 10.762346022376699
-0.60389718161885064 -0.090741797378361286 0 11.133616981843467
-0.59510464316782685 -0.080471295387825104 0 11.23120382678888
-0.57992637369894073 -0.062848495794447026 0 11.381589258668249
-0.56465995421948589 -0.045257978290581681 0 11.536501765865447
-0.55573495940445938 -0.035035985596044893 0 11.630358659466797
-0.54033152987569066 -0.017499794998367634 0 11.823865061448702
-0.52484306527302249 4.6573931069891123e-17 0 12.061730439596477
-0.51579029462742354 0.010167302455276632 0 12.221192638616291
-0.50016984008849452 0.027606278743258838 0 12.540785638009231
-0.48446758086313341 0.045004767679324986 0 12.919323619079027
-0.47529188838921976 0.055111231646283246 0 13.165155283362143
-0.45946283759159362 0.072442450917174189 0 13.606359516194185
-0.44355532230933553 0.089729120965180167 0 14.067821001350826
-0.43426172700927851 0.099768643095910964 0 14.346580275421488
-0.41823278756542631 0.11698164620440879 0 14.855489935906611
-0.40212882765810232 0.13414607618991889 0 15.404140951123685
-0.39272250452645291 0.14411261019168115 0 15.735983304010613
-0.37650264716062271 0.1611970423926577 0 16.238552229881808
-0.36021131084053887 0.17822892356194436 0 16.643109958518707
-0.35069758135138651 0.18811649224796539 0 16.835223067599685
-0.3342960233007411 0.20506212383076328 0 17.117170891793158
-0.31782661864965894 0.22195128038307552 0 17.342144484552449
-0.30821094077480299 0.23175398757005097 0 17.448614321459694
-0.29163712840483041 0.24855073420318316 0 17.615530839653431
-0.27499918570323745 0.26528714350045857 0 17.766044886690118
-0.2652871435004584 0.27499918570323756 0 17.841087133964265
-0.24855073420318297 0.29163712840483053 0 17.871257371048657
-0.23175398757005078 0.30821094077480321 0 17.76568942442487
-0.22195128038307532 0.31782661864965911 0 17.648419004516356
-0.20506212383076305 0.33429602330074143 0 17.451183302519013
-0.18811649224796512 0.35069758135138668 0 17.273821650871135
-0.17822892356194414 0.36021131084053909 0 17.173817935201541
-0.16119704239265747 0.37650264716062293 0 16.915495618170549
-0.14411261019168092 0.39272250452645308 0 16.534911415440124
-0.13414607618991867 0.40212882765810259 0 16.271345764869565
-0.11698164620440867 0.41823278756542653 0 15.96007613905719
-0.099768643095910839 0.43426172700927862 0 15.858861398825741
-0.08972912096518007 0.44355532230933559 0 15.889404583694024
-0.072442450917174092 0.45946283759159373 0 15.983486800548535
-0.055111231646283163 0.47529188838921976 0 16.114347692478965
-0.04500476767932491 0.48446758086313346 0 16.203905547863293
-0.027606278743258768 0.50016984008849463 0 16.326203355648953
-0.010167302455276559 0.51579029462742365 0 16.40079856431182
2.2274488772556616e-17 0.52484306527302271 0 16.42003954538453
0.0174997949983677 0.540331529875691 0 16.377040904774212
0.035035985596044955 0.55573495940445961 0 16.233024206597662
0.04525797829058175 0.56465995421948623 0 16.077055703089577
0.06284849579444711 0.57992637369894096 0 15.291631242270642
0.080471295387825187 0.59510464316782707 0 13.79510128244123
0.090741797378361438 0.60389718161885098 0 12.644522293027663
0.10841240408464432 0.61893360779717621 0 10.896804008149736
0.12611116573973738 0.63387888973698481 0 9.5450605582133363
0.13642397559853245 0.64253447265958696 0 8.8962530938553162
0.15416400942116312 0.65733327294691501 0 7.3158636578905769
0.17192806551606335 0.67203806033809277 0 5.0474889555496549
0.18227697349373603 0.68055237724160311 0 3.4604617809890219
0.20007576442050887 0.69510624686559519 0 0.99484622561282421
0.21789444743851999 0.70956336495594763 0 -1.0285772510729356
0.2282732475311722 0.71793230070954128 0 -2.0064399354633813
0.24612013829081417 0.73223427387096007 0 -3.4598461159821561
0.26398280139206692 0.74643689090644938 0 -4.634935019724213
0.27438530326501814 0.75465653178705949 0 -5.1836606778305603
0.29226966972327445 0.76869999170979009 0 -5.8328175360454209
0.31016570701460461 0.78264162854925101 0 -6.0948593281170931
0.32058574773652926 0.79070826763546753 0 -6.0779974049833649
0.33849701894275036 0.80448695548577331 0 -5.9219947402335915
0.35641588536849494 0.81816149407683258 0 -5.6254714106963259
0.36684734091151916 0.82607163597672384 0 -5.380782393328734
0.38477501872040737 0.83957965863299877 0 -4.7252754896787055
0.4027062495001334 0.85298134933298397 0 -3.7550339637998258
0.413143045963482 0.86073171423756445 0 -3.056506564624522
0.43107672416028719 0.87396355089833377 0 -1.7749177950865596
0.44900995370326097 0.88708701863041484 0 -0.41240622874620225
-0.88179030330375552 -0.45912990754230215 0 -0.22652182714289887
-0.86845474140140544 -0.44118897797473694 0 -0.93223183364108597
-0.85501630036470377 -0.42324923530651143 0 -1.5219903644166581
-0.84714821307883303 -0.41280962116253356 0 -1.8066378583923712
-0.83354855921700244 -0.39487470049655016 0 -2.1371184443901114
-0.8198480041991616 -0.37694469751011678 0 -2.2573564498065997
-0.81182829992889027 -0.36651247468148446 0 -2.2294710924710635
-0.79796976352848936 -0.34859322334814918 0 -2.002909721175735
-0.78401243282854427 -0.33068265392154195 0 -1.5482817617187645
-0.77584427742206707 -0.32026347857283927 0 -1.188627485761909
-0.76173239902533629 -0.30236963838704589 0 -0.55939598468476792
-0.74752395990309284 -0.28448827145082128 0 0.061312512204802813
-0.73921070960813451 -0.2740878404852623 0 0.43294743262464225
-0.72485135500456932 -0.25622921816375888 0 1.3150487333190779
-0.71039779743348475 -0.23838688105375533 0 2.5374195366991379
-0.70194299509024727 -0.22801092235188639 0 3.3931891669103451
-0.68734234848171771 -0.21019737262165714 0 4.9191958852704714
-0.67264997794444314 -0.192403934043966 0 6.4874868192199564
-0.66405734862328059 -0.18205819648691615 0 7.4063782841688166
-0.64922190483882269 -0.16429960484125541 0 8.7947404596735979
-0.63429733417781331 -0.14656495750785581 0 9.912644785102195
-0.62557078026974955 -0.13625520081965356 0 10.435910574782264
-0.6105073360454869 -0.11856146598205389 0 11.080719057464369
-0.59535747638606851 -0.10089550897822645 0 11.397992155686588
-0.58650107215715996 -0.0906274934231837 0 11.449298482555234
-0.57121671650179362 -0.073008509581614589 0 11.580741543479949
-0.55584876727004318 -0.055421130528560833 0 11.805653801902647
-0.54686675289348441 -0.045200606501009495 0 11.973738351868699
-0.5313688565647241 -0.02766624537724462 0 12.237773698751786
-0.51579029462742354 -0.010167302455276538 0 12.457633208040919
-0.50668706971011768 4.7357354364007503e-17 0 12.572081489376417
-0.49098327383226581 0.01743990717964744 0 12.851352078011429
-0.47520184179099023 0.03484060328044062 0 13.250056224593829
-0.46598195841408785 0.044948984977915052 0 13.531318727358407
-0.4500801622717151 0.062284665542803479 0 14.010960253879899
-0.43410385594776923 0.079577369676380474 0 14.47338625324738
-0.42477201124335251 0.089621172789881881 0 14.736854100035846
-0.40868035929053875 0.10684293064769033 0 15.2145929752177
-0.39251741444193283 0.12401798120164806 0 15.728939988711016
-0.38307844273058828 0.13399159971478394 0 16.040141501107076
-0.36680531085955437 0.1510898332676634 0 16.518448422785674
-0.35046418917545258 0.16813767001961305 0 16.914558042449077
-0.34092305369190651 0.17803556008637364 0 17.107627229352364
-0.32447703480894646 0.19500077997168871 0 17.380416416975848
-0.30796640923101687 0.21191196174363428 0 17.579517863916024
-0.29832819346727613 0.22172865191923369 0 17.664640572374488
-0.28171808242771801 0.23855149850645332 0 17.80599493584759
-0.26504682185150064 0.25531672054903454 0 17.948049171567284
-0.25531672054903437 0.2650468218515008 0 18.024838760299932
-0.23855149850645316 0.28171808242771812 0 18.051531391411807
-0.22172865191923355 0.29832819346727624 0 17.931684625215301
-0.21191196174363405 0.30796640923101709 0 17.802171443588932
-0.19500077997168852 0.32447703480894674 0 17.593558003518439
-0.17803556008637339 0.34092305369190684 0 17.419275761093687
-0.1681376700196128 0.35046418917545286 0 17.326542854068546
-0.15108983326766315 0.36680531085955453 0 17.072844891872098
-0.13399159971478375 0.38307844273058839 0 16.684400241519008
-0.12401798120164786 0.39251741444193294 0 16.411104438453222
-0.10684293064769018 0.40868035929053903 0 16.084225391392639
-0.089621172789881756 0.42477201124335257 0 15.970019885257807
-0.079577369676380391 0.43410385594776935 0 15.994601966926894
-0.062284665542803382 0.4500801622717151 0 16.087794335758847
-0.044948984977914962 0.4659819584140879 0 16.23048324563144
-0.034840603280440544 0.47520184179099034 0 16.331275400014928
-0.017439907179647367 0.49098327383226592 0 16.457852746297231
2.5957908140699301e-17 0.50668706971011768 0 16.514483714375576
0.010167302455276604 0.51579029462742376 0 16.514452621463967
0.027666245377244689 0.53136885656472421 0 16.445108429004172
0.045200606501009558 0.54686675289348474 0 16.286440061246211
0.055421130528560909 0.5558487672700434 0 16.129379747214003
0.073008509581614672 0.57121671650179395 0 15.386679262415413
0.090627493423183797 0.58650107215716007 0 13.99417659670374
0.10089550897822659 0.59535747638606873 0 12.924267961332111
0.11856146598205401 0.61050733604548713 0 11.22987587785984
0.13625520081965362 0.62557078026974966 0 9.8049982765249162
0.14656495750785592 0.63429733417781353 0 9.0701647121809739
0.1642996048412555 0.64922190483882303 0 7.4977712794045406
0.18205819648691626 0.66405734862328059 0 5.4680639156907196
0.19240393404396613 0.67264997794444314 0 4.1060129089956297
0.21019737262165725 0.68734234848171771 0 1.8760298400272426
0.22801092235188647 0.70194299509024727 0 -0.14847150421958505
0.23838688105375552 0.71039779743348486 0 -1.2206162133984102
0.25622921816375899 0.72485135500456932 0 -2.7503206485740668
0.2740878404852623 0.73921070960813451 0 -3.8588329836626247
0.28448827145082128 0.74752395990309273 0 -4.3164540184812434
0.30236963838704589 0.76173239902533596 0 -4.9151564444622027
0.32026347857283927 0.77584427742206685 0 -5.2912654412591493
0.33068265392154206 0.78401243282854438 0 -5.4072532633347032
0.34859322334814924 0.79796976352848947 0 -5.4455411707720298
0.36651247468148451 0.81182829992889038 0 -5.2789638248541912
0.37694469751011678 0.8198480041991616 0 -5.0823329925243499
0.39487470049655016 0.83354855921700233 0 -4.4956846306234945
0.41280962116253356 0.84714821307883303 0 -3.582006957246894
0.42324923530651148 0.85501630036470377 0 -2.9114931349653506
0.44118897797473694 0.86845474140140511 0 -1.6855364282178742
0.45912990754230215 0.88179030330375552 0 -0.39038580938358936
-0.87240225521682291 -0.47641856847283076 0 -0.22585329501935042
-0.85871357368345469 -0.45846909366950656 0 -0.91366047707472475
-0.84493128091880043 -0.44052339613738856 0 -1.4612620271265691
-0.83686732489552029 -0.43008144048485297 0 -1.7109268423649893
-0.82293838932556196 -0.41214430968977539 0 -1.9738874722580269
-0.80891769856844131 -0.39421423787658022 0 -2.0188579762634022
-0.80071586788874893 -0.38378289076658739 0 -1.9428422963612142
-0.78655155235899477 -0.36586659652757308 0 -1.6145703665607738
-0.77229744067134964 -0.34796066613769461 0 -1.0324775453604906
-0.76396067905548293 -0.33754489352583067 0 -0.59080519464899062
-0.74956612206230233 -0.31965798430433612 0 0.1295649284171666
-0.7350838289847591 -0.30178476202904259 0 0.76933798209453697
-0.72661523197867972 -0.29138955725966165 0 1.1189099855390825
-0.711995831218322 -0.27354062462368617 0 1.9073790420208958
-0.69729085328778539 -0.25570871522840705 0 2.9657753172245163
-0.68869366495202144 -0.24533909147323713 0 3.7012910374416244
-0.67385507142516776 -0.22753675702935522 0 5.0961389243803774
-0.65893315602018177 -0.20975479019520712 0 6.6458146059122445
-0.65021076522923449 -0.19941577275598471 0 7.6009766583519456
-0.63515887667983395 -0.18166867486003918 0 9.0576097376175291
-0.62002601520494172 -0.16394529181976109 0 10.24067681022931
-0.61118195156435529 -0.15364191031855337 0 10.798535120678078
-0.59592290526586467 -0.13595869060612786 0 11.465857411409038
-0.58058532568928134 -0.11830253061610255 0 11.754761897757628
-0.57162325507924905 -0.10803981109781718 0 11.77183251701388
-0.55616341998446595 -0.090429100876982318 0 11.900843684797172
-0.5406275787464343 -0.072848787568311146 0 12.207189630524985
-0.5315512985025892 -0.062631744540606618 0 12.454048292944004
-0.51589726677630021 -0.045102151090589515 0 12.795560539623928
-0.50016984008849452 -0.027606278743258758 0 13.003782472763405
-0.49098327383226581 -0.017439907179647357 0 13.07707340579627
-0.47514185178886964 4.1563705701032635e-17 0 13.328122423268615
-0.45922972634814319 0.01740288021499382 0 13.766917859330897
-0.44993691848074208 0.027513612882617482 0 14.09807548069009
-0.4339151169518885 0.044855315827095607 0 14.633846943113374
-0.41782538009447479 0.062156709592208807 0 15.104291270461541
-0.40843048997020132 0.07220687146508481 0 15.351705904665812
-0.39223551413023128 0.08944191745798237 0 15.787993272736649
-0.37597544345522216 0.1066334009943902 0 16.246479255833886
-0.36648273925133151 0.11661810365577922 0 16.520455755368985
-0.35012197793092953 0.13373811885540565 0 16.955982221032912
-0.33369903042441679 0.1508113525032114 0 17.340275957424272
-0.32411288272625188 0.16072575889797638 0 17.538152378536658
-0.30759389724719116 0.17772246183061496 0 17.799942229191061
-0.2910156979408613 0.194669203478329 0 17.958101328677827
-0.28134057306232801 0.20450853569669469 0 18.008041461886918
-0.26467108562848596 0.22137375057134623 0 18.106479581905717
-0.24794541582868976 0.23818586888941085 0 18.233064721643011
-0.23818586888941068 0.24794541582868995 0 18.311831124837433
-0.22137375057134603 0.26467108562848601 0 18.335577192479807
-0.20450853569669453 0.28134057306232818 0 18.201167086854166
-0.19466920347832875 0.29101569794086146 0 18.058729370946359
-0.17772246183061474 0.30759389724719138 0 17.8338526090965
-0.16072575889797613 0.32411288272625211 0 17.652773171579597
-0.15081135250321112 0.33369903042441695 0 17.559571693309081
-0.13373811885540543 0.3501219779309297 0 17.29778144371442
-0.116618103655779 0.36648273925133157 0 16.890140152452581
-0.10663340099439 0.37597544345522232 0 16.601159636683878
-0.089441917457982203 0.3922355141302315 0 16.248730920551743
-0.072206871465084643 0.4084304899702012 0 16.112069764479315
-0.062156709592208703 0.4178253800944749 0 16.125167864391489
-0.04485531582709551 0.4339151169518885 0 16.2039369365074
-0.027513612882617392 0.44993691848074219 0 16.33925629478421
-0.017402880214993741 0.45922972634814324 0 16.438384081296849
3.8522458942420495e-17 0.47514185178886975 0 16.55797217496935
0.01743990717964743 0.49098327383226592 0 16.601033791175535
0.027606278743258824 0.50016984008849474 0 16.590557089524314
0.045102151090589578 0.51589726677630054 0 16.506988502868865
0.062631744540606687 0.53155129850258953 0 16.339824917734052
0.072848787568311216 0.54062757874643441 0 16.184793528526097
0.090429100876982374 0.55616341998446628 0 15.523726923704119
0.10803981109781728 0.57162325507924938 0 14.321133865540931
0.11830253061610269 0.58058532568928167 0 13.398669075958217
0.13595869060612797 0.59592290526586489 0 11.825063829574425
0.15364191031855345 0.61118195156435562 0 10.324906021133044
0.1639452918197612 0.62002601520494194 0 9.4781467444979306
0.18166867486003926 0.63515887667983417 0 7.9314340756875925
0.19941577275598482 0.65021076522923449 0 6.252093181799518
0.20975479019520724 0.65893315602018188 0 5.2174014228955228
0.22753675702935536 0.67385507142516776 0 3.3660702501867585
0.24533909147323724 0.68869366495202144 0 1.4298553804138319
0.25570871522840716 0.69729085328778551 0 0.29095382485397914
0.27354062462368622 0.71199583121832177 0 -1.3195750208965842
0.29138955725966165 0.72661523197867972 0 -2.4312821021445425
0.30178476202904259 0.73508382898475888 0 -2.8642386637973227
0.31965798430433612 0.74956612206230222 0 -3.5181881131663992
0.33754489352583072 0.76396067905548271 0 -4.0936378887577209
0.34796066613769472 0.77229744067134987 0 -4.3825409138609777
0.36586659652757314 0.78655155235899499 0 -4.6723145005986604
0.38378289076658739 0.80071586788874916 0 -4.6781635072072083
0.39421423787658022 0.80891769856844131 0 -4.5485891515270502
0.41214430968977539 0.82293838932556196 0 -4.073405118304307
0.43008144048485297 0.8368673248955204 0 -3.2735953103215811
0.44052339613738861 0.84493128091880043 0 -2.6699927604380176
0.45846909366950656 0.85871357368345458 0 -1.554029204173351
0.47641856847283065 0.8724022552168228 0 -0.36177678590129664
-0.86265346468758841 -0.49357130308078956 0 -0.22953599201760921
-0.84862613246749352 -0.47561970740271498 0 -0.90976210526827772
-0.83451421900027878 -0.4576741834050605 0 -1.4183005366664547
-0.82626256350768601 -0.44723331994773347 0 -1.6321898871885023
-0.8120181831375608 -0.42929965639737677 0 -1.8337293890613002
-0.79769093405909741 -0.41137491945266874 0 -1.8206607813974973
-0.78931475647925742 -0.40094747061985297 0 -1.7119043598327128
-0.77485781390798025 -0.3830391232633249 0 -1.3210011333718916
-0.76031979595749788 -0.36514257261049882 0 -0.66703998604623493
-0.75182179102783886 -0.35473285109031139 0 -0.17944690924398995
-0.7371569795197519 -0.33685724021681329 0 0.62294019742082196
-0.72241296508643715 -0.31899630756858938 0 1.3483540664303286
-0.71379594643596556 -0.30860864321210557 0 1.7458565060802813
-0.69892816212801923 -0.29077321560039682 0 2.5576586716537015
-0.68398312462858279 -0.27295535534520343 0 3.5566886425725506
-0.67525002200544149 -0.26259408943590345 0 4.22182472175803
-0.66018435900295136 -0.24480630846203949 0 5.4713820279955074
-0.64504346780085831 -0.2270389877173076 0 6.8501356619062053
-0.63619732403464757 -0.21670846715872499 0 7.6999478662806311
-0.6209390690541059 -0.19897580277142071 0 9.0556178197951098
-0.60560768392961883 -0.18126649131494371 0 10.252105880027687
-0.59665165163414058 -0.17097106275220561 0 10.8650959299008
-0.58120627820335258 -0.15330098134302902 0 11.6230406528943
-0.56568994338537248 -0.13565714144989441 0 11.98550387181977
-0.55662728140850726 -0.12540114534129121 0 12.037528257218689
-0.5410004436361473 -0.10780109953762854 0 12.21239189158938
-0.52530488140863874 -0.09023017575091323 0 12.546577456672198
-0.51613895103711915 -0.080017940406011775 0 12.802300461747972
-0.50033647696558303 -0.062495358815351038 0 13.160743039297078
-0.48446758086313346 -0.045004767679324931 0 13.390161912488599
-0.47520184179099023 -0.034840603280440557 0 13.478019795105133
-0.45922972634814319 -0.017402880214993754 0 13.761362325705054
-0.44319355395692173 2.4344710952992711e-17 0 14.242196370603587
-0.43383156002736439 0.010111807375940684 0 14.600910496876406
-0.4176959575944757 0.027457322164921014 0 15.167797570376848
-0.40149872297650113 0.044765161716462873 0 15.645807199406132
-0.39204411770794639 0.054820356058495237 0 15.886920895737372
-0.37575133432268965 0.072066367607156318 0 16.295895060305401
-0.3593994000829 0.089271895484037328 0 16.706523196968671
-0.34985591199076066 0.099266256772941458 0 16.945367911005235
-0.33341239720570126 0.11640553506242723 0 17.341263688533232
-0.31691226622280372 0.1335015491076473 0 17.716886331576877
-0.30728370394950499 0.14343089918974256 0 17.921428171543237
-0.29069604236792118 0.16045628920544389 0 18.17596517858599
-0.27405434921140504 0.17743566612949294 0 18.297699018413571
-0.26434459647789382 0.18729587452136212 0 18.315225154015632
-0.24761949899011951 0.20420030618455753 0 18.372437687730915
-0.23084300104710839 0.22105601143984979 0 18.48089913880483
-0.22105601143984965 0.23084300104710859 0 18.558760787452361
-0.20420030618455734 0.24761949899011965 0 18.582445607759425
-0.18729587452136195 0.26434459647789404 0 18.447705575320818
-0.17743566612949269 0.2740543492114052 0 18.304419266270273
-0.16045628920544369 0.2906960423679214 0 18.068730886108266
-0.14343089918974231 0.30728370394950516 0 17.863855556855999
-0.13350154910764703 0.31691226622280394 0 17.751645923840165
-0.116405535062427 0.33341239720570137 0 17.460735119657414
-0.099266256772941264 0.34985591199076083 0 17.03022863220701
-0.089271895484037148 0.35939940008290022 0 16.730386371449665
-0.072066367607156151 0.37575133432268981 0 16.356889333689399
-0.054820356058495091 0.3920441177079465 0 16.195194902329572
-0.044765161716462755 0.40149872297650119 0 16.191731967693293
-0.027457322164920916 0.4176959575944757 0 16.236176065562027
-0.01011180737594059 0.4338315600273645 0 16.329374732749816
6.2890503295231172e-17 0.44319355395692173 0 16.402078308764761
0.017402880214993834 0.45922972634814324 0 16.499243398488069
0.034840603280440627 0.47520184179099034 0 16.552617632893742
0.045004767679324986 0.48446758086313374 0 16.561407900784655
0.062495358815351086 0.50033647696558325 0 16.50714176848534
0.080017940406011845 0.51613895103711949 0 16.360472485250838
0.0902301757509133 0.52530488140863907 0 16.217559405339568
0.10780109953762861 0.54100044363614763 0 15.642720547971461
0.12540114534129132 0.55662728140850748 0 14.618347183361916
0.13565714144989457 0.56568994338537271 0 13.832706388255598
0.15330098134302914 0.5812062782033528 0 12.411296667192348
0.17097106275220572 0.59665165163414091 0 10.938117819239086
0.18126649131494382 0.60560768392961917 0 10.062191670162873
0.1989758027714208 0.62093906905410601 0 8.581375592474469
0.21670846715872508 0.63619732403464757 0 7.1429671147352884
0.22703898771730779 0.64504346780085842 0 6.3177450030279516
0.24480630846203955 0.66018435900295136 0 4.7730100204238362
0.26259408943590351 0.67525002200544149 0 3.0507313469985107
0.2729553553452036 0.68398312462858279 0 1.9903764083859954
0.29077321560039687 0.69892816212801911 0 0.38610017851014433
0.30860864321210557 0.71379594643596556 0 -0.88965033687747175
0.31899630756858938 0.72241296508643704 0 -1.4865867733319045
0.33685724021681329 0.73715697951975179 0 -2.3920617002267788
0.35473285109031144 0.75182179102783864 0 -3.1581690075018911
0.36514257261049893 0.76031979595749799 0 -3.5313552336972602
0.38303912326332495 0.77485781390798036 0 -3.9439801995964476
0.40094747061985303 0.78931475647925753 0 -4.0480871896272363
0.41137491945266869 0.79769093405909741 0 -3.9666690071457
0.42929965639737677 0.8120181831375608 0 -3.5976643320153037
0.44723331994773347 0.82626256350768601 0 -2.9389942387827941
0.4576741834050605 0.83451421900027878 0 -2.4301703439649254
0.47561970740271498 0.8486261324674933 0 -1.4477937315130287
0.4935713030807895 0.86265346468758841 0 -0.34439078312607552
-0.85681480647892527 -0.50348701299585541 0 -0.23341174721674435
-0.84259711132706072 -0.48553737026570681 0 -0.91336215610058946
-0.82829996775950521 -0.46759499010537076 0 -1.4006942347164935
-0.81994285988180782 -0.45715646834182433 0 -1.5937698921308836
-0.80552129926365912 -0.43922764557189614 0 -1.7627170641217316
-0.79102191135103062 -0.42130870292259126 0 -1.7235247432436125
-0.78254785653108938 -0.41088502844542496 0 -1.6023923587175668
-0.76792667138766657 -0.39298379376343756 0 -1.1914149229156503
-0.75322934955810339 -0.37509506821578742 0 -0.51853897146703776
-0.74464088818402707 -0.36469019146599113 0 -0.019219969646625833
-0.72982449771588898 -0.34682334010515636 0 0.82651528998756052
-0.71493372916328879 -0.3289716351934997 0 1.6275663726874803
-0.70623350378935412 -0.31858951908385064 0 2.0803585568462744
-0.69122650148711551 -0.30076386518038872 0 2.9524339711482956
-0.67614694605991621 -0.2829560001330132 0 3.9596748709507978
-0.66733769894902351 -0.27260061522622714 0 4.6046833796121165
-0.65214484825994135 -0.25482298350095883 0 5.7661864679141814
-0.63688133398864821 -0.23706578488225671 0 6.9872610136466013
-0.62796590444583733 -0.22674110450988874 0 7.7206598521337435
-0.61259213408377566 -0.20901832185435476 0 8.9508088750294057
-0.59714965235505413 -0.19131861511958678 0 10.132516294983871
-0.58813097385687085 -0.1810286104538251 0 10.783434977406465
-0.57258137276427346 -0.16336749744196571 0 11.61867504811341
-0.55696507315074539 -0.1457320984258702 0 12.063862119509572
-0.54784617027601046 -0.13548073351666887 0 12.164157650619872
-0.53212598224782603 -0.11788809586359308 0 12.385975275319401
-0.51634116700401433 -0.10032380222453498 0 12.716384602966135
-0.50712515217230292 -0.090115029014784645 0 12.95029488332387
-0.49123977015308545 -0.072597649004559228 0 13.295667941797564
-0.47529188838921965 -0.055111231646283183 0 13.551103449845046
-0.46598195841408774 -0.044948984977914976 0 13.669660892515289
-0.44993691848074197 -0.027513612882617416 0 13.99530987488037
-0.43383156002736439 -0.010111807375940644 0 14.499921189390109
-0.42443099249206862 1.2112527051840603e-17 0 14.864554342854534
-0.40823196753591556 0.017346654487511142 0 15.438020580401561
-0.39197485651341246 0.034657156460555852 0 15.919389057679254
-0.38248700597754837 0.044714638856744947 0 16.160500507083793
-0.36613979910052918 0.061965915153773934 0 16.559442860967707
-0.34973678720884083 0.079178474310759472 0 16.946333716483426
-0.34016508125497125 0.089177778046193104 0 17.166315819470558
-0.32367561889590857 0.106327073152284 0 17.540851046629957
-0.30713267844073855 0.12343511105361618 0 17.911824768483577
-0.29748061357069405 0.13337241935286034 0 18.119985115294508
-0.28085493837855185 0.15041319624051483 0 18.371040224234232
-0.26417815505139947 0.16741020364263526 0 18.474046996180906
-0.25444929244250264 0.17728174147870607 0 18.474745204879465
-0.23769355591454644 0.19420753738044125 0 18.509849388551675
-0.22088912134481195 0.21108708247680447 0 18.607175409681201
-0.2110870824768043 0.22088912134481212 0 18.683314515366316
-0.19420753738044105 0.23769355591454655 0 18.7079381775794
-0.17728174147870587 0.25444929244250281 0 18.578429532090741
-0.16741020364263501 0.26417815505139963 0 18.439279751454702
-0.15041319624051461 0.28085493837855213 0 18.199589476875541
-0.13337241935286009 0.29748061357069427 0 17.974739542012685
-0.12343511105361595 0.30713267844073872 0 17.844644007697138
-0.10632707315228376 0.32367561889590873 0 17.52932048508837
-0.08917777804619291 0.34016508125497136 0 17.084777113003476
-0.079178474310759278 0.34973678720884105 0 16.780847966574832
-0.061965915153773768 0.36613979910052935 0 16.397398463106008
-0.044714638856744808 0.38248700597754848 0 16.220472834964916
-0.034657156460555734 0.39197485651341268 0 16.205504616710719
-0.017346654487511041 0.40823196753591556 0 16.222707365609072
7.774847207097686e-17 0.42443099249206867 0 16.278784129416422
0.01011180737594073 0.43383156002736445 0 16.327161210906805
0.027513612882617496 0.44993691848074213 0 16.40518230578337
0.044948984977915045 0.46598195841408785 0 16.472065478586135
0.055111231646283253 0.47529188838921993 0 16.501970827836665
0.07259764900455927 0.49123977015308573 0 16.479383380231479
0.090115029014784714 0.50712515217230336 0 16.354719505603633
0.10032380222453503 0.51634116700401456 0 16.222474367988788
0.11788809586359311 0.53212598224782626 0 15.698085681667418
0.13548073351666895 0.54784617027601079 0 14.770069322052912
0.14573209842587034 0.55696507315074573 0 14.057801813433462
0.16336749744196583 0.57258137276427379 0 12.736812892131587
0.18102861045382518 0.58813097385687108 0 11.322966159931671
0.19131861511958689 0.59714965235505435 0 10.465648927475263
0.20901832185435487 0.61259213408377589 0 9.0410675048654578
0.22674110450988885 0.62796590444583733 0 7.696117869127824
0.23706578488225691 0.63688133398864843 0 6.9415164878935167
0.254822983500959 0.65214484825994135 0 5.5400114702931083
0.27260061522622725 0.66733769894902351 0 3.9868825233524467
0.28295600013301336 0.67614694605991632 0 3.0271002907875721
0.30076386518038878 0.6912265014871154 0 1.4609170799723552
0.31858951908385069 0.70623350378935412 0 0.030574342824473008
0.3289716351934997 0.71493372916328868 0 -0.73253954050737902
0.34682334010515642 0.72982449771588898 0 -1.8556399789689326
0.3646901914659913 0.74464088818402707 0 -2.7253339270930019
0.37509506821578753 0.75322934955810361 0 -3.111564105534923
0.39298379376343762 0.76792667138766668 0 -3.5431819495262866
0.41088502844542507 0.7825478565310896 0 -3.6740697772902342
0.42130870292259126 0.79102191135103062 0 -3.6130674003785064
0.43922764557189614 0.80552129926365901 0 -3.3028125000043334
0.45715646834182433 0.81994285988180782 0 -2.7356467380834015
0.46759499010537081 0.82829996775950532 0 -2.2918761344676182
0.48553737026570687 0.84259711132706061 0 -1.3955143092828222
0.50348701299585541 0.85681480647892516 0 -0.33830848933073471
-0.84650125647398267 -0.52040197538565869 0 -0.23690811162729575
-0.8319681249325479 -0.5024615569605122 0 -0.9121452384609301
-0.81736413275703745 -0.48453018534954928 0 -1.3687581316222932
-0.80883237102780337 -0.47409883261308861 0 -1.5334901211842911
-0.7941174184237606 -0.45618353536283202 0 -1.6582945222650538
-0.77933305910700668 -0.43827951477379107 0 -1.5841646709549846
-0.77069700315898193 -0.42786510765567348 0 -1.4464419777736872
-0.75580402536824076 -0.40998069457032738 0 -1.0054342675153316
-0.74084314744951163 -0.39210979447935557 0 -0.29947412320549699
-0.73210506115445995 -0.38171569338406275 0 0.22185841765696643
-0.71703798909826844 -0.36386794238116521 0 1.1306473355221816
-0.70190457496394665 -0.34603594488490236 0 2.0297754743726841
-0.69306679952540828 -0.33566551649556725 0 2.5515033298023408
-0.67782969600374932 -0.31786021444175966 0 3.4955434007184896
-0.66252785862911179 -0.30007290825261185 0 4.5063192618263708
-0.65359281064426955 -0.28972952202497226 0 5.1215782458158792
-0.63818986693421598 -0.27197245869352038 0 6.1722153771214865
-0.62272384639215306 -0.25423563307579139 0 7.2062795218519327
-0.61369401577901161 -0.24392265770000401 0 7.8037159437121328
-0.59812954800338036 -0.22621961967705001 0 8.8753011592594007
-0.58250370774567495 -0.20853905833683528 0 10.011055093697061
-0.57338165553896214 -0.19825985817471478 0 10.683769206099182
-0.55766010081133199 -0.18061662272733653 0 11.588052445295229
-0.54187892372885194 -0.16299809766935636 0 12.134871026333181
-0.53266727974846029 -0.15275602917474801 0 12.30573225016939
-0.51679319210134911 -0.13517835809414083 0 12.612553565969018
-0.50086127637021305 -0.11762762345890557 0 12.974148238566896
-0.49156273676642426 -0.10742603158902019 0 13.205029918156752
-0.47554078287011209 -0.089919665022303669 0 13.564122432190937
-0.45946283759159362 -0.072442450917174148 0 13.865164752358673
-0.45008016227171499 -0.062284665542803423 0 14.022308345041946
-0.43391511695188861 -0.044855315827095558 0 14.394420536131481
-0.41769595759447559 -0.027457322164920989 0 14.914601094044098
-0.40823196753591556 -0.017346654487511132 0 15.275371624413044
-0.39192870909895328 -4.0603509865938732e-18 0 15.839823196233814
-0.37557325275164066 0.017313109640917024 0 16.312036131856786
-0.36603082720680752 0.027373370657324522 0 16.547348529569433
-0.34959433258215683 0.044631691619545999 0 16.929050597321073
-0.33310759302864845 0.0618542961003904 0 17.288609578556549
-0.32348966662741652 0.071860887274341825 0 17.488749360591022
-0.30692500633710273 0.089025282570926914 0 17.833200636289288
-0.29031208896118738 0.10615180924848858 0 18.180706568605334
-0.28062164871699824 0.11610149669544716 0 18.37788171432129
-0.26393398168286464 0.1331664263622514 0 18.608951490389607
-0.24720007821576867 0.15019135708257805 0 18.689762153217739
-0.2374401604417517 0.16008093969048195 0 18.676933737323942
-0.22063472864154748 0.17704092188826298 0 18.694009351299353
-0.20378511176257277 0.19395879890434886 0 18.780777703363739
-0.19395879890434869 0.20378511176257297 0 18.854027629966247
-0.17704092188826284 0.2206347286415476 0 18.876552310698816
-0.16008093969048176 0.2374401604417519 0 18.748166596886396
-0.1501913570825778 0.24720007821576881 0 18.610473526678923
-0.13316642636225121 0.26393398168286486 0 18.364371395581333
-0.11610149669544692 0.28062164871699846 0 18.120364125398879
-0.10615180924848835 0.2903120889611876 0 17.974232129317812
-0.089025282570926692 0.30692500633710285 0 17.637897706108205
-0.071860887274341617 0.32348966662741663 0 17.182734048474916
-0.061854296100390213 0.33310759302864879 0 16.876559759548719
-0.044631691619545825 0.349594332582157 0 16.482828900724364
-0.02737337065732438 0.36603082720680763 0 16.285671894654111
-0.0173131096409169 0.37557325275164077 0 16.254641995448871
1.0658421339808918e-16 0.39192870909895328 0 16.241004792817463
0.017346654487511222 0.40823196753591562 0 16.262771367327204
0.02745732216492108 0.41769595759447564 0 16.290256265207688
0.044855315827095642 0.43391511695188867 0 16.340293013824677
0.062284665542803493 0.4500801622717151 0 16.390650078724356
0.072442450917174203 0.4594628375915939 0 16.41607867834945
0.089919665022303696 0.47554078287011248 0 16.392238178780858
0.10742603158902025 0.49156273676642454 0 16.274205868065945
0.11762762345890565 0.50086127637021338 0 16.151782493237583
0.13517835809414092 0.51679319210134944 0 15.69074411597947
0.15275602917474812 0.53266727974846062 0 14.88993470210213
0.16299809766935652 0.54187892372885205 0 14.277063124684746
0.18061662272733664 0.55766010081133233 0 13.110971418522206
0.19825985817471489 0.57338165553896248 0 11.823097003856862
0.20853905833683545 0.58250370774567517 0 11.027597130569985
0.22621961967705009 0.59812954800338036 0 9.7192011069142001
0.2439226577000041 0.61369401577901161 0 8.5070517339186082
0.25423563307579156 0.62272384639215306 0 7.837140014306831
0.27197245869352049 0.63818986693421598 0 6.5923314272572426
0.28972952202497232 0.65359281064426933 0 5.2094712405657733
0.30007290825261196 0.66252785862911179 0 4.3463322584317865
0.31786021444175977 0.67782969600374943 0 2.8156709350353983
0.33566551649556725 0.69306679952540828 0 1.2365104948710575
0.3460359448849023 0.70190457496394631 0 0.3137305616218507
0.36386794238116532 0.71703798909826855 0 -1.0280139127664394
0.3817156933840628 0.73210506115445984 0 -2.0195934716107691
0.39210979447935573 0.74084314744951174 0 -2.4363867516217477
0.40998069457032738 0.75580402536824076 0 -2.9187989355799
0.42786510765567343 0.77069700315898204 0 -3.1077107265801858
0.43827951477379107 0.77933305910700668 0 -3.0851175266317532
0.45618353536283202 0.79411741842376049 0 -2.8693658096593868
0.47409883261308855 0.80883237102780314 0 -2.4357455228035638
0.48453018534954939 0.81736413275703768 0 -2.0837884336317956
0.5024615569605122 0.8319681249325479 0 -1.3114519687697941
0.52040197538565858 0.84650125647398244 0 -0.32689259201953763
-0.83583515504558514 -0.53715236379858355 0 -0.23584344853862604
-0.82100141040897079 -0.5192290797568383 0 -0.8997021082569856
-0.80610507482387961 -0.50131627849045313 0 -1.3330554163737287
-0.79740695320346433 -0.49089633938595456 0 -1.4795584165555313
-0.78241260329587592 -0.47300159952749338 0 -1.5759696310145246
-0.76735694064673854 -0.45511921157717405 0 -1.478853415143307
-0.75856668687981599 -0.44471783368947965 0 -1.3295268736160879
-0.74341506293372861 -0.42685646677763728 0 -0.8605444294394673
-0.72820344333238951 -0.40900932392386979 0 -0.11483575451368294
-0.71932303654662566 -0.39862932043521931 0 0.43452252527275653
-0.70401756946332728 -0.38080616173707299 0 1.3914524381195206
-0.6886534617703568 -0.36299910063419094 0 2.3375806236837322
-0.67968493813173836 -0.35264328681080448 0 2.8846491463862831
-0.66422915606054467 -0.33486317387761494 0 3.8449179908944098
-0.64871612540769596 -0.31710103182076838 0 4.8340165946019971
-0.63966157665270384 -0.30677222254351688 0 5.4207996774318135
-0.62405910242467411 -0.28903999095869914 0 6.4184106545419279
-0.60840080759320048 -0.2713276016212921 0 7.3978507331490304
-0.59926237947773497 -0.26102860890053881 0 7.962522844656271
-0.58351692789750842 -0.24334908800278929 0 8.9722781824533033
-0.56771711855609852 -0.22569127715205978 0 10.038732728067036
-0.55849700922342493 -0.21542490763116484 0 10.670580213047346
-0.54261238422316538 -0.19780291622049329 0 11.548266906777764
-0.52667489802964174 -0.18020449741903044 0 12.130067496913526
-0.51737535629982334 -0.16997354987107199 0 12.34723826241888
-0.50135544795965081 -0.15241389190559562 0 12.740213854257854
-0.48528420753093993 -0.13487966220668351 0 13.190911786724643
-0.47590753111445455 -0.12468692502900078 0 13.473759011296425
-0.45975631255409061 -0.10719438532043372 0 13.903144666639292
-0.44355532230933553 -0.08972912096518014 0 14.247762325309623
-0.43410385594776923 -0.079577369676380447 0 14.418093816383623
-0.41782538009447484 -0.062156709592208766 0 14.793969223549613
-0.40149872297650113 -0.044765161716462845 0 15.294280862503165
-0.39197485651341257 -0.034657156460555838 0 15.633814233546833
-0.37557325275164066 -0.017313109640917031 0 16.163535551125833
-0.35912508683232042 -1.015416945482445e-17 0 16.605896164504813
-0.34953125321755918 0.010061516937670866 0 16.826279861155641
-0.33301072392605668 0.027324248840380257 0 17.189326137898362
-0.31644527890142654 0.044554232121112945 0 17.539498571835363
-0.30678395213236981 0.05456653878147813 0 17.737033221990778
-0.290148769114771 0.071743290332264037 0 18.060323244263699
-0.27347034269606113 0.088885496973041697 0 18.362507343600903
-0.26374403569939964 0.098845894169812917 0 18.52451982659715
-0.24699853651464143 0.11593204034205916 0 18.715758078194828
-0.23021149072164848 0.13298186208256538 0 18.787845665349984
-0.22042275317951696 0.14288767582303979 0 18.782607143887279
-0.20357133737866925 0.15987863614291339 0 18.809288892991287
-0.18668009474216821 0.17683151086655724 0 18.897718639243912
-0.1768315108665571 0.18668009474216837 0 18.968452934168649
-0.15987863614291323 0.20357133737866939 0 18.983420081595092
-0.14288767582303963 0.22042275317951707 0 18.843764335467689
-0.13298186208256516 0.23021149072164865 0 18.698379603819347
-0.11593204034205891 0.24699853651464163 0 18.445976210774027
-0.098845894169812695 0.26374403569939986 0 18.205666514139587
-0.088885496973041475 0.2734703426960613 0 18.06579142179125
-0.071743290332263801 0.29014876911477117 0 17.739709495348773
-0.054566538781477936 0.30678395213236997 0 17.293070771040966
-0.044554232121112751 0.31644527890142676 0 16.990705056874848
-0.027324248840380091 0.33301072392605685 0 16.595847318447472
-0.010061516937670727 0.34953125321755929 0 16.387103031950588
1.3200420291271786e-16 0.35912508683232047 0 16.345687996407523
0.017313109640917139 0.37557325275164066 0 16.325506162622169
0.034657156460555928 0.39197485651341252 0 16.357565328067821
0.044765161716462928 0.40149872297650113 0 16.395798146906397
0.062156709592208835 0.41782538009447495 0 16.426240543167484
0.079577369676380516 0.43410385594776946 0 16.402311445788463
0.089729120965180195 0.44355532230933581 0 16.363518379926116
0.10719438532043377 0.45975631255409094 0 16.256405369686288
0.12468692502900083 0.47590753111445488 0 16.09856068575662
0.1348796622066836 0.48528420753094026 0 15.97300738442947
0.15241389190559568 0.50135544795965115 0 15.54179497832534
0.16997354987107208 0.51737535629982345 0 14.8153724051969
0.18020449741903061 0.52667489802964196 0 14.265257966388615
0.1978029162204934 0.54261238422316549 0 13.226171172581122
0.21542490763116501 0.55849700922342527 0 12.087281676480288
0.22569127715205992 0.56771711855609885 0 11.386114699291845
0.2433490880027894 0.58351692789750853 0 10.217172519782114
0.26102860890053892 0.59926237947773497 0 9.1103177553431625
0.27132760162129227 0.6084008075932007 0 8.4851944255642788
0.2890399909586992 0.62405910242467411 0 7.2795525410381048
0.30677222254351694 0.63966157665270362 0 5.8863504265767688
0.31710103182076849 0.64871612540769608 0 4.99815694953862
0.33486317387761494 0.66422915606054456 0 3.4534001130788226
0.35264328681080448 0.67968493813173825 0 1.9053133113931151
0.362999100634191 0.68865346177035658 0 1.0167628141061633
0.38080616173707316 0.70401756946332728 0 -0.30686686372355804
0.39862932043521937 0.71932303654662577 0 -1.3424387803785509
0.40900932392387002 0.72820344333238962 0 -1.810456719415271
0.42685646677763733 0.74341506293372872 0 -2.3808435682806173
0.44471783368947976 0.75856668687981621 0 -2.6509278915366199
0.455119211577174 0.76735694064673854 0 -2.6731555957367488
0.47300159952749338 0.78241260329587581 0 -2.5424003665443369
0.49089633938595456 0.79740695320346422 0 -2.2055155795463741
0.50131627849045324 0.80610507482387983 0 -1.9137554202811287
0.51922907975683841 0.82100141040897079 0 -1.2299452983093853
0.53715236379858367 0.83583515504558514 0 -0.3117677231119087
-0.82946686207582521 -0.54682079942404727 0 -0.23372916082876569
-0.81446501768647106 -0.52891135209636531 0 -0.88897928535764059
-0.7994052378521076 -0.51101305529045371 0 -1.3120659360378342
-0.79061412101911921 -0.50060183489639176 0 -1.4520653302902329
-0.77546361059714475 -0.48272250044569681 0 -1.538195929442481
-0.76025633868131981 -0.46485598879293705 0 -1.4321646590765498
-0.75137992849407087 -0.45446403714882694 0 -1.2779080443571194
-0.73608380872566048 -0.43661913485974607 0 -0.79375732495056994
-0.72073213355129184 -0.41878872922210669 0 -0.023603302701391219
-0.71177224234832792 -0.40841856154744766 0 0.543071802849171
-0.69633365229324995 -0.39061241374375155 0 1.5204563134340514
-0.68084074428455299 -0.37282243671347121 0 2.4727785849353459
-0.67179923153345078 -0.36247656863077893 0 3.0169791614144792
-0.65622139059762552 -0.34471349728864359 0 3.9649986004549813
-0.6405904997106886 -0.32696826979282317 0 4.932802342986494
-0.63146927078449699 -0.31664921534787166 0 5.5044892218387265
-0.61575547658494789 -0.29893353868842465 0 6.4960778573997153
-0.59998993013173618 -0.28123737657502257 0 7.4979469418003859
-0.59079093502389213 -0.27094764624724438 0 8.085256214921051
-0.57494456114886139 -0.2532836753138924 0 9.0983922359426153
-0.55904776151753321 -0.23564088592465282 0 10.1155363646035
-0.54977299349697317 -0.22538298463092857 0 10.698522150352998
-0.53379748716423725 -0.20777501985704183 0 11.522558402279826
-0.51777290943889864 -0.19018989859295363 0 12.098114702521332
-0.50842440364723251 -0.17996632368805915 0 12.332474506986824
-0.49232328326389818 -0.16241865146064532 0 12.77545787075888
-0.47617447274717717 -0.14489547834558755 0 13.299799642928715
-0.46675430473993196 -0.13470871762259826 0 13.633752820361476
-0.45053115736723348 -0.11722560684764625 0 14.125497122186459
-0.43426172700927845 -0.099768643095910908 0 14.494520425276697
-0.42477201124335234 -0.089621172789881812 0 14.662686874629909
-0.40843048997020126 -0.072206871465084754 0 15.024137384685719
-0.3920441177079465 -0.054820356058495209 0 15.498912812348262
-0.38248700597754837 -0.044714638856744926 0 15.819116519051281
-0.36603082720680769 -0.027373370657324533 0 16.318443602577666
-0.34953125321755918 -0.010061516937670883 0 16.73538012899607
-0.33990893304103065 -7.870670377677087e-18 0 16.943565141506411
-0.32334187369269818 0.01726403911664862 0 17.295163842115304
-0.30673289756630334 0.034497046834142529 0 17.646590741233545
-0.29704759052633989 0.044511933841976416 0 17.849068871010047
-0.28037348516202487 0.061694579007119096 0 18.163372462902174
-0.26365896299608327 0.07884458879360895 0 18.430914744207033
-0.25391292303598351 0.088810435649856079 0 18.563348119698325
-0.23713566090924867 0.10590755642406889 0 18.724209787687286
-0.22031950233201042 0.12297045206453742 0 18.796966322914511
-0.21051501401068731 0.13288486992158347 0 18.804622573651685
-0.19363853604800774 0.1498923735996042 0 18.847742542350051
-0.17672470117377062 0.16686407788235433 0 18.941506542410053
-0.16686407788235416 0.17672470117377079 0 19.010529001794239
-0.14989237359960403 0.19363853604800782 0 19.018801923339861
-0.13288486992158324 0.21051501401068748 0 18.868350702676246
-0.1229704520645372 0.22031950233201059 0 18.715561455215251
-0.10590755642406867 0.23713566090924887 0 18.46037065901664
-0.088810435649855843 0.25391292303598367 0 18.231492248410078
-0.078844588793608714 0.26365896299608332 0 18.103975813497616
-0.06169457900711886 0.28037348516202498 0 17.796428096856051
-0.044511933841976208 0.29704759052634 0 17.363099827307352
-0.034497046834142335 0.30673289756630351 0 17.065973398529376
-0.01726403911664845 0.32334187369269834 0 16.674920494557185
1.470038112475817e-16 0.33990893304103081 0 16.463139790778111
0.010061516937671008 0.34953125321755929 0 16.4178039171194
0.027373370657324637 0.36603082720680769 0 16.402816660583081
0.044714638856745009 0.38248700597754837 0 16.457342767310312
0.054820356058495279 0.3920441177079465 0 16.513453597445682
0.07220687146508481 0.40843048997020132 0 16.535225548592418
0.089621172789881867 0.42477201124335251 0 16.445995057806073
0.09976864309591095 0.43426172700927868 0 16.347147994260151
0.1172256068476463 0.45053115736723381 0 16.159917880882983
0.13470871762259834 0.46675430473993235 0 15.959890335659484
0.14489547834558766 0.4761744727471775 0 15.826466564610199
0.16241865146064541 0.49232328326389851 0 15.398051372112674
0.17996632368805923 0.50842440364723285 0 14.693475382724962
0.19018989859295379 0.51777290943889887 0 14.16534205802412
0.20777501985704191 0.53379748716423725 0 13.188528808663339
0.22538298463092865 0.54977299349697328 0 12.143899035558457
0.23564088592465293 0.55904776151753344 0 11.509049824940224
0.25328367531389245 0.57494456114886161 0 10.427843854092881
0.27094764624724449 0.59079093502389224 0 9.3683067214282243
0.28123737657502274 0.5999899301317364 0 8.7513681285896503
0.29893353868842465 0.61575547658494789 0 7.5201425407921443
0.31664921534787166 0.63146927078449666 0 6.0497989774861747
0.32696826979282329 0.6405904997106886 0 5.0998953261966102
0.34471349728864364 0.65622139059762541 0 3.529014338989044
0.36247656863077893 0.67179923153345067 0 2.0710002836709349
0.37282243671347132 0.68084074428455277 0 1.2789630958030982
0.39061241374375155 0.69633365229324995 0 0.060384953915285172
0.40841856154744766 0.71177224234832792 0 -0.96821129669160633
0.41878872922210675 0.72073213355129184 0 -1.4731852916698986
0.43661913485974613 0.73608380872566059 0 -2.1074672791599558
0.4544640371488271 0.75137992849407109 0 -2.4327403397999703
0.46485598879293699 0.76025633868131981 0 -2.4833961091959824
0.4827225004456967 0.77546361059714475 0 -2.3974020454387657
0.50060183489639198 0.79061412101911899 0 -2.1007239082930886
0.51101305529045393 0.7994052378521076 0 -1.8303699946517997
0.52891135209636542 0.81446501768647106 0 -1.1827946669084153
0.54682079942404738 0.82946686207582521 0 -0.30097669410940286
-0.8182513240667747 -0.56328851572873695 0 -0.23458768138241368
-0.80297244781973875 -0.54540986120962931 0 -0.8866159291365221
-0.78764334763329935 -0.52754320335298421 0 -1.2969583954515478
-0.7786990123328934 -0.51715073779949339 0 -1.425543196059011
-0.76329124098462242 -0.4993041322584324 0 -1.490571516989132
-0.74783424029649592 -0.48147088090091777 0 -1.3623867357575583
-0.73881592967432264 -0.47109848252628894 0 -1.1949946935882039
-0.72328184919211114 -0.45328743115586778 0 -0.69133295304135811
-0.70769955650342087 -0.43549109140154713 0 0.093920409673831889
-0.69860879896867889 -0.42514079996379184 0 0.6675221852211719
-0.68295105307215209 -0.40736880704264616 0 1.6557451042965583
-0.66724613408743005 -0.38961288221419582 0 2.617981979219643
-0.65808449108466827 -0.37928673603464735 0 3.167228684448685
-0.6423057798094417 -0.36155730268472452 0 4.1170985894128158
-0.62648095597636877 -0.34384529207712633 0 5.0774704167529894
-0.61725002112471516 -0.33354532673164422 0 5.6419655991091835
-0.60135309932478187 -0.31586194866714734 0 6.637374669031634
-0.58541114631328539 -0.29819734529420916 0 7.6666546706017433
-0.57611254451067606 -0.28792559230073927 0 8.2770047401777695
-0.56010022030118722 -0.27029175757172674 0 9.2836290108910067
-0.5440439664236052 -0.25267804590841669 0 10.227617527360023
-0.53467935291703605 -0.2424365314126524 0 10.74327633750052
-0.5185544860592487 -0.22485571814629501 0 11.499533483317549
-0.50238681063338531 -0.20729637186990396 0 12.080994243718957
-0.49295787005626368 -0.19708711533080367 0 12.35021311440263
-0.4767233702865567 -0.17956278947332721 0 12.86830842862306
-0.46044720194356714 -0.16206126920649216 0 13.481448482018086
-0.45095564732131443 -0.15188628208342342 0 13.871402260348264
-0.43461447262627534 -0.13442189514577546 0 14.43634793120609
-0.41823278756542631 -0.11698164620440876 0 14.845133802985007
-0.40868035929053881 -0.10684293064769025 0 15.021405006071522
-0.39223551413023139 -0.089441917457982301 0 15.376150067411967
-0.37575133432268965 -0.072066367607156276 0 15.818912648318806
-0.36613979910052918 -0.061965915153773914 0 16.110305837513746
-0.34959433258215683 -0.044631691619545985 0 16.565044951912611
-0.33301072392605663 -0.027324248840380261 0 16.946836265649388
-0.32334187369269829 -0.017264039116648623 0 17.138938247755988
-0.30669887769697257 6.0946705424006467e-18 0 17.47066567208854
-0.29001894812610646 0.017235949729410026 0 17.81208188378055
-0.28029459893962522 0.027253950296473661 0 18.011814699129744
-0.26355720620224177 0.044444433587858302 0 18.304380837521911
-0.24678410375081411 0.061605528494449419 0 18.525494764032015
-0.2370060946574444 0.071579367955284343 0 18.622236140865187
-0.22017747680815589 0.088692949558204795 0 18.748006739900234
-0.20331438763412049 0.10577585425589177 0 18.824700867972751
-0.19348457951077097 0.11570359640434548 0 18.850084318666394
-0.1765679450726286 0.1327369581682703 0 18.91153622994187
-0.15961809144221023 0.14973836581685998 0 19.002797342021164
-0.14973836581685987 0.15961809144221037 0 19.062020394885423
-0.13273695816827014 0.17656794507262874 0 19.05818495469515
-0.11570359640434529 0.19348457951077117 0 18.904317772692558
-0.10577585425589155 0.20331438763412069 0 18.753489550773214
-0.088692949558204573 0.22017747680815603 0 18.507583933735493
-0.071579367955284093 0.2370060946574446 0 18.295353340834403
-0.061605528494449169 0.24678410375081425 0 18.180796213632938
-0.044444433587858066 0.26355720620224188 0 17.899217302095764
-0.027253950296473445 0.28029459893962533 0 17.496279219348086
-0.017235949729409832 0.29001894812610668 0 17.217808686159387
1.6658766149228434e-16 0.30669887769697268 0 16.844053754036626
0.017264039116648765 0.3233418736926984 0 16.628601729102442
0.027324248840380389 0.33301072392605663 0 16.572973236941341
0.044631691619546096 0.34959433258215683 0 16.548844677574149
0.061965915153773983 0.36613979910052913 0 16.608292390526486
0.072066367607156373 0.3757513343226897 0 16.670834416566496
0.089441917457982384 0.3922355141302315 0 16.665679471523038
0.10684293064769032 0.40868035929053897 0 16.495164877014087
0.11698164620440882 0.41823278756542653 0 16.327606754339385
0.13442189514577554 0.43461447262627567 0 16.040303169174177
0.15188628208342347 0.45095564732131488 0 15.770841545467897
0.16206126920649225 0.46044720194356736 0 15.612035856124749
0.17956278947332727 0.47672337028655704 0 15.179055010635132
0.19708711533080378 0.49295787005626385 0 14.521296632055414
0.2072963718699041 0.50238681063338553 0 14.042916014490723
0.2248557181462951 0.5185544860592487 0 13.172346906121795
0.24243653141265242 0.53467935291703605 0 12.257689935629067
0.25267804590841686 0.54404396642360553 0 11.705740228958259
0.27029175757172691 0.56010022030118733 0 10.723938729647033
0.28792559230073939 0.57611254451067606 0 9.7013443510212412
0.29819734529420927 0.5854111463132855 0 9.0783911659983474
0.3158619486671474 0.60135309932478187 0 7.8090501039804705
0.33354532673164433 0.61725002112471505 0 6.2681884153646559
0.34384529207712633 0.62648095597636855 0 5.2687534736997108
0.36155730268472458 0.6423057798094417 0 3.6941705624451324
0.37928673603464735 0.65808449108466827 0 2.3496386863646115
0.38961288221419582 0.66724613408742972 0 1.6681029554732032
0.40736880704264622 0.6829510530721522 0 0.57105108198667753
0.42514079996379189 0.69860879896867889 0 -0.44351643706266447
0.43549109140154718 0.70769955650342098 0 -0.98541676153666979
0.45328743115586784 0.72328184919211125 0 -1.6927701283632064
0.47109848252628894 0.73881592967432264 0 -2.0934451334853206
0.48147088090091777 0.74783424029649592 0 -2.1884484995326243
0.49930413225843234 0.7632912409846222 0 -2.1719438572905285
0.5171507377994935 0.77869901233289351 0 -1.9349311945542955
0.52754320335298444 0.78764334763329935 0 -1.6953499233710203
0.54540986120962942 0.80297244781973875 0 -1.1035052230338998
0.56328851572873695 0.81825132406677459 0 -0.28238311183954312
-0.80669440632298839 -0.57956363154422219 0 -0.24249861734407005
-0.79115342922981891 -0.56172510985789226 0 -0.9083340718379399
-0.77556955565886099 -0.54389903501787273 0 -1.3117239003872068
-0.76648029170683762 -0.53353035206391974 0 -1.4273567506275402
-0.75082920130422459 -0.51572481735578535 0 -1.464708924417683
-0.73513603329818433 -0.49793280312325611 0 -1.3034428338383979
-0.7259835405123487 -0.48758443719276034 0 -1.1159653243480121
-0.71022446318062926 -0.46981466090792057 0 -0.60144762897270854
-0.69442414227759297 -0.4520594777753823 0 0.16104111156034617
-0.68520967393141308 -0.4417330407420213 0 0.70884726451533964
-0.66934477489928723 -0.42400179143454314 0 1.675673299255243
-0.65343948111764061 -0.40628620645771235 0 2.6520934393716904
-0.64416431270828067 -0.39598330794355591 0 3.2243964680319492
-0.62819579509234225 -0.37829334986637153 0 4.213760369131597
-0.61218774595756864 -0.36062012525297549 0 5.2099473388452635
-0.60285317463368959 -0.35034237180676331 0 5.7929509893509081
-0.58678327844535294 -0.33269646349918092 0 6.8061013476321035
-0.57067472798457541 -0.31506835519594767 0 7.8339401463804998
-0.5612820719555206 -0.30481734947058009 0 8.4345524990287686
-0.54511307307625556 -0.28721824234490401 0 9.4077813164863962
-0.52890631078144934 -0.26963799862423815 0 10.297159590093392
-0.51945690870837236 -0.25941533855435323 0 10.774718546704399
-0.50319111783419879 -0.24186577548310992 0 11.506892242241271
-0.48688846759505217 -0.22433613553095758 0 12.124199444030562
-0.47738367796455572 -0.21414341351146787 0 12.438111787648321
-0.46102343952081326 -0.19664612741674431 0 13.016179849206551
-0.44462725852826207 -0.1791698199231552 0 13.65973741969637
-0.43506845900916058 -0.16900862198962305 0 14.055748035398956
-0.41861615003659836 -0.1515663344360251 0 14.640939386218484
-0.40212882765810232 -0.13414607618991881 0 15.086710728657673
-0.39251741444193283 -0.12401798120164795 0 15.290063548507796
-0.37597544345522227 -0.10663340099439013 0 15.667614640600313
-0.35939940008290017 -0.0892718954840373 0 16.098476698557729
-0.34973678720884099 -0.079178474310759417 0 16.368865832264934
-0.33310759302864856 -0.06185429610039038 0 16.792284617073097
-0.31644527890142654 -0.044554232121112924 0 17.152943318733659
-0.3067328975663034 -0.034497046834142515 0 17.33663990631532
-0.2900189481261064 -0.017235949729409991 0 17.648369960595513
-0.27327284212707725 2.8445978582980775e-17 0 17.961027554773164
-0.26351213998115885 0.010019396931269627 0 18.1405913819458
-0.24671593111002271 0.027214750740921091 0 18.401759466437003
-0.22988853954024854 0.044383930951573766 0 18.59690258064694
-0.22008097996955842 0.054363997456968592 0 18.681463602596857
-0.20320503415213312 0.071490964067783602 0 18.797987776828961
-0.1862988894821645 0.088590738302375918 0 18.881150426483767
-0.17644595087805306 0.098529943501175526 0 18.915949916367417
-0.15949281599307985 0.11558589864888692 0 18.979126131190554
-0.14251047559349303 0.13261365061023525 0 19.050397835753309
-0.13261365061023511 0.14251047559349317 0 19.090235139836373
-0.11558589864888674 0.15949281599307993 0 19.073999163913463
-0.098529943501175332 0.17644595087805323 0 18.939039752737713
-0.08859073830237571 0.18629888948216469 0 18.811513221763125
-0.071490964067783394 0.20320503415213328 0 18.594484458721208
-0.054363997456968342 0.22008097996955861 0 18.392422231526297
-0.044383930951573523 0.22988853954024874 0 18.276998401381476
-0.027214750740920852 0.24671593111002288 0 18.010010683912881
-0.010019396931269405 0.26351213998115902 0 17.645968046994355
1.7677143833709482e-16 0.27327284212707748 0 17.398871744858582
0.017235949729410172 0.29001894812610662 0 17.05655011776032
0.034497046834142668 0.30673289756630362 0 16.838789187407148
0.044554232121113063 0.31644527890142665 0 16.767315040406967
0.061854296100390491 0.33310759302864856 0 16.7064741870362
0.0791784743107595 0.34973678720884099 0 16.719464642622142
0.089271895484037384 0.35939940008290017 0 16.751410582445008
0.1066334009943902 0.37597544345522232 0 16.701701750129388
0.12401798120164802 0.39251741444193294 0 16.498794756370355
0.13414607618991889 0.40212882765810259 0 16.31658747779084
0.15156633443602519 0.41861615003659863 0 15.98986847978585
0.1690086219896231 0.43506845900916091 0 15.659914424782579
0.17916981992315531 0.44462725852826235 0 15.460491295762104
0.19664612741674439 0.46102343952081359 0 15.012986841056787
0.21414341351146798 0.47738367796455605 0 14.419991181716178
0.22433613553095777 0.48688846759505244 0 14.011409553950196
0.24186577548311003 0.5031911178341989 0 13.2487166436143
0.25941533855435328 0.51945690870837247 0 12.417033587676777
0.26963799862423826 0.52890631078144956 0 11.900944972997751
0.28721824234490406 0.54511307307625578 0 10.94481593398959
0.30481734947058015 0.56128207195552082 0 9.9003458619449152
0.31506835519594778 0.57067472798457552 0 9.2469912867508324
0.33269646349918097 0.58678327844535316 0 7.9593497529315318
0.35034237180676331 0.60285317463368937 0 6.4524326857051033
0.3606201252529756 0.61218774595756864 0 5.4937650155385738
0.37829334986637153 0.62819579509234202 0 3.9780191532368145
0.39598330794355591 0.64416431270828045 0 2.671380629292416
0.40628620645771246 0.6534394811176405 0 2.002896379296923
0.4240017914345432 0.66934477489928723 0 0.92203371288841895
0.44173304074202135 0.68520967393141308 0 -0.082737265683533068
0.45205947777538241 0.69442414227759297 0 -0.62279669393746162
0.46981466090792057 0.71022446318062926 0 -1.3473659886050466
0.4875844371927604 0.72598354051234881 0 -1.7930928808873881
0.49793280312325611 0.73513603329818433 0 -1.9254836485963924
0.51572481735578524 0.75082920130422459 0 -1.9683782114289168
0.53353035206391985 0.76648029170683751 0 -1.780951964526335
0.54389903501787296 0.7755695556588611 0 -1.5664930944972899
0.56172510985789237 0.79115342922981891 0 -1.024352761210523
0.57956363154422219 0.80669440632298828 0 -0.26306174440185548
-0.79981326293209865 -0.58894269596730964 0 -0.24983653493913216
-0.78412661092935898 -0.57113204173304977 0 -0.930182135758295
-0.76840114160974471 -0.55333390745402611 0 -1.3319057179386615
-0.75923133335592452 -0.54298149616776847 0 -1.439713207906189
-0.74344502280758462 -0.52520389865524408 0 -1.4589171546974868
-0.72762061493714947 -0.50743974418603255 0 -1.27457959838265
-0.71839355881427125 -0.4971075335559082 0 -1.0730189224143194
-0.7025094580924035 -0.47936537530912215 0 -0.55576796636397341
-0.68658799180390595 -0.46163758201400718 0 0.17871698580546461
-0.67730478739947531 -0.45132695736241313 0 0.69863457749922786
-0.66132479502009689 -0.43362261755921183 0 1.6404809384693004
-0.64530818030757175 -0.41593356303146112 0 2.6267768764014003
-0.63596994445658384 -0.40564590729964678 0 3.2192834565645874
-0.61989598834305026 -0.38798176070599572 0 4.2463302109794698
-0.6037861643167074 -0.37033381772174156 0 5.2804233842156343
-0.59439403066413166 -0.36007051086085545 0 5.8842629485749622
-0.57822806738877874 -0.34244892678439193 0 6.913385592529278
-0.56202700150838492 -0.32484446225616131 0 7.9292041389979326
-0.55258212005923391 -0.31460688061826225 0 8.5112577173965711
-0.53632613406388185 -0.29703022186207961 0 9.4552448723723082
-0.52003582135124438 -0.27947159579292463 0 10.321683474513037
-0.51053935800859662 -0.26926111152251525 0 10.789649602191025
-0.49419536080454574 -0.25173173334013721 0 11.526196653342087
-0.47781782303574827 -0.23422129777932935 0 12.176129138883244
-0.46827095912710304 -0.22403927820596839 0 12.51935604592429
-0.45184098847529786 -0.20655952725847462 0 13.12535646423502
-0.43537827335336216 -0.18909962525972041 0 13.762580587733957
-0.42578220514572995 -0.1789474322922763 0 14.141775269085436
-0.40926832421777337 -0.16151964560853921 0 14.71698191219237
-0.39272250452645296 -0.14411261019168103 0 15.18248079993462
-0.38307844273058822 -0.13399159971478383 0 15.40872982879395
-0.36648273925133146 -0.11661810365577908 0 15.810959762422828
-0.3498559119907606 -0.099266256772941347 0 16.243010998974633
-0.3401650812549713 -0.089177778046193062 0 16.504494377872462
-0.32348966662741646 -0.071860887274341784 0 16.915181512461697
-0.3067839521323697 -0.054566538781478095 0 17.269012720235505
-0.29704759052633989 -0.044511933841976381 0 17.45067566920001
-0.28029459893962511 -0.027253950296473615 0 17.750625163771993
-0.26351213998115885 -0.010019396931269558 0 18.03933240852826
-0.2537314984702419 3.8480720956599011e-17 0 18.200496996771047
-0.23690308599149396 0.017196788120920469 0 18.439999573274502
-0.22004604686276805 0.034369263753842562 0 18.628536274762975
-0.21022238877321747 0.044352126861196932 0 18.715524845858344
-0.19332073242408324 0.061485446110118872 0 18.836989197498287
-0.17639129801118009 0.078593576545753191 0 18.924630668107383
-0.16652589848679666 0.088538589003038598 0 18.961307246027211
-0.14955319530548153 0.10560618168440626 0 19.018620338836293
-0.13255357014405922 0.12264771559474386 0 19.071416480474792
-0.12264771559474373 0.13255357014405938 0 19.096375559446049
-0.10560618168440608 0.14955319530548164 0 19.073105409365159
-0.088538589003038404 0.16652589848679686 0 18.958187933532439
-0.078593576545752983 0.17639129801118036 0 18.852729809212359
-0.061485446110118636 0.19332073242408343 0 18.660252744285504
-0.044352126861196689 0.21022238877321767 0 18.461367766129445
-0.034369263753842312 0.22004604686276821 0 18.339799087019365
-0.017196788120920226 0.23690308599149415 0 18.076915636030556
1.8249767661594975e-16 0.25373149847024201 0 17.73953178448739
0.010019396931269769 0.26351213998115902 0 17.516279832711056
0.027253950296473796 0.28029459893962533 0 17.198558933622294
0.044511933841976548 0.29704759052634006 0 16.980213594273479
0.054566538781478241 0.30678395213236992 0 16.897199062316396
0.071860887274341881 0.32348966662741652 0 16.803808211004615
0.089177778046193146 0.3401650812549713 0 16.769021914150787
0.099266256772941444 0.3498559119907606 0 16.768237724331062
0.11661810365577917 0.36648273925133151 0 16.685536590171189
0.13399159971478394 0.38307844273058839 0 16.483619483017101
0.14411261019168112 0.39272250452645308 0 16.314781129826567
0.16151964560853929 0.4092683242177737 0 15.989815728546805
0.17894743229227639 0.42578220514573023 0 15.628530331351012
0.18909962525972054 0.43537827335336254 0 15.39939223649769
0.20655952725847473 0.45184098847529808 0 14.938598539943479
0.22403927820596847 0.46827095912710331 0 14.388313785093629
0.23422129777932951 0.47781782303574843 0 14.026519486988709
0.25173173334013732 0.4941953608045459 0 13.324643996772588
0.26926111152251531 0.51053935800859673 0 12.520587623722257
0.2794715957929248 0.5200358213512446 0 12.005693255466056
0.29703022186207961 0.53632613406388185 0 11.034577969533707
0.31460688061826236 0.55258212005923402 0 9.9544666105789208
0.32484446225616137 0.56202700150838503 0 9.2742958011814167
0.34244892678439209 0.57822806738877885 0 7.9849879093185905
0.36007051086085551 0.59439403066413155 0 6.5402092241414538
0.37033381772174179 0.60378616431670729 0 5.6412725912270316
0.38798176070599577 0.61989598834305015 0 4.1849014300947811
0.40564590729964672 0.63596994445658361 0 2.8697915244788206
0.41593356303146123 0.64530818030757164 0 2.169286410596591
0.43362261755921194 0.66132479502009689 0 1.0555182176718791
0.45132695736241313 0.67730478739947519 0 0.055084105556635406
0.46163758201400734 0.68658799180390606 0 -0.46820791789299243
0.47936537530912227 0.70250945809240362 0 -1.1794654250222361
0.49710753355590809 0.71839355881427125 0 -1.6381567892102131
0.50743974418603244 0.72762061493714947 0 -1.7890391712695541
0.52520389865524408 0.74344502280758462 0 -1.8614922246792518
0.54298149616776858 0.75923133335592452 0 -1.6982258850920124
0.55333390745402611 0.7684011416097446 0 -1.4958845940426932
0.57113204173304988 0.78412661092935898 0 -0.97945245823165805
0.58894269596730942 0.79981326293209842 0 -0.25168049531252812
-0.78772690344721708 -0.60489152895896448 0 -0.25620290018208625
-0.77180170389375091 -0.58713686086192474 0 -0.94964481544653467
-0.75584436438961689 -0.56939450320286256 0 -1.3508550042265917
-0.74654265968432953 -0.55907442112947336 0 -1.452363997188157
-0.73053491573966656 -0.54135208469386253 0 -1.4539904262534977
-0.71449559056436796 -0.5236427490189407 0 -1.244132133282573
-0.70514642943575812 -0.51334220298570554 0 -1.0259616901435566
-0.68905758946846563 -0.49565397967851699 0 -0.50615391160607781
-0.67293773423365155 -0.47797944621545696 0 0.19381142367738244
-0.66354196714028257 -0.46769947168968046 0 0.67997636173747267
-0.64737349808811762 -0.45004713959788395 0 1.5919793636270387
-0.63117458680636829 -0.43240918496653052 0 2.5916282788296803
-0.6217330748378771 -0.42215081521088943 0 3.2100627024086874
-0.60548646177023036 -0.40453614845317815 0 4.285718684993256
-0.58920998641358835 -0.38693654507736086 0 5.3697027213742317
-0.57972360103197151 -0.37670081080769319 0 6.001743254828229
-0.56340034670229455 -0.35912557894665459 0 7.0556874711053599
-0.54704781675088721 -0.3415660944666325 0 8.0633054363950709
-0.53751743952606812 -0.33135402351013477 0 8.6271452117820342
-0.52111906391456131 -0.31381999096524904 0 9.543173243674353
-0.50469200589559349 -0.29630238765113903 0 10.389767182591921
-0.49511852823543867 -0.28611500460521005 0 10.850978998042134
-0.478646568082288 -0.26862393006708252 0 11.599942290201952
-0.46214652509969834 -0.25114996423367664 0 12.294979040658815
-0.45253084797465021 -0.24098829012564293 0 12.676247623501288
-0.43598685630411116 -0.22354192597187381 0 13.317943458255025
-0.41941538755919133 -0.20611334739525358 0 13.946201920062459
-0.40975842122170059 -0.19597839934321046 0 14.303090903323319
-0.39314396685733349 -0.17857849105630835 0 14.863545305042411
-0.37650264716062271 -0.16119704239265761 0 15.351702256019623
-0.36680531085955437 -0.15108983326766329 0 15.60551734531896
-0.35012197793092964 -0.13373811885540554 0 16.036219031762002
-0.33341239720570126 -0.11640553506242712 0 16.466635728242341
-0.32367561889590862 -0.10632707315228392 0 16.714776629325225
-0.30692500633710273 -0.089025282570926872 0 17.103565064682574
-0.290148769114771 -0.071743290332263981 0 17.440003361468357
-0.28037348516202487 -0.061694579007119048 0 17.613006240588671
-0.26355720620224171 -0.044444433587858233 0 17.891124854972869
-0.24671593111002268 -0.027214750740921001 0 18.1478784926496
-0.23690308599149401 -0.017196788120920372 0 18.286908484876317
-0.22002276763814921 5.2835825956506099e-17 0 18.499376588180063
-0.20311808687931987 0.01717566503240589 0 18.67722504192524
-0.19326863287981597 0.027161886407180123 0 18.764822676981314
-0.17632591539443287 0.044303614854314187 0 18.888432749531539
-0.15935947422153701 0.061423563628162016 0 18.978096043030607
-0.14947437112569659 0.071377057125242241 0 19.015258946773908
-0.13247090749296686 0.088462033845352103 0 19.062560160035972
-0.11544436367432595 0.10552457845498163 0 19.090254125047867
-0.1055245784549815 0.11544436367432609 0 19.095906586669027
-0.088462033845351937 0.132470907492967 0 19.065699897473856
-0.071377057125242047 0.14947437112569675 0 18.981901097956293
-0.061423563628161808 0.15935947422153718 0 18.909118282754822
-0.044303614854313944 0.17632591539443307 0 18.752773497489052
-0.027161886407179869 0.1932686328798161 0 18.558303545981548
-0.017175665032405644 0.20311808687932004 0 18.427823418079917
1.879736115760313e-16 0.22002276763814937 0 18.177439498469226
0.017196788120920604 0.23690308599149415 0 17.894495368402726
0.027214750740921227 0.24671593111002291 0 17.718432640791072
0.044444433587858427 0.26355720620224193 0 17.450485888148336
0.061694579007119214 0.28037348516202498 0 17.234067818832255
0.071743290332264134 0.29014876911477117 0 17.131286229756579
0.089025282570926983 0.30692500633710279 0 16.985222008555226
0.106327073152284 0.32367561889590862 0 16.876585033994093
0.11640553506242723 0.33341239720570132 0 16.826031155826708
0.13373811885540565 0.35012197793092975 0 16.690885571626584
0.15108983326766334 0.36680531085955448 0 16.484778485065203
0.1611970423926577 0.37650264716062298 0 16.331676473313571
0.17857849105630844 0.39314396685733383 0 16.00321913493082
0.19597839934321051 0.40975842122170075 0 15.591036873799824
0.20611334739525369 0.4194153875591915 0 15.315366135611393
0.22354192597187394 0.43598685630411144 0 14.81989884743489
0.24098829012564302 0.45253084797465049 0 14.302925308991231
0.25114996423367675 0.46214652509969845 0 13.987513540906761
0.26862393006708268 0.47864656808228828 0 13.346348481403675
0.28611500460521017 0.49511852823543884 0 12.569590536241677
0.29630238765113909 0.50469200589559382 0 12.055702502580464
0.3138199909652491 0.52111906391456131 0 11.068786644903426
0.33135402351013482 0.53751743952606834 0 9.9518018684875642
0.34156609446663266 0.54704781675088721 0 9.2448964722313427
0.35912557894665464 0.56340034670229455 0 7.9674399180909115
0.37670081080769319 0.57972360103197151 0 6.6172976290774423
0.38693654507736092 0.58920998641358857 0 5.8041027305169797
0.40453614845317815 0.60548646177023036 0 4.4347698121740198
0.42215081521088943 0.62173307483787699 0 3.1140767459658574
0.43240918496653047 0.63117458680636818 0 2.3737535281982396
0.45004713959788395 0.6473734980881175 0 1.2208247129680325
0.46769947168968057 0.66354196714028268 0 0.23163850914190801
0.47797944621545724 0.67293773423365177 0 -0.2655941188939151
0.49565397967851699 0.68905758946846563 0 -0.95527468949461813
0.51334220298570532 0.70514642943575812 0 -1.4299130053448559
0.52364274901894059 0.71449559056436796 0 -1.6055689098996226
0.54135208469386242 0.73053491573966656 0 -1.7203540994495923
0.55907442112947336 0.74654265968432942 0 -1.595161299680192
0.56939450320286267 0.755844364389617 0 -1.4132116721897441
0.58713686086192496 0.77180170389375091 0 -0.93223275343517276
0.60489152895896459 0.78772690344721708 0 -0.24089796080248405
-0.77531324780274058 -0.62062074273210721 0 -0.25357553110307074
-0.75916428854358287 -0.60293273697468752 0 -0.94219269984052523
-0.74298943273061313 -0.58525639620623571 0 -1.3452340014928661
-0.73356398769922482 -0.57497440749928475 0 -1.4503573923581827
-0.71734848868963597 -0.55731690914544363 0 -1.4537685416932247
-0.70110750479338813 -0.53967156674798755 0 -1.2388921069469987
-0.69164376410030248 -0.52940784461266421 0 -1.0154606059068874
-0.67536279153887124 -0.5117821205356532 0 -0.49488212853084368
-0.65905674988211449 -0.49416904234526765 0 0.19364300779629895
-0.64955533832809664 -0.4839243229888377 0 0.66874929679074768
-0.63320996899087412 -0.46633163729212979 0 1.5724609763976054
-0.61683995038355099 -0.44875208625909035 0 2.5800941085642681
-0.60730149883097484 -0.43852710415593188 0 3.2100922908324789
-0.59089281983708974 -0.4209687178737922 0 4.3081830170121558
-0.5744599153403469 -0.40342395376333079 0 5.4165665062345649
-0.56488506057514154 -0.39321944148087001 0 6.0633359646453
-0.54841416914835917 -0.3756966122794495 0 7.1371430856141078
-0.531919479834568 -0.3581878913730886 0 8.1569113183485946
-0.52230886442584834 -0.34800457939810081 0 8.7246119360111027
-0.50577686765218577 -0.3305185612771972 0 9.6464587403755395
-0.48922150436105616 -0.31304713607481049 0 10.498599737513588
-0.47957577651850192 -0.30288575264016854 0 10.963446349513232
-0.46298379110000681 -0.28543779563580535 0 11.727237849555868
-0.44636887419091209 -0.26800491455855219 0 12.449116321062634
-0.43668868761996027 -0.2578661854705101 0 12.850173424086092
-0.42003783962476821 -0.24045753535847836 0 13.512026834153874
-0.40336449872539454 -0.22306444245275886 0 14.139945371398923
-0.39365051248031341 -0.2129490909188555 0 14.48863662462151
-0.37694193708910367 -0.19558098891936732 0 15.043064102763818
-0.36021131084053892 -0.17822892356194417 0 15.53852813131617
-0.35046418917545263 -0.16813767001961288 0 15.801550130191801
-0.33369903042441684 -0.15081135250321123 0 16.238352933699858
-0.31691226622280377 -0.13350154910764717 0 16.659991273840269
-0.30713267844073872 -0.12343511105361611 0 16.896664015257404
-0.29031208896118743 -0.10615180924848855 0 17.26219252840826
-0.27347034269606119 -0.088885496973041669 0 17.57194930955173
-0.26365896299608332 -0.078844588793608922 0 17.728286312019062
-0.24678410375081411 -0.061605528494449356 0 17.982382975626543
-0.22988853954024863 -0.044383930951573683 0 18.221897123021012
-0.22004604686276805 -0.034369263753842458 0 18.353732557663541
-0.2031180868793199 -0.017175665032405779 0 18.554346714399699
-0.18616987680201205 5.893522019856975e-17 0 18.720367468416782
-0.17629695467232734 0.009987718555843567 0 18.801227275769595
-0.15931707077325169 0.027134641638351106 0 18.915537929871508
-0.14231739459767162 0.04426316250380407 0 18.999071055104928
-0.13241473096783019 0.054223228371086694 0 19.033743891091977
-0.11538410749810854 0.071322268049638607 0 19.072804251271982
-0.098334152408847228 0.08840243949789818 0 19.086419040505522
-0.088402439497898069 0.098334152408847381 0 19.082451487220553
-0.071322268049638426 0.11538410749810869 0 19.052508368390072
-0.0542232283710865 0.13241473096783032 0 18.992943269543439
-0.044263162503803834 0.14231739459767181 0 18.943347964073485
-0.02713464163835087 0.15931707077325188 0 18.812720247023282
-0.0099877185558433137 0.17629695467232753 0 18.62187153108718
1.9306365237462504e-16 0.18616987680201225 0 18.486141984134413
0.017175665032406022 0.20311808687932006 0 18.256984027233539
0.034369263753842687 0.22004604686276819 0 18.039623060787342
0.044383930951573898 0.22988853954024879 0 17.91802844482477
0.06160552849444955 0.24678410375081433 0 17.708912727151574
0.078844588793609074 0.26365896299608343 0 17.498417230561753
0.088885496973041822 0.27347034269606135 0 17.376473718111455
0.10615180924848866 0.29031208896118754 0 17.185120879137362
0.12343511105361619 0.30713267844073872 0 17.019370202484513
0.13350154910764728 0.31691226622280377 0 16.931813342514154
0.15081135250321129 0.3336990304244169 0 16.751858159820983
0.16813767001961299 0.35046418917545274 0 16.528331065582449
0.17822892356194431 0.36021131084053909 0 16.375327515327843
0.19558098891936745 0.37694193708910395 0 16.028190129216735
0.21294909091885555 0.39365051248031363 0 15.568322129320292
0.22306444245275897 0.40336449872539482 0 15.253896241813846
0.2404575353584785 0.42003783962476848 0 14.708185016388677
0.25786618547051021 0.43668868761996049 0 14.16678190358418
0.26800491455855235 0.44636887419091248 0 13.848143278387944
0.2854377956358054 0.46298379110000687 0 13.206472817211747
0.30288575264016865 0.47957577651850214 0 12.43363279998751
0.31304713607481061 0.48922150436105633 0 11.923756111601623
0.3305185612771972 0.50577686765218599 0 10.942300302086087
0.34800457939810081 0.52230886442584845 0 9.8282860653959965
0.35818789137308865 0.531919479834568 0 9.1236394111498953
0.37569661227944956 0.54841416914835928 0 7.8762616403107835
0.39321944148086996 0.56488506057514143 0 6.5930003904265062
0.4034239537633309 0.57445991534034702 0 5.8321859319665021
0.4209687178737922 0.59089281983708974 0 4.5231589514967823
0.43852710415593177 0.60730149883097484 0 3.2175457824279836
0.44875208625909047 0.61683995038355088 0 2.4679979254743123
0.46633163729212979 0.63320996899087412 0 1.3110735330088488
0.48392432298883786 0.64955533832809653 0 0.3391208075563944
0.49416904234526782 0.65905674988211449 0 -0.14021754835775435
0.51178212053565331 0.67536279153887113 0 -0.81502432596106555
0.52940784461266399 0.69164376410030248 0 -1.299099570546165
0.53967156674798755 0.70110750479338824 0 -1.4905159149637568
0.55731690914544352 0.71734848868963597 0 -1.6361810552309806
0.57497440749928475 0.73356398769922471 0 -1.5446172666886178
0.58525639620623582 0.74298943273061313 0 -1.3826952562255408
0.60293273697468774 0.75916428854358287 0 -0.92516028551594187
0.62062074273210721 0.77531324780274036 0 -0.24159808374257591
-0.7679404111755026 -0.62966985298973088 0 -0.24849419550943078
-0.75166798686807867 -0.6120257515476123 0 -0.92742606930415661
-0.73537309385119176 -0.59439273363326239 0 -1.3325156904820161
-0.72587935466908504 -0.58413567525308197 0 -1.4437678981739426
-0.70954918012121082 -0.56652050042770741 0 -1.4560293489728156
-0.69319687092640869 -0.54891679967711071 0 -1.2464619434352375
-0.68366987038991889 -0.53867698322097179 0 -1.0246320632487105
-0.66728281039985737 -0.52109174273342229 0 -0.50405798492463094
-0.65087395265953873 -0.50351836600740929 0 0.18768153942908813
-0.64131419701676706 -0.49329637704980261 0 0.66574740505703367
-0.62487112365393216 -0.47574207634167381 0 1.5736877598756567
-0.60840659221258653 -0.45820002814788025 0 2.5836607870578798
-0.5988145918816693 -0.44799645085985235 0 3.2141112277592647
-0.58231638433344624 -0.43047409290304933 0 4.3142366872485782
-0.56579706109361028 -0.41296437520585977 0 5.4262198395193826
-0.5561733305726726 -0.40277979224447569 0 6.0758344255044179
-0.53962087498902434 -0.38529037735141763 0 7.1591078665505075
-0.52304764875504683 -0.36781398938234972 0 8.1942271998442564
-0.51339270653088964 -0.35764898178042492 0 8.7730650067780154
-0.49678689586680513 -0.34019350741473403 0 9.7122011450177261
-0.48016066218647285 -0.32275144548333445 0 10.578193094075043
-0.47047503064202922 -0.31260659253947981 0 11.049516036549681
-0.45381676449787156 -0.29518605312723006 0 11.823131013918934
-0.43713842550196108 -0.27777931043256082 0 12.553172935356026
-0.42742263082255227 -0.26765518960158197 0 12.958139166999304
-0.41071281528236625 -0.25027057634318195 0 13.625168987726452
-0.39398327952217843 -0.23290014278596818 0 14.256145236361236
-0.38423785160060786 -0.22279732956966519 0 14.605605922494505
-0.36747739906844901 -0.20544963025244931 0 15.159896709527887
-0.35069758135138651 -0.18811649224796517 0 15.653307547705637
-0.34092305369190667 -0.17803556008637347 0 15.91419897345488
-0.32411288272625199 -0.16072575889797622 0 16.345393349574437
-0.3072837039495051 -0.14343089918974244 0 16.758840373323228
-0.29748061357069411 -0.13337241935286023 0 16.989443306905937
-0.28062164871699824 -0.11610149669544712 0 17.340954344466009
-0.26374403569939969 -0.098845894169812876 0 17.631912524449401
-0.25391292303598356 -0.088810435649856023 0 17.77573897493486
-0.23700609465744443 -0.071579367955284273 0 18.015453114130413
-0.22008097996955847 -0.054363997456968509 0 18.250949541121873
-0.21022238877321753 -0.044352126861196842 0 18.384503006350151
-0.19326863287981597 -0.027161886407180005 0 18.584253719541486
-0.17629695467232739 -0.0099877185558434438 0 18.743032705993777
-0.16641143191152494 6.12861689752689e-17 0 18.817136144850892
-0.14941168998740406 0.017148445272652357 0 18.921541371078558
-0.13239439181787313 0.034280444264730925 0 18.99818027388266
-0.12248248757674508 0.044243449262325631 0 19.030129522430446
-0.1054377064059973 0.061349135931319548 0 19.065243184331823
-0.088375737064047277 0.078438004440391423 0 19.075626632653968
-0.078438004440391312 0.088375737064047416 0 19.07040060773129
-0.061349135931319368 0.10543770640599741 0 19.043820772223221
-0.044243449262325436 0.12248248757674522 0 18.995241099663069
-0.034280444264730703 0.13239439181787332 0 18.954871604684978
-0.017148445272652111 0.14941168998740426 0 18.834691456239469
1.9243221968400492e-16 0.16641143191152513 0 18.645990783027919
0.0099877185558437023 0.17629695467232756 0 18.509111219325483
0.027161886407180254 0.19326863287981613 0 18.295680351142092
0.044352126861197085 0.21022238877321772 0 18.119509298124939
0.054363997456968738 0.22008097996955867 0 18.031182843102396
0.071579367955284481 0.23700609465744471 0 17.858618633232723
0.08881043564985619 0.25391292303598367 0 17.653350168689322
0.098845894169813028 0.26374403569939986 0 17.521186211727478
0.11610149669544717 0.28062164871699835 0 17.307620518687852
0.13337241935286032 0.29748061357069411 0 17.116284153282372
0.14343089918974256 0.30728370394950516 0 17.012699327674863
0.16072575889797627 0.32411288272625205 0 16.809917277708838
0.17803556008637356 0.34092305369190673 0 16.570435740303328
0.18811649224796531 0.35069758135138673 0 16.410643565025165
0.20544963025244944 0.36747739906844928 0 16.046355745300712
0.22279732956966522 0.38423785160060803 0 15.560971082343702
0.23290014278596829 0.39398327952217871 0 15.228045613797461
0.25027057634318201 0.41071281528236653 0 14.647966141964398
0.26765518960158213 0.4274226308225525 0 14.069326965758369
0.27777931043256093 0.4371384255019613 0 13.728533583119994
0.29518605312723017 0.45381676449787173 0 13.061375434803383
0.31260659253947987 0.47047503064202939 0 12.280838091445686
0.32275144548333462 0.48016066218647302 0 11.774123986670917
0.34019350741473403 0.49678689586680524 0 10.804090978789581
0.35764898178042492 0.51339270653088975 0 9.7078859767640289
0.36781398938234983 0.52304764875504683 0 9.016233932767804
0.38529037735141769 0.53962087498902445 0 7.793422300589798
0.40277979224447574 0.5561733305726726 0 6.5368235129204137
0.41296437520585988 0.56579706109361028 0 5.7919460781696941
0.43047409290304944 0.58231638433344624 0 4.5063793114686028
0.44799645085985235 0.5988145918816693 0 3.218048745472819
0.4582000281478803 0.60840659221258631 0 2.4757561322519299
0.47574207634167381 0.62487112365393216 0 1.3312732044565325
0.49329637704980267 0.64131419701676695 0 0.37164727961030536
0.5035183660074094 0.65087395265953862 0 -0.10113974322033795
0.5210917427334224 0.6672828103998576 0 -0.77023939389262308
0.53867698322097191 0.68366987038991889 0 -1.2568947796788732
0.54891679967711071 0.69319687092640858 0 -1.4535998501162382
0.56652050042770741 0.70954918012121082 0 -1.6117814384530738
0.58413567525308197 0.72587935466908504 0 -1.5370849086869922
0.59439273363326239 0.73537309385119165 0 -1.3861935497886635
0.61202575154761252 0.75166798686807879 0 -0.93679876251549921
0.62966985298973088 0.76794041117550238 0 -0.24631041488039743
-0.75502182439290166 -0.64503106872007376 0 -0.23925477520927252
-0.73854877002449548 -0.62747150000356577 0 -0.90863179543522876
-0.72205877463685197 -0.60992165430481549 0 -1.3204110240049691
-0.71245401478345594 -0.59971235257197486 0 -1.4420842181438911
-0.69593739004642541 -0.58217808247947422 0 -1.468558370901804
-0.67940404097973961 -0.56465378041862146 0 -1.2663936290227051
-0.66977414972476135 -0.55445945751078118 0 -1.0457561255529433
-0.65321451516492202 -0.53695111824626229 0 -0.52243882973852396
-0.63663837429403325 -0.5194529914905901 0 0.17806606064658703
-0.62698367925045073 -0.50927401477954237 0 0.66347680331860703
-0.61038159882575582 -0.49179223713812265 0 1.579438079990475
-0.59376323141307152 -0.47432091591683562 0 2.5904604526397139
-0.58408406215403974 -0.46415765192398561 0 3.2188513938127441
-0.56744010317093863 -0.44670306521653058 0 4.3184500675084578
-0.5507800778025389 -0.42925917824543158 0 5.4349046049738519
-0.54107676582408737 -0.4191119925979937 0 6.0896013796030282
-0.52439149887323522 -0.40168522457591366 0 7.1879582176214676
-0.50769038739433459 -0.38426939898227991 0 8.2465818957203876
-0.49796326607769353 -0.3741386563695947 0 8.8425347014643858
-0.48123726496902414 -0.35674033314985265 0 9.8098028869376588
-0.46449564241880165 -0.33935319439752998 0 10.70134551124495
-0.45474504699236412 -0.32923925852751079 0 11.186289076741073
-0.43797888868954271 -0.3118700045178594 0 11.979886114650766
-0.42119733323535941 -0.29451217633259341 0 12.72544927844946
-0.4114236007362887 -0.28441540988831426 0 13.137309745462733
-0.39461786529056048 -0.26707584771278048 0 13.810931788349095
-0.3777969581615791 -0.24974795200780284 0 14.441672056846055
-0.36800042739706973 -0.23966871660423777 0 14.788221982366615
-0.35115569788052103 -0.22235946702887541 0 15.33812575281617
-0.33429602330074126 -0.20506212383076314 0 15.828732357780522
-0.32447703480894652 -0.1950007799716886 0 16.088315577122017
-0.30759389724719127 -0.17772246183061488 0 16.511441295390732
-0.29069604236792124 -0.1604562892054438 0 16.908577784374884
-0.28085493837855202 -0.15041319624051477 0 17.126255435932368
-0.26393398168286458 -0.13316642636225134 0 17.455027134346889
-0.24699853651464149 -0.1159320403420591 0 17.723362487723261
-0.23713566090924873 -0.10590755642406885 0 17.854414858498348
-0.22017747680815589 -0.088692949558204753 0 18.077933916246813
-0.20320503415213312 -0.071490964067783533 0 18.305244422955099
-0.19332073242408324 -0.061485446110118754 0 18.437177897027759
-0.17632591539443287 -0.044303614854314069 0 18.631234656512685
-0.15931707077325172 -0.027134641638350988 0 18.779459536891032
-0.14941168998740409 -0.017148445272652229 0 18.845468209838788
-0.13238083718492843 6.3002169080824233e-17 0 18.936941501242682
-0.11533618877308956 0.01713535144941725 0 19.00250228926873
-0.10541007752518641 0.027101871915379213 0 19.029036325204892
-0.088343788714576335 0.044216323128614288 0 19.059341742469229
-0.071263937268328609 0.061317445644107599 0 19.070989395149383
-0.061317445644107474 0.071263937268328748 0 19.069232500562265
-0.044216323128614128 0.088343788714576446 0 19.052359469205566
-0.027101871915379019 0.10541007752518657 0 19.018087343674367
-0.017135351449417024 0.11533618877308968 0 18.987780461727102
1.8290952313787681e-16 0.1323808371849286 0 18.882029874879343
0.017148445272652489 0.14941168998740428 0 18.703312406302519
0.027134641638351251 0.15931707077325191 0 18.571269002669233
0.044303614854314312 0.17632591539443304 0 18.380779720088768
0.061485446110119003 0.19332073242408343 0 18.24838096080715
0.071490964067783769 0.20320503415213334 0 18.193074486566449
0.088692949558204948 0.22017747680815608 0 18.059065553239996
0.10590755642406902 0.2371356609092489 0 17.864924362229381
0.11593204034205926 0.2469985365146416 0 17.727268632036893
0.13316642636225146 0.26393398168286475 0 17.493746954032492
0.15041319624051483 0.28085493837855202 0 17.270585696626551
0.16045628920544391 0.29069604236792129 0 17.14371384622368
0.17772246183061491 0.30759389724719138 0 16.903227860603735
0.19500077997168869 0.32447703480894663 0 16.630480537414719
0.20506212383076322 0.33429602330074137 0 16.453233809888925
0.22235946702887552 0.35115569788052126 0 16.059939391834519
0.23966871660423783 0.36800042739707006 0 15.546493100210151
0.24974795200780295 0.37779695816157921 0 15.19712355890184
0.26707584771278059 0.39461786529056081 0 14.579879385072815
0.28441540988831437 0.41142360073628881 0 13.951619843716744
0.29451217633259358 0.42119733323535968 0 13.577769491572369
0.3118700045178594 0.43797888868954293 0 12.869582098920478
0.32923925852751079 0.45474504699236429 0 12.071347805426711
0.33935319439753014 0.46449564241880181 0 11.564694156055452
0.35674033314985265 0.48123726496902425 0 10.60602177906669
0.3741386563695947 0.49796326607769364 0 9.5345811436483494
0.38426939898228002 0.5076903873943347 0 8.86290623639883
0.40168522457591377 0.52439149887323533 0 7.6741700322183064
0.41911199259799375 0.54107676582408726 0 6.4500129293084303
0.42925917824543175 0.55078007780253913 0 5.7232993260570542
0.44670306521653075 0.56744010317093863 0 4.46767447900256
0.46415765192398561 0.58408406215403963 0 3.2077660723896724
0.47432091591683578 0.59376323141307141 0 2.4811134223404636
0.4917922371381227 0.6103815988257556 0 1.3582794506962073
0.50927401477954248 0.62698367925045084 0 0.41326543572664787
0.51945299149059021 0.63663837429403336 0 -0.05424882449347905
0.5369511182462624 0.65321451516492202 0 -0.72023816655251582
0.55445945751078107 0.66977414972476135 0 -1.2112865883825286
0.56465378041862146 0.6794040409797395 0 -1.4138703271483652
0.58217808247947422 0.69593739004642541 0 -1.5862564749940988
0.59971235257197486 0.71245401478345594 0 -1.5306615343369265
0.60992165430481549 0.72205877463685164 0 -1.3921635733051827
0.62747150000356589 0.73854877002449548 0 -0.95167726312527723
0.64503106872007387 0.75502182439290166 0 -0.25226729663006686
-0.74179280843156736 -0.6601470316764172 0 -0.23069468924180014
-0.72513352105045537 -0.64268387751383482 0 -0.90247333857732825
-0.70846235349081277 -0.62522862055486295 0 -1.3246864800420075
-0.69875446873305069 -0.61507351080283024 0 -1.4554729734415288
-0.68206460335382613 -0.59763085289967299 0 -1.4924889673153536
-0.66536297990015203 -0.58019622585500763 0 -1.2929123589392559
-0.65563742643840794 -0.57005318397234572 0 -1.0702678859275143
-0.63891729873173131 -0.55263136721841 0 -0.53992745818564669
-0.62218553555768885 -0.5352177147158631 0 0.17179965866213359
-0.61244249763190028 -0.52508694115018173 0 0.66511728488095756
-0.59569242456108529 -0.50768630975188778 0 1.5881699233992299
-0.57893083912527432 -0.49029397572713296 0 2.5968560112904315
-0.5691705017196379 -0.48017567051919496 0 3.2203235070374725
-0.55239080152068565 -0.46279656797697916 0 4.3165530337950333
-0.53559971254662464 -0.44542589565096419 0 5.4377830159339595
-0.52582226137792021 -0.43532025842154909 0 6.0988453809261323
-0.50901325353941973 -0.41796302750731218 0 7.2111923942077949
-0.4921929809953946 -0.40061435936373185 0 8.2873073948434008
-0.48239860250123573 -0.39052158930053643 0 8.895051688524342
-0.46556060774413205 -0.37318657203515293 0 9.8848713704512257
-0.44871147282291496 -0.3558602497979817 0 10.801859036421355
-0.4389003541499219 -0.3457805456425555 0 11.302644793858295
-0.42203369440715688 -0.32846808327344595 0 12.120333524517195
-0.40515601950559715 -0.31116444788453596 0 12.885377871321188
-0.39532834849749671 -0.30109800791925573 0 13.306082189315786
-0.37843334689352298 -0.28380844089802532 0 13.984690155551398
-0.36152745559201344 -0.26652783249477124 0 14.606698711693111
-0.35168342077766618 -0.25647485452985402 0 14.942903689623618
-0.33476040160783815 -0.23920852249000069 0 15.481768870676868
-0.317826618649659 -0.22195128038307535 0 15.972144756198535
-0.30796640923101687 -0.21191196174363408 0 16.235483830172658
-0.29101569794086135 -0.19466920347832886 0 16.655003360901322
-0.27405434921140509 -0.1774356661294928 0 17.033451448144909
-0.26417815505139952 -0.16741020364263517 0 17.234484428460306
-0.24720007821576867 -0.15019135708257803 0 17.542535961908534
-0.23021149072164851 -0.13298186208256532 0 17.802669091970063
-0.22031950233201048 -0.12297045206453738 0 17.933873340693971
-0.20331438763412055 -0.1057758542558917 0 18.153282647824462
-0.18629888948216453 -0.088590738302375863 0 18.369136202702997
-0.17639129801118014 -0.078593576545753108 0 18.491555452328765
-0.15935947422153707 -0.061423563628161919 0 18.672523217974337
-0.14231739459767165 -0.044263162503803945 0 18.812943525175406
-0.13239439181787313 -0.0342804442647308 0 18.876488316360373
-0.1153361887730895 -0.017135351449417122 0 18.961883177526186
-0.098267857921115365 6.5035098062096737e-17 0 19.018262666057119
-0.088329636216909604 0.0099680800145204515 0 19.038659195858894
-0.071245384798415842 0.02708791846656541 0 19.06672481682623
-0.054151133998677693 0.044197886353914265 0 19.088011044539925
-0.044197886353914133 0.054151133998677832 0 19.096583507980757
-0.027087918466565244 0.071245384798415953 0 19.094155944394728
-0.009968080014520252 0.088329636216909757 0 19.068527695546354
1.5852305152636076e-16 0.098267857921115503 0 19.041176432828113
0.017135351449417368 0.11533618877308968 0 18.946002304045194
0.034280444264731057 0.13239439181787332 0 18.786106509246974
0.044263162503804222 0.14231739459767184 0 18.667986253647378
0.061423563628162182 0.15935947422153723 0 18.49387912319192
0.078593576545753357 0.17639129801118042 0 18.366533663074915
0.088590738302376099 0.18629888948216472 0 18.309850870027841
0.10577585425589191 0.20331438763412074 0 18.179717269106938
0.12297045206453754 0.22031950233201061 0 17.999294252197792
0.13298186208256549 0.23021149072164865 0 17.872834193395207
0.15019135708257811 0.24720007821576884 0 17.643993874220367
0.16741020364263526 0.26417815505139958 0 17.404239842567108
0.17743566612949288 0.27405434921140515 0 17.258668728442569
0.19466920347832892 0.29101569794086146 0 16.98182165868856
0.21191196174363414 0.30796640923101704 0 16.668998277650594
0.22195128038307546 0.31782661864965911 0 16.467753039072917
0.23920852249000085 0.33476040160783843 0 16.047585949279231
0.25647485452985413 0.35168342077766646 0 15.527681230736517
0.26652783249477136 0.3615274555920136 0 15.182310529572392
0.28380844089802537 0.3784333468935232 0 14.559999810090281
0.30109800791925584 0.39532834849749693 0 13.908004318657248
0.31116444788453607 0.40515601950559743 0 13.512970164201787
0.32846808327344601 0.42203369440715716 0 12.77371846549125
0.34578054564255556 0.43890035414992207 0 11.953838743067035
0.35586024979798175 0.44871147282291513 0 11.439200159608466
0.37318657203515293 0.46556060774413216 0 10.47811679191059
0.39052158930053643 0.4823986025012359 0 9.4191734897148667
0.40061435936373202 0.49219298099539466 0 8.7608603780185952
0.41796302750731223 0.50901325353941973 0 7.5930482585103212
0.43532025842154914 0.52582226137792032 0 6.3855543327564801
0.4454258956509643 0.53559971254662464 0 5.667065514178308
0.46279656797697932 0.55239080152068565 0 4.4297442618485299
0.48017567051919496 0.5691705017196379 0 3.1944919905765703
0.49029397572713301 0.57893083912527432 0 2.4843017221457
0.50768630975188778 0.59569242456108518 0 1.3803919356020795
0.52508694115018195 0.61244249763190017 0 0.44069165884860384
0.53521771471586321 0.62218553555768874 0 -0.02936107561776629
0.55263136721841 0.6389172987317312 0 -0.70039647659260673
0.57005318397234572 0.65563742643840794 0 -1.1959568101137306
0.58019622585500752 0.66536297990015192 0 -1.4009471492741965
0.59763085289967299 0.68206460335382602 0 -1.5779026487210013
0.61507351080283024 0.69875446873305047 0 -1.5274871902868488
0.62522862055486295 0.70846235349081277 0 -1.3920853292739237
0.64268387751383504 0.72513352105045537 0 -0.95416645815808909
0.66014703167641731 0.74179280843156747 0 -0.25340292075708187
-0.73395361562089589 -0.66882768534917181 0 -0.22662132604309831
-0.71719248631484767 -0.65142628243971912 0 -0.90493665639851717
-0.70042220395868271 -0.6340314966863172 0 -1.3343310218994555
-0.6906578842663651 -0.62391098368365017 0 -1.4695258689313213
-0.67387318403870144 -0.60652673305185922 0 -1.5106728240751497
-0.65707940939222675 -0.5891491840620664 0 -1.3103962935798392
-0.64730145368317571 -0.57903874153541224 0 -1.0854128434712462
-0.63049338575197789 -0.56167186120860801 0 -0.54937959519396318
-0.61367632227644064 -0.54431176686423943 0 0.16958707352665156
-0.60388484907429796 -0.53421152155086937 0 0.667308338577
-0.58705361728298733 -0.51686222917788782 0 1.5939975082396043
-0.57021346906179593 -0.49951980697875192 0 2.6003012531595684
-0.56040859725082692 -0.489429885391996 0 3.2199204562059056
-0.54355440605994176 -0.47209839823410743 0 4.3134186993092669
-0.52669137779042319 -0.4547738652889366 0 5.4375470529248702
-0.51687322661071444 -0.44469439371290814 0 6.1024870320858611
-0.49999628108964311 -0.42738092863476118 0 7.2222592095892297
-0.48311057807476449 -0.41007450165216525 0 8.3059246559121913
-0.47327926711739587 -0.40000560613650027 0 8.9181503006741405
-0.45637977293607301 -0.38271037959708831 0 9.9186462184132118
-0.43947160107611943 -0.3654222748765289 0 10.850151892725535
-0.42962725027831628 -0.35536408123113689 0 11.360784254051756
-0.41270541369887709 -0.33808730927478692 0 12.193770605811874
-0.39577497948309204 -0.32081774269757568 0 12.971245221627699
-0.38591770912335188 -0.31077037648740535 0 13.397487454379865
-0.36897373699174901 -0.29351227473479008 0 14.078132165756751
-0.35202124748993613 -0.27626146175510963 0 14.691904010008281
-0.34215117818313417 -0.26622504829492721 0 15.019386878917087
-0.32518527792071605 -0.24898583193410129 0 15.549448426812205
-0.30821094077480293 -0.23175398757005083 0 16.040578475354764
-0.29832819346727613 -0.22172865191923358 0 16.307867575939216
-0.28134057306232807 -0.20450853569669464 0 16.727167682809817
-0.26434459647789388 -0.18729587452136204 0 17.094603370268736
-0.25444929244250275 -0.17728174147870607 0 17.28518554205878
-0.23744016044175176 -0.16008093969048193 0 17.58276856971478
-0.22042275317951696 -0.14288767582303979 0 17.843916043251852
-0.21051501401068731 -0.13288486992158341 0 17.980079945655266
-0.19348457951077103 -0.11570359640434542 0 18.201698749258419
-0.17644595087805306 -0.098529943501175457 0 18.409785969732024
-0.16652589848679672 -0.088538589003038529 0 18.523798641966412
-0.14947437112569667 -0.071377057125242144 0 18.694527539659671
-0.13241473096783024 -0.054223228371086583 0 18.831560459428534
-0.12248248757674507 -0.044243449262325506 0 18.895843656809188
-0.10541007752518639 -0.027101871915379092 0 18.980429022840223
-0.088329636216909604 -0.0099680800145203214 0 19.032406243093281
-0.078385324355161143 6.8782401918001281e-17 0 19.04911897583488
-0.061292242307978376 0.017121410410537777 0 19.077050646617739
-0.044191210744785561 0.034234953243068231 0 19.107191771776304
-0.034234953243068092 0.044191210744785693 0 19.124356842360818
-0.017121410410537607 0.061292242307978487 0 19.131952965936794
1.3578649612251778e-16 0.078385324355161295 0 19.108837583326668
0.0099680800145205434 0.088329636216909757 0 19.080224625341298
0.027101871915379338 0.10541007752518658 0 18.989422239286359
0.044243449262325769 0.12248248757674525 0 18.843759607133485
0.05422322837108684 0.13241473096783038 0 18.737221693149465
0.071377057125242407 0.14947437112569678 0 18.569931540988552
0.088538589003038778 0.16652589848679691 0 18.430161492945242
0.098529943501175707 0.17644595087805329 0 18.359054183696017
0.11570359640434563 0.19348457951077122 0 18.217285964050806
0.13288486992158358 0.21051501401068748 0 18.045473442108705
0.14288767582303993 0.22042275317951707 0 17.931808058435625
0.16008093969048201 0.2374401604417519 0 17.715195659440244
0.17728174147870612 0.25444929244250275 0 17.471993727197244
0.18729587452136212 0.26434459647789393 0 17.317619381089056
0.20450853569669469 0.28134057306232818 0 17.020756139492956
0.22172865191923363 0.29832819346727624 0 16.68264933837796
0.23175398757005089 0.30821094077480315 0 16.465269206151262
0.2489858319341014 0.32518527792071633 0 16.030670204268112
0.26622504829492727 0.34215117818313434 0 15.515335421021886
0.27626146175510968 0.3520212474899363 0 15.17997960721657
0.29351227473479025 0.36897373699174929 0 14.567218398291706
0.31077037648740552 0.38591770912335205 0 13.912045018684731
0.32081774269757579 0.39577497948309232 0 13.509744139956261
0.33808730927478692 0.41270541369887737 0 12.756698190945247
0.35536408123113694 0.42962725027831644 0 11.922352308586314
0.36542227487652906 0.4394716010761196 0 11.399329224405426
0.38271037959708831 0.45637977293607318 0 10.430744152557093
0.40000560613650032 0.47327926711739604 0 9.3737881204825406
0.41007450165216547 0.4831105780747646 0 8.720326054246458
0.42738092863476118 0.49999628108964317 0 7.5593704583245636
0.44469439371290825 0.51687322661071455 0 6.3553662341953174
0.45477386528893676 0.5266913777904233 0 5.637614094573836
0.47209839823410743 0.54355440605994176 0 4.4063972897513137
0.489429885391996 0.56040859725082692 0 3.183893793012524
0.49951980697875198 0.57021346906179571 0 2.4832608378618861
0.51686222917788782 0.58705361728298733 0 1.3892140623138711
0.53421152155086959 0.60388484907429796 0 0.44893654947455686
0.54431176686423954 0.61367632227644064 0 -0.02584712762111278
0.56167186120860801 0.63049338575197766 0 -0.70278896875595176
0.57903874153541224 0.64730145368317571 0 -1.2005767853779594
0.5891491840620664 0.65707940939222664 0 -1.4053954687896635
0.60652673305185911 0.67387318403870144 0 -1.5805983518356845
0.62391098368365006 0.6906578842663651 0 -1.5271585966740222
0.6340314966863172 0.70042220395868249 0 -1.3896624692993527
0.65142628243971934 0.71719248631484767 0 -0.95033107965634855
0.66882768534917181 0.73395361562089578 0 -0.25187678638951982
-0.72024844537130384 -0.68353641369378837 0 -0.22640541241919648
-0.70332340446691621 -0.66625107870355604 0 -0.91643822504591765
-0.68639351730964027 -0.64896978351616985 0 -1.353771505727239
-0.67653828388187853 -0.63891412537642833 0 -1.4918649574590277
-0.65960075014272679 -0.62163924208966226 0 -1.5351499892818785
-0.64265839561697857 -0.60436842511911393 0 -1.3334515552519171
-0.63279591804871593 -0.59431887738609479 0 -1.1061351254393363
-0.61584595726001767 -0.57705451423642273 0 -0.56573649398689663
-0.59889120119080619 -0.55979424388641852 0 0.15775993027382407
-0.58902151780973444 -0.54975084635649185 0 0.65812437564146709
-0.57205919585918807 -0.53249707170000937 0 1.5877730783569393
-0.55509210417367338 -0.5152474162963756 0 2.5948908154869965
-0.54521525336678311 -0.50521020872042488 0 3.2142390795740003
-0.52824063624371453 -0.48796709083479478 0 4.3089498330972731
-0.51126127497035301 -0.47072811862457448 0 5.4369439264953874
-0.50137729518343577 -0.46069714070747259 0 6.1053776998878391
-0.4843904489779432 -0.44346474779102368 0 7.2329602879824373
-0.4673988842456317 -0.42623652694157882 0 8.3267684413295626
-0.45750781398278129 -0.41621181834166421 0 8.9461049077824129
-0.44050880488487787 -0.39899021851249317 0 9.9623942683773681
-0.4235051029220962 -0.38177281711060562 0 10.914503663779893
-0.4136069807452093 -0.37175441743916016 0 11.438862353475448
-0.39659587504396432 -0.35454367873423442 0 12.290759986359586
-0.37958010217791421 -0.33733716478520931 0 13.080192375808428
-0.36967496670618893 -0.32732511360593691 0 13.510161238971429
-0.35265183078886564 -0.31012530398019866 0 14.190846993580214
-0.33562405344460916 -0.29292974540696987 0 14.796548560413473
-0.32571194335404324 -0.28292408223547555 0 15.116261031822766
-0.30867684370523585 -0.26573526956094745 0 15.637452886095442
-0.29163712840483047 -0.2485507342031831 0 16.126815746252312
-0.28171808242771806 -0.23855149850645324 0 16.395855565586256
-0.26467108562848596 -0.2213737505713462 0 16.81529044699672
-0.24761949899011956 -0.20420030618455742 0 17.178161258861387
-0.23769355591454644 -0.19420753738044116 0 17.364293940302733
-0.22063472864154748 -0.17704092188826295 0 17.656674152623573
-0.20357133737866923 -0.15987863614291337 0 17.916512560472277
-0.19363853604800763 -0.14989237359960414 0 18.053289257958831
-0.1765679450726286 -0.13273695816827025 0 18.271900915577838
-0.1594928159930798 -0.11558589864888687 0 18.470939041872764
-0.14955319530548153 -0.10560618168440618 0 18.577358042475257
-0.13247090749296686 -0.088462033845351992 0 18.737918630497198
-0.11538410749810855 -0.071322268049638496 0 18.86941048758775
-0.10543770640599726 -0.061349135931319423 0 18.932332110688165
-0.08834378871457628 -0.04421632312861417 0 19.013696126749402
-0.071245384798415801 -0.027087918466565275 0 19.06075687893787
-0.061292242307978348 -0.017121410410537639 0 19.07431951848681
-0.04418676178799049 6.8083880372233687e-17 0 19.103833522804042
-0.027076821036305737 0.017116976206982198 0 19.14546794481554
-0.017116976206982059 0.027076821036305869 0 19.173039949831459
1.0263390921784482e-16 0.044186761787990601 0 19.192029633112348
0.01712141041053785 0.06129224230797848 0 19.170270758023932
0.027087918466565494 0.071245384798415939 0 19.138834328516857
0.04421632312861442 0.08834378871457646 0 19.052330518113401
0.061349135931319694 0.10543770640599742 0 18.924723081719446
0.07132226804963876 0.11538410749810871 0 18.833515618059511
0.088462033845352256 0.13247090749296703 0 18.677816653827762
0.10560618168440644 0.14955319530548172 0 18.527709134535211
0.1155858986488871 0.15949281599308004 0 18.44224652483819
0.1327369581682705 0.17656794507262882 0 18.288218862422475
0.14989237359960433 0.19363853604800785 0 18.123646292623668
0.15987863614291353 0.20357133737866939 0 18.021633652798698
0.17704092188826306 0.2206347286415476 0 17.814355484449269
0.19420753738044125 0.23769355591454652 0 17.563635522209438
0.20420030618455759 0.24761949899011959 0 17.39765643428759
0.22137375057134628 0.26467108562848612 0 17.076388042264487
0.23855149850645332 0.28171808242771823 0 16.709380308980489
0.24855073420318316 0.29163712840483058 0 16.474024962471404
0.26573526956094762 0.30867684370523601 0 16.0202794726275
0.28292408223547566 0.32571194335404352 0 15.502628343400925
0.29292974540696992 0.33562405344460927 0 15.172552453294941
0.31012530398019872 0.35265183078886581 0 14.562951935002863
0.32732511360593708 0.3696749667061891 0 13.901033004279949
0.33733716478520953 0.37958010217791455 0 13.490350265288784
0.35454367873423442 0.39659587504396454 0 12.716472035535736
0.37175441743916027 0.41360698074520952 0 11.853392547627728
0.38177281711060568 0.42350510292209642 0 11.311206916660829
0.39899021851249317 0.44050880488487804 0 10.323088499753039
0.41621181834166432 0.45750781398278129 0 9.2661392062256329
0.42623652694157899 0.46739888424563186 0 8.6207757886202341
0.44346474779102368 0.48439044897794326 0 7.473375648221694
0.4606971407074727 0.50137729518343588 0 6.2805093866786947
0.47072811862457459 0.51126127497035312 0 5.5685258289137067
0.48796709083479478 0.52824063624371453 0 4.3514169146152808
0.50521020872042488 0.54521525336678311 0 3.1491961401712185
0.51524741629637549 0.55509210417367327 0 2.4623652170137089
0.53249707170000937 0.57205919585918807 0 1.3820007751116057
0.54975084635649185 0.58902151780973444 0 0.44088166013436947
0.55979424388641874 0.5988912011908063 0 -0.040120688496820531
0.57705451423642273 0.61584595726001767 0 -0.7237392872122389
0.59431887738609468 0.63279591804871571 0 -1.2210494060317705
0.60436842511911371 0.64265839561697846 0 -1.4225944232828076
0.62163924208966215 0.65960075014272679 0 -1.5918218525878132
0.63891412537642811 0.67653828388187831 0 -1.5326194987972315
0.64896978351616963 0.68639351730964004 0 -1.3920023195367828
0.66625107870355615 0.7033234044669161 0 -0.94954193882732518
0.68353641369378837 0.72024844537130384 0 -0.25108143131862259
-0.70625231006171596 -0.69797599827927004 0 -0.2360787723198666
-0.68917712695835709 -0.68081965405986788 0 -0.93765038321736782
-0.67210092191256698 -0.66366429078294731 0 -1.3760017515019629
-0.66216228991578163 -0.65368051160442642 0 -1.5104417481338333
-0.64508446920969675 -0.63652670121853505 0 -1.54890864548119
-0.62800562787770164 -0.61937387310363468 0 -1.3455298399618751
-0.61806546219773806 -0.60939156997278332 0 -1.1186668717247428
-0.60098500728849602 -0.59224029685029356 0 -0.58153696009646394
-0.58390353307027731 -0.57509000732691751 0 0.13557865630968485
-0.57396183568607673 -0.5651091822394898 0 0.63136727074194299
-0.55687874997431086 -0.54796044980929326 0 1.5596952224982041
-0.53979464627091334 -0.53081270230594546 0 2.5750091609382597
-0.52985141916203504 -0.52083335725711444 0 3.2028235081745482
-0.51276570604944016 -0.50368716894710097 0 4.3073789392414401
-0.49567897626296847 -0.48654196689128204 0 5.4377810606607522
-0.48573422140958927 -0.47656410387563636 0 6.1047894532135931
-0.46864588429891901 -0.4594204631126908 0 7.2334629132587125
-0.45155653183253747 -0.44227780993089721 0 8.3341366589403396
-0.44161025121544895 -0.43230143094243972 0 8.9599865384797077
-0.42451929351051487 -0.41516034115244183 0 9.9891017658432428
-0.4074273217684436 -0.39802024027016192 0 10.955794525240117
-0.39747951736905252 -0.38804534730230944 0 11.488982707887782
-0.38038594247472096 -0.37090681191012931 0 12.349131740425626
-0.36329135486223407 -0.35376926675184245 0 13.137050074778195
-0.35334202866255982 -0.34379586179742372 0 13.562323993634561
-0.33624583998474966 -0.3266598842269211 0 14.238409686855809
-0.31914863990817333 -0.30952489821609508 0 14.845376943245626
-0.30919779389084701 -0.29955298326734919 0 15.168002649369187
-0.29209899483652779 -0.28241956694137066 0 15.689715661452521
-0.27499918570323745 -0.26528714350045846 0 16.172791284857468
-0.26504682185150069 -0.25531672054903448 0 16.435982044087655
-0.24794541582868979 -0.23818586888941076 0 16.855819789554527
-0.23084300104710842 -0.22105601143984968 0 17.234360647325467
-0.22088912134481195 -0.21108708247680441 0 17.435177447316136
-0.20378511176257277 -0.19395879890434881 0 17.739950974293293
-0.18668009474216818 -0.17683151086655721 0 17.992771575619997
-0.17672470117377054 -0.1668640778823543 0 18.117817223965936
-0.15961809144221017 -0.14973836581685993 0 18.322730568619036
-0.14251047559349297 -0.1326136506102352 0 18.519035891500554
-0.13255357014405916 -0.12264771559474376 0 18.628181205289092
-0.11544436367432592 -0.10552457845498152 0 18.789661190989282
-0.098334152408847228 -0.088402439497898083 0 18.915723817943704
-0.088375737064047277 -0.078438004440391326 0 18.973045946281911
-0.071263937268328567 -0.061317445644107509 0 19.047946994214371
-0.054151133998677659 -0.044197886353914147 0 19.093586241666845
-0.044191210744785554 -0.034234953243068099 0 19.10849759935369
-0.027076821036305748 -0.017116976206982069 0 19.141857622808523
-0.0099614291761078132 6.3003004059522952e-17 0 19.188955849001083
7.9261843816819199e-17 0.0099614291761079433 0 19.220172700322777
0.017116976206982236 0.027076821036305862 0 19.241959215661268
0.034234953243068307 0.044191210744785672 0 19.218007686987473
0.044197886353914369 0.054151133998677804 0 19.183549900363609
0.061317445644107758 0.071263937268328748 0 19.097260689328266
0.078438004440391618 0.088375737064047416 0 18.977900837749726
0.088402439497898361 0.098334152408847381 0 18.894717765832905
0.1055245784549818 0.1154443636743261 0 18.751112852395746
0.12264771559474401 0.13255357014405938 0 18.609929330983491
0.13261365061023547 0.1425104755934932 0 18.5281006112846
0.14973836581686015 0.1596180914422104 0 18.376091141403645
0.16686407788235447 0.17672470117377079 0 18.20797573652704
0.17683151086655738 0.18668009474216832 0 18.101501571275872
0.19395879890434892 0.20378511176257291 0 17.88481022304796
0.21108708247680447 0.22088912134481206 0 17.622817956671938
0.22105601143984976 0.2308430010471085 0 17.44962013052638
0.23818586888941079 0.24794541582868992 0 17.117720508168034
0.25531672054903454 0.26504682185150086 0 16.742751640011388
0.26528714350045851 0.27499918570323767 0 16.503584442865119
0.28241956694137071 0.2920989948365279 0 16.038319157788987
0.2995529832673493 0.30919779389084717 0 15.501978869522627
0.30952489821609513 0.31914863990817349 0 15.158361176932353
0.32665988422692116 0.33624583998474983 0 14.530235760953241
0.34379586179742377 0.35334202866255987 0 13.857174665639944
0.35376926675184273 0.36329135486223429 0 13.44244050088332
0.37090681191012936 0.38038594247472113 0 12.650697876551112
0.38804534730230955 0.39747951736905268 0 11.753869252334761
0.39802024027016197 0.40742732176844376 0 11.186455557544599
0.41516034115244183 0.42451929351051509 0 10.170914264455677
0.43230143094243989 0.441610251215449 0 9.1104365033466586
0.44227780993089733 0.45155653183253758 0 8.4731457762878364
0.45942046311269086 0.46864588429891912 0 7.3431351576936201
0.47656410387563636 0.48573422140958927 0 6.170201260083525
0.4865419668912821 0.49567897626296864 0 5.4708299929453297
0.50368716894710097 0.51276570604944005 0 4.2741480574431092
0.52083335725711444 0.52985141916203504 0 3.0904352608274999
0.53081270230594535 0.53979464627091311 0 2.413222795850622
0.54796044980929326 0.55687874997431075 0 1.3426455685314249
0.56510918223948992 0.57396183568607662 0 0.40220795255902347
0.57509000732691751 0.58390353307027731 0 -0.081849054185867118
0.59224029685029367 0.60098500728849613 0 -0.76606905159506877
0.6093915699727831 0.61806546219773784 0 -1.2564915282978686
0.61937387310363468 0.62800562787770142 0 -1.4510582693574616
0.63652670121853483 0.64508446920969642 0 -1.6106280539627396
0.6536805116044262 0.66216228991578141 0 -1.5457665641791349
0.66366429078294731 0.6721009219125671 0 -1.4034559436135787
0.68081965405986788 0.6891771269583572 0 -0.95700652154412991
0.69797599827927004 0.70625231006171596 0 -0.25267085039312986
-0.69797599827926982 -0.70625231006171618 0 -0.24572032869471155
-0.68081965405986755 -0.68917712695835731 0 -0.95377708847478493
-0.6636642907829472 -0.67210092191256721 0 -1.3898127350176128
-0.65368051160442642 -0.66216228991578174 0 -1.5196283068787886
-0.63652670121853494 -0.64508446920969698 0 -1.552627327609527
-0.61937387310363468 -0.62800562787770176 0 -1.3482175548848878
-0.60939156997278288 -0.6180654621977385 0 -1.1228969612014619
-0.59224029685029334 -0.60098500728849646 0 -0.59066501844157138
-0.57509000732691717 -0.58390353307027776 0 0.11857857309986326
-0.56510918223948958 -0.57396183568607706 0 0.60875836707829978
-0.54796044980929315 -0.55687874997431108 0 1.5346059426748424
-0.53081270230594546 -0.53979464627091334 0 2.5573195034849356
-0.52083335725711444 -0.52985141916203504 0 3.1930210420607827
-0.50368716894710086 -0.51276570604944016 0 4.3063844249201448
-0.48654196689128204 -0.49567897626296847 0 5.43755234728396
-0.47656410387563641 -0.48573422140958905 0 6.1016696428423733
-0.45942046311269091 -0.46864588429891907 0 7.2283628142537397
-0.44227780993089721 -0.45155653183253747 0 8.3316603207631115
-0.43230143094243978 -0.441610251215449 0 8.9608180909110917
-0.41516034115244171 -0.42451929351051509 0 9.9961178915504707
-0.39802024027016181 -0.40742732176844365 0 10.968910745426324
-0.38804534730230933 -0.39747951736905268 0 11.505225279080204
-0.3709068119101292 -0.38038594247472107 0 12.366003297732719
-0.35376926675184245 -0.36329135486223413 0 13.147722270551553
-0.34379586179742372 -0.35334202866255976 0 13.566851893183296
-0.3266598842269211 -0.33624583998474977 0 14.238466429055824
-0.30952489821609508 -0.31914863990817344 0 14.849971219993256
-0.29955298326734914 -0.30919779389084706 0 15.178563585803655
-0.2824195669413706 -0.29209899483652785 0 15.704586787403143
-0.2652871435004584 -0.2749991857032375 0 16.182669442548502
-0.25531672054903443 -0.26504682185150075 0 16.439720108847652
-0.23818586888941073 -0.24794541582868987 0 16.860001467413714
-0.22105601143984965 -0.2308430010471085 0 17.25516054485233
-0.21108708247680438 -0.22088912134481206 0 17.471550789196684
-0.19395879890434872 -0.20378511176257294 0 17.790102967024833
-0.17683151086655707 -0.18668009474216835 0 18.036939234930426
-0.16686407788235411 -0.17672470117377073 0 18.150767428404471
-0.14973836581685979 -0.15961809144221034 0 18.344007394201288
-0.13261365061023511 -0.14251047559349309 0 18.541205409484398
-0.1226477155947437 -0.13255357014405925 0 18.655795184143532
-0.10552457845498149 -0.11544436367432596 0 18.822112570796165
-0.088402439497898055 -0.09833415240884727 0 18.94543484481003
-0.078438004440391298 -0.088375737064047333 0 18.998211190324021
-0.061317445644107446 -0.071263937268328637 0 19.068451979517082
-0.044197886353914119 -0.0541511339986777 0 19.114580955796065
-0.034234953243068092 -0.044191210744785575 0 19.13183538132979
-0.017116976206982076 -0.027076821036305737 0 19.167987387141697
6.795686929807415e-17 -0.0099614291761078184 0 19.215637671217923
0.0099614291761079606 6.4908336843581107e-17 0 19.246211218141401
0.027076821036305904 0.017116976206982194 0 19.266249777195242
0.044191210744785783 0.034234953243068217 0 19.239882416664013
0.054151133998677908 0.044197886353914258 0 19.20382326940112
0.0712639372683289 0.06131744564410762 0 19.116173444997855
0.088375737064047596 0.078438004440391465 0 18.997454624756315
0.098334152408847533 0.088402439497898222 0 18.915728212301158
0.11544436367432624 0.10552457845498167 0 18.779033218332664
0.13255357014405952 0.1226477155947439 0 18.650682023875657
0.14251047559349336 0.13261365061023533 0 18.578223139743553
0.15961809144221054 0.14973836581686001 0 18.433139199203342
0.17672470117377093 0.1668640778823543 0 18.258560550539848
0.18668009474216851 0.17683151086655727 0 18.142927882950509
0.20378511176257302 0.19395879890434886 0 17.913107490367242
0.22088912134481217 0.21108708247680444 0 17.642948733414574
0.23084300104710856 0.22105601143984979 0 17.467238952981962
0.24794541582868992 0.23818586888941082 0 17.134550268231315
0.26504682185150075 0.25531672054903454 0 16.763156113734361
0.27499918570323756 0.26528714350045862 0 16.527287278119612
0.29209899483652801 0.28241956694137077 0 16.058319312921661
0.30919779389084717 0.29955298326734936 0 15.504720806003442
0.31914863990817355 0.30952489821609525 0 15.14580741166127
0.33624583998474983 0.32665988422692122 0 14.498256533801117
0.35334202866255987 0.34379586179742377 0 13.816575048218475
0.36329135486223429 0.35376926675184267 0 13.400790590279957
0.38038594247472113 0.37090681191012942 0 12.599929988973713
0.39747951736905274 0.38804534730230944 0 11.682575029043367
0.40742732176844376 0.39802024027016197 0 11.098974663061542
0.42451929351051515 0.41516034115244177 0 10.065315053448849
0.44161025121544906 0.43230143094243995 0 9.0011407516815662
0.45155653183253758 0.44227780993089733 0 8.3677666380513891
0.46864588429891907 0.45942046311269108 0 7.248554404605998
0.48573422140958911 0.47656410387563641 0 6.0903234449307169
0.49567897626296847 0.48654196689128215 0 5.4007959222163429
0.51276570604944016 0.50368716894710075 0 4.2184749302983677
0.52985141916203504 0.52083335725711444 0 3.044754784400634
0.53979464627091323 0.53081270230594524 0 2.3712371564046619
0.55687874997431108 0.54796044980929293 0 1.3050796397513595
0.57396183568607706 0.56510918223948947 0 0.36629083051465638
0.58390353307027776 0.57509000732691717 0 -0.11795858012851727
0.60098500728849658 0.59224029685029322 0 -0.79941413063122968
0.61806546219773828 0.60939156997278265 0 -1.2829655636831954
0.62800562787770164 0.61937387310363456 0 -1.4721010238067562
0.64508446920969675 0.63652670121853483 0 -1.624482925831829
0.66216228991578152 0.65368051160442597 0 -1.5561858106194286
0.67210092191256721 0.66366429078294709 0 -1.4133525876812458
0.68917712695835731 0.68081965405986777 0 -0.96405504075501902
0.70625231006171618 0.69797599827926982 0 -0.25425556888872097
-0.68353641369378815 -0.72024844537130395 0 -0.25628663402718332
-0.66625107870355582 -0.70332340446691621 0 -0.96982959116292677
-0.64896978351616952 -0.68639351730964038 0 -1.4049604661444128
-0.63891412537642822 -0.67653828388187864 0 -1.5318039140121957
-0.62163924208966215 -0.65960075014272701 0 -1.5628173817689646
-0.60436842511911371 -0.64265839561697879 0 -1.3614346336834768
-0.59431887738609457 -0.63279591804871627 0 -1.1400284985538021
-0.5770545142364224 -0.61584595726001801 0 -0.61632368681937699
-0.55979424388641841 -0.59889120119080663 0 0.082454410342800252
-0.54975084635649163 -0.58902151780973488 0 0.56615052446975722
-0.53249707170000926 -0.5720591958591883 0 1.4869173695634048
-0.51524741629637549 -0.5550921041736735 0 2.5132889540884018
-0.50521020872042488 -0.54521525336678323 0 3.1545517838365886
-0.48796709083479473 -0.52824063624371465 0 4.2737335326943722
-0.47072811862457459 -0.51126127497035301 0 5.4047177103830846
-0.46069714070747275 -0.50137729518343566 0 6.0664681778073843
-0.44346474779102368 -0.48439044897794314 0 7.1920704086579139
-0.42623652694157887 -0.4673988842456317 0 8.2991275785403218
-0.41621181834166415 -0.45750781398278129 0 8.9326386560886526
-0.39899021851249317 -0.44050880488487804 0 9.9775351638526253
-0.38177281711060551 -0.42350510292209637 0 10.962452480935758
-0.3717544174391601 -0.41360698074520946 0 11.506418432904269
-0.35454367873423431 -0.39659587504396443 0 12.372300149102376
-0.33733716478520925 -0.37958010217791427 0 13.147721458002726
-0.32732511360593697 -0.36967496670618893 0 13.558965731800017
-0.31012530398019866 -0.35265183078886575 0 14.225009752772459
-0.29292974540696981 -0.33562405344460916 0 14.843259041977454
-0.28292408223547549 -0.3257119433540433 0 15.180554262933313
-0.26573526956094745 -0.3086768437052359 0 15.715990090962752
-0.24855073420318297 -0.29163712840483053 0 16.194545899799927
-0.23855149850645321 -0.28171808242771806 0 16.448626406560017
-0.22137375057134617 -0.26467108562848601 0 16.871274255489332
-0.2042003061845574 -0.24761949899011956 0 17.280129442458684
-0.19420753738044105 -0.23769355591454652 0 17.508635504749567
-0.17704092188826287 -0.2206347286415476 0 17.838773649862997
-0.1598786361429132 -0.20357133737866939 0 18.083200968893873
-0.14989237359960403 -0.19363853604800782 0 18.190083413817892
-0.13273695816827011 -0.17656794507262871 0 18.375488505755406
-0.11558589864888674 -0.15949281599307991 0 18.571985931427434
-0.10560618168440611 -0.14955319530548161 0 18.689073059120705
-0.088462033845351937 -0.13247090749296692 0 18.858867925800844
-0.07132226804963844 -0.1153841074981086 0 18.983815641382421
-0.061349135931319389 -0.10543770640599731 0 19.036729130788189
-0.044216323128614114 -0.088343788714576349 0 19.106467231035239
-0.02708791846656524 -0.071245384798415815 0 19.151254890006637
-0.017121410410537632 -0.061292242307978355 0 19.167394421794157
6.0970639139313756e-17 -0.044186761787990476 0 19.201847386317866
0.017116976206982201 -0.027076821036305741 0 19.24818520485395
0.027076821036305886 -0.017116976206982076 0 19.278214022878746
0.044186761787990643 5.5889752544370938e-17 0 19.298319709651842
0.061292242307978577 0.01712141041053776 0 19.273377040981369
0.07124538479841605 0.027087918466565386 0 19.238640658143829
0.088343788714576613 0.044216323128614281 0 19.152110120629665
0.10543770640599759 0.061349135931319548 0 19.03276720566771
0.11538410749810887 0.071322268049638621 0 18.950384797801849
0.13247090749296717 0.088462033845352117 0 18.819820545946676
0.14955319530548189 0.10560618168440633 0 18.70788306562963
0.15949281599308016 0.11558589864888699 0 18.648456395991861
0.17656794507262896 0.13273695816827036 0 18.512614574962996
0.19363853604800801 0.14989237359960417 0 18.327929466760491
0.20357133737866953 0.15987863614291337 0 18.198578043964119
0.22063472864154768 0.17704092188826295 0 17.9479686683969
0.23769355591454661 0.19420753738044119 0 17.662864502877202
0.24761949899011965 0.20420030618455753 0 17.481110539698772
0.26467108562848607 0.22137375057134626 0 17.141942191068669
0.28171808242771817 0.23855149850645332 0 16.768927699840532
0.29163712840483058 0.24855073420318319 0 16.533560953485964
0.30867684370523607 0.26573526956094756 0 16.055712867749374
0.32571194335404341 0.28292408223547572 0 15.479199593621638
0.33562405344460922 0.29292974540696992 0 15.101426103211153
0.35265183078886586 0.31012530398019877 0 14.425906758736016
0.36967496670618905 0.32732511360593708 0 13.723901630560389
0.37958010217791449 0.33733716478520953 0 13.299493885464049
0.39659587504396454 0.35454367873423442 0 12.484122221590253
0.41360698074520952 0.37175441743916027 0 11.551962519782213
0.42350510292209648 0.38177281711060562 0 10.959777121564469
0.44050880488487804 0.39899021851249322 0 9.9134244611248832
0.45750781398278129 0.41621181834166432 0 8.8395234016385409
0.46739888424563186 0.4262365269415791 0 8.2023128423285971
0.48439044897794314 0.44346474779102374 0 7.0859867030117938
0.50137729518343566 0.46069714070747275 0 5.9436187046396753
0.51126127497035301 0.4707281186245747 0 5.2685257731449164
0.52824063624371465 0.48796709083479473 0 4.1076711968803545
0.54521525336678323 0.50521020872042488 0 2.9495284912684401
0.5550921041736735 0.51524741629637538 0 2.282658760771989
0.5720591958591883 0.53249707170000915 0 1.2275404152622325
0.589021517809735 0.54975084635649174 0 0.29993699509750232
0.59889120119080663 0.55979424388641841 0 -0.17769654288842346
0.61584595726001823 0.5770545142364224 0 -0.84744796020255697
0.63279591804871604 0.59431887738609435 0 -1.3187898098435726
0.64265839561697868 0.60436842511911359 0 -1.5007726531065997
0.65960075014272679 0.62163924208966215 0 -1.6436765088733971
0.67653828388187842 0.63891412537642789 0 -1.5698627682508144
0.68639351730964038 0.64896978351616963 0 -1.4254003525497934
0.70332340446691621 0.66625107870355604 0 -0.97206177497383495
0.72024844537130406 0.68353641369378815 0 -0.25615028556860397
-0.66882768534917159 -0.733953615620896 0 -0.25810003043957475
-0.65142628243971878 -0.71719248631484755 0 -0.96967016949330809
-0.63403149668631709 -0.70042220395868282 0 -1.4083881009658192
-0.62391098368365006 -0.69065788426636543 0 -1.5396724546862068
-0.60652673305185911 -0.67387318403870167 0 -1.5792152753506379
-0.58914918406206629 -0.65707940939222687 0 -1.3870467516861593
-0.57903874153541202 -0.64730145368317604 0 -1.1711446471613141
-0.56167186120860779 -0.63049338575197822 0 -0.65496411957133438
-0.54431176686423932 -0.61367632227644098 0 0.039111611059877621
-0.53421152155086926 -0.60388484907429818 0 0.52112291632619168
-0.51686222917788771 -0.58705361728298755 0 1.4363263397871855
-0.49951980697875192 -0.57021346906179604 0 2.4532259306501873
-0.489429885391996 -0.56040859725082703 0 3.0876405522472963
-0.47209839823410737 -0.54355440605994176 0 4.1989300058480463
-0.45477386528893671 -0.52669137779042319 0 5.3279231718461206
-0.44469439371290831 -0.51687322661071433 0 5.9910289792246889
-0.42738092863476118 -0.49999628108964306 0 7.1194969891501056
-0.41007450165216525 -0.48311057807476449 0 8.2296588446316825
-0.4000056061365001 -0.47327926711739593 0 8.8653861443899693
-0.3827103795970882 -0.45637977293607318 0 9.9187628628863234
-0.36542227487652873 -0.43947160107611949 0 10.9187143038326
-0.35536408123113677 -0.42962725027831639 0 11.473737091403105
-0.33808730927478692 -0.41270541369887731 0 12.351405395415977
-0.32081774269757563 -0.39577497948309215 0 13.127955939542751
-0.31077037648740535 -0.38591770912335188 0 13.535697675141751
-0.29351227473479008 -0.36897373699174907 0 14.199578385780178
-0.27626146175510963 -0.35202124748993618 0 14.822155724950868
-0.26622504829492716 -0.34215117818313417 0 15.164789948397564
-0.24898583193410118 -0.32518527792071611 0 15.711490812846026
-0.23175398757005075 -0.30821094077480304 0 16.203589941398363
-0.22172865191923358 -0.29832819346727613 0 16.465935371147875
-0.20450853569669461 -0.28134057306232807 0 16.893158310656752
-0.18729587452136198 -0.26434459647789393 0 17.292972925591364
-0.17728174147870596 -0.25444929244250281 0 17.511217002441747
-0.16008093969048182 -0.23744016044175187 0 17.834326717047997
-0.14288767582303963 -0.22042275317951707 0 18.087883335072959
-0.13288486992158327 -0.21051501401068748 0 18.206210701003762
-0.1157035964043453 -0.19348457951077117 0 18.401883633352554
-0.098529943501175332 -0.17644595087805315 0 18.593931870651286
-0.088538589003038473 -0.16652589848679678 0 18.702906910440142
-0.071377057125242102 -0.1494743711256967 0 18.868325631474104
-0.054223228371086549 -0.13241473096783027 0 19.003705884975492
-0.044243449262325464 -0.12248248757674514 0 19.06824598306115
-0.027101871915379046 -0.10541007752518647 0 19.148258003341287
-0.0099680800145202954 -0.088329636216909632 0 19.188310491555026
7.316466021194596e-17 -0.078385324355161184 0 19.195721819756272
0.017121410410537767 -0.061292242307978369 0 19.219201850341758
0.034234953243068231 -0.044191210744785568 0 19.26168994716598
0.044191210744785707 -0.034234953243068106 0 19.292639335572591
0.061292242307978528 -0.017121410410537653 0 19.317957941220023
0.078385324355161393 4.8776440141297309e-17 0 19.302562295765945
0.088329636216909868 0.0099680800145204324 0 19.274839072030826
0.10541007752518675 0.027101871915379199 0 19.194655495466225
0.12248248757674542 0.044243449262325631 0 19.073280169729394
0.13241473096783055 0.054223228371086722 0 18.986574415805539
0.14947437112569698 0.071377057125242296 0 18.854098731455981
0.16652589848679702 0.088538589003038681 0 18.748781945367483
0.17644595087805343 0.098529943501175582 0 18.696279341385413
0.19348457951077136 0.11570359640434551 0 18.5645365603445
0.21051501401068765 0.13288486992158344 0 18.372231464982324
0.22042275317951721 0.14288767582303982 0 18.233575454400871
0.23744016044175198 0.16008093969048193 0 17.966541820486313
0.25444929244250286 0.17728174147870604 0 17.665602222787726
0.26434459647789399 0.18729587452136209 0 17.474904555753579
0.28134057306232813 0.20450853569669464 0 17.120730932855551
0.29832819346727618 0.22172865191923363 0 16.733172509936505
0.30821094077480315 0.23175398757005095 0 16.489599629296123
0.32518527792071622 0.24898583193410137 0 15.998588645894207
0.34215117818313423 0.26622504829492732 0 15.410197954708808
0.35202124748993624 0.27626146175510968 0 15.025671334576703
0.36897373699174918 0.29351227473479019 0 14.331923573800434
0.38591770912335205 0.31077037648740552 0 13.602378426733617
0.39577497948309232 0.32081774269757585 0 13.159239763558455
0.41270541369887742 0.33808730927478697 0 12.330639797448958
0.4296272502783165 0.35536408123113694 0 11.412650835074308
0.4394716010761196 0.36542227487652895 0 10.838999147798964
0.45637977293607318 0.38271037959708831 0 9.8064514949154109
0.47327926711739599 0.40000560613650027 0 8.7185092151932828
0.48311057807476454 0.41007450165216541 0 8.0624346877504145
0.49999628108964317 0.42738092863476135 0 6.926823792112673
0.51687322661071433 0.44469439371290831 0 5.7863782962263608
0.52669137779042319 0.45477386528893676 0 5.1211799893424725
0.54355440605994176 0.47209839823410737 0 3.9767927111391606
0.56040859725082703 0.48942988539199589 0 2.8323026625861756
0.57021346906179604 0.49951980697875192 0 2.1725118809547235
0.58705361728298755 0.5168622291778876 0 1.1339080308982488
0.6038848490742984 0.53421152155086926 0 0.2292429203520347
0.61367632227644098 0.54431176686423932 0 -0.23271059389449858
0.63049338575197822 0.56167186120860768 0 -0.88129364930606258
0.64730145368317604 0.5790387415354119 0 -1.3401258416399013
0.65707940939222687 0.58914918406206618 0 -1.5184440863492323
0.67387318403870156 0.606526733051859 0 -1.6557834832722531
0.69065788426636521 0.62391098368365006 0 -1.576534763503906
0.70042220395868271 0.6340314966863172 0 -1.4290940803285606
0.71719248631484778 0.65142628243971912 0 -0.97252984871980708
0.733953615620896 0.66882768534917159 0 -0.25606724675734027
-0.66014703167641686 -0.7417928084315677 0 -0.2558712886329404
-0.64268387751383471 -0.72513352105045548 0 -0.96353775134650077
-0.62522862055486284 -0.7084623534908131 0 -1.4059180246714886
-0.61507351080283024 -0.6987544687330508 0 -1.5426570413701948
-0.59763085289967288 -0.68206460335382624 0 -1.591142795233969
-0.58019622585500752 -0.66536297990015236 0 -1.4066212340142648
-0.57005318397234561 -0.65563742643840828 0 -1.1946445960653818
-0.55263136721840966 -0.63891729873173153 0 -0.68238472464241762
-0.53521771471586299 -0.62218553555768907 0 0.011264360035734
-0.52508694115018162 -0.61244249763190062 0 0.49396373041847785
-0.50768630975188778 -0.59569242456108551 0 1.4057436851592018
-0.49029397572713296 -0.57893083912527443 0 2.4120407209564743
-0.48017567051919496 -0.5691705017196379 0 3.0374188195189236
-0.4627965679769791 -0.55239080152068565 0 4.1387085863808464
-0.44542589565096424 -0.53559971254662453 0 5.2657065898762863
-0.4353202584215492 -0.52582226137792021 0 5.9307376322639174
-0.41796302750731223 -0.50901325353941973 0 7.0622246573830534
-0.40061435936373185 -0.49219298099539449 0 8.1737775836247426
-0.39052158930053632 -0.48239860250123578 0 8.8097036322464604
-0.37318657203515271 -0.4655606077441321 0 9.8673335981441657
-0.35586024979798153 -0.44871147282291496 0 10.876800602700092
-0.34578054564255539 -0.43890035414992207 0 11.43921082856169
-0.32846808327344584 -0.42203369440715699 0 12.326265548665894
-0.31116444788453596 -0.40515601950559726 0 13.106803459916602
-0.30109800791925578 -0.39532834849749676 0 13.514589283371606
-0.28380844089802532 -0.37843334689352304 0 14.178994903535987
-0.26652783249477124 -0.36152745559201344 0 14.803089738438588
-0.25647485452985397 -0.35168342077766629 0 15.147213342936316
-0.23920852249000066 -0.3347604016078381 0 15.70082488465979
-0.22195128038307532 -0.31782661864965894 0 16.205661581308838
-0.21191196174363405 -0.30796640923101692 0 16.477080038569554
-0.19466920347832883 -0.2910156979408613 0 16.907834610693243
-0.17743566612949277 -0.27405434921140515 0 17.293713948539537
-0.16741020364263506 -0.26417815505139958 0 17.497412136799547
-0.15019135708257791 -0.24720007821576881 0 17.809325817721508
-0.13298186208256521 -0.23021149072164868 0 18.072616761212714
-0.12297045206453726 -0.22031950233201061 0 18.204636676618151
-0.10577585425589155 -0.20331438763412069 0 18.413350486034602
-0.08859073830237571 -0.18629888948216458 0 18.601684936594811
-0.078593576545753052 -0.17639129801118025 0 18.702104179996432
-0.061423563628161877 -0.1593594742215371 0 18.862064131481986
-0.04426316250380391 -0.1423173945976717 0 19.006534520672574
-0.034280444264730765 -0.13239439181787319 0 19.081865312879252
-0.017135351449417083 -0.11533618877308958 0 19.171681465428001
8.5104522854696901e-17 -0.098267857921115392 0 19.207891913884207
0.0099680800145204532 -0.088329636216909618 0 19.207636327126139
0.02708791846656539 -0.071245384798415828 0 19.221571828765057
0.044197886353914265 -0.054151133998677693 0 19.260951385793266
0.054151133998677832 -0.044197886353914154 0 19.292936607563025
0.071245384798415995 -0.027087918466565278 0 19.323133859713476
0.088329636216909854 -0.0099680800145203353 0 19.316278676457184
0.098267857921115601 4.7760150139352281e-17 0 19.294749952321801
0.11533618877308985 0.017135351449417233 0 19.220271938307601
0.13239439181787349 0.034280444264730925 0 19.097355881176604
0.14231739459767201 0.044263162503804097 0 19.006885352222206
0.15935947422153743 0.061423563628162064 0 18.870202500418394
0.17639129801118056 0.078593576545753246 0 18.764552592795468
0.18629888948216483 0.088590738302375946 0 18.713330923669695
0.20331438763412088 0.10577585425589178 0 18.581675804783156
0.22031950233201072 0.12297045206453741 0 18.386118477264159
0.23021149072164881 0.13298186208256535 0 18.24407866800734
0.24720007821576892 0.150191357082578 0 17.969570749814686
0.26417815505139969 0.1674102036426352 0 17.659157781910025
0.2740543492114052 0.17743566612949288 0 17.462032534273245
0.29101569794086141 0.19466920347832889 0 17.095668461603701
0.30796640923101698 0.21191196174363419 0 16.694483352832254
0.317826618649659 0.22195128038307546 0 16.442645168426559
0.33476040160783826 0.23920852249000082 0 15.942312756720092
0.35168342077766634 0.25647485452985413 0 15.351486790115219
0.36152745559201355 0.26652783249477136 0 14.967865402350641
0.37843334689352315 0.28380844089802537 0 14.267647070219688
0.39532834849749687 0.30109800791925584 0 13.519640025272693
0.40515601950559743 0.31116444788453612 0 13.061795693046061
0.42203369440715716 0.32846808327344595 0 12.226011530193359
0.43890035414992212 0.34578054564255561 0 11.327082392486279
0.44871147282291507 0.3558602497979817 0 10.77422862101059
0.4655606077441321 0.37318657203515287 0 9.7598716085657458
0.48239860250123578 0.39052158930053643 0 8.6628012640917742
0.49219298099539466 0.40061435936373196 0 7.9905055472925772
0.50901325353941973 0.41796302750731235 0 6.8358266755196366
0.52582226137792021 0.4353202584215492 0 5.6910122245802919
0.53559971254662464 0.44542589565096435 0 5.029261712573704
0.55239080152068565 0.46279656797697905 0 3.892126284910594
0.5691705017196379 0.48017567051919496 0 2.7548863059416457
0.57893083912527454 0.49029397572713301 0 2.0994018831224075
0.59569242456108551 0.50768630975188767 0 1.0727860767078712
0.61244249763190073 0.52508694115018162 0 0.18600017001156735
0.62218553555768907 0.53521771471586288 0 -0.26361142009379451
0.63891729873173175 0.55263136721840977 0 -0.89625639619898834
0.65563742643840828 0.5700531839723455 0 -1.347532647222875
0.66536297990015236 0.58019622585500741 0 -1.5250004114667819
0.68206460335382613 0.59763085289967277 0 -1.6602530899956285
0.69875446873305069 0.61507351080283013 0 -1.5775049035990791
0.70846235349081288 0.62522862055486295 0 -1.4276123359837261
0.72513352105045559 0.64268387751383482 0 -0.9692577642489304
0.74179280843156781 0.66014703167641697 0 -0.25494554979322231
-0.64503106872007354 -0.755021824392902 0 -0.25264490723752692
-0.62747150000356555 -0.73854877002449559 0 -0.95580187391114435
-0.60992165430481537 -0.72205877463685197 0 -1.4038213108167368
-0.59971235257197475 -0.71245401478345605 0 -1.548038743194015
-0.58217808247947411 -0.69593739004642552 0 -1.609794056375178
-0.56465378041862124 -0.67940404097973983 0 -1.438063445801159
-0.55445945751078096 -0.66977414972476179 0 -1.2331274671299839
-0.53695111824626207 -0.65321451516492257 0 -0.73015940789994582
-0.51945299149058977 -0.63663837429403358 0 -0.041864731304525296
-0.50927401477954226 -0.62698367925045118 0 0.43911455093192286
-0.49179223713812248 -0.61038159882575593 0 1.343237155745729
-0.47432091591683562 -0.59376323141307163 0 2.3350385745755284
-0.46415765192398556 -0.58408406215403963 0 2.949517219209933
-0.44670306521653058 -0.56744010317093863 0 4.0370488901229633
-0.42925917824543169 -0.55078007780253879 0 5.1580340321307805
-0.41911199259799381 -0.54107676582408726 0 5.8228292504726413
-0.40168522457591382 -0.52439149887323533 0 6.9541150094949948
-0.38426939898227985 -0.50769038739433447 0 8.0650728653413388
-0.37413865636959459 -0.49796326607769353 0 8.7007550621625764
-0.3567403331498526 -0.48123726496902436 0 9.7617498340142514
-0.33935319439752976 -0.46449564241880159 0 10.779973985344828
-0.32923925852751074 -0.45474504699236423 0 11.349718664081671
-0.31187000451785923 -0.43797888868954282 0 12.249130273936586
-0.29451217633259341 -0.42119733323535952 0 13.041186146781886
-0.28441540988831426 -0.4114236007362887 0 13.455140277819712
-0.26707584771278053 -0.39461786529056064 0 14.126713632940181
-0.24974795200780281 -0.3777969581615791 0 14.753318518207269
-0.23966871660423775 -0.3680004273970699 0 15.097294612713281
-0.22235946702887527 -0.35115569788052098 0 15.655801290509052
-0.20506212383076311 -0.33429602330074121 0 16.173201448431698
-0.19500077997168855 -0.32447703480894652 0 16.454423642788033
-0.17772246183061485 -0.30759389724719127 0 16.890478443908286
-0.16045628920544375 -0.29069604236792124 0 17.264817085801663
-0.15041319624051472 -0.28085493837855208 0 17.455614209281894
-0.13316642636225123 -0.26393398168286475 0 17.758425883561113
-0.11593204034205894 -0.24699853651464157 0 18.032528038926557
-0.10590755642406868 -0.23713566090924881 0 18.178552479854922
-0.088692949558204601 -0.22017747680815603 0 18.402460353892323
-0.071490964067783422 -0.20320503415213315 0 18.591624287439075
-0.061485446110118684 -0.19332073242408332 0 18.686892885335418
-0.044303614854314027 -0.17632591539443293 0 18.843191952240431
-0.02713464163835096 -0.1593170707732518 0 18.992685974374766
-0.017148445272652205 -0.14941168998740414 0 19.074259950706821
9.3487089603803705e-17 -0.13238083718492849 0 19.170187657962007
0.017135351449417264 -0.11533618877308957 0 19.205202507310911
0.027101871915379216 -0.10541007752518645 0 19.201307495172795
0.044216323128614274 -0.088343788714576335 0 19.210349306348348
0.061317445644107599 -0.071263937268328609 0 19.247467187286254
0.071263937268328748 -0.061317445644107495 0 19.279436823358335
0.088343788714576515 -0.044216323128614156 0 19.313196458904688
0.10541007752518666 -0.027101871915379102 0 19.314634622033349
0.11533618877308979 -0.017135351449417136 0 19.299652941889192
0.13238083718492877 5.1824364889065098e-17 0 19.232404470635398
0.14941168998740445 0.017148445272652361 0 19.110642698931468
0.15931707077325213 0.02713464163835113 0 19.018323427245626
0.17632591539443324 0.044303614854314215 0 18.87832939817665
0.19332073242408365 0.06148544611011892 0 18.769797708438279
0.20320503415213342 0.071490964067783644 0 18.717068996320727
0.22017747680815619 0.088692949558204837 0 18.582673678006731
0.23713566090924898 0.10590755642406885 0 18.384127237607117
0.24699853651464174 0.1159320403420591 0 18.239981215586948
0.26393398168286486 0.13316642636225132 0 17.957318055582512
0.28085493837855219 0.1504131962405148 0 17.632469162648768
0.29069604236792135 0.16045628920544386 0 17.424301444795024
0.30759389724719138 0.17772246183061491 0 17.038122393710587
0.32447703480894657 0.19500077997168866 0 16.616602835270104
0.33429602330074126 0.20506212383076322 0 16.353077803433052
0.3511556978805212 0.22235946702887552 0 15.838648295650055
0.36800042739706995 0.23966871660423783 0 15.242131258777805
0.37779695816157921 0.24974795200780292 0 14.858170775659168
0.39461786529056081 0.26707584771278059 0 14.148564348543696
0.41142360073628875 0.28441540988831437 0 13.378097361118446
0.42119733323535968 0.29451217633259363 0 12.90281435985241
0.43797888868954282 0.31187000451785934 0 12.054298674740435
0.45474504699236434 0.32923925852751085 0 11.167994389708332
0.4644956424188017 0.33935319439753003 0 10.632292973119734
0.48123726496902436 0.35674033314985265 0 9.6354314868738768
0.49796326607769359 0.3741386563695947 0 8.5366801700854662
0.50769038739433459 0.38426939898228002 0 7.8557485352738681
0.52439149887323533 0.40168522457591382 0 6.6901268487341863
0.54107676582408726 0.41911199259799381 0 5.5418223027185398
0.5507800778025389 0.42925917824543175 0 4.8814468305783523
0.56744010317093863 0.44670306521653058 0 3.751587614836732
0.58408406215403963 0.46415765192398556 0 2.627781182230509
0.59376323141307163 0.47432091591683556 0 1.9828242380081877
0.61038159882575593 0.49179223713812242 0 0.97656921938031094
0.62698367925045129 0.50927401477954215 0 0.11273734683914831
0.63663837429403369 0.51945299149058977 0 -0.32270209708278347
0.65321451516492268 0.53695111824626218 0 -0.93564756112188463
0.6697741497247619 0.55445945751078096 0 -1.3739302410579599
0.67940404097973983 0.56465378041862124 0 -1.5465928140075837
0.69593739004642563 0.58217808247947411 0 -1.6734443339484757
0.71245401478345594 0.59971235257197475 0 -1.5814123428272957
0.72205877463685186 0.60992165430481537 0 -1.4260927424859045
0.73854877002449559 0.62747150000356555 0 -0.96372482793831238
0.755021824392902 0.64503106872007354 0 -0.25295871404286069
-0.62966985298973055 -0.76794041117550271 0 -0.25181465437534539
-0.61202575154761207 -0.75166798686807879 0 -0.95470782953646416
-0.59439273363326239 -0.73537309385119187 0 -1.4064428546664742
-0.58413567525308197 -0.72587935466908515 0 -1.5545758146140394
-0.56652050042770719 -0.70954918012121093 0 -1.62506581983738
-0.54891679967711049 -0.6931968709264088 0 -1.4644474079928447
-0.53867698322097168 -0.68366987038991922 0 -1.2669109261048761
-0.52109174273342218 -0.66728281039985793 0 -0.77646762907283862
-0.50351836600740918 -0.65087395265953907 0 -0.10011181535554486
-0.49329637704980256 -0.6413141970167674 0 0.37430147728398844
-0.4757420763416737 -0.62487112365393227 0 1.2686213977251273
-0.45820002814788019 -0.60840659221258653 0 2.2527280755666217
-0.44799645085985229 -0.59881459188166941 0 2.8635828290092777
-0.43047409290304922 -0.58231638433344601 0 3.9436443092788798
-0.41296437520585988 -0.56579706109361028 0 5.0553316868534113
-0.40277979224447574 -0.55617333057267249 0 5.7141476523394736
-0.38529037735141769 -0.53962087498902434 0 6.837400497709937
-0.36781398938234972 -0.52304764875504672 0 7.9437437261009833
-0.35764898178042492 -0.51339270653088975 0 8.578201380305309
-0.34019350741473392 -0.4967868958668053 0 9.6372033980169149
-0.32275144548333434 -0.48016066218647291 0 10.653330826657742
-0.3126065925394797 -0.47047503064202939 0 11.222297299034494
-0.29518605312723006 -0.45381676449787167 0 12.128103503350228
-0.27777931043256077 -0.43713842550196119 0 12.937384619014129
-0.26765518960158202 -0.42742263082255239 0 13.365349367352598
-0.25027057634318195 -0.41071281528236636 0 14.052478486041144
-0.23290014278596818 -0.39398327952217843 0 14.681709645374935
-0.22279732956966516 -0.38423785160060786 0 15.021963419829612
-0.20544963025244925 -0.36747739906844901 0 15.57545409202352
-0.18811649224796512 -0.3506975813513864 0 16.091100979520775
-0.17803556008637342 -0.34092305369190662 0 16.3728416246996
-0.16072575889797622 -0.32411288272625194 0 16.812909787673206
-0.14343089918974244 -0.30728370394950516 0 17.195291100698071
-0.13337241935286015 -0.29748061357069416 0 17.392224376824934
-0.11610149669544699 -0.28062164871699841 0 17.70192107201478
-0.098845894169812737 -0.26374403569939986 0 17.977414954651277
-0.088810435649855898 -0.25391292303598362 0 18.122290885005174
-0.071579367955284148 -0.2370060946574446 0 18.349519997025531
-0.054363997456968405 -0.22008097996955855 0 18.549938574883306
-0.044352126861196779 -0.21022238877321767 0 18.654408519929028
-0.027161886407179977 -0.19326863287981602 0 18.815803071052013
-0.0099877185558434247 -0.17629695467232748 0 18.954672909924966
8.7388361150227979e-17 -0.16641143191152505 0 19.02419588889834
0.017148445272652382 -0.14941168998740414 0 19.110196010911981
0.034280444264730932 -0.13239439181787319 0 19.151883965193562
0.044243449262325624 -0.12248248757674511 0 19.158396820863064
0.061349135931319521 -0.1054377064059973 0 19.179504563120826
0.078438004440391451 -0.088375737064047291 0 19.218905841954346
0.08837573706404743 -0.078438004440391326 0 19.248210826544103
0.10543770640599746 -0.061349135931319417 0 19.278300469269215
0.12248248757674535 -0.04424344926232552 0 19.278324815092375
0.13239439181787341 -0.034280444264730807 0 19.263610652554007
0.14941168998740442 -0.017148445272652239 0 19.199480159745594
0.16641143191152533 6.7065486464128451e-17 0 19.084309897711105
0.17629695467232775 0.009987718555843593 0 18.996938506763843
0.19326863287981635 0.027161886407180161 0 18.859905600462834
0.21022238877321792 0.04435212686119698 0 18.746271816174893
0.2200809799695588 0.054363997456968634 0 18.687485294378607
0.23700609465744479 0.07157936795528437 0 18.546847650829637
0.25391292303598373 0.088810435649856051 0 18.348681020380731
0.26374403569939997 0.09884589416981289 0 18.207116292824718
0.28062164871699846 0.11610149669544709 0 17.922387446606137
0.29748061357069427 0.13337241935286026 0 17.585762267358433
0.30728370394950522 0.1434308991897425 0 17.366801234943164
0.32411288272625211 0.16072575889797627 0 16.963252449505163
0.34092305369190667 0.17803556008637353 0 16.527000858579228
0.35069758135138651 0.18811649224796526 0 16.256101793882415
0.36747739906844917 0.20544963025244942 0 15.730675593896759
0.38423785160060792 0.22279732956966525 0 15.125250197138621
0.39398327952217871 0.23290014278596832 0 14.736956745931064
0.41071281528236647 0.25027057634318201 0 14.019403086506372
0.4274226308225525 0.26765518960158213 0 13.240117154861753
0.43713842550196136 0.27777931043256099 0 12.759147844619783
0.45381676449787173 0.29518605312723017 0 11.897232089828329
0.47047503064202945 0.31260659253947992 0 10.992614827828762
0.48016066218647291 0.32275144548333456 0 10.445196768627364
0.4967868958668053 0.34019350741473409 0 9.4440244339502524
0.51339270653088975 0.35764898178042498 0 8.3635543553484126
0.52304764875504683 0.36781398938234983 0 7.7019535888566075
0.53962087498902445 0.38529037735141775 0 6.5580875414263806
0.55617333057267249 0.4027797922444758 0 5.4133727770982327
0.56579706109361039 0.41296437520585999 0 4.7481486005490048
0.58231638433344601 0.43047409290304922 0 3.6189439792532467
0.59881459188166941 0.44799645085985229 0 2.5102163076827404
0.60840659221258664 0.45820002814788019 0 1.8797211823497428
0.62487112365393227 0.47574207634167365 0 0.89319895893656842
0.6413141970167674 0.49329637704980245 0 0.040575836955764666
0.65087395265953907 0.50351836600740907 0 -0.39166511093460948
0.66728281039985804 0.52109174273342229 0 -0.99622568149323842
0.68366987038991944 0.53867698322097168 0 -1.4211971668890058
0.69319687092640903 0.5489167996771106 0 -1.5841278782799149
0.70954918012121093 0.56652050042770719 0 -1.6950926181539878
0.72587935466908515 0.58413567525308197 0 -1.5888435442802891
0.73537309385119187 0.59439273363326239 0 -1.4263574872469014
0.7516679868680789 0.61202575154761218 0 -0.95817971078532771
0.76794041117550293 0.62966985298973066 0 -0.25056368361881726
-0.62062074273210699 -0.77531324780274058 0 -0.25256940076183704
-0.6029327369746873 -0.75916428854358287 0 -0.95720085001295241
-0.58525639620623571 -0.74298943273061313 0 -1.4101499232859487
-0.57497440749928475 -0.73356398769922504 0 -1.5591163945088011
-0.55731690914544352 -0.71734848868963608 0 -1.6327962195246273
-0.53967156674798744 -0.70110750479338835 0 -1.4779696322337756
-0.52940784461266388 -0.6916437641003027 0 -1.285090694133709
-0.51178212053565297 -0.67536279153887158 0 -0.80325778096536715
-0.49416904234526754 -0.65905674988211471 0 -0.1363984094444016
-0.48392432298883764 -0.64955533832809698 0 0.33209977542411989
-0.46633163729212967 -0.63320996899087456 0 1.2199046130628952
-0.44875208625909041 -0.61683995038355099 0 2.2022588347188012
-0.43852710415593171 -0.60730149883097484 0 2.8136586970323152
-0.42096871787379214 -0.59089281983708952 0 3.8918467121089568
-0.4034239537633309 -0.57445991534034679 0 4.9968252541618199
-0.39321944148087007 -0.56488506057514132 0 5.6496761184121596
-0.37569661227944956 -0.54841416914835917 0 6.7650771824193559
-0.3581878913730886 -0.531919479834568 0 7.8669896712776151
-0.3480045793981007 -0.52230886442584834 0 8.5000415754140484
-0.33051856127719714 -0.50577686765218599 0 9.5555477501978903
-0.31304713607481044 -0.48922150436105627 0 10.565966786580498
-0.30288575264016854 -0.47957577651850214 0 11.131015564281865
-0.28543779563580529 -0.46298379110000676 0 12.037876169005827
-0.26800491455855219 -0.44636887419091226 0 12.858989264916627
-0.2578661854705101 -0.43668868761996044 0 13.297816654276621
-0.24045753535847839 -0.42003783962476826 0 13.997109793277385
-0.22306444245275886 -0.40336449872539459 0 14.628143185493084
-0.21294909091885542 -0.39365051248031335 0 14.965060399639633
-0.1955809889193672 -0.37694193708910367 0 15.512165210969679
-0.17822892356194414 -0.36021131084053876 0 16.021421731429808
-0.16813767001961283 -0.35046418917545258 0 16.299844133753901
-0.1508113525032112 -0.33369903042441684 0 16.741918256956389
-0.13350154910764717 -0.31691226622280383 0 17.136925982827311
-0.12343511105361603 -0.3071326784407386 0 17.345054863751756
-0.10615180924848845 -0.2903120889611876 0 17.665311180366391
-0.088885496973041558 -0.2734703426960613 0 17.938131880290932
-0.078844588793608797 -0.26365896299608343 0 18.076467049149482
-0.061605528494449217 -0.24678410375081425 0 18.30104655113583
-0.044383930951573586 -0.22988853954024871 0 18.512072004621924
-0.034369263753842381 -0.22004604686276813 0 18.627455926785306
-0.017175665032405744 -0.20311808687931995 0 18.795234141946388
8.3068176745397864e-17 -0.18616987680201208 0 18.921894181155853
0.0099877185558435964 -0.17629695467232742 0 18.977339881952798
0.027134641638351133 -0.15931707077325177 0 19.051488414996516
0.044263162503804084 -0.14231739459767168 0 19.100371628988317
0.054223228371086687 -0.13241473096783019 0 19.118577975565636
0.071322268049638579 -0.11538410749810854 0 19.153483256590796
0.088402439497898166 -0.098334152408847214 0 19.195980231959808
0.098334152408847381 -0.088402439497898055 0 19.222623991494334
0.11538410749810873 -0.071322268049638468 0 19.247577678498512
0.13241473096783044 -0.054223228371086576 0 19.242761824886998
0.1423173945976719 -0.044263162503803952 0 19.225597919941979
0.15931707077325202 -0.027134641638351002 0 19.161441771414175
0.17629695467232773 -0.0099877185558434421 0 19.052036718445407
0.18616987680201241 8.2560114502306751e-17 0 18.970100582598953
0.20311808687932029 0.017175665032405928 0 18.83710126858449
0.22004604686276838 0.034369263753842597 0 18.71952181489846
0.2298885395402489 0.044383930951573808 0 18.655377184790169
0.24678410375081439 0.061605528494449453 0 18.509652401123276
0.26365896299608355 0.078844588793608977 0 18.312933823998257
0.27347034269606146 0.088885496973041683 0 18.174645225727772
0.29031208896118765 0.10615180924848855 0 17.891139499552249
0.30713267844073872 0.12343511105361611 0 17.548920255318478
0.31691226622280388 0.13350154910764719 0 17.323947827626213
0.3336990304244169 0.15081135250321129 0 16.911515818011015
0.35046418917545263 0.16813767001961294 0 16.469036745310468
0.36021131084053892 0.17822892356194425 0 16.19553791426257
0.37694193708910378 0.1955809889193674 0 15.664927606361292
0.39365051248031352 0.21294909091885555 0 15.052987818106025
0.40336449872539487 0.22306444245275897 0 14.66048443482075
0.42003783962476848 0.2404575353584785 0 13.938805727991063
0.43668868761996049 0.25786618547051027 0 13.159740298177244
0.44636887419091242 0.26800491455855241 0 12.680018946985566
0.46298379110000687 0.2854377956358054 0 11.810069644985953
0.47957577651850225 0.3028857526401687 0 10.882650994318144
0.48922150436105644 0.31304713607481061 0 10.316957474185998
0.50577686765218599 0.33051856127719725 0 9.3046061145359378
0.52230886442584845 0.34800457939810087 0 8.2423823312449738
0.53191947983456789 0.35818789137308865 0 7.6027026668578754
0.54841416914835917 0.37569661227944956 0 6.4842993072078094
0.56488506057514143 0.39321944148087024 0 5.3447767585360042
0.57445991534034702 0.40342395376333096 0 4.6744522895425904
0.59089281983708952 0.42096871787379214 0 3.5434751618297415
0.60730149883097484 0.43852710415593171 0 2.4443830658374823
0.61683995038355111 0.44875208625909035 0 1.8237063758163623
0.63320996899087456 0.46633163729212951 0 0.84857899820440397
0.64955533832809709 0.48392432298883753 0 -0.0018665518364109428
0.65905674988211493 0.49416904234526743 0 -0.43651244519278465
0.67536279153887158 0.51178212053565297 0 -1.0403038917627576
0.69164376410030282 0.52940784461266399 0 -1.4571471496599964
0.70110750479338846 0.53967156674798744 0 -1.6124594161634531
0.71734848868963597 0.55731690914544363 0 -1.7110841350466917
0.73356398769922493 0.57497440749928463 0 -1.5945538062566009
0.74298943273061324 0.58525639620623582 0 -1.4271867730451024
0.75916428854358309 0.60293273697468741 0 -0.95478956768236722
0.77531324780274058 0.62062074273210699 0 -0.24887075093136884
-0.60489152895896436 -0.78772690344721752 0 -0.25252412816954389
-0.58713686086192463 -0.77180170389375102 0 -0.95856216116660531
-0.56939450320286256 -0.75584436438961689 0 -1.4152866681651977
-0.55907442112947336 -0.74654265968432965 0 -1.5676412707254006
-0.54135208469386253 -0.73053491573966667 0 -1.6510998010875924
-0.52364274901894059 -0.71449559056436818 0 -1.5112715573591271
-0.51334220298570521 -0.70514642943575845 0 -1.3292106883855881
-0.49565397967851682 -0.68905758946846618 0 -0.86562843854227545
-0.47797944621545696 -0.67293773423365189 0 -0.21592827776795881
-0.46769947168968046 -0.6635419671402828 0 0.24332292617489118
-0.45004713959788395 -0.64737349808811773 0 1.1190856102369191
-0.43240918496653052 -0.63117458680636851 0 2.0947541717107039
-0.42215081521088937 -0.62173307483787699 0 2.7043243042153526
-0.40453614845317815 -0.60548646177023036 0 3.7759819160940324
-0.38693654507736092 -0.58920998641358835 0 4.8692847519953268
-0.3767008108076933 -0.5797236010319714 0 5.5133894700338999
-0.35912557894665464 -0.56340034670229455 0 6.6157680259931055
-0.34156609446663255 -0.54704781675088721 0 7.7080809855500458
-0.33135402351013465 -0.53751743952606812 0 8.3369396169280865
-0.31381999096524898 -0.52111906391456142 0 9.3841823579595349
-0.29630238765113887 -0.5046920058955936 0 10.384608528079207
-0.28611500460521005 -0.49511852823543867 0 10.943686044855195
-0.26862393006708252 -0.47864656808228812 0 11.84916494196969
-0.25114996423367664 -0.46214652509969839 0 12.681492375564249
-0.24098829012564291 -0.45253084797465032 0 13.131773910800968
-0.22354192597187386 -0.43598685630411127 0 13.84598721972735
-0.20611334739525358 -0.41941538755919133 0 14.484054629523932
-0.19597839934321035 -0.40975842122170064 0 14.821719384729841
-0.1785784910563083 -0.39314396685733366 0 15.368540026313189
-0.16119704239265756 -0.37650264716062271 0 15.876142104071413
-0.15108983326766323 -0.36680531085955426 0 16.153556688106743
-0.13373811885540554 -0.35012197793092964 0 16.602547926147544
-0.11640553506242711 -0.33341239720570132 0 17.016670477548367
-0.10632707315228383 -0.32367561889590862 0 17.240396993611022
-0.089025282570926789 -0.30692500633710285 0 17.577788611598002
-0.071743290332263857 -0.29014876911477117 0 17.853055986269101
-0.061694579007118909 -0.28037348516202498 0 17.987226853323179
-0.044444433587858108 -0.26355720620224188 0 18.212818914393971
-0.0272147507409209 -0.2467159311100228 0 18.437725115993413
-0.017196788120920303 -0.23690308599149409 0 18.56567919700937
8.8398401119539042e-17 -0.22002276763814929 0 18.740966535287065
0.017175665032405918 -0.20311808687931995 0 18.854217805116672
0.027161886407180147 -0.19326863287981599 0 18.894143611635318
0.044303614854314201 -0.1763259153944329 0 18.957457066750191
0.061423563628162037 -0.15935947422153707 0 19.019672246171755
0.071377057125242227 -0.14947437112569661 0 19.055052575874633
0.088462033845352103 -0.13247090749296689 0 19.109567946492088
0.10552457845498163 -0.11544436367432595 0 19.155446837521904
0.11544436367432609 -0.10552457845498152 0 19.177302146186864
0.13247090749296705 -0.088462033845351964 0 19.193288639485427
0.14947437112569686 -0.071377057125242144 0 19.180121395808467
0.15935947422153729 -0.061423563628161919 0 19.158645807287872
0.17632591539443318 -0.044303614854314069 0 19.092060815071314
0.19326863287981633 -0.027161886407179994 0 18.987098803704964
0.20311808687932026 -0.017175665032405755 0 18.910204517447131
0.22002276763814965 9.7543063304318949e-17 0 18.779287897287926
0.23690308599149437 0.017196788120920518 0 18.653935264602548
0.24671593111002305 0.027214750740921129 0 18.581507257128106
0.26355720620224204 0.044444433587858344 0 18.426917372827546
0.28037348516202515 0.061694579007119103 0 18.229809301385487
0.29014876911477128 0.071743290332264023 0 18.094526488067132
0.30692500633710296 0.089025282570926886 0 17.811465594942678
0.32367561889590873 0.10632707315228393 0 17.462274306373029
0.33341239720570137 0.11640553506242717 0 17.230211147620562
0.3501219779309297 0.13373811885540562 0 16.806055888850786
0.36680531085955437 0.15108983326766329 0 16.353261996927241
0.37650264716062282 0.1611970423926577 0 16.074309305164775
0.39314396685733383 0.17857849105630846 0 15.533586870796132
0.40975842122170075 0.19597839934321051 0 14.910387909035478
0.4194153875591915 0.20611334739525369 0 14.511044658273947
0.43598685630411144 0.22354192597187394 0 13.780481760093652
0.45253084797465043 0.24098829012564302 0 12.996678654827049
0.46214652509969845 0.2511499642336768 0 12.515322748794096
0.47864656808228828 0.26862393006708274 0 11.63209056087107
0.49511852823543873 0.28611500460521017 0 10.676456366218938
0.50469200589559382 0.29630238765113909 0 10.089551927953552
0.52111906391456142 0.3138199909652491 0 9.0636438003221595
0.53751743952606812 0.33135402351013482 0 8.0212824628899888
0.54704781675088721 0.34156609446663272 0 7.4063175793563714
0.56340034670229455 0.3591255789466547 0 6.3187459700506654
0.5797236010319714 0.37670081080769335 0 5.1905573435864101
0.58920998641358835 0.38693654507736097 0 4.5192680954050051
0.60548646177023036 0.40453614845317815 0 3.39425292940046
0.62173307483787699 0.42215081521088937 0 2.3137805494334103
0.63117458680636851 0.43240918496653041 0 1.7088301732121309
0.64737349808811773 0.45004713959788378 0 0.75444989264979656
0.66354196714028291 0.46769947168968024 0 -0.085190883953552149
0.67293773423365211 0.47797944621545696 0 -0.51736895093756519
0.68905758946846618 0.49565397967851682 0 -1.1124493458171849
0.70514642943575845 0.51334220298570521 0 -1.5133293085071005
0.71449559056436829 0.52364274901894048 0 -1.6565045266067155
0.73053491573966656 0.54135208469386253 0 -1.7365703367536178
0.74654265968432965 0.55907442112947325 0 -1.6054369238041675
0.755844364389617 0.56939450320286256 0 -1.4315323357564063
0.77180170389375125 0.58713686086192463 0 -0.95291941758821808
0.78772690344721763 0.60489152895896436 0 -0.24746771030009235
-0.5889426959673093 -0.79981326293209876 0 -0.25107387769305378
-0.57113204173304954 -0.7841266109293592 0 -0.95637873375570082
-0.55333390745402589 -0.7684011416097446 0 -1.4188767072298285
-0.54298149616776847 -0.75923133335592452 0 -1.5775342673188151
-0.52520389865524408 -0.74344502280758473 0 -1.6766081794157266
-0.50743974418603244 -0.7276206149371498 0 -1.5583540427369869
-0.49710753355590787 -0.71839355881427147 0 -1.3910728584021923
-0.47936537530912188 -0.70250945809240395 0 -0.94973541370527137
-0.46163758201400712 -0.68658799180390628 0 -0.31719569731030256
-0.45132695736241307 -0.67730478739947553 0 0.13426274888948547
-0.43362261755921178 -0.66132479502009711 0 0.9972932942606807
-0.41593356303146112 -0.64530818030757175 0 1.9607420210048971
-0.40564590729964678 -0.63596994445658384 0 2.5634744740501301
-0.38798176070599577 -0.61989598834305015 0 3.623507818850805
-0.37033381772174179 -0.60378616431670729 0 4.7054216559733035
-0.36007051086085562 -0.59439403066413132 0 5.3430257529866854
-0.34244892678439204 -0.57822806738877874 0 6.4339003823655183
-0.32484446225616131 -0.56202700150838492 0 7.514324546310819
-0.31460688061826225 -0.55258212005923402 0 8.136215247776196
-0.29703022186207956 -0.53632613406388185 0 9.1726248216772461
-0.27947159579292458 -0.52003582135124449 0 10.163932030907715
-0.26926111152251525 -0.51053935800859673 0 10.71858112036163
-0.25173173334013721 -0.4941953608045459 0 11.618794596727302
-0.23422129777932935 -0.47781782303574832 0 12.449009132661573
-0.22403927820596845 -0.46827095912710331 0 12.899674210782266
-0.20655952725847468 -0.45184098847529786 0 13.619616764896948
-0.18909962525972038 -0.43537827335336221 0 14.270178450245828
-0.17894743229227625 -0.42578220514573001 0 14.617822342670701
-0.16151964560853913 -0.40926832421777343 0 15.180253663734
-0.14411261019168101 -0.39272250452645291 0 15.700647409504143
-0.1339915997147838 -0.38307844273058816 0 15.984405764298618
-0.11661810365577908 -0.36648273925133146 0 16.445267140625528
-0.099266256772941347 -0.3498559119907606 0 16.872909977801928
-0.089177778046193007 -0.34016508125497136 0 17.105158249018171
-0.0718608872743417 -0.32348966662741663 0 17.456659094176054
-0.054566538781477984 -0.30678395213236997 0 17.745132340176035
-0.044511933841976235 -0.29704759052634 0 17.886478159433633
-0.027253950296473477 -0.28029459893962533 0 18.122035192003533
-0.010019396931269454 -0.26351213998115902 0 18.353712391855037
1.1582316010699106e-16 -0.25373149847024201 0 18.484143087724611
0.017196788120920504 -0.23690308599149407 0 18.661236281579054
0.03436926375384259 -0.2200460468627681 0 18.77321076680192
0.044352126861196974 -0.21022238877321758 0 18.811522733089507
0.061485446110118885 -0.19332073242408332 0 18.878892761935887
0.078593576545753205 -0.17639129801118017 0 18.95498826881331
0.088538589003038612 -0.16652589848679672 0 19.002047723231541
0.10560618168440626 -0.14955319530548158 0 19.068751372453178
0.12264771559474386 -0.13255357014405919 0 19.114856326815243
0.13255357014405938 -0.12264771559474376 0 19.131886476003256
0.14955319530548178 -0.10560618168440615 0 19.139441184527673
0.16652589848679694 -0.088538589003038515 0 19.118858867538002
0.17639129801118045 -0.07859357654575308 0 19.093561759288757
0.1933207324240836 -0.061485446110118767 0 19.021646922474766
0.21022238877321792 -0.044352126861196814 0 18.912974917125272
0.22004604686276841 -0.034369263753842423 0 18.834445810018064
0.23690308599149437 -0.01719678812092032 0 18.698229408772804
0.25373149847024223 1.0363124851678149e-16 0 18.563946946290663
0.26351213998115919 0.010019396931269684 0 18.484973478139469
0.28029459893962549 0.027253950296473713 0 18.321705115286466
0.29704759052634017 0.044511933841976443 0 18.119867222968885
0.30678395213237014 0.054566538781478137 0 17.983440412591129
0.32348966662741679 0.071860887274341798 0 17.69791042879508
0.34016508125497141 0.089177778046193076 0 17.345161952098874
0.34985591199076066 0.099266256772941389 0 17.110441685580838
0.36648273925133151 0.11661810365577917 0 16.679255997935339
0.38307844273058828 0.13399159971478389 0 16.216130007960647
0.39272250452645302 0.14411261019168112 0 15.929840707223192
0.40926832421777359 0.16151964560853929 0 15.377026700348804
0.42578220514573023 0.17894743229227639 0 14.742815829395701
0.43537827335336249 0.18909962525972054 0 14.337460189272562
0.45184098847529813 0.20655952725847479 0 13.595388813864721
0.46827095912710343 0.22403927820596856 0 12.798372126032723
0.47781782303574849 0.23422129777932954 0 12.30875304838321
0.49419536080454596 0.25173173334013732 0 11.413063590484809
0.51053935800859673 0.26926111152251531 0 10.447630559347179
0.5200358213512446 0.2794715957929248 0 9.856387975698981
0.53632613406388185 0.29703022186207967 0 8.827018844818463
0.55258212005923402 0.31460688061826236 0 7.7865491837703491
0.56202700150838503 0.32484446225616143 0 7.175143090545439
0.57822806738877885 0.34244892678439209 0 6.0972061604870849
0.59439403066413132 0.36007051086085567 0 4.9830821640763006
0.60378616431670729 0.37033381772174184 0 4.3219572029511832
0.61989598834305015 0.38798176070599577 0 3.2162230009586694
0.63596994445658384 0.40564590729964667 0 2.157193380884836
0.64530818030757187 0.41593356303146112 0 1.5656280332063113
0.66132479502009711 0.43362261755921178 0 0.63391169158297944
0.67730478739947553 0.45132695736241291 0 -0.18369086722027408
0.68658799180390639 0.46163758201400701 0 -0.60335275895138218
0.70250945809240395 0.47936537530912182 0 -1.1780202877914077
0.71839355881427169 0.49710753355590798 0 -1.5599239398182145
0.7276206149371498 0.50743974418603233 0 -1.6928471674387986
0.74344502280758462 0.52520389865524408 0 -1.7584672500075758
0.75923133335592463 0.54298149616776847 0 -1.6171799308589776
0.76840114160974482 0.55333390745402611 0 -1.439287274016255
0.78412661092935931 0.57113204173304966 0 -0.95575705953574674
0.79981326293209876 0.5889426959673093 0 -0.24775343352228918
-0.57956363154422197 -0.8066944063229885 0 -0.25003501931209993
-0.56172510985789215 -0.79115342922981924 0 -0.95443175196093955
-0.54389903501787262 -0.77556955565886099 0 -1.420947977949969
-0.53353035206391974 -0.76648029170683762 0 -1.5843859129260833
-0.51572481735578535 -0.7508292013042247 0 -1.694582704095837
-0.49793280312325605 -0.73513603329818467 0 -1.5910849751138232
-0.48758443719276023 -0.72598354051234903 0 -1.4338707642652475
-0.46981466090792035 -0.71022446318062971 0 -1.0067840528414589
-0.45205947777538219 -0.6944241422775933 0 -0.38419013593627094
-0.44173304074202124 -0.6852096739314133 0 0.062970036382857059
-0.42400179143454314 -0.66934477489928734 0 0.91803722964492562
-0.40628620645771246 -0.65343948111764061 0 1.8718669386381641
-0.39598330794355602 -0.64416431270828067 0 2.4681850653337274
-0.37829334986637153 -0.62819579509234191 0 3.5190737008281863
-0.36062012525297554 -0.61218774595756842 0 4.5941783695468708
-0.35034237180676342 -0.60285317463368948 0 5.2285304245629867
-0.33269646349918092 -0.58678327844535294 0 6.3132007660152469
-0.31506835519594767 -0.57067472798457541 0 7.3858920160323569
-0.30481734947058009 -0.56128207195552082 0 8.0025637579843281
-0.28721824234490395 -0.54511307307625578 0 9.0317119520865639
-0.26963799862423804 -0.52890631078144945 0 10.017904432401551
-0.25941533855435317 -0.51945690870837247 0 10.570259637967316
-0.24186577548310992 -0.5031911178341989 0 11.465690974919688
-0.22433613553095763 -0.48688846759505233 0 12.289418824438107
-0.21414341351146796 -0.47738367796455594 0 12.735907363363999
-0.19664612741674428 -0.46102343952081321 0 13.455737455383318
-0.17916981992315517 -0.44462725852826218 0 14.115935831042483
-0.16900862198962294 -0.43506845900916064 0 14.473076328147382
-0.15156633443602505 -0.41861615003659852 0 15.050966640621622
-0.13414607618991875 -0.40212882765810226 0 15.584428324297738
-0.12401798120164795 -0.39251741444193283 0 15.8746043985012
-0.10663340099439013 -0.37597544345522227 0 16.344235614742416
-0.089271895484037231 -0.35939940008290011 0 16.777601331313317
-0.079178474310759375 -0.34973678720884099 0 17.012078510577755
-0.061854296100390289 -0.33310759302864873 0 17.370894512454203
-0.044554232121112806 -0.31644527890142676 0 17.671745448844089
-0.03449704683414237 -0.30673289756630351 0 17.822020669183075
-0.017235949729409849 -0.29001894812610662 0 18.067095751932289
1.3715025388222874e-16 -0.27327284212707742 0 18.299604594106313
0.010019396931269709 -0.26351213998115902 0 18.427117241284137
0.027214750740921119 -0.24671593111002277 0 18.602774574079405
0.044383930951573794 -0.22988853954024868 0 18.71913795064156
0.054363997456968627 -0.22008097996955853 0 18.762413392203136
0.07149096406778363 -0.20320503415213315 0 18.838414026436777
0.088590738302375918 -0.18629888948216455 0 18.922672086812032
0.098529943501175499 -0.17644595087805306 0 18.974071678110658
0.11558589864888691 -0.15949281599307985 0 19.044651405161105
0.13261365061023525 -0.14251047559349303 0 19.089682115916862
0.14251047559349317 -0.13261365061023514 0 19.104036937387203
0.15949281599308004 -0.1155858986488868 0 19.107002729907848
0.17644595087805329 -0.098529943501175402 0 19.082338632085602
0.1862988894821648 -0.088590738302375821 0 19.054839073886153
0.20320503415213345 -0.071490964067783505 0 18.978558335687584
0.22008097996955886 -0.054363997456968467 0 18.864653959784029
0.22988853954024907 -0.044383930951573641 0 18.782720098969087
0.2467159311100231 -0.027214750740920939 0 18.640713304017304
0.26351213998115924 -0.010019396931269488 0 18.500802813483595
0.27327284212707764 9.6068673205468539e-17 0 18.418635172573705
0.29001894812610679 0.017235949729410085 0 18.250219636773856
0.30673289756630367 0.034497046834142564 0 18.043679579034688
0.31644527890142687 0.044554232121112959 0 17.904772720986244
0.33310759302864884 0.0618542961003904 0 17.616402735549222
0.34973678720884105 0.079178474310759459 0 17.26272301906199
0.35939940008290028 0.089271895484037314 0 17.028077035969304
0.37597544345522232 0.10663340099439021 0 16.594457371086353
0.39251741444193289 0.12401798120164804 0 16.125090992221757
0.40212882765810248 0.13414607618991886 0 15.833621992023405
0.41861615003659863 0.15156633443602519 0 15.272902468945398
0.43506845900916091 0.1690086219896231 0 14.632487127673224
0.4446272585282624 0.17916981992315534 0 14.224035133660903
0.46102343952081348 0.19664612741674439 0 13.474341480930299
0.47738367796455611 0.21414341351146807 0 12.666211931086622
0.48688846759505244 0.22433613553095777 0 12.168978450904579
0.50319111783419901 0.24186577548311003 0 11.266475871850474
0.51945690870837247 0.25941533855435328 0 10.303144562043364
0.52890631078144956 0.26963799862423826 0 9.7163928138523605
0.54511307307625578 0.28721824234490406 0 8.689427955238795
0.56128207195552082 0.3048173494705802 0 7.6428421683045489
0.57067472798457552 0.31506835519594778 0 7.0247425766721188
0.58678327844535294 0.33269646349918097 0 5.9439000971349421
0.60285317463368937 0.35034237180676342 0 4.8394187478876498
0.61218774595756853 0.36062012525297565 0 4.1888675942265152
0.62819579509234191 0.37829334986637153 0 3.1000970098800784
0.64416431270828067 0.39598330794355591 0 2.054736603544689
0.65343948111764083 0.40628620645771235 0 1.469758105457031
0.66934477489928734 0.42400179143454308 0 0.55193487391932683
0.6852096739314133 0.44173304074202108 0 -0.24825088862222766
0.69442414227759341 0.45205947777538213 0 -0.65662112384136251
0.71022446318062971 0.46981466090792023 0 -1.2144706770411524
0.72598354051234926 0.48758443719276034 0 -1.5838683296492306
0.73513603329818467 0.49793280312325605 0 -1.7115027667979634
0.7508292013042247 0.51572481735578535 0 -1.7700905304264851
0.76648029170683774 0.53353035206391985 0 -1.6244055337231891
0.77556955565886121 0.54389903501787285 0 -1.4450206056330139
0.79115342922981935 0.56172510985789215 0 -0.95894053081917563
0.80669440632298839 0.57956363154422197 0 -0.24839915610311408
-0.56328851572873673 -0.81825132406677481 0 -0.24887533394320807
-0.54540986120962931 -0.80297244781973875 0 -0.95418266221779957
-0.5275432033529841 -0.78764334763329924 0 -1.4290888702611424
-0.51715073779949339 -0.77869901233289363 0 -1.6006588337203782
-0.4993041322584324 -0.76329124098462264 0 -1.7283077299093401
-0.48147088090091766 -0.74783424029649626 0 -1.6462690491306904
-0.47109848252628878 -0.73881592967432286 0 -1.5030608443194979
-0.45328743115586745 -0.72328184919211158 0 -1.0988834251057924
-0.43549109140154685 -0.70769955650342131 0 -0.49705544305215255
-0.42514079996379173 -0.69860879896867911 0 -0.061103332800302605
-0.40736880704264616 -0.68295105307215231 0 0.77327920916100479
-0.38961288221419582 -0.66724613408743005 0 1.7043832837168582
-0.37928673603464741 -0.65808449108466838 0 2.286843661887044
-0.36155730268472458 -0.6423057798094417 0 3.3162106501263757
-0.34384529207712639 -0.62648095597636844 0 4.373331902476334
-0.33354532673164422 -0.61725002112471505 0 4.9988240040077301
-0.31586194866714734 -0.60135309932478176 0 6.0698528837982435
-0.29819734529420916 -0.58541114631328539 0 7.130855898449135
-0.28792559230073927 -0.57611254451067606 0 7.7415386867286093
-0.27029175757172663 -0.56010022030118722 0 8.7597733788290313
-0.25267804590841669 -0.54404396642360542 0 9.7340759780740136
-0.24243653141265234 -0.53467935291703628 0 10.279274646419259
-0.22485571814629504 -0.51855448605924881 0 11.164682237017439
-0.20729637186990396 -0.50238681063338542 0 11.981715660930618
-0.1970871153308037 -0.49295787005626385 0 12.426252728964627
-0.17956278947332718 -0.47672337028655676 0 13.151985024202659
-0.16206126920649211 -0.4604472019435672 0 13.830667941998867
-0.15188628208342336 -0.4509556473213146 0 14.203542594397172
-0.13442189514577543 -0.43461447262627539 0 14.804583794816542
-0.11698164620440871 -0.41823278756542626 0 15.354534111565329
-0.10684293064769022 -0.40868035929053875 0 15.651559439444188
-0.089441917457982301 -0.39223551413023139 0 16.13305981769054
-0.072066367607156262 -0.37575133432268981 0 16.579116841452262
-0.061965915153773858 -0.36613979910052924 0 16.82161217867348
-0.044631691619545902 -0.349594332582157 0 17.199132987648159
-0.027324248840380139 -0.3330107239260568 0 17.525463609900179
-0.017264039116648481 -0.32334187369269846 0 17.692631741941288
1.5135098513628273e-16 -0.30669887769697268 0 17.954274545575064
0.01723594972941014 -0.29001894812610657 0 18.185319566494979
0.027253950296473747 -0.28029459893962533 0 18.30504388237696
0.044444433587858344 -0.26355720620224182 0 18.476125177701412
0.061605528494449453 -0.24678410375081419 0 18.602003108859066
0.07157936795528437 -0.23700609465744446 0 18.656488049870514
0.088692949558204837 -0.22017747680815594 0 18.749143590849854
0.10577585425589178 -0.20331438763412055 0 18.84499725418496
0.11570359640434548 -0.19348457951077105 0 18.900846078798356
0.13273695816827033 -0.17656794507262866 0 18.975594569889207
0.14973836581685998 -0.15961809144221023 0 19.020464649621847
0.15961809144221037 -0.14973836581685987 0 19.032772557194264
0.17656794507262885 -0.13273695816827019 0 19.029479186748304
0.19348457951077125 -0.11570359640434534 0 18.995175566589594
0.2033143876341208 -0.10577585425589164 0 18.960850291949043
0.22017747680815619 -0.088692949558204698 0 18.875951395610571
0.23700609465744485 -0.071579367955284218 0 18.758101233584586
0.24678410375081455 -0.061605528494449301 0 18.675620875489056
0.2635572062022421 -0.044444433587858156 0 18.529547354834236
0.28029459893962561 -0.027253950296473525 0 18.380745279125044
0.29001894812610679 -0.017235949729409901 0 18.29143365206647
0.3066988776969729 8.430960916987561e-17 0 18.111170409268173
0.32334187369269862 0.017264039116648679 0 17.893871231931037
0.33301072392605691 0.027324248840380295 0 17.749245314165822
0.34959433258215711 0.04463169161954602 0 17.452536220360813
0.3661397991005293 0.061965915153773934 0 17.092490102691865
0.37575133432268976 0.072066367607156331 0 16.854741323538232
0.39223551413023144 0.089441917457982384 0 16.411993899371158
0.40868035929053897 0.10684293064769032 0 15.928038083751742
0.41823278756542642 0.11698164620440882 0 15.626042399888393
0.43461447262627567 0.13442189514577557 0 15.050741517485866
0.45095564732131477 0.1518862820834235 0 14.401213946286347
0.46044720194356742 0.16206126920649228 0 13.989454089405799
0.47672337028655704 0.17956278947332729 0 13.2291705540352
0.49295787005626396 0.19708711533080378 0 12.403126288872681
0.50238681063338564 0.2072963718699041 0 11.893148307191415
0.51855448605924881 0.22485571814629512 0 10.980260680010797
0.53467935291703605 0.24243653141265242 0 10.02336113239938
0.54404396642360542 0.25267804590841686 0 9.4467645575109884
0.56010022030118722 0.2702917575717268 0 8.4275816154741658
0.57611254451067606 0.28792559230073939 0 7.3737106789894238
0.5854111463132855 0.29819734529420927 0 6.7460808502344829
0.60135309932478176 0.31586194866714745 0 5.6640411803008739
0.61725002112471505 0.33354532673164433 0 4.5810606742791462
0.62648095597636855 0.34384529207712633 0 3.9521264069758648
0.6423057798094417 0.36155730268472458 0 2.8954677548632768
0.65808449108466838 0.37928673603464735 0 1.8729929406610071
0.66724613408743005 0.38961288221419582 0 1.2977937520534351
0.68295105307215231 0.40736880704264611 0 0.4008645831554038
0.69860879896867922 0.42514079996379167 0 -0.37177436947644021
0.70769955650342142 0.43549109140154679 0 -0.76155267738539412
0.72328184919211169 0.4532874311558675 0 -1.2907974370292341
0.73881592967432308 0.47109848252628889 0 -1.6368903861838069
0.74783424029649614 0.48147088090091772 0 -1.7533632778192083
0.76329124098462264 0.4993041322584324 0 -1.7962925957397724
0.77869901233289363 0.5171507377994935 0 -1.6393236416356256
0.78764334763329946 0.52754320335298432 0 -1.4553240327872494
0.80297244781973909 0.54540986120962942 0 -0.9632226934820638
0.81825132406677481 0.56328851572873673 0 -0.24900643785799936
-0.54682079942404715 -0.82946686207582532 0 -0.24948547821440586
-0.52891135209636519 -0.81446501768647128 0 -0.95990819499517555
-0.51101305529045371 -0.79940523785210738 0 -1.4445065057186905
-0.50060183489639176 -0.79061412101911932 0 -1.6236287570033476
-0.4827225004456967 -0.77546361059714508 0 -1.7651845236463652
-0.46485598879293683 -0.76025633868132025 0 -1.697845613228836
-0.45446403714882688 -0.7513799284940712 0 -1.5637123794602361
-0.43661913485974596 -0.73608380872566104 0 -1.1792786154328561
-0.41878872922210658 -0.72073213355129218 0 -0.6027695054382961
-0.40841856154744755 -0.71177224234832814 0 -0.183816700208321
-0.3906124137437515 -0.69633365229325017 0 0.62052501183915332
-0.37282243671347121 -0.6808407442845531 0 1.5211650679329245
-0.36247656863077898 -0.67179923153345067 0 2.0858889300472936
-0.34471349728864364 -0.65622139059762541 0 3.0863118362613897
-0.32696826979282323 -0.64059049971068827 0 4.1168175381010981
-0.31664921534787172 -0.63146927078449688 0 4.7282134769804687
-0.29893353868842465 -0.61575547658494778 0 5.7813792989270061
-0.28123737657502257 -0.5999899301317364 0 6.8332417417508866
-0.27094764624724438 -0.59079093502389224 0 7.4419462797776141
-0.25328367531389229 -0.57494456114886139 0 8.4517333903384682
-0.23564088592465274 -0.55904776151753321 0 9.4097615729139008
-0.22538298463092854 -0.54977299349697339 0 9.9428058112760684
-0.20777501985704178 -0.53379748716423736 0 10.816057361097572
-0.19018989859295363 -0.51777290943889875 0 11.633941034199546
-0.1799663236880592 -0.50842440364723285 0 12.084641660416768
-0.16241865146064535 -0.49232328326389829 0 12.825683129374838
-0.14489547834558747 -0.47617447274717717 0 13.524955200565822
-0.1347087176225982 -0.46675430473993207 0 13.911597724816938
-0.11722560684764617 -0.45053115736723359 0 14.529423690071786
-0.099768643095910867 -0.43426172700927845 0 15.086082203385541
-0.089621172789881756 -0.4247720112433524 0 15.383244346199172
-0.072206871465084727 -0.4084304899702012 0 15.871656613851778
-0.054820356058495168 -0.39204411770794645 0 16.33495346734253
-0.044714638856744877 -0.38248700597754837 0 16.591911185307094
-0.027373370657324453 -0.36603082720680769 0 16.996970839051272
-0.010061516937670769 -0.34953125321755929 0 17.353533902001967
1.3202414827071241e-16 -0.33990893304103087 0 17.538542795649708
0.017264039116648765 -0.32334187369269834 0 17.816149112616358
0.03449704683414264 -0.30673289756630345 0 18.042431459540921
0.044511933841976506 -0.29704759052634006 0 18.151484585351298
0.061694579007119131 -0.28037348516202487 0 18.315622471708402
0.078844588793608991 -0.26365896299608332 0 18.45252177924182
0.088810435649856093 -0.25391292303598356 0 18.520524126630278
0.1059075564240689 -0.23713566090924876 0 18.630869087045919
0.12297045206453744 -0.2203195023320105 0 18.734880545950837
0.13288486992158347 -0.21051501401068734 0 18.79153669328031
0.1498923735996042 -0.19363853604800776 0 18.867737063132779
0.16686407788235433 -0.17672470117377062 0 18.91511345791832
0.17672470117377079 -0.16686407788235416 0 18.928924952575258
0.19363853604800793 -0.14989237359960406 0 18.921583806921735
0.21051501401068762 -0.13288486992158333 0 18.873892537726103
0.22031950233201072 -0.12297045206453731 0 18.828454847170779
0.23713566090924904 -0.10590755642406878 0 18.733682210768901
0.2539129230359839 -0.08881043564985594 0 18.61974041578825
0.26365896299608371 -0.078844588793608839 0 18.544765578853102
0.28037348516202526 -0.061694579007118951 0 18.403565131717922
0.29704759052634028 -0.044511933841976277 0 18.247076158635515
0.30673289756630373 -0.034497046834142397 0 18.148127547105325
0.32334187369269851 -0.017264039116648526 0 17.951824418712533
0.33990893304103098 6.2965363021416696e-17 0 17.720484639303614
0.34953125321755957 0.010061516937670923 0 17.568506859746986
0.3660308272068078 0.027373370657324557 0 17.258953049161551
0.38248700597754848 0.044714638856744961 0 16.885578039616323
0.3920441177079465 0.054820356058495244 0 16.639732324354529
0.40843048997020126 0.072206871465084796 0 16.180517808910125
0.42477201124335245 0.089621172789881881 0 15.676612530121446
0.43426172700927856 0.099768643095910964 0 15.361940221271233
0.4505311573672337 0.1172256068476463 0 14.770893731353633
0.46675430473993229 0.13470871762259834 0 14.114411437909475
0.47617447274717739 0.14489547834558764 0 13.701934385202964
0.49232328326389857 0.16241865146064541 0 12.934848060805416
0.50842440364723296 0.17996632368805929 0 12.093421140255776
0.51777290943889898 0.19018989859295382 0 11.571664394506225
0.53379748716423736 0.20777501985704191 0 10.650185531728376
0.54977299349697328 0.22538298463092865 0 9.7018257884531032
0.55904776151753333 0.23564088592465288 0 9.1368362367382208
0.57494456114886139 0.2532836753138924 0 8.1295601599978262
0.59079093502389213 0.27094764624724449 0 7.0747686291058081
0.5999899301317364 0.28123737657502268 0 6.4422149112255438
0.61575547658494778 0.2989335386884247 0 5.3664632729304405
0.63146927078449677 0.31664921534787166 0 4.3116404604874461
0.6405904997106886 0.32696826979282334 0 3.7076811632917868
0.65622139059762541 0.3447134972886437 0 2.6860362618580655
0.67179923153345067 0.36247656863077887 0 1.6854475398755879
0.6808407442845531 0.37282243671347115 0 1.1178170683468434
0.69633365229325017 0.39061241374375144 0 0.23762247379540577
0.71177224234832825 0.40841856154744749 0 -0.51173727451823592
0.72073213355129251 0.41878872922210653 0 -0.88529132387045084
0.73608380872566104 0.43661913485974585 0 -1.3872708649678134
0.75137992849407143 0.45446403714882705 0 -1.7075991236082109
0.76025633868132003 0.46485598879293688 0 -1.8098889287199478
0.77546361059714508 0.4827225004456967 0 -1.831522528718686
0.7906141210191191 0.50060183489639187 0 -1.6574043466295634
0.7994052378521076 0.51101305529045382 0 -1.4654759219285822
0.8144650176864715 0.52891135209636531 0 -0.96469202458847902
0.82946686207582532 0.54682079942404715 0 -0.24837217267850167
-0.53715236379858333 -0.83583515504558537 0 -0.25078053199050365
-0.51922907975683819 -0.82100141040897068 0 -0.96579737507839825
-0.50131627849045313 -0.80610507482387983 0 -1.4561340570420369
-0.49089633938595451 -0.79740695320346444 0 -1.6392735840985326
-0.47300159952749327 -0.78241260329587625 0 -1.7871629886209344
-0.45511921157717389 -0.76735694064673887 0 -1.7253389662980738
-0.44471783368947948 -0.75856668687981632 0 -1.5945055483883983
-0.42685646677763722 -0.74341506293372905 0 -1.2202087074185692
-0.40900932392386968 -0.72820344333238984 0 -0.66041757843633753
-0.3986293204352192 -0.71932303654662599 0 -0.25412490357488254
-0.38080616173707299 -0.70401756946332761 0 0.52864215398160097
-0.362999100634191 -0.6886534617703568 0 1.4082615455589595
-0.35264328681080459 -0.67968493813173858 0 1.9608091884212513
-0.33486317387761494 -0.66422915606054456 0 2.9413479523032859
-0.31710103182076838 -0.64871612540769585 0 3.9529378431913753
-0.30677222254351694 -0.63966157665270351 0 4.5538483614081784
-0.28903999095869909 -0.62405910242467399 0 5.5948129981392842
-0.2713276016212921 -0.60840080759320048 0 6.6420153219128233
-0.26102860890053881 -0.59926237947773509 0 7.2506618726997019
-0.24334908800278926 -0.58351692789750842 0 8.2562306239880545
-0.22569127715205972 -0.56771711855609874 0 9.2031364921395049
-0.21542490763116484 -0.55849700922342516 0 9.7271677655882893
-0.19780291622049323 -0.54261238422316538 0 10.592872709541442
-0.18020449741903041 -0.52667489802964174 0 11.4146032739313
-0.16997354987107199 -0.51737535629982334 0 11.872158076180176
-0.15241389190559557 -0.50135544795965092 0 12.625864216940467
-0.13487966220668346 -0.48528420753093987 0 13.337564428928975
-0.12468692502900069 -0.47590753111445461 0 13.730954995443811
-0.10719438532043368 -0.45975631255409072 0 14.355755979722147
-0.089729120965180098 -0.44355532230933553 0 14.912746460115597
-0.079577369676380419 -0.43410385594776918 0 15.20765080527654
-0.062156709592208759 -0.41782538009447479 0 15.69846806229601
-0.044765161716462824 -0.40149872297650113 0 16.173406680215418
-0.034657156460555796 -0.39197485651341252 0 16.440933219291619
-0.017313109640916955 -0.37557325275164072 0 16.864927632890041
1.0223979369826369e-16 -0.35912508683232053 0 17.24042008822672
0.010061516937671001 -0.34953125321755935 0 17.435877470326361
0.0273242488403804 -0.33301072392605674 0 17.722557187239484
0.044554232121113049 -0.31644527890142665 0 17.945459754886844
0.054566538781478213 -0.30678395213236997 0 18.047798766989601
0.071743290332264092 -0.29014876911477111 0 18.207619303526201
0.088885496973041739 -0.27347034269606119 0 18.351460685150659
0.098845894169812931 -0.26374403569939969 0 18.427893306303506
0.11593204034205917 -0.24699853651464154 0 18.548506095951453
0.13298186208256538 -0.23021149072164851 0 18.655730071074316
0.14288767582303979 -0.22042275317951698 0 18.711405080166031
0.15987863614291334 -0.20357133737866931 0 18.787297102010992
0.17683151086655727 -0.18668009474216821 0 18.836970490616416
0.18668009474216837 -0.1768315108665571 0 18.852889672586691
0.2035713373786695 -0.15987863614291323 0 18.844105320690414
0.22042275317951723 -0.14288767582303968 0 18.787636468306506
0.23021149072164879 -0.13298186208256524 0 18.734484404524842
0.24699853651464179 -0.11593204034205902 0 18.633868376229518
0.26374403569940003 -0.098845894169812792 0 18.525128880046797
0.27347034269606157 -0.088885496973041586 0 18.457367079335771
0.29014876911477144 -0.071743290332263912 0 18.322153137905527
0.3067839521323702 -0.054566538781477984 0 18.161596881505808
0.31644527890142693 -0.044554232121112813 0 18.056129877145214
0.33301072392605696 -0.02732424884038016 0 17.848926303666804
0.34953125321755946 -0.010061516937670805 0 17.60810008743546
0.35912508683232075 4.9120794737713285e-17 0 17.45112462531937
0.37557325275164088 0.017313109640917063 0 17.132199834192186
0.39197485651341257 0.034657156460555873 0 16.748186162788848
0.40149872297650124 0.044765161716462887 0 16.4955442870247
0.4178253800944749 0.062156709592208835 0 16.023742634196029
0.43410385594776935 0.079577369676380516 0 15.506056402971621
0.4435553223093357 0.089729120965180209 0 15.183097285658235
0.45975631255409088 0.10719438532043378 0 14.58231093529721
0.47590753111445483 0.12468692502900083 0 13.922386387929476
0.48528420753094015 0.1348796622066836 0 13.510277706753351
0.50135544795965115 0.15241389190559568 0 12.740818843121801
0.51737535629982345 0.16997354987107213 0 11.89208628932742
0.52667489802964196 0.18020449741903055 0 11.364345207467855
0.54261238422316549 0.19780291622049337 0 10.439112346271017
0.55849700922342516 0.21542490763116498 0 9.4963991331795174
0.56771711855609874 0.22569127715205989 0 8.9382759902294655
0.58351692789750842 0.24334908800278937 0 7.9392975240350712
0.59926237947773497 0.26102860890053892 0 6.8867823286933127
0.6084008075932007 0.27132760162129227 0 6.2534380589863217
0.62405910242467399 0.28903999095869926 0 5.1846736332769803
0.6396615766527034 0.30677222254351694 0 4.1487607983605903
0.64871612540769596 0.31710103182076849 0 3.5602807204025382
0.66422915606054456 0.33486317387761494 0 2.5599672348815314
0.67968493813173847 0.35264328681080448 0 1.5718981013759918
0.68865346177035691 0.362999100634191 0 1.007910774800699
0.70401756946332761 0.38080616173707293 0 0.13626879979833825
0.71932303654662599 0.39862932043521915 0 -0.60082275996923151
0.72820344333239007 0.40900932392386963 0 -0.9657794185676043
0.74341506293372916 0.42685646677763717 0 -1.4521706910024459
0.75856668687981654 0.44471783368947959 0 -1.7564513057670244
0.76735694064673865 0.45511921157717389 0 -1.8493601307328573
0.78241260329587625 0.47300159952749327 0 -1.8562319009582005
0.79740695320346433 0.49089633938595462 0 -1.6694446765856139
0.80610507482388005 0.50131627849045324 0 -1.4712228607715929
0.82100141040897101 0.5192290797568383 0 -0.96398355982479167
0.83583515504558537 0.53715236379858333 0 -0.24722443637598523
-0.52040197538565847 -0.84650125647398267 0 -0.25013202483701463
-0.50246155696051209 -0.83196812493254779 0 -0.96587339591835952
-0.48453018534954934 -0.81736413275703756 0 -1.4628907025337796
-0.47409883261308861 -0.80883237102780348 0 -1.6523257939919618
-0.45618353536283202 -0.79411741842376082 0 -1.8111966237072579
-0.43827951477379096 -0.77933305910700701 0 -1.7598906452742062
-0.42786510765567326 -0.77069700315898249 0 -1.6355249009826522
-0.40998069457032715 -0.75580402536824132 0 -1.2824021481764345
-0.39210979447935557 -0.74084314744951207 0 -0.75766172196611059
-0.38171569338406275 -0.73210506115446028 0 -0.37731435846466227
-0.36386794238116527 -0.71703798909826877 0 0.36194891614365782
-0.34603594488490236 -0.70190457496394665 0 1.2011714568009522
-0.33566551649556725 -0.69306679952540839 0 1.7317390505391113
-0.31786021444175966 -0.6778296960037492 0 2.6771739526603779
-0.30007290825261185 -0.66252785862911168 0 3.6572291447471414
-0.28972952202497232 -0.65359281064426944 0 4.2416570940315381
-0.27197245869352044 -0.63818986693421587 0 5.2596980901099393
-0.25423563307579133 -0.62272384639215295 0 6.2912748672885916
-0.24392265770000401 -0.61369401577901173 0 6.8937563800410917
-0.22621961967704998 -0.59812954800338036 0 7.8865472558979235
-0.20853905833683525 -0.58250370774567517 0 8.8170002439059125
-0.19825985817471475 -0.57338165553896225 0 9.3306658600162447
-0.1806166227273365 -0.55766010081133222 0 10.19018029462468
-0.16299809766935636 -0.54187892372885194 0 11.02232775081562
-0.15275602917474798 -0.53266727974846029 0 11.492668230989528
-0.13517835809414083 -0.51679319210134911 0 12.265745161791127
-0.11762762345890553 -0.50086127637021305 0 12.991562459842608
-0.10742603158902013 -0.49156273676642426 0 13.390954697092475
-0.089919665022303613 -0.47554078287011209 0 14.025183183231976
-0.07244245091717412 -0.45946283759159356 0 14.590924261277916
-0.062284665542803402 -0.45008016227171493 0 14.890816602174853
-0.044855315827095545 -0.43391511695188856 0 15.392969061678706
-0.027457322164920969 -0.41769595759447559 0 15.883180677373495
-0.0173466544875111 -0.40823196753591556 0 16.161329454833513
6.6995791278798906e-17 -0.39192870909895322 0 16.605276580739964
0.017313109640917132 -0.37557325275164077 0 17.002706305549825
0.027373370657324654 -0.36603082720680769 0 17.211362079798281
0.044631691619546138 -0.34959433258215694 0 17.514291565374002
0.061854296100390518 -0.33310759302864856 0 17.744277697482456
0.071860887274341895 -0.32348966662741657 0 17.847157084952482
0.08902528257092697 -0.30692500633710273 0 18.011437593830806
0.10615180924848863 -0.29031208896118749 0 18.165581022459257
0.11610149669544717 -0.28062164871699835 0 18.250182251408958
0.13316642636225143 -0.26393398168286475 0 18.380704927655845
0.15019135708257805 -0.24720007821576867 0 18.491506161348244
0.16008093969048195 -0.23744016044175176 0 18.54663636345132
0.17704092188826298 -0.22063472864154748 0 18.62147818611141
0.19395879890434886 -0.20378511176257277 0 18.670583231904555
0.20378511176257297 -0.19395879890434872 0 18.686244141086373
0.22063472864154765 -0.17704092188826284 0 18.674892130860535
0.23744016044175204 -0.16008093969048182 0 18.612848394605269
0.24720007821576892 -0.15019135708257791 0 18.555465336442701
0.26393398168286503 -0.13316642636225129 0 18.45193138630686
0.28062164871699863 -0.11610149669544703 0 18.346638560498498
0.29031208896118782 -0.10615180924848845 0 18.283140339092448
0.30692500633710312 -0.089025282570926775 0 18.148853795680004
0.32348966662741685 -0.071860887274341659 0 17.979678505901326
0.33310759302864884 -0.061854296100390269 0 17.865219754196836
0.34959433258215711 -0.044631691619545888 0 17.642062238580284
0.36603082720680774 -0.027373370657324453 0 17.385555580027667
0.375573252751641 -0.017313109640916979 0 17.219502701665419
0.39192870909895339 3.451298338604792e-17 0 16.883779462513978
0.40823196753591567 0.017346654487511173 0 16.481284654701785
0.4176959575944757 0.027457322164921041 0 16.217116259512562
0.43391511695188861 0.044855315827095628 0 15.724055960512564
0.45008016227171499 0.0622846655428035 0 15.18328307334829
0.45946283759159373 0.072442450917174231 0 14.846456085873617
0.47554078287011242 0.089919665022303724 0 14.227084957657031
0.49156273676642431 0.10742603158902025 0 13.556089545717716
0.50086127637021327 0.11762762345890565 0 13.140755791961471
0.51679319210134922 0.13517835809414089 0 12.367229350674673
0.53266727974846051 0.15275602917474809 0 11.515776303331647
0.54187892372885194 0.1629980976693565 0 10.987218577940647
0.55766010081133233 0.18061662272733661 0 10.063675944358392
0.57338165553896236 0.19825985817471489 0 9.1268761965503575
0.58250370774567517 0.20853905833683539 0 8.5739191670368289
0.59812954800338036 0.22621961967705004 0 7.5829644208535214
0.61369401577901161 0.2439226577000041 0 6.536928992779238
0.62272384639215306 0.25423563307579156 0 5.9072811532919722
0.63818986693421587 0.27197245869352055 0 4.8537472407551645
0.65359281064426922 0.28972952202497232 0 3.845625737086952
0.66252785862911179 0.30007290825261201 0 3.2782664100413101
0.67782969600374932 0.31786021444175983 0 2.3096275803043391
0.69306679952540839 0.33566551649556725 0 1.3456322436514945
0.70190457496394665 0.3460359448849023 0 0.79276004462522276
0.71703798909826877 0.36386794238116521 0 -0.056370010424039822
0.73210506115446039 0.38171569338406269 0 -0.76538928794243088
0.74084314744951207 0.39210979447935562 0 -1.1118223018323421
0.75580402536824132 0.40998069457032715 0 -1.5682811206362128
0.77069700315898249 0.42786510765567337 0 -1.8458181774520921
0.7793330591070069 0.43827951477379101 0 -1.9244866303035262
0.7941174184237606 0.45618353536283196 0 -1.906829023292997
0.80883237102780314 0.47409883261308855 0 -1.6951520740816648
0.81736413275703768 0.48453018534954939 0 -1.4829124359342662
0.83196812493254813 0.5024615569605122 0 -0.96120968243805038
0.84650125647398267 0.52040197538565847 0 -0.24351254260600236
-0.50348701299585519 -0.85681480647892538 0 -0.24610067826458423
-0.48553737026570665 -0.8425971113270605 0 -0.95277074704715914
-0.46759499010537076 -0.8282999677595051 0 -1.451350488373627
-0.45715646834182433 -0.81994285988180793 0 -1.646114346448059
-0.43922764557189586 -0.80552129926365912 0 -1.8157980956993367
-0.42130870292259115 -0.79102191135103106 0 -1.7764749169967013
-0.41088502844542496 -0.78254785653108971 0 -1.6602255811451541
-0.39298379376343739 -0.76792667138766713 0 -1.3332269472333451
-0.37509506821578725 -0.75322934955810406 0 -0.85126299670995065
-0.36469019146599108 -0.74464088818402741 0 -0.50239034516730952
-0.34682334010515636 -0.72982449771588931 0 0.18571047137481733
-0.32897163519349959 -0.7149337291632889 0 0.9797251831255841
-0.31858951908385069 -0.70623350378935423 0 1.4868160133952901
-0.30076386518038867 -0.6912265014871154 0 2.3967908424653932
-0.28295600013301325 -0.6761469460599161 0 3.3477406162008121
-0.27260061522622719 -0.66733769894902328 0 3.9178895829988432
-0.25482298350095883 -0.65214484825994123 0 4.9108240454723511
-0.23706578488225674 -0.63688133398864821 0 5.9160064844754059
-0.22674110450988874 -0.62796590444583733 0 6.5029997607422541
-0.20901832185435473 -0.61259213408377566 0 7.4750733180866051
-0.19131861511958667 -0.59714965235505435 0 8.3932492566117247
-0.18102861045382504 -0.58813097385687096 0 8.9038065727098008
-0.16336749744196569 -0.57258137276427357 0 9.7668000047913317
-0.1457320984258702 -0.55696507315074539 0 10.61390082002576
-0.13548073351666884 -0.54784617027601057 0 11.09727192797334
-0.11788809586359301 -0.53212598224782615 0 11.885439969417085
-0.10032380222453494 -0.51634116700401422 0 12.615075850474174
-0.090115029014784576 -0.50712515217230292 0 13.012617529260895
-0.072597649004559159 -0.4912397701530854 0 13.653341412297722
-0.055111231646283135 -0.47529188838921954 0 14.24021291896398
-0.044948984977914955 -0.46598195841408768 0 14.557940685497149
-0.02751361288261741 -0.44993691848074202 0 15.081980638950485
-0.010111807375940621 -0.43383156002736434 0 15.580420157524546
4.8703773695359062e-17 -0.42443099249206856 0 15.857879815950149
0.017346654487511208 -0.40823196753591556 0 16.303343223808483
0.034657156460555956 -0.39197485651341257 0 16.707457674258791
0.044714638856745072 -0.38248700597754842 0 16.922502581562622
0.061965915153774073 -0.36613979910052924 0 17.242649295696676
0.07917847431075957 -0.34973678720884099 0 17.498003820350377
0.089177778046193201 -0.34016508125497136 0 17.61848545525546
0.10632707315228405 -0.32367561889590868 0 17.804011529403653
0.12343511105361619 -0.30713267844073872 0 17.966037467736623
0.13337241935286034 -0.29748061357069422 0 18.049734538885076
0.15041319624051486 -0.28085493837855197 0 18.179296848512113
0.16741020364263526 -0.26417815505139947 0 18.291323283243209
0.17728174147870601 -0.25444929244250264 0 18.347841735639005
0.19420753738044119 -0.23769355591454641 0 18.421187028403907
0.21108708247680447 -0.22088912134481192 0 18.4631691365298
0.22088912134481212 -0.21108708247680427 0 18.472795302126539
0.23769355591454661 -0.19420753738044105 0 18.458535296441791
0.25444929244250286 -0.1772817414787059 0 18.40454070061093
0.26417815505139974 -0.16741020364263512 0 18.355911330987023
0.2808549383785523 -0.15041319624051477 0 18.259507987634471
0.29748061357069444 -0.13337241935286021 0 18.14922696812274
0.30713267844073899 -0.12343511105361603 0 18.077845613323692
0.32367561889590907 -0.10632707315228387 0 17.930562835527965
0.34016508125497164 -0.089177778046192965 0 17.750386816668389
0.34973678720884122 -0.079178474310759347 0 17.630244359560972
0.36613979910052941 -0.06196591515377383 0 17.395433422316607
0.38248700597754859 -0.04471463885674487 0 17.124455166690655
0.39197485651341274 -0.034657156460555796 0 16.948776932378934
0.40823196753591567 -0.017346654487511107 0 16.595762872747571
0.42443099249206873 2.6381210751652824e-17 0 16.175234529892101
0.43383156002736445 0.010111807375940692 0 15.900198866102517
0.44993691848074202 0.027513612882617482 0 15.387158926241908
0.46598195841408779 0.044948984977915052 0 14.824689940585742
0.47529188838921965 0.055111231646283253 0 14.474643590729238
0.49123977015308545 0.07259764900455927 0 13.834263749751221
0.50712515217230325 0.090115029014784714 0 13.144843229114819
0.51634116700401445 0.10032380222453505 0 12.720531313983246
0.53212598224782637 0.11788809586359313 0 11.942611780504288
0.54784617027601068 0.13548073351666895 0 11.101904878728789
0.55696507315074562 0.14573209842587032 0 10.585421134608394
0.57258137276427357 0.16336749744196577 0 9.6747616864145325
0.58813097385687108 0.18102861045382518 0 8.7384501633303255
0.59714965235505435 0.19131861511958684 0 8.1810788150534961
0.61259213408377577 0.20901832185435479 0 7.1891259349901251
0.62796590444583733 0.22674110450988888 0 6.1525652166414595
0.63688133398864832 0.23706578488225691 0 5.5329058523091605
0.65214484825994101 0.25482298350095894 0 4.4984206936669571
0.66733769894902317 0.27260061522622725 0 3.5109831361037807
0.67614694605991632 0.28295600013301342 0 2.9565152340420626
0.6912265014871154 0.30076386518038872 0 2.012447700184179
0.70623350378935412 0.31858951908385064 0 1.0762967037138624
0.71493372916328901 0.32897163519349959 0 0.54121651828864814
0.72982449771588931 0.34682334010515631 0 -0.27395666648028782
0.74464088818402741 0.36469019146599102 0 -0.94459935995926636
0.75322934955810417 0.37509506821578725 0 -1.2672444499570059
0.76792667138766713 0.39298379376343739 0 -1.6890747428424064
0.78254785653108994 0.41088502844542507 0 -1.9410953674820126
0.79102191135103106 0.42130870292259126 0 -2.0084694920384192
0.80552129926365912 0.43922764557189586 0 -1.9678294885797789
0.81994285988180782 0.45715646834182433 0 -1.7273464305381045
0.82829996775950532 0.46759499010537087 0 -1.4967502038504408
0.84259711132706094 0.48553737026570692 0 -0.95596410578398772
0.85681480647892538 0.50348701299585519 0 -0.23719606773253113
-0.49357130308078945 -0.86265346468758863 0 -0.24281667009925112
-0.47561970740271486 -0.84862613246749341 0 -0.94080302413699313
-0.4576741834050605 -0.83451421900027878 0 -1.4381122870924583
-0.44723331994773352 -0.82626256350768612 0 -1.6355444980812308
-0.42929965639737672 -0.81201818313756102 0 -1.8113030016733125
-0.41137491945266857 -0.79769093405909774 0 -1.7795708310420957
-0.40094747061985292 -0.78931475647925786 0 -1.6689600861646785
-0.38303912326332473 -0.77485781390798081 0 -1.3591246884322525
-0.36514257261049876 -0.76031979595749832 0 -0.90475558624349883
-0.35473285109031122 -0.75182179102783908 0 -0.57626123569428078
-0.33685724021681324 -0.73715697951975212 0 0.079355713927234006
-0.31899630756858932 -0.72241296508643738 0 0.84515292711500045
-0.30860864321210557 -0.71379594643596567 0 1.3375991480648852
-0.29077321560039676 -0.69892816212801923 0 2.2265469613219784
-0.27295535534520349 -0.68398312462858268 0 3.1613858959400352
-0.26259408943590345 -0.67525002200544115 0 3.723826300569903
-0.24480630846203955 -0.66018435900295125 0 4.7012822833845265
-0.2270389877173076 -0.64504346780085819 0 5.6869403397794303
-0.21670846715872497 -0.63619732403464757 0 6.2610970455557009
-0.19897580277142066 -0.62093906905410579 0 7.2180155516880795
-0.1812664913149436 -0.60560768392961895 0 8.1306329260337851
-0.17097106275220558 -0.59665165163414091 0 8.6419845165406404
-0.15330098134302902 -0.58120627820335269 0 9.5105727908178785
-0.13565714144989441 -0.5656899433853726 0 10.367758609725197
-0.12540114534129115 -0.55662728140850715 0 10.85835471896962
-0.10780109953762848 -0.5410004436361473 0 11.653493382027527
-0.090230175750913202 -0.52530488140863874 0 12.381722998344317
-0.080017940406011734 -0.51613895103711915 0 12.775434069861531
-0.062495358815350968 -0.50033647696558292 0 13.419239176753447
-0.045004767679324875 -0.48446758086313335 0 14.023207095537254
-0.03484060328044053 -0.47520184179099012 0 14.35602017532095
-0.017402880214993741 -0.45922972634814319 0 14.896660463877412
4.9893977916680361e-17 -0.44319355395692162 0 15.397073527115447
0.010111807375940716 -0.43383156002736434 0 15.669674155121472
0.027457322164921083 -0.41769595759447559 0 16.108763302633861
0.044765161716462977 -0.40149872297650113 0 16.510568571841059
0.054820356058495369 -0.3920441177079465 0 16.726404032409839
0.07206636760715647 -0.37575133432268976 0 17.056704718282266
0.089271895484037467 -0.35939940008290011 0 17.333907715658516
0.099266256772941555 -0.34985591199076072 0 17.471313141689986
0.11640553506242728 -0.33341239720570137 0 17.675958303869649
0.1335015491076473 -0.31691226622280372 0 17.84195380923228
0.14343089918974256 -0.3072837039495051 0 17.92178540350994
0.16045628920544391 -0.29069604236792124 0 18.046692827944216
0.17743566612949291 -0.27405434921140509 0 18.158308396321072
0.18729587452136209 -0.26434459647789382 0 18.21611308379898
0.20420030618455751 -0.24761949899011951 0 18.288153406459365
0.22105601143984976 -0.23084300104710836 0 18.323457681745779
0.23084300104710856 -0.22105601143984957 0 18.32742902383999
0.2476194989901197 -0.2042003061845574 0 18.311488461302083
0.26434459647789416 -0.18729587452136195 0 18.267505745180735
0.27405434921140531 -0.1774356661294928 0 18.22897547417973
0.29069604236792151 -0.1604562892054438 0 18.140555886843043
0.30728370394950538 -0.14343089918974239 0 18.024001211407924
0.31691226622280405 -0.13350154910764714 0 17.943237593165794
0.3334123972057017 -0.1164055350624271 0 17.782924673419696
0.34985591199076099 -0.099266256772941305 0 17.595434611694778
0.35939940008290044 -0.089271895484037203 0 17.473288183427385
0.37575133432268992 -0.07206636760715622 0 17.233430416873674
0.39204411770794662 -0.054820356058495147 0 16.954557521669496
0.40149872297650135 -0.044765161716462817 0 16.773071604497918
0.4176959575944757 -0.027457322164920979 0 16.409870838634639
0.43383156002736439 -0.01011180737594064 0 15.979104168543209
0.44319355395692173 2.3647336420485101e-17 0 15.698018381882022
0.45922972634814319 0.017402880214993817 0 15.173978800247367
0.47520184179099023 0.03484060328044062 0 14.599602535137917
0.48446758086313346 0.045004767679325 0 14.242185713788029
0.50033647696558303 0.062495358815351079 0 13.588826955954971
0.51613895103711938 0.080017940406011845 0 12.885981901224696
0.52530488140863896 0.090230175750913286 0 12.454211104549529
0.54100044363614763 0.10780109953762858 0 11.673650891732686
0.55662728140850737 0.12540114534129126 0 10.844362551349812
0.56568994338537271 0.13565714144989455 0 10.33974820532457
0.58120627820335269 0.15330098134302911 0 9.4408923451965965
0.59665165163414091 0.17097106275220569 0 8.5028558415960731
0.60560768392961906 0.18126649131494377 0 7.9392082786903453
0.62093906905410579 0.19897580277142071 0 6.9434425995743707
0.63619732403464757 0.2167084671587251 0 5.9139096709669303
0.64504346780085819 0.22703898771730774 0 5.3026023368577881
0.66018435900295125 0.2448063084620396 0 4.2808485590927408
0.67525002200544104 0.26259408943590351 0 3.3025356965913448
0.68398312462858291 0.27295535534520365 0 2.7520342838746301
0.69892816212801923 0.29077321560039682 0 1.8192589839566293
0.71379594643596556 0.30860864321210557 0 0.9007187439559402
0.72241296508643738 0.31899630756858938 0 0.37850196028496746
0.73715697951975212 0.33685724021681324 0 -0.41226475946963753
0.75182179102783908 0.35473285109031116 0 -1.056256169632158
0.76031979595749855 0.36514257261049876 0 -1.3628621236003633
0.77485781390798081 0.38303912326332473 0 -1.7621056906197554
0.78931475647925775 0.40094747061985297 0 -1.9988942612629026
0.79769093405909763 0.41137491945266874 0 -2.0602983587291868
0.8120181831375608 0.42929965639737672 0 -2.0063562840077278
0.82626256350768601 0.44723331994773352 0 -1.7477395988824893
0.83451421900027878 0.4576741834050605 0 -1.5050248845891918
0.84862613246749352 0.47561970740271492 0 -0.95172669428843837
0.86265346468758841 0.49357130308078928 0 -0.23251698025447018
-0.47641856847283059 -0.87240225521682291 0 -0.2385040286550994
-0.45846909366950639 -0.85871357368345447 0 -0.92720088867414541
-0.4405233961373885 -0.84493128091880032 0 -1.425494560345498
-0.43008144048485297 -0.8368673248955204 0 -1.627935525328273
-0.41214430968977528 -0.82293838932556207 0 -1.8170153595515641
-0.39421423787658005 -0.80891769856844153 0 -1.8040066577034883
-0.38378289076658723 -0.8007158678887496 0 -1.7069814174861659
-0.36586659652757286 -0.78655155235899543 0 -1.4290504573708738
-0.34796066613769444 -0.77229744067135053 0 -1.017826420329897
-0.33754489352583056 -0.76396067905548304 0 -0.71898863554078984
-0.31965798430433595 -0.74956612206230255 0 -0.11464558740792383
-0.30178476202904242 -0.73508382898475921 0 0.6007589567819358
-0.29138955725966159 -0.72661523197868005 0 1.0647447607709215
-0.27354062462368617 -0.71199583121832188 0 1.911585119047164
-0.25570871522840705 -0.69729085328778528 0 2.8138645772252371
-0.24533909147323718 -0.68869366495202133 0 3.3612756097431187
-0.2275367570293553 -0.67385507142516765 0 4.3116030738610229
-0.20975479019520712 -0.65893315602018177 0 5.2674876574668907
-0.19941577275598471 -0.65021076522923449 0 5.8237443604773764
-0.1816686748600391 -0.63515887667983384 0 6.7575187892501738
-0.16394529181976103 -0.62002601520494183 0 7.6579598565358955
-0.15364191031855332 -0.61118195156435562 0 8.1671110763076591
-0.13595869060612784 -0.59592290526586467 0 9.0374884331984262
-0.11830253061610253 -0.58058532568928145 0 9.9031770374463655
-0.10803981109781714 -0.57162325507924905 0 10.401397501773266
-0.090429100876982263 -0.55616341998446595 0 11.20796063545072
-0.072848787568311105 -0.5406275787464343 0 11.944613197765772
-0.062631744540606563 -0.53155129850258909 0 12.342410531045266
-0.045102151090589473 -0.51589726677630021 0 13.000177543044032
-0.02760627874325872 -0.50016984008849441 0 13.628084067780048
-0.017439907179647329 -0.49098327383226564 0 13.9783552691928
5.6769939494093352e-17 -0.47514185178886964 0 14.538967602441787
0.017402880214993845 -0.45922972634814313 0 15.04440039419425
0.02751361288261751 -0.44993691848074191 0 15.31379438872189
0.04485531582709567 -0.43391511695188845 0 15.748152752699148
0.062156709592208897 -0.41782538009447473 0 16.147833389249143
0.072206871465084921 -0.4084304899702012 0 16.364227998859246
0.089441917457982523 -0.39223551413023144 0 16.707541058972446
0.10663340099439034 -0.37597544345522227 0 17.014281989345069
0.11661810365577928 -0.36648273925133151 0 17.175078199486155
0.13373811885540576 -0.3501219779309297 0 17.409381116499631
0.15081135250321134 -0.33369903042441684 0 17.588678778994137
0.16072575889797638 -0.32411288272625199 0 17.669327021253572
0.17772246183061496 -0.30759389724719122 0 17.792970345186912
0.19466920347832897 -0.29101569794086135 0 17.901256504723253
0.20450853569669467 -0.28134057306232801 0 17.956174759809969
0.22137375057134626 -0.26467108562848596 0 18.021678818750843
0.23818586888941085 -0.24794541582868976 0 18.048461042398138
0.24794541582868998 -0.23818586888941068 0 18.047163503074799
0.26467108562848612 -0.22137375057134612 0 18.030852791946259
0.28134057306232829 -0.20450853569669455 0 17.998790446026423
0.29101569794086163 -0.19466920347832886 0 17.971613652245352
0.30759389724719155 -0.17772246183061488 0 17.89135668284943
0.32411288272625227 -0.16072575889797622 0 17.765927975239407
0.33369903042441706 -0.15081135250321118 0 17.673137338306606
0.35012197793092997 -0.13373811885540551 0 17.495289005026734
0.36648273925133179 -0.11661810365577906 0 17.296348402144964
0.3759754434552226 -0.10663340099439007 0 17.169928723827255
0.39223551413023156 -0.089441917457982273 0 16.920503866074061
0.40843048997020154 -0.072206871465084713 0 16.628364215023591
0.41782538009447512 -0.062156709592208759 0 16.437607515335543
0.43391511695188872 -0.044855315827095572 0 16.058015287241304
0.44993691848074213 -0.027513612882617427 0 15.61060950964462
0.45922972634814324 -0.017402880214993775 0 15.319713639556076
0.47514185178886964 1.8247480551672863e-17 0 14.778198296754661
0.49098327383226581 0.017439907179647419 0 14.185537048935128
0.50016984008849452 0.027606278743258821 0 13.817185793517751
0.51589726677630032 0.045102151090589571 0 13.145472139509028
0.53155129850258931 0.062631744540606674 0 12.424993885434736
0.54062757874643441 0.072848787568311202 0 11.983973363550225
0.55616341998446617 0.09042910087698236 0 11.199321730844986
0.57162325507924927 0.10803981109781723 0 10.382318633688449
0.58058532568928167 0.11830253061610264 0 9.8911335380108873
0.59592290526586467 0.13595869060612792 0 9.0065892457776151
0.61118195156435562 0.1536419103185534 0 8.0690969822014331
0.62002601520494194 0.16394529181976117 0 7.5006788486231954
0.63515887667983395 0.18166867486003915 0 6.5062880986304998
0.65021076522923449 0.19941577275598482 0 5.49288895750996
0.65893315602018177 0.20975479019520724 0 4.8968626160833049
0.67385507142516743 0.22753675702935536 0 3.8974294964747873
0.68869366495202122 0.24533909147323724 0 2.9345419490254843
0.69729085328778551 0.25570871522840721 0 2.3905675100054364
0.71199583121832188 0.27354062462368622 0 1.4752495822107152
0.72661523197868005 0.29138955725966165 0 0.58358094916867287
0.73508382898475921 0.30178476202904253 0 0.081225333884078307
0.74956612206230255 0.31965798430433595 0 -0.67017994482831311
0.76396067905548304 0.3375448935258305 0 -1.2684704978311121
0.77229744067135064 0.34796066613769444 0 -1.5460798224054211
0.78655155235899565 0.36586659652757297 0 -1.8992165198847473
0.80071586788874938 0.38378289076658723 0 -2.0956791286559118
0.80891769856844153 0.39421423787658022 0 -2.1362829943797794
0.82293838932556196 0.41214430968977528 0 -2.0509304987367871
0.83686732489552051 0.43008144048485303 0 -1.7663929089350441
0.84493128091880054 0.44052339613738861 0 -1.5114664652782386
0.85871357368345458 0.4584690936695065 0 -0.94647696904204626
0.87240225521682291 0.47641856847283048 0 -0.22810759294313865
-0.4591299075423021 -0.88179030330375574 0 -0.23721643769507833
-0.44118897797473688 -0.86845474140140522 0 -0.92614723712695812
-0.42324923530651143 -0.85501630036470377 0 -1.4298253464789528
-0.41280962116253361 -0.84714821307883303 0 -1.63788734202332
-0.3948747004965501 -0.83354855921700244 0 -1.8436257279591959
-0.37694469751011661 -0.81984800419916182 0 -1.8564043363591058
-0.36651247468148446 -0.81182829992889094 0 -1.7782058550417013
-0.34859322334814902 -0.79796976352849003 0 -1.5345049975776208
-0.33068265392154178 -0.78401243282854494 0 -1.1591064474539614
-0.3202634785728391 -0.7758442774220673 0 -0.88207108160839109
-0.30236963838704572 -0.76173239902533629 0 -0.32146483750180299
-0.28448827145082112 -0.74752395990309295 0 0.34180516674206829
-0.27408784048526225 -0.73921070960813462 0 0.77250852507376411
-0.25622921816375888 -0.72485135500456932 0 1.5691743170187225
-0.23838688105375536 -0.71039779743348475 0 2.4320730689814778
-0.22801092235188636 -0.70194299509024705 0 2.9613008272506893
-0.21019737262165719 -0.6873423484817176 0 3.884134944077767
-0.19240393404396608 -0.67264997794444326 0 4.8167756737847753
-0.18205819648691618 -0.66405734862328059 0 5.361413941992704
-0.16429960484125536 -0.64922190483882269 0 6.2769148773679797
-0.14656495750785573 -0.63429733417781342 0 7.1611056450186004
-0.1362552008196535 -0.62557078026974955 0 7.6619244616061231
-0.11856146598205389 -0.6105073360454869 0 8.522254879257936
-0.1008955089782264 -0.59535747638606829 0 9.3837210481084359
-0.090627493423183658 -0.58650107215715985 0 9.8824977517334442
-0.073008509581614561 -0.57121671650179362 0 10.700134071779239
-0.055421130528560798 -0.55584876727004318 0 11.46136161559118
-0.045200606501009447 -0.5468667528934843 0 11.878621875681725
-0.027666245377244575 -0.53136885656472388 0 12.562721095331117
-0.010167302455276502 -0.51579029462742343 0 13.205702525567022
6.8883424529465446e-17 -0.50668706971011745 0 13.560095269057234
0.017439907179647454 -0.49098327383226575 0 14.127696810127716
0.034840603280440648 -0.47520184179099006 0 14.641152122653395
0.044948984977915073 -0.46598195841408768 0 14.915486650550861
0.062284665542803534 -0.45008016227171493 0 15.355664575841102
0.079577369676380585 -0.43410385594776918 0 15.757345909091365
0.089621172789882006 -0.42477201124335245 0 15.973730553225479
0.10684293064769049 -0.40868035929053897 0 16.323764172529167
0.1240179812016482 -0.39251741444193294 0 16.647007636502515
0.13399159971478403 -0.38307844273058828 0 16.82144936091311
0.15108983326766345 -0.36680531085955448 0 17.07925440652194
0.16813767001961311 -0.35046418917545269 0 17.281131336186352
0.17803556008637358 -0.34092305369190667 0 17.373855524726768
0.19500077997168869 -0.32447703480894646 0 17.506724098464744
0.21191196174363422 -0.30796640923101698 0 17.608274014659941
0.22172865191923363 -0.29832819346727607 0 17.652968589663772
0.23855149850645332 -0.28171808242771801 0 17.706011278330678
0.25531672054903448 -0.26504682185150058 0 17.729058440824847
0.2650468218515008 -0.25531672054903432 0 17.729236319083505
0.28171808242771823 -0.23855149850645321 0 17.716104469532766
0.29832819346727635 -0.22172865191923352 0 17.687234328092895
0.30796640923101731 -0.21191196174363414 0 17.661718792343216
0.3244770348089468 -0.1950007799716886 0 17.580883652484239
0.34092305369190695 -0.17803556008637342 0 17.450101242805147
0.35046418917545297 -0.16813767001961291 0 17.35218929974922
0.36680531085955476 -0.15108983326766326 0 17.164986676546238
0.38307844273058861 -0.1339915997147838 0 16.956408713778377
0.39251741444193322 -0.12401798120164793 0 16.82419356108414
0.40868035929053909 -0.10684293064769022 0 16.563541194779347
0.42477201124335262 -0.089621172789881784 0 16.258449980726315
0.43410385594776951 -0.079577369676380433 0 16.059419382432758
0.45008016227171516 -0.062284665542803437 0 15.665064816573752
0.4659819584140879 -0.044948984977914996 0 15.202335343317388
0.47520184179099023 -0.034840603280440571 0 14.902309054689876
0.49098327383226575 -0.017439907179647381 0 14.34520424812534
0.50668706971011768 1.8233847669564385e-17 0 13.73717857176333
0.51579029462742354 0.010167302455276597 0 13.360135188783932
0.53136885656472399 0.027666245377244676 0 12.675838373568583
0.54686675289348452 0.045200606501009551 0 11.946065966751622
0.5558487672700434 0.055421130528560889 0 11.501205207999158
0.57121671650179395 0.073008509581614658 0 10.713166312972797
0.58650107215715996 0.090627493423183755 0 9.8969528842292007
0.59535747638606851 0.10089550897822655 0 9.408043880948405
0.6105073360454869 0.11856146598205398 0 8.5284470887935466
0.62557078026974966 0.13625520081965359 0 7.5969857295014309
0.63429733417781353 0.14656495750785589 0 7.032909708319214
0.64922190483882292 0.16429960484125547 0 6.0518908807811469
0.66405734862328059 0.18205819648691626 0 5.0600408532608459
0.67264997794444326 0.19240393404396619 0 4.4797062156269822
0.68734234848171738 0.21019737262165725 0 3.5029116973674341
0.70194299509024705 0.22801092235188647 0 2.5558955572319064
0.71039779743348486 0.23838688105375552 0 2.0186315351575788
0.72485135500456932 0.25622921816375893 0 1.1188691496222911
0.73921070960813462 0.2740878404852623 0 0.24907914364725997
0.74752395990309295 0.28448827145082128 0 -0.2374575440320473
0.76173239902533629 0.30236963838704572 0 -0.95409634737852345
0.7758442774220673 0.3202634785728391 0 -1.5077155214151725
0.78401243282854505 0.33068265392154184 0 -1.7550164360005838
0.79796976352849003 0.34859322334814902 0 -2.0522413777440844
0.81182829992889083 0.36651247468148446 0 -2.188475701644637
0.81984800419916182 0.37694469751011672 0 -2.1933473533360006
0.83354855921700244 0.39487470049655016 0 -2.0644288407529778
0.8471482130788327 0.41280962116253356 0 -1.7615293956955611
0.85501630036470389 0.42324923530651154 0 -1.5065089519627377
0.86845474140140544 0.441188977974737 0 -0.94378415743412969
0.88179030330375585 0.4591299075423021 0 -0.22874509746946928
-0.44900995370326097 -0.88708701863041484 0 -0.23803498540850407
-0.43107672416028703 -0.87396355089833377 0 -0.93119880200855099
-0.41314304596348189 -0.86073171423756445 0 -1.4395031656107093
-0.40270624950013345 -0.85298134933298431 0 -1.650946247442783
-0.38477501872040737 -0.83957965863299899 0 -1.8674176942037293
-0.36684734091151905 -0.82607163597672428 0 -1.8978030176414533
-0.356415885368495 -0.81816149407683303 0 -1.8327045111766731
-0.33849701894275019 -0.80448695548577376 0 -1.6097844555819125
-0.32058574773652898 -0.79070826763546787 0 -1.2522501670952435
-0.31016570701460439 -0.78264162854925146 0 -0.98491778495600646
-0.29226966972327423 -0.76869999170979053 0 -0.44659187074543877
-0.27438530326501798 -0.75465653178705971 0 0.18602132704289798
-0.26398280139206681 -0.74643689090644938 0 0.59549994351793545
-0.24612013829081408 -0.73223427387096018 0 1.3600532435116535
-0.22827324753117206 -0.71793230070954106 0 2.197366873381096
-0.21789444743851991 -0.70956336495594763 0 2.7144201692246255
-0.20007576442050881 -0.69510624686559508 0 3.6207868741865084
-0.18227697349373592 -0.680552377241603 0 4.5420437752329157
-0.17192806551606324 -0.67203806033809266 0 5.0818763957648656
-0.15416400942116301 -0.65733327294691501 0 5.9883105188907502
-0.13642397559853223 -0.64253447265958674 0 6.8613505810427693
-0.12611116573973724 -0.63387888973698481 0 7.3547658501147559
-0.10841240408464418 -0.61893360779717621 0 8.2047027171509779
-0.090741797378361244 -0.60389718161885075 0 9.0587812614806165
-0.080471295387825062 -0.59510464316782696 0 9.5549125264133021
-0.062848495794446971 -0.57992637369894062 0 10.378468884984652
-0.045257978290581646 -0.56465995421948589 0 11.159456952432402
-0.035035985596044844 -0.55573495940445927 0 11.593240893217166
-0.017499794998367596 -0.54033152987569066 0 12.296867432896923
8.042862281227119e-17 -0.52484306527302227 0 12.945275924084065
0.010167302455276655 -0.51579029462742365 0 13.29709958916788
0.027606278743258845 -0.50016984008849441 0 13.864042423756091
0.045004767679325 -0.4844675808631333 0 14.383224397964012
0.055111231646283274 -0.4752918883892196 0 14.663289552204148
0.072442450917174245 -0.45946283759159356 0 15.110952691762433
0.089729120965180278 -0.44355532230933548 0 15.515960042109612
0.099768643095911103 -0.43426172700927856 0 15.732569890800562
0.11698164620440896 -0.41823278756542637 0 16.084494245980153
0.134146076189919 -0.40212882765810248 0 16.411966349275826
0.14411261019168128 -0.39272250452645313 0 16.590025627916734
0.16119704239265775 -0.37650264716062282 0 16.858429671312233
0.17822892356194436 -0.36021131084053892 0 17.076626776967494
0.18811649224796534 -0.35069758135138651 0 17.180592545947558
0.20506212383076322 -0.33429602330074115 0 17.322987366506595
0.22195128038307546 -0.31782661864965889 0 17.419749666872384
0.23175398757005095 -0.3082109407748031 0 17.456019908560339
0.24855073420318322 -0.29163712840483053 0 17.49999485290892
0.26528714350045857 -0.27499918570323739 0 17.522878873800149
0.27499918570323756 -0.2652871435004584 0 17.526452359521901
0.29163712840483069 -0.24855073420318308 0 17.516404245834408
0.30821094077480327 -0.23175398757005083 0 17.485818235326199
0.31782661864965922 -0.22195128038307535 0 17.457359757539091
0.33429602330074148 -0.20506212383076311 0 17.372652592638826
0.35069758135138679 -0.18811649224796514 0 17.240072411716671
0.36021131084053926 -0.1782289235619442 0 17.141848681237786
0.37650264716062309 -0.16119704239265756 0 16.952464966459203
0.39272250452645335 -0.14411261019168101 0 16.739150223607702
0.40212882765810265 -0.13414607618991872 0 16.603067390282192
0.41823278756542664 -0.11698164620440869 0 16.335329476267489
0.43426172700927862 -0.099768643095910853 0 16.0227384658948
0.44355532230933575 -0.089729120965180112 0 15.819129898098932
0.45946283759159384 -0.072442450917174162 0 15.416766179158586
0.47529188838921976 -0.055111231646283197 0 14.945796684445531
0.48446758086313346 -0.045004767679324945 0 14.640857825299241
0.50016984008849441 -0.027606278743258779 0 14.075698128726248
0.51579029462742365 -0.010167302455276566 0 13.460085337373261
0.52484306527302249 1.949017767598704e-17 0 13.078890868601698
0.54033152987569077 0.017499794998367697 0 12.389603516556702
0.55573495940445938 0.035035985596044948 0 11.657654264368061
0.56465995421948612 0.045257978290581743 0 11.21255413676132
0.57992637369894084 0.062848495794447082 0 10.42294504438574
0.59510464316782696 0.080471295387825145 0 9.6031235249573328
0.60389718161885075 0.090741797378361411 0 9.1114571419322896
0.61893360779717621 0.10841240408464428 0 8.2316028259495191
0.63387888973698481 0.12611116573973732 0 7.3061404939188179
0.64253447265958674 0.13642397559853237 0 6.7481739254714501
0.65733327294691524 0.15416400942116312 0 5.7799094057353377
0.67203806033809288 0.17192806551606338 0 4.8031042460879583
0.680552377241603 0.18227697349373606 0 4.2322328280449399
0.69510624686559508 0.20007576442050887 0 3.2695384786881339
0.70956336495594752 0.21789444743852002 0 2.3331528020128052
0.71793230070954128 0.2282732475311722 0 1.8006171843338399
0.73223427387096018 0.24612013829081411 0 0.91048271497612165
0.74643689090644938 0.26398280139206687 0 0.052501711216937495
0.75465653178705971 0.27438530326501803 0 -0.42609504554396482
0.76869999170979053 0.29226966972327423 0 -1.1242229383751168
0.78264162854925146 0.3101657070146045 0 -1.6530863234999595
0.79070826763546787 0.32058574773652898 0 -1.8831576402278889
0.80448695548577387 0.33849701894275025 0 -2.1452076293915643
0.81816149407683303 0.356415885368495 0 -2.2393592448391035
0.82607163597672428 0.3668473409115191 0 -2.2178380310503347
0.83957965863299888 0.38477501872040742 0 -2.059067057001029
0.85298134933298408 0.4027062495001334 0 -1.7485100097893389
0.86073171423756467 0.41314304596348217 0 -1.4980030809217602
0.873963550898334 0.43107672416028714 0 -0.94224411596968172
0.88708701863041484 0.44900995370326091 0 -0.23079240062372536
-0.43152909717475268 -0.89589971786587652 0 -0.23797854725478731
-0.41361338657864921 -0.88315183470061598 0 -0.93482775853773792
-0.39569421139201683 -0.8702860091525374 0 -1.449279998595878
-0.38526454001499799 -0.86274426166778573 0 -1.6657935865546694
-0.3673434181942592 -0.84969349226086144 0 -1.9001217256628038
-0.34942331375658564 -0.83652689474234831 0 -1.9606573415839255
-0.33899517378665611 -0.82881110200485941 0 -1.9180119970474165
-0.32108025844651544 -0.81546304639858935 0 -1.7329847572739994
-0.30317089767746025 -0.80200145477376528 0 -1.4109563614320477
-0.29275110667094933 -0.79411506097889206 0 -1.1635799973787682
-0.27485415098045468 -0.78047577665571366 0 -0.66573440205307532
-0.25696733321230747 -0.76672542394517085 0 -0.082222613724370813
-0.24656277807987334 -0.7586721370385261 0 0.29549785986816512
-0.22869564704881698 -0.74474813253751626 0 1.0094848435999213
-0.21084327409177855 -0.7307156999188148 0 1.8029049905447545
-0.20046089703071734 -0.72249948723901458 0 2.2974944743967041
-0.18263554311057184 -0.7082977141819935 0 3.1688896096346135
-0.16482959457890389 -0.69399032240079872 0 4.0597747776171342
-0.15447637859265662 -0.68561540539828381 0 4.5840746869595801
-0.13670481659871392 -0.67114324893123078 0 5.4668517704951123
-0.11895732459745118 -0.6565684481326246 0 6.320131201383
-0.10864027866144468 -0.64803929617186629 0 6.8039201358571777
-0.090934560119610944 -0.63330456383723899 0 7.641094019106486
-0.073257583397536519 -0.61847032183665118 0 8.4873600072957274
-0.062983727333865147 -0.6097916450948403 0 8.9814609176252684
-0.045355914361147852 -0.59480255416036365 0 9.8086829304132443
-0.027761512041032093 -0.57971724318356088 0 10.602873479467826
-0.017537861167441399 -0.57089398466468999 0 11.04816550480953
9.7099266189138197e-17 -0.55565914794416704 0 11.769905039013903
0.017499794998367766 -0.54033152987569066 0 12.433152284843748
0.027666245377244741 -0.53136885656472399 0 12.7921058039712
0.045102151090589605 -0.5158972667763001 0 13.36886043850455
0.062495358815351114 -0.50033647696558292 0 13.894756498288942
0.072597649004559311 -0.49123977015308556 0 14.177641248467816
0.089919665022303738 -0.47554078287011214 0 14.633577208594568
0.10719438532043385 -0.45975631255409077 0 15.051933811473557
0.11722560684764645 -0.45053115736723365 0 15.278195419187325
0.13442189514577568 -0.43461447262627551 0 15.643124697934327
0.15156633443602538 -0.41861615003659852 0 15.978088556690029
0.1615196456085394 -0.40926832421777348 0 16.158532682026273
0.17857849105630852 -0.39314396685733366 0 16.436165462615712
0.19558098891936745 -0.37694193708910373 0 16.671299101046479
0.20544963025244942 -0.36747739906844906 0 16.787804041039301
0.22235946702887555 -0.35115569788052103 0 16.943429999558973
0.2392085224900008 -0.33476040160783815 0 17.041044303068993
0.24898583193410134 -0.32518527792071616 0 17.072847025444098
0.26573526956094756 -0.30867684370523579 0 17.111883854161544
0.28241956694137071 -0.29209899483652774 0 17.134882727297079
0.29209899483652796 -0.28241956694137055 0 17.140479083885811
0.30867684370523601 -0.2657352695609474 0 17.131639195803608
0.32518527792071633 -0.24898583193410118 0 17.098594543892322
0.33476040160783843 -0.23920852249000069 0 17.067167807252936
0.35115569788052142 -0.22235946702887538 0 16.976986814238334
0.36747739906844928 -0.20544963025244925 0 16.838788607787315
0.37694193708910412 -0.19558098891936729 0 16.737225419452699
0.39314396685733394 -0.1785784910563083 0 16.54187992986283
0.40926832421777382 -0.16151964560853915 0 16.322314149298268
0.41861615003659874 -0.15156633443602505 0 16.182283613934775
0.43461447262627578 -0.13442189514577543 0 15.904426755516216
0.45053115736723381 -0.1172256068476462 0 15.577120834181418
0.45975631255409094 -0.10719438532043371 0 15.363180984663426
0.47554078287011231 -0.089919665022303655 0 14.945160605609441
0.49123977015308568 -0.072597649004559242 0 14.461939579127915
0.50033647696558303 -0.062495358815351038 0 14.151276170437031
0.51589726677630021 -0.045102151090589536 0 13.575956927910859
0.53136885656472399 -0.027666245377244655 0 12.949428076769518
0.540331529875691 -0.017499794998367672 0 12.561671198573533
0.55565914794416715 7.0801548262913271e-18 0 11.862512353241129
0.57089398466469021 0.0175378611674415 0 11.122765859281115
0.5797172431835611 0.02776151204103219 0 10.674284234286748
0.59480255416036398 0.045355914361147942 0 9.8834305765669779
0.60979164509484041 0.062983727333865244 0 9.0685621927646132
0.61847032183665129 0.073257583397536657 0 8.5824751513902626
0.63330456383723899 0.090934560119611055 0 7.7140553802929901
0.6480392961718664 0.10864027866144479 0 6.8020438667739933
0.6565684481326246 0.11895732459745131 0 6.2531201799893612
0.6711432489312309 0.136704816598714 0 5.3063930889047679
0.68561540539828381 0.1544763785926567 0 4.359302629415426
0.69399032240079872 0.16482959457890406 0 3.809203250291965
0.7082977141819935 0.1826355431105719 0 2.8835588911119934
0.72249948723901458 0.20046089703071743 0 1.9853346763709014
0.73071569991881491 0.21084327409177875 0 1.4754588704849179
0.74474813253751626 0.22869564704881701 0 0.62430353136779759
0.7586721370385261 0.24656277807987337 0 -0.19475549322053004
0.76672542394517074 0.25696733321230747 0 -0.65103237069044129
0.78047577665571366 0.27485415098045474 0 -1.3151305417794223
0.79411506097889228 0.29275110667094945 0 -1.8160892526589762
0.80200145477376528 0.3031708976774603 0 -2.0318556413798623
0.81546304639858946 0.3210802584465155 0 -2.2582947244974561
0.82881110200485952 0.33899517378665622 0 -2.3011248774357571
0.8365268947423482 0.3494233137565857 0 -2.244411130225914
0.84969349226086133 0.3673434181942592 0 -2.0437342665108851
0.86274426166778573 0.3852645400149981 0 -1.7186241246628979
0.87028600915253751 0.39569421139201694 0 -1.4712682944555764
0.8831518347006162 0.41361338657864932 0 -0.92583524754878055
0.89589971786587652 0.43152909717475274 0 -0.22897675236129544
-0.41394119791904621 -0.90434647368755749 0 -0.23641518878377063
-0.39604792683938989 -0.89198805442724294 0 -0.93172497057320924
-0.37814793322383589 -0.87950197335676528 0 -1.4488788419126903
-0.367728000866197 -0.87217676320737392 0 -1.6692081054044929
-0.34982129674911056 -0.85949038927133858 0 -1.9195102195768889
-0.33191284965275275 -0.84667851028366148 0 -2.0085748928654685
-0.32149030156986175 -0.83916471515194602 0 -1.9877564456677834
-0.30358308125039574 -0.82615612483964129 0 -1.8429124720795338
-0.28567917043999241 -0.81302440021484224 0 -1.5633284526940767
-0.27526159842785092 -0.80532558248390085 0 -1.3414847355837942
-0.25736695835570894 -0.79200106505281798 0 -0.88752390180617402
-0.23948074211224885 -0.77855599589608804 0 -0.34747965405098147
-0.22907583085898228 -0.77067603625158188 0 0.0052256026140964492
-0.21120701807456724 -0.75704242576165015 0 0.67625144014909411
-0.19335179372164962 -0.74329105502659587 0 1.4269160812373858
-0.18296730345665391 -0.73523414801762255 0 1.8967350312588012
-0.16513768544969831 -0.72129881505206694 0 2.7240545051263569
-0.14732685881406613 -0.70724871843735082 0 3.5689790735029523
-0.13697060735912497 -0.69901936679904264 0 4.0664677320542344
-0.11919364094109139 -0.68479020805805146 0 4.913886906754696
-0.10144069488046942 -0.67044948277932992 0 5.747050746777008
-0.091120539183271468 -0.66205249052091841 0 6.2257216746153468
-0.073409738514666478 -0.64753791629905955 0 7.0585641470693039
-0.055728200657643973 -0.63291516775288947 0 7.905242391514042
-0.045452017893528568 -0.62435563202358801 0 8.401092456185939
-0.027820921816233433 -0.60956455159677758 0 9.2229403951127136
-0.010224331667468696 -0.59466887794809475 0 9.9997134490959994
1.1112492374643262e-16 -0.5859521797018713 0 10.431043165744372
0.017537861167441611 -0.5708939846646901 0 11.148098624531947
0.035035985596045038 -0.55573495940445916 0 11.834776256548821
0.045200606501009627 -0.54686675289348441 0 12.21805324556693
0.062631744540606715 -0.53155129850258909 0 12.821189611897612
0.0800179404060119 -0.51613895103711915 0 13.349125306859097
0.090115029014784742 -0.50712515217230314 0 13.623992125568655
0.10742603158902031 -0.4915627367664242 0 14.080736784431824
0.12468692502900093 -0.47590753111445466 0 14.522669181461739
0.13470871762259845 -0.46675430473993224 0 14.771388418972176
0.15188628208342367 -0.45095564732131477 0 15.163569855882177
0.16900862198962327 -0.4350684590091608 0 15.50767732554365
0.17894743229227653 -0.42578220514573012 0 15.686013440702043
0.19597839934321057 -0.40975842122170059 0 15.960979756928927
0.21294909091885564 -0.39365051248031352 0 16.196622136919693
0.22279732956966528 -0.3842378516006078 0 16.314995681201101
0.23966871660423791 -0.36800042739706984 0 16.478424357141019
0.25647485452985408 -0.35168342077766618 0 16.589896822395083
0.26622504829492732 -0.34215117818313417 0 16.631856016997169
0.2829240822354756 -0.32571194335404324 0 16.681392609795523
0.2995529832673493 -0.30919779389084701 0 16.70458575068707
0.30919779389084712 -0.29955298326734914 0 16.706154599271677
0.32571194335404346 -0.28292408223547549 0 16.692484010845174
0.3421511781831344 -0.2662250482949271 0 16.658564891588235
0.35168342077766657 -0.25647485452985397 0 16.628008261044023
0.36800042739707017 -0.23966871660423772 0 16.53490301289645
0.38423785160060814 -0.22279732956966514 0 16.387234941702879
0.39365051248031391 -0.2129490909188555 0 16.277684370163122
0.40975842122170097 -0.19597839934321037 0 16.072490700671022
0.42578220514573051 -0.17894743229227628 0 15.849142365115284
0.43506845900916102 -0.16900862198962296 0 15.709020798044257
0.45095564732131499 -0.15188628208342339 0 15.424105353874719
0.4667543047399324 -0.13470871762259826 0 15.079543950498385
0.475907531114455 -0.12468692502900079 0 14.851680343928955
0.49156273676642448 -0.10742603158902021 0 14.415249658228133
0.50712515217230325 -0.090115029014784659 0 13.922346518784851
0.51613895103711938 -0.080017940406011831 0 13.609582989487226
0.5315512985025892 -0.062631744540606646 0 13.02908099781132
0.54686675289348441 -0.045200606501009544 0 12.394340912005344
0.55573495940445949 -0.035035985596044941 0 12.000475224602505
0.5708939846646901 -0.017537861167441503 0 11.28911416305055
0.58595217970187141 -1.2122718954156286e-17 0 10.53514869429161
0.59466887794809498 0.010224331667468792 0 10.078465877573873
0.60956455159677769 0.02782092181623352 0 9.2883776133418152
0.62435563202358813 0.045452017893528665 0 8.4951836152130173
0.6329151677528897 0.055728200657644125 0 8.0299686825167687
0.64753791629905955 0.073409738514666575 0 7.1905048240952851
0.66205249052091841 0.091120539183271565 0 6.2958328233526872
0.67044948277932992 0.10144069488046957 0 5.7528097960966944
0.68479020805805146 0.11919364094109147 0 4.8259624819869966
0.69901936679904264 0.13697060735912506 0 3.913490122974169
0.70724871843735082 0.14732685881406626 0 3.390166906602242
0.72129881505206694 0.16513768544969845 0 2.5194283774321526
0.73523414801762255 0.18296730345665405 0 1.6870187406473796
0.74329105502659609 0.19335179372164976 0 1.2197627834729112
0.75704242576165015 0.21120701807456729 0 0.43899593372918322
0.77067603625158188 0.22907583085898234 0 -0.3147201058677383
0.77855599589608793 0.23948074211224887 0 -0.73639408738913648
0.79200106505281798 0.25736695835570894 0 -1.3628698513374162
0.80532558248390107 0.27526159842785108 0 -1.8560899383868603
0.81302440021484235 0.28567917043999247 0 -2.0789793713596691
0.82615612483964151 0.3035830812503959 0 -2.3051984435917294
0.83916471515194579 0.32149030156986175 0 -2.327753293784308
0.84667851028366148 0.33191284965275286 0 -2.2513908695034495
0.85949038927133858 0.34982129674911056 0 -2.022989743064183
0.87217676320737358 0.36772800086619695 0 -1.6806002662732595
0.8795019733567655 0.37814793322383616 0 -1.4284733168079473
0.89198805442724316 0.39604792683939 0 -0.88967692237674278
0.90434647368755738 0.41394119791904616 0 -0.21910151738040798
-0.40366038561623413 -0.9090934284345058 0 -0.23503133152500189
-0.38578220949946729 -0.89696794942890057 0 -0.92721003236698407
-0.36789531157350419 -0.88470909988074908 0 -1.4444487130212567
-0.35748212526320883 -0.87751350775782511 0 -1.6667447074654285
-0.33958558644676146 -0.86504533533396355 0 -1.9257282615557161
-0.32168560212435748 -0.85244595583727556 0 -2.0306444348043153
-0.31126724227948066 -0.84505321144667622 0 -2.0222406257977901
-0.29336603341769268 -0.83224811932042131 0 -1.9014063944155988
-0.27546674015874112 -0.81931422050173686 0 -1.6489441881691551
-0.26505126227406201 -0.8117279307776204 0 -1.4441476798420878
-0.24715928527421061 -0.7985923030124934 0 -1.016844581989617
-0.22927465737809691 -0.78533050391443793 0 -0.49971126482496658
-0.21887022570551426 -0.77755462884623316 0 -0.15905124680622656
-0.20100155923425533 -0.76409545410763491 0 0.48999710536717767
-0.18314573480012575 -0.75051297548184448 0 1.2161772846317922
-0.17276060287712416 -0.74255182376683992 0 1.6703479900376541
-0.15492946850181971 -0.72877668708743282 0 2.4682001242577254
-0.13711671508198001 -0.71488134219164146 0 3.2799574871133617
-0.1267592055271306 -0.70673956543284899 0 3.7570001005412523
-0.10897993264656741 -0.69265663747646578 0 4.5791726377558319
-0.091224611752628679 -0.67845682037004451 0 5.400782682517276
-0.080903095423310048 -0.67013940581925013 0 5.8783135619364995
-0.063190085155172729 -0.65575742964875694 0 6.7118660349656549
-0.045506615788970403 -0.64126210099927183 0 7.5610873586976171
-0.035229490403492658 -0.63277436285587796 0 8.0583717250615603
-0.017597178607585206 -0.61810263822894063 0 8.8729429831327895
1.2377938065837715e-16 -0.60332130866092326 0 9.6282802903775551
0.010224331667468929 -0.59466887794809464 0 10.0422340779224
0.027761512041032315 -0.57971724318356099 0 10.74832720064043
0.045257978290581848 -0.56465995421948589 0 11.451359557687629
0.055421130528561 -0.55584876727004318 0 11.854482974757349
0.072848787568311271 -0.54062757874643419 0 12.478739879061409
0.090230175750913355 -0.52530488140863885 0 13.006595903164921
0.1003238022245351 -0.51634116700401433 0 13.273259669117799
0.11762762345890571 -0.50086127637021316 0 13.728124906135646
0.13487966220668368 -0.48528420753094004 0 14.187037756596029
0.14489547834558777 -0.47617447274717728 0 14.452782633760592
0.16206126920649244 -0.46044720194356753 0 14.865265115747208
0.1791698199231555 -0.44462725852826224 0 15.215042910794455
0.18909962525972068 -0.43537827335336238 0 15.390480224693128
0.20611334739525378 -0.41941538755919144 0 15.659388808691292
0.22306444245275908 -0.40336449872539476 0 15.888769530799607
0.23290014278596832 -0.3939832795221786 0 16.003800844422376
0.249747952007803 -0.37779695816157921 0 16.169344732430403
0.26652783249477136 -0.36152745559201338 0 16.293729956195779
0.27626146175510968 -0.35202124748993618 0 16.347160937749774
0.29292974540696992 -0.33562405344460911 0 16.408778562126429
0.30952489821609519 -0.31914863990817333 0 16.432200275991363
0.31914863990817355 -0.30952489821609497 0 16.429122240662224
0.33562405344460938 -0.29292974540696981 0 16.410417979999593
0.35202124748993646 -0.27626146175510952 0 16.376668568723353
0.36152745559201371 -0.26652783249477124 0 16.348079755669822
0.37779695816157949 -0.24974795200780284 0 16.254314989873414
0.39398327952217882 -0.23290014278596818 0 16.099734750919982
0.40336449872539515 -0.22306444245275892 0 15.983754776573846
0.41941538755919189 -0.20611334739525364 0 15.771332524167688
0.43537827335336277 -0.18909962525972043 0 15.546613653838641
0.44462725852826251 -0.17916981992315523 0 15.407778681957383
0.46044720194356764 -0.16206126920649216 0 15.120034866686714
0.47617447274717761 -0.14489547834558758 0 14.764943724629774
0.48528420753094031 -0.13487966220668354 0 14.527974978019204
0.50086127637021338 -0.11762762345890561 0 14.080300988577402
0.51634116700401456 -0.10032380222453501 0 13.582950459375915
0.52530488140863885 -0.090230175750913258 0 13.270289957555145
0.54062757874643419 -0.072848787568311188 0 12.688900331500307
0.55584876727004329 -0.055421130528560902 0 12.050984715070769
0.56465995421948612 -0.045257978290581743 0 11.654125010023757
0.5797172431835611 -0.027761512041032204 0 10.935356917262384
0.59466887794809475 -0.01022433166746883 0 10.170928606057032
0.60332130866092348 -3.0282417286453126e-17 0 9.7075677504495275
0.61810263822894085 0.017597178607585296 0 8.9188022807784044
0.63277436285587818 0.035229490403492755 0 8.1448550246216769
0.64126210099927194 0.045506615788970542 0 7.6977450029572809
0.65575742964875705 0.06319008515517284 0 6.8821973226580564
0.67013940581925013 0.080903095423310145 0 5.9994765917839921
0.67845682037004451 0.091224611752628831 0 5.4588030284469502
0.69265663747646578 0.1089799326465675 0 4.5433026059559491
0.70673956543284899 0.12675920552713069 0 3.6533186947012353
0.71488134219164146 0.13711671508198012 0 3.1480552919933076
0.72877668708743282 0.15492946850181979 0 2.316345326105568
0.74255182376684004 0.1727606028771243 0 1.5327263346782931
0.75051297548184459 0.18314573480012589 0 1.0976781304274763
0.7640954541076348 0.20100155923425536 0 0.37016139922185959
0.77755462884623328 0.21887022570551432 0 -0.33437943158413069
0.78533050391443793 0.22927465737809699 0 -0.73035194707986328
0.7985923030124934 0.24715928527421061 0 -1.3320822745631904
0.81172793077762051 0.26505126227406217 0 -1.8272450994441105
0.81931422050173686 0.27546674015874112 0 -2.0619476393625611
0.83224811932042142 0.29336603341769274 0 -2.3022211244891984
0.84505321144667633 0.31126724227948077 0 -2.3276831476686004
0.85244595583727567 0.32168560212435759 0 -2.2482552613652507
0.86504533533396355 0.33958558644676146 0 -2.0117903512281852
0.87751350775782511 0.35748212526320883 0 -1.6585599623251046
0.88470909988074931 0.36789531157350436 0 -1.3995607858421342
0.89696794942890079 0.38578220949946734 0 -0.86189860256279904
0.90909342843450569 0.40366038561623413 0 -0.21031542494809577
-0.38592594211725129 -0.91695894866065075 0 -0.22817108261064051
-0.36807680806639137 -0.90524428994987949 0 -0.90738276446732236
-0.35021535360916439 -0.8933863887080582 0 -1.4277349551170391
-0.33981539712038983 -0.8864195937390219 0 -1.6587586412370168
-0.32193901636689809 -0.87433672651092187 0 -1.940116644701029
-0.30405611238350894 -0.86211275745489713 0 -2.0758271685381913
-0.2936463585944733 -0.85493394348462926 0 -2.0889150101777583
-0.27575778753718 -0.84248861625562721 0 -2.0080811620753596
-0.25786859852544525 -0.82990460743860917 0 -1.7988885564471813
-0.24745792052824978 -0.82251741127185751 0 -1.6204340409509705
-0.22957248305317818 -0.80971609348532458 0 -1.2371289865408028
-0.21169242612106168 -0.79677879254887884 0 -0.76170988044868326
-0.20128983705587022 -0.78918726897734282 0 -0.44443986930136942
-0.18342308551380695 -0.77603714656962419 0 0.16187777466578088
-0.16556779060224458 -0.76275401506855167 0 0.84179196855779159
-0.15518242017111347 -0.75496263299353328 0 1.2674408039001102
-0.1373500944646614 -0.74147160074007834 0 2.0122570121735373
-0.11953536275533697 -0.7278508052303061 0 2.7659407554287285
-0.10917643271566869 -0.71986444189507459 0 3.2082768321890356
-0.091394417696875938 -0.70604109250018376 0 3.9888881455147898
-0.073636178413789805 -0.69209149236294776 0 4.7947283806705165
-0.063312977176427948 -0.68391542568383612 0 5.2733980670912119
-0.045597258575609027 -0.66976903560309953 0 6.1026878541656799
-0.02791152440816836 -0.65550016760465657 0 6.9365164417743355
-0.017633380875836394 -0.64714006660516488 0 7.4204679901495068
1.2799430014627266e-16 -0.63268057861611948 0 8.2154756014077055
0.017597178607585456 -0.61810263822894052 0 8.9570848684345066
0.027820921816233662 -0.60956455159677747 0 9.3660687889407122
0.045355914361148081 -0.59480255416036387 0 10.073095736481168
0.062848495794447207 -0.57992637369894062 0 10.789707892179482
0.073008509581614756 -0.57121671650179373 0 11.20573729308065
0.090429100876982457 -0.55616341998446595 0 11.84817904662753
0.10780109953762865 -0.5410004436361473 0 12.387452660391359
0.11788809586359322 -0.53212598224782637 0 12.658106645294767
0.13517835809414097 -0.51679319210134911 0 13.121867763105838
0.15241389190559579 -0.50135544795965092 0 13.593227780479189
0.16241865146064557 -0.4923232832638984 0 13.867434539980563
0.17956278947332746 -0.47672337028655709 0 14.290204030611822
0.19664612741674461 -0.46102343952081354 0 14.644019089210621
0.20655952725847496 -0.45184098847529813 0 14.819039309840912
0.22354192597187406 -0.43598685630411127 0 15.084403806712867
0.24045753535847861 -0.42003783962476843 0 15.30690226303579
0.25027057634318217 -0.41071281528236647 0 15.417064168252301
0.2670758477127807 -0.3946178652905607 0 15.583064233160686
0.28380844089802543 -0.37843334689352309 0 15.720519414575373
0.29351227473479019 -0.36897373699174912 0 15.786307299726749
0.31012530398019872 -0.35265183078886581 0 15.861493021131196
0.32665988422692127 -0.33624583998474977 0 15.88651185005938
0.33624583998474988 -0.3266598842269211 0 15.879547813362056
0.35265183078886597 -0.31012530398019866 0 15.856666106806237
0.36897373699174935 -0.29351227473479002 0 15.823409048078803
0.37843334689352337 -0.28380844089802532 0 15.796745378919221
0.39461786529056092 -0.26707584771278048 0 15.701371299237286
0.41071281528236675 -0.25027057634318201 0 15.537860669505447
0.42003783962476887 -0.2404575353584785 0 15.413835597976766
0.43598685630411171 -0.22354192597187386 0 15.190630285779385
0.45184098847529847 -0.20655952725847476 0 14.960103781425873
0.46102343952081382 -0.19664612741674431 0 14.8198070031223
0.47672337028655715 -0.17956278947332724 0 14.527048313942855
0.49232328326389857 -0.16241865146064532 0 14.162979712762567
0.50135544795965137 -0.15241389190559562 0 13.919289496246366
0.51679319210134944 -0.13517835809414089 0 13.462224543527975
0.53212598224782626 -0.1178880958635931 0 12.958919486449505
0.54100044363614752 -0.10780109953762858 0 12.644376950124098
0.55616341998446606 -0.090429100876982388 0 12.062175007031625
0.57121671650179384 -0.073008509581614672 0 11.426513042568098
0.57992637369894084 -0.062848495794447096 0 11.031905240368761
0.59480255416036398 -0.045355914361147977 0 10.311052904923343
0.60956455159677769 -0.027820921816233562 0 9.5360115922448756
0.61810263822894074 -0.017597178607585359 0 9.064004450634096
0.6326805786161197 -3.8297507130380794e-17 0 8.2779186772973681
0.64714006660516488 0.017633380875836494 0 7.5319064323961236
0.65550016760465679 0.027911524408168496 0 7.1110543121612988
0.66976903560309964 0.045597258575609138 0 6.3328546868483606
0.68391542568383601 0.063312977176428045 0 5.4742318115957689
0.69209149236294787 0.073636178413789971 0 4.9427960206692934
0.70604109250018376 0.091394417696876049 0 4.0541225867480408
0.71986444189507459 0.10917643271566876 0 3.2075553338343794
0.7278508052303061 0.1195353627553371 0 2.7347515440762007
0.74147160074007823 0.13735009446466145 0 1.9643513099224064
0.75496263299353328 0.15518242017111356 0 1.2480959167332715
0.76275401506855167 0.16556779060224466 0 0.85518623573712405
0.77603714656962386 0.18342308551380698 0 0.20677482040339154
0.78918726897734282 0.20128983705587031 0 -0.40990635825237642
0.79677879254887873 0.21169242612106176 0 -0.75263410493741378
0.80971609348532458 0.22957248305317818 0 -1.2889434776582731
0.82251741127185762 0.24745792052824983 0 -1.7555627087257075
0.82990460743860928 0.2578685985254453 0 -1.9898860561483664
0.84248861625562743 0.27575778753718017 0 -2.2467894284891137
0.85493394348462914 0.29364635859447336 0 -2.3091868500703598
0.86211275745489713 0.3040561123835091 0 -2.2581315200783179
0.87433672651092187 0.32193901636689809 0 -2.0453233333081604
0.88641959373902213 0.33981539712038983 0 -1.6791211758962545
0.89338638870805842 0.35021535360916456 0 -1.3985720634082972
0.9052442899498796 0.36807680806639143 0 -0.84250988175365094
0.91695894866065064 0.38592594211725134 0 -0.20173079183477563
-0.36811320181955309 -0.92445626689965965 0 -0.216078773324759
-0.35029654452838332 -0.91316550076429892 0 -0.87303904290965184
-0.3324637790072103 -0.90172157486689064 0 -1.400498468879583
-0.32207885572483064 -0.8949911303330621 0 -1.6478266896133276
-0.30422558812311723 -0.88330648553388369 0 -1.9615442423692335
-0.28636254261759531 -0.87147075145329789 0 -2.1325293436849031
-0.27596293255244148 -0.86451328207627287 0 -2.1672921223749646
-0.25808950961420513 -0.85244036249246302 0 -2.1239071494350963
-0.24021277439841596 -0.84021875027532678 0 -1.9520267905874968
-0.22980819254743126 -0.83303785745470604 0 -1.7953361039326408
-0.21193140486326226 -0.82058310912470467 0 -1.4527499193449647
-0.19405788822777412 -0.80798239061596022 0 -1.0224932355296765
-0.18365822640628604 -0.80058216526313086 0 -0.73333740863074959
-0.16579515391574101 -0.78775287421520646 0 -0.17709514518318339
-0.14794203487855104 -0.77478065931510665 0 0.45096098627062242
-0.13755733374239704 -0.7671656789447111 0 0.84566842209860416
-0.11972529690256786 -0.75396996493612678 0 1.5352440867519708
-0.10190997545193603 -0.74063469373287538 0 2.2311768899819069
-0.09155039512903422 -0.73281001714080451 0 2.6401207577454877
-0.073766903775613901 -0.71925682323098938 0 3.3830400014869668
-0.056006948912543091 -0.70556775394786775 0 4.1789564959263164
-0.045682738404882212 -0.69753891344647778 0 4.6621450195939742
-0.027965438590931316 -0.68363799136486259 0 5.4787942464436767
-0.010278534467082287 -0.66960518409662095 0 6.2689314131765714
1.2474215963512976e-16 -0.66137817529908827 0 6.7166775993193459
0.01763338087583665 -0.64714006660516477 0 7.4832299523076022
0.035229490403492915 -0.63277436285587796 0 8.2465456316611707
0.045452017893528818 -0.62435563202358801 0 8.6874741692258777
0.062983727333865383 -0.60979164509484041 0 9.4253989671163598
0.080471295387825284 -0.59510464316782674 0 10.134475773921661
0.090627493423183852 -0.58650107215715974 0 10.531674522773455
0.10803981109781731 -0.57162325507924894 0 11.165331317488269
0.12540114534129132 -0.55662728140850726 0 11.732606472833405
0.13548073351666901 -0.54784617027601057 0 12.033292247351294
0.15275602917474815 -0.53266727974846029 0 12.523659418963723
0.16997354987107216 -0.51737535629982323 0 12.983120808594588
0.1799663236880594 -0.50842440364723285 0 13.235236499976152
0.19708711533080395 -0.49295787005626385 0 13.632559413039621
0.21414341351146812 -0.47738367796455594 0 13.982297039911511
0.22403927820596872 -0.46827095912710343 0 14.163560204239507
0.24098829012564313 -0.45253084797465037 0 14.43617782201877
0.25786618547051032 -0.43668868761996055 0 14.658892777738892
0.26765518960158219 -0.42742263082255244 0 14.766340616316452
0.28441540988831449 -0.41142360073628886 0 14.92893599361342
0.30109800791925584 -0.39532834849749676 0 15.065444647343497
0.31077037648740541 -0.38591770912335188 0 15.131751875335715
0.32732511360593702 -0.36967496670618899 0 15.208943845023013
0.34379586179742377 -0.3533420286625597 0 15.237254542692334
0.35334202866255993 -0.34379586179742366 0 15.232649100398985
0.36967496670618927 -0.32732511360593697 0 15.212455430447868
0.38591770912335221 -0.31077037648740535 0 15.179836703824531
0.39532834849749698 -0.30109800791925573 0 15.152604866862298
0.41142360073628914 -0.28441540988831432 0 15.054736684636643
0.42742263082255277 -0.26765518960158202 0 14.886827624559391
0.43668868761996094 -0.25786618547051016 0 14.759334317653094
0.45253084797465076 -0.24098829012564296 0 14.528051963559113
0.4682709591271037 -0.22403927820596847 0 14.286699904662632
0.47738367796455622 -0.2141434135114679 0 14.139363504587616
0.49295787005626412 -0.1970871153308037 0 13.8411183669072
0.50842440364723307 -0.1799663236880592 0 13.481064071526198
0.51737535629982356 -0.16997354987107202 0 13.243335094256068
0.53266727974846051 -0.15275602917474804 0 12.791019580050577
0.54784617027601068 -0.13548073351666889 0 12.283906056832683
0.55662728140850737 -0.12540114534129126 0 11.964143407127091
0.57162325507924916 -0.10803981109781723 0 11.38168296548462
0.58650107215715974 -0.090627493423183769 0 10.758785568526431
0.59510464316782696 -0.080471295387825159 0 10.376531757361695
0.60979164509484052 -0.062983727333865286 0 9.6686831240042181
0.62435563202358824 -0.045452017893528707 0 8.8939708122506786
0.63277436285587829 -0.035229490403492818 0 8.4175702682287827
0.6471400666051651 -0.01763338087583656 0 7.6345748748041107
0.66137817529908838 -2.4143643800347685e-17 0 6.9077396428514302
0.66960518409662118 0.010278534467082427 0 6.5047073158809603
0.68363799136486281 0.027965438590931428 0 5.7569870476368221
0.69753891344647778 0.045682738404882316 0 4.9271127933765122
0.70556775394786786 0.05600694891254325 0 4.4122506648995223
0.71925682323098938 0.073766903775613984 0 3.5608192671336529
0.73281001714080451 0.091550395129034318 0 2.7638838086161233
0.74063469373287538 0.10190997545193617 0 2.3247285266525437
0.75396996493612689 0.11972529690256795 0 1.6059504019958974
0.7671656789447111 0.13755733374239712 0 0.93152884886297826
0.77478065931510665 0.14794203487855118 0 0.56025509578144006
0.78775287421520634 0.16579515391574109 0 -0.029262252128452487
0.80058216526313108 0.1836582264062861 0 -0.5559220118957382
0.80798239061596022 0.19405788822777417 0 -0.83421505042255684
0.82058310912470467 0.21193140486326234 0 -1.273601629401454
0.83303785745470615 0.22980819254743132 0 -1.6654040840661684
0.84021875027532689 0.24021277439841604 0 -1.8686307453438218
0.85244036249246324 0.25808950961420524 0 -2.1282194241892025
0.86451328207627309 0.27596293255244159 0 -2.2687629263383795
0.871470751453298 0.28636254261759542 0 -2.291129107031427
0.8833064855338838 0.30422558812311729 0 -2.1525734605336271
0.89499113033306232 0.32207885572483069 0 -1.7814941139468965
0.90172157486689086 0.33246377900721047 0 -1.4663597713209191
0.91316550076429903 0.35029654452838338 0 -0.86399243006537862
0.92445626689965954 0.36811320181955304 0 -0.20282363257185834
-0.3577147106244894 -0.92865006239101522 0 -0.2075135744515442
-0.33991831198273914 -0.91761187093665886 0 -0.84852637555033728
-0.32210352131697595 -0.90641474325931215 0 -1.3812914338255844
-0.31172805523519542 -0.89982526194085877 0 -1.6406797693712676
-0.2938893954967699 -0.88837822081098106 0 -1.9759317540870012
-0.27603898927626169 -0.87677424940302684 0 -2.1676886380341647
-0.26564587908580034 -0.86994896740110006 0 -2.2142602724435361
-0.24778224143541824 -0.85809853656022206 0 -2.1907149354378119
-0.22991365588676282 -0.84609353647681274 0 -2.0382145175141977
-0.21951311683615921 -0.83903600171327142 0 -1.8929506634566613
-0.20164216457364822 -0.82678855862184997 0 -1.5735958291862782
-0.18377319673716042 -0.81438926283517865 0 -1.1717757634508703
-0.17337564498847019 -0.8071035573710944 0 -0.90147957133409395
-0.15551537071900526 -0.79446639666474494 0 -0.37810802800395321
-0.13766412643134751 -0.78168045395083774 0 0.21668710260834118
-0.12728014824661998 -0.77417119192367334 0 0.591736041923833
-0.10944882003639263 -0.76115252042546544 0 1.2484436969199935
-0.091633658987525193 -0.74798848853844391 0 1.9124884339101096
-0.081273978264914143 -0.74026081133798893 0 2.3037454092001228
-0.063490083054757535 -0.72686973829850532 0 3.0272890665240109
-0.045729561225916177 -0.71333707234298205 0 3.8185689393506195
-0.035405005570316499 -0.70539664098156551 0 4.3039492515629503
-0.017687190175696116 -0.69164316348345123 0 5.1088143299415298
1.5567853274529269e-16 -0.67775219943870224 0 5.8636176887313569
0.010278534467082569 -0.66960518409662106 0 6.2827041784010902
0.027911524408168652 -0.65550016760465657 0 7.0305345970252038
0.045506615788970695 -0.64126210099927194 0 7.8194766630365002
0.05572820065764425 -0.63291516775288947 0 8.2918387147711297
0.073257583397536796 -0.61847032183665129 0 9.0578955807740265
0.090741797378361522 -0.60389718161885053 0 9.754130379267826
0.10089550897822665 -0.59535747638606829 0 10.128198718839412
0.11830253061610274 -0.58058532568928145 0 10.746320986949156
0.13565714144989463 -0.5656899433853726 0 11.335527668896628
0.14573209842587034 -0.55696507315074539 0 11.662847573651767
0.16299809766935655 -0.54187892372885171 0 12.174565175367441
0.18020449741903061 -0.52667489802964185 0 12.617242789369264
0.19018989859295393 -0.51777290943889887 0 12.844520445175029
0.20729637186990429 -0.50238681063338564 0 13.213012349566261
0.22433613553095791 -0.48688846759505239 0 13.556790273969458
0.23422129777932971 -0.47781782303574849 0 13.743804147544216
0.25114996423367686 -0.46214652509969839 0 14.024496477603991
0.26800491455855247 -0.44636887419091242 0 14.250173599545386
0.27777931043256099 -0.43713842550196136 0 14.35699386336286
0.29451217633259363 -0.42119733323535968 0 14.516297089533786
0.31116444788453612 -0.40515601950559738 0 14.646716694437291
0.32081774269757579 -0.39577497948309215 0 14.708479858248712
0.33733716478520942 -0.37958010217791438 0 14.782217194606904
0.35376926675184273 -0.36329135486223413 0 14.813207017935831
0.36329135486223424 -0.3537692667518425 0 14.812473367843042
0.37958010217791455 -0.33733716478520936 0 14.796588703885233
0.39577497948309232 -0.32081774269757568 0 14.764206955854114
0.40515601950559771 -0.31116444788453596 0 14.73539787147951
0.42119733323535985 -0.29451217633259347 0 14.63565861935883
0.43713842550196169 -0.27777931043256088 0 14.46728543126585
0.44636887419091276 -0.2680049145585523 0 14.339840914948233
0.46214652509969872 -0.25114996423367669 0 14.105416988291543
0.47781782303574877 -0.23422129777932946 0 13.856140749503481
0.48688846759505267 -0.22433613553095766 0 13.70257559414242
0.50238681063338575 -0.20729637186990407 0 13.400987755906108
0.5177729094388992 -0.19018989859295374 0 13.048157662490036
0.52667489802964207 -0.1802044974190305 0 12.818599663996208
0.54187892372885205 -0.16299809766935641 0 12.3746306824965
0.55696507315074562 -0.14573209842587026 0 11.866726457210303
0.56568994338537271 -0.13565714144989457 0 11.543083672404887
0.58058532568928156 -0.11830253061610267 0 10.961291569724647
0.5953574763860684 -0.10089550897822656 0 10.350030976200417
0.60389718161885098 -0.090741797378361425 0 9.9787240017914378
0.6184703218366514 -0.073257583397536699 0 9.284797049093461
0.6329151677528897 -0.055728200657644153 0 8.5159445689655051
0.64126210099927206 -0.045506615788970577 0 8.0396790293071128
0.65550016760465701 -0.027911524408168562 0 7.2593565486072764
0.66960518409662118 -0.010278534467082464 0 6.5392314040752062
0.67775219943870235 -1.2057393419562807e-17 0 6.1419514673998137
0.69164316348345134 0.017687190175696227 0 5.4083863773858702
0.7053966409815654 0.035405005570316603 0 4.5980091271223289
0.71333707234298194 0.045729561225916322 0 4.0968574024255275
0.72686973829850532 0.063490083054757632 0 3.2733051683535277
0.74026081133798904 0.08127397826491424 0 2.509520213803095
0.74798848853844391 0.091633658987525332 0 2.0912250601228606
0.76115252042546555 0.10944882003639272 0 1.3993551586012041
0.77417119192367345 0.1272801482466201 0 0.73875172435861747
0.78168045395083774 0.13766412643134765 0 0.3711029634784721
0.79446639666474494 0.15551537071900531 0 -0.19431739169963375
0.8071035573710944 0.17337564498847025 0 -0.67099230349848571
0.81438926283517865 0.18377319673716047 0 -0.90965450741885767
0.82678855862184986 0.20164216457364825 0 -1.2822210450339542
0.83903600171327153 0.21951311683615926 0 -1.6116605289287556
0.84609353647681307 0.22991365588676291 0 -1.7831496077023334
0.85809853656022206 0.2477822414354183 0 -2.0337167916339167
0.86994896740110006 0.26564587908580034 0 -2.2277828217149689
0.87677424940302695 0.2760389892762618 0 -2.3049731745716477
0.88837822081098117 0.29388939549676996 0 -2.2257556952942736
0.89982526194085899 0.31172805523519553 0 -1.8597217143469114
0.90641474325931237 0.32210352131697606 0 -1.5253619148329292
0.91761187093665897 0.33991831198273914 0 -0.89184676583765943
0.92865006239101522 0.35771471062448934 0 -0.2078779650233433
-0.33980057599646352 -0.93556484286002806 0 -0.19745154658230515
-0.32204094062330951 -0.92497046532723248 0 -0.81883205878710474
-0.30425886579285188 -0.91420724607684822 0 -1.3546423821689602
-0.29390065906414226 -0.90786570819836132 0 -1.6248703804197822
-0.27608873986704535 -0.89683677343945156 0 -1.9774728903713816
-0.25826157564891405 -0.88564084837278523 0 -2.1823429273069754
-0.24788046919354592 -0.87904839519091016 0 -2.235374725014851
-0.23003499398645219 -0.86759000541755693 0 -2.2349940125544876
-0.21218165518912518 -0.8559668844498054 0 -2.1224971708030784
-0.20178873994680352 -0.84912691081269565 0 -2.0075829587937126
-0.18392890193144412 -0.83724522305753013 0 -1.7464352597049766
-0.16606874633441177 -0.82520147312232839 0 -1.4090682071410803
-0.15567536047926492 -0.81811798972770033 0 -1.1788255073581302
-0.13782075908638344 -0.80582021978305995 0 -0.72651684976397801
-0.11997352669305708 -0.79336346655802015 0 -0.20491076587901569
-0.10959121956774542 -0.78604109992599547 0 0.1278308085373594
-0.091761797299336562 -0.77333552050530197 0 0.72974027669948405
-0.073947545724750013 -0.76047444428535793 0 1.364231804020172
-0.063588039589808243 -0.75291843329409203 0 1.7483617026822931
-0.045804015223963906 -0.73981436623904973 0 2.4524001237292019
-0.028043051599064613 -0.72655869180191024 0 3.2117421403668307
-0.017718201428806896 -0.71877488070537898 0 3.6736945292055583
1.1227748370996891e-16 -0.70528268311801179 0 4.4417142975634292
0.017687190175696386 -0.69164316348345112 0 5.1658784330560659
0.027965438590931552 -0.68363799136486259 0 5.5707916073838097
0.04559725857560927 -0.66976903560309931 0 6.310739203254248
0.063190085155172965 -0.65575742964875672 0 7.1142432891647394
0.073409738514666714 -0.64753791629905955 0 7.603285176180389
0.090934560119611152 -0.63330456383723888 0 8.3795985655696477
0.10841240408464435 -0.61893360779717588 0 9.0583822086911638
0.11856146598205407 -0.61050733604548679 0 9.4121035468696697
0.13595869060612797 -0.59592290526586444 0 10.015731306253112
0.15330098134302914 -0.58120627820335247 0 10.621753437648872
0.16336749744196585 -0.57258137276427346 0 10.970314880532257
0.18061662272733667 -0.55766010081133199 0 11.493958319748357
0.19780291622049345 -0.54261238422316538 0 11.911197524965029
0.20777501985704205 -0.53379748716423725 0 12.109022714108175
0.22485571814629529 -0.5185544860592487 0 12.440452245522344
0.24186577548311022 -0.50319111783419901 0 12.769770605480586
0.25173173334013743 -0.49419536080454596 0 12.957793858690611
0.26862393006708274 -0.47864656808228823 0 13.241771891905492
0.28543779563580546 -0.46298379110000693 0 13.470593558104415
0.29518605312723034 -0.45381676449787178 0 13.578944021732239
0.31187000451785946 -0.43797888868954282 0 13.737114469671148
0.32846808327344607 -0.42203369440715716 0 13.861137926872821
0.33808730927478697 -0.41270541369887737 0 13.917350702358958
0.35454367873423442 -0.39659587504396449 0 13.987560483013761
0.37090681191012942 -0.38038594247472102 0 14.023910580222076
0.38038594247472118 -0.3709068119101292 0 14.029640805599815
0.39659587504396465 -0.35454367873423431 0 14.019241775303296
0.41270541369887753 -0.33808730927478692 0 13.983620061909397
0.42203369440715732 -0.32846808327344584 0 13.949577235999609
0.43797888868954316 -0.31187000451785929 0 13.845282543079056
0.45381676449787212 -0.29518605312723017 0 13.679421396226152
0.46298379110000726 -0.2854377956358054 0 13.556057777240945
0.47864656808228845 -0.26862393006708257 0 13.323339079291276
0.49419536080454629 -0.25173173334013726 0 13.067681449486471
0.50319111783419923 -0.24186577548310997 0 12.90742603535038
0.51855448605924892 -0.22485571814629504 0 12.600358818709836
0.53379748716423758 -0.20777501985704183 0 12.251272731528941
0.5426123842231656 -0.19780291622049329 0 12.027674929787525
0.55766010081133244 -0.18061662272733656 0 11.593031231824593
0.57258137276427368 -0.16336749744196577 0 11.092296716082146
0.58120627820335247 -0.15330098134302908 0 10.772228693353741
0.59592290526586456 -0.13595869060612792 0 10.201088265207934
0.61050733604548668 -0.11856146598205397 0 9.607025227920138
0.61893360779717621 -0.10841240408464425 0 9.2486420860040806
0.63330456383723899 -0.090934560119611055 0 8.5799179265647467
0.64753791629905955 -0.073409738514666617 0 7.8398530258200481
0.65575742964875716 -0.063190085155172868 0 7.3810551903807102
0.66976903560309953 -0.04559725857560918 0 6.6171586361024088
0.6836379913648627 -0.027965438590931445 0 5.8942818950284845
0.69164316348345123 -0.017687190175696237 0 5.4889568753468545
0.7052826831180119 0 0 4.7661526200575981
0.71877488070537898 0.017718201428807003 0 4.0026564209398492
0.72655869180191013 0.028043051599064752 0 3.5441269277683918
0.73981436623904973 0.045804015223964011 0 2.8003661529796791
0.75291843329409214 0.06358803958980834 0 2.1219264754577463
0.76047444428535793 0.073947545724750152 0 1.7540270622699734
0.77333552050530208 0.091761797299336673 0 1.1224842450576917
0.78604109992599547 0.10959121956774553 0 0.48524975107243684
0.79336346655802015 0.11997352669305721 0 0.11661448770858812
0.80582021978305995 0.1378207590863835 0 -0.4390044778844433
0.81811798972770045 0.155675360479265 0 -0.88638302915557621
0.82520147312232839 0.16606874633441182 0 -1.0984816568164373
0.83724522305753002 0.18392890193144415 0 -1.4010191293588021
0.84912691081269565 0.20178873994680363 0 -1.6285966254082331
0.85596688444980529 0.21218165518912524 0 -1.7290717001401115
0.86759000541755693 0.23003499398645225 0 -1.8822212096081139
0.87904839519091049 0.24788046919354598 0 -2.0158148675896541
0.88564084837278545 0.25826157564891417 0 -2.076164424638796
0.89683677343945178 0.27608873986704541 0 -2.0172830718771904
0.90786570819836165 0.29390065906414231 0 -1.7363536503841606
0.91420724607684845 0.304258865792852 0 -1.4754431847132459
0.92497046532723237 0.32204094062330957 0 -0.9143717286964641
0.93556484286002795 0.33980057599646346 0 -0.22421010247989098
-0.32183640000536207 -0.94211200473336454 0 -0.19522066421535478
-0.30411552768183209 -0.93197351216502333 0 -0.80957715481903558
-0.28636802839626568 -0.92165633332317565 0 -1.3392073361033427
-0.27602809981051202 -0.91556981844108642 0 -1.6057924440557716
-0.25824456455704364 -0.90497117141510042 0 -1.9465861133707594
-0.2404421534373416 -0.89419547625738005 0 -2.1318433169409019
-0.2300738709086266 -0.88784293492790056 0 -2.1719293594851732
-0.21224786889428043 -0.87678872884786663 0 -2.1790967371457355
-0.19441096766163452 -0.86555957652478654 0 -2.1159850830704814
-0.18402631639855566 -0.85894416744989488 0 -2.0470427699157816
-0.16617860617805613 -0.84744019923538561 0 -1.8695608883780577
-0.14832817317858524 -0.8357638550235289 0 -1.6176298112004293
-0.13793943851726923 -0.82888944057349734 0 -1.4378760539670685
-0.12009127286366682 -0.81694271845858157 0 -1.0758552945946631
-0.10224873284473281 -0.80482666086856225 0 -0.64887516527866351
-0.09186845845599817 -0.7976978099609674 0 -0.37042993218982267
-0.074041511006137775 -0.78531655624936603 0 0.17946243358667111
-0.056228679866704365 -0.77276947697459319 0 0.81987126123401288
-0.045869623116791297 -0.76539146373747402 0 1.2288217363703742
-0.028085910268439492 -0.75258511023638164 0 1.9325199878426489
-0.010324915250531764 -0.73961690669196156 0 2.6260966459680009
1.1398263310468059e-16 -0.73199570477821752 0 3.0257678223134059
0.017718201428807121 -0.71877488070537887 0 3.7347195642444349
0.035405005570316769 -0.7053966409815654 0 4.4733149094472573
0.045682738404882454 -0.69753891344647778 0 4.9148882953528963
0.063312977176428184 -0.68391542568383601 0 5.6819225519108363
0.080903095423310256 -0.67013940581925002 0 6.4552701241272805
0.09112053918327169 -0.66205249052091841 0 6.9045432201702344
0.10864027866144491 -0.6480392961718664 0 7.6349194710477342
0.12611116573973744 -0.63387888973698459 0 8.304936424259445
0.1362552008196537 -0.62557078026974955 0 8.6682608364698037
0.15364191031855345 -0.61118195156435529 0 9.2771855512592492
0.17097106275220575 -0.59665165163414058 0 9.8691639161667037
0.18102861045382521 -0.58813097385687096 0 10.201739674954057
0.19825985817471492 -0.57338165553896203 0 10.700979988285944
0.21542490763116504 -0.55849700922342504 0 11.100074677823233
0.22538298463092879 -0.54977299349697317 0 11.289790257945908
0.24243653141265259 -0.53467935291703617 0 11.60525279243995
0.25941533855435339 -0.51945690870837236 0 11.915091445890893
0.26926111152251547 -0.51053935800859673 0 12.090824247004077
0.28611500460521028 -0.49511852823543867 0 12.362254701408256
0.30288575264016876 -0.47957577651850208 0 12.590814306559881
0.31260659253947998 -0.47047503064202939 0 12.70392397835468
0.32923925852751101 -0.45474504699236429 0 12.867700166784125
0.34578054564255561 -0.43890035414992207 0 12.99246673309932
0.35536408123113683 -0.42962725027831628 0 13.047297356866657
0.37175441743916016 -0.41360698074520935 0 13.118548827745803
0.3880453473023095 -0.39747951736905252 0 13.161179600969531
0.39747951736905263 -0.38804534730230938 0 13.172313259601349
0.41360698074520946 -0.3717544174391601 0 13.164073692550332
0.42962725027831655 -0.35536408123113677 0 13.120165862471676
0.43890035414992229 -0.34578054564255545 0 13.077485268228772
0.45474504699236451 -0.32923925852751079 0 12.966915562590177
0.47047503064202967 -0.31260659253947981 0 12.807770767761436
0.47957577651850247 -0.30288575264016865 0 12.693454523223119
0.495118528235439 -0.28611500460521005 0 12.472094719578443
0.51053935800859696 -0.26926111152251525 0 12.220676866613516
0.51945690870837269 -0.25941533855435317 0 12.059736156483419
0.53467935291703639 -0.2424365314126524 0 11.747670935999432
0.54977299349697351 -0.2253829846309286 0 11.389030073229737
0.55849700922342527 -0.21542490763116487 0 11.158742707251665
0.57338165553896236 -0.19825985817471481 0 10.725099077722497
0.58813097385687108 -0.18102861045382515 0 10.243249795959954
0.5966516516341408 -0.17097106275220567 0 9.9411839745926383
0.61118195156435551 -0.1536419103185534 0 9.3939164870554279
0.62557078026974955 -0.13625520081965362 0 8.8121794894336851
0.6338788897369847 -0.12611116573973732 0 8.4573757097359756
0.6480392961718664 -0.10864027866144481 0 7.8142169107915347
0.66205249052091852 -0.091120539183271579 0 7.1279351777860569
0.67013940581925024 -0.080903095423310159 0 6.7099370496699837
0.68391542568383634 -0.063312977176428115 0 5.9788747478180593
0.69753891344647811 -0.04568273840488235 0 5.2343211163008023
0.70539664098156563 -0.035405005570316617 0 4.7967424571438002
0.71877488070537887 -0.017718201428807007 0 4.0666889670118502
0.73199570477821752 -3.9993906352519506e-18 0 3.3683077142512845
0.73961690669196134 0.010324915250531903 0 2.9779264563352661
0.75258511023638164 0.028085910268439592 0 2.3572114398745203
0.76539146373747391 0.045869623116791387 0 1.8029114748016861
0.77276947697459319 0.056228679866704503 0 1.5053403625314656
0.78531655624936603 0.074041511006137886 0 0.95467269663896814
0.79769780996096729 0.091868458455998253 0 0.34285436790032853
0.80482666086856225 0.10224873284473297 0 -0.034836844180177351
0.81694271845858157 0.12009127286366687 0 -0.6224367171580949
0.82888944057349745 0.13793943851726931 0 -1.1191150302958437
0.83576385502352901 0.14832817317858532 0 -1.3634317873031467
0.84744019923538561 0.16617860617805616 0 -1.6610257067831271
0.85894416744989488 0.18402631639855571 0 -1.7985403189325757
0.86555957652478654 0.1944109676616346 0 -1.8083405032082154
0.87678872884786663 0.21224786889428049 0 -1.7519147842068141
0.8878429349279009 0.23007387090862669 0 -1.609895558715476
0.89419547625738027 0.24044215343734171 0 -1.4950338318387679
0.90497117141510064 0.2582445645570437 0 -1.3387111058085561
0.91556981844108665 0.27602809981051213 0 -1.2482238603995428
0.92165633332317587 0.28636802839626579 0 -1.2090298980476284
0.93197351216502367 0.30411552768183214 0 -0.89779223999337487
0.94211200473336454 0.3218364000053619 0 -0.25019324338899374
-0.31136267378464588 -0.94575351066878532 0 -0.19759682560844521
-0.29366506894044025 -0.93588572396048764 0 -0.81328986322054653
-0.27593834258990707 -0.92583356618121937 0 -1.3344240574650514
-0.26560940405724309 -0.91989864843274427 0 -1.5921114777613545
-0.24784294930988288 -0.90955590234938066 0 -1.9134621467130837
-0.23005545106955613 -0.89903027064163821 0 -2.074854498684144
-0.21969490248566445 -0.89282055611225553 0 -2.1007897940002151
-0.20188065794875193 -0.88200707839033188 0 -2.1078344634559789
-0.18405369814085165 -0.87101269828861161 0 -2.0785220036576555
-0.17367405292464558 -0.86453116747703718 0 -2.0432112009370789
-0.15583370320340101 -0.85325247671722826 0 -1.9247662974457445
-0.13798918883787453 -0.84179537097017021 0 -1.7301428076061045
-0.12760329450164887 -0.83504576181181944 0 -1.5831773635915551
-0.10975907499638314 -0.82330868153592096 0 -1.27887342955411
-0.09191943370043193 -0.81139618116951084 0 -0.91179154023184361
-0.0815404265103431 -0.80438299407296943 0 -0.66743373655919369
-0.063715043725039361 -0.7921956589298661 0 -0.14588442765907675
-0.045903141855932354 -0.77983640631333773 0 0.50798704718713816
-0.035544398194522181 -0.772564904479766 0 0.93961187189551276
-0.017760944537693089 -0.75993675824682139 0 1.6474074580796609
1.5571255759313662e-16 -0.74714070183904646 0 2.2920393233338254
0.010324915250532031 -0.73961690669196156 0 2.6437577900656564
0.02804305159906488 -0.72655869180191024 0 3.3128034467800642
0.045729561225916489 -0.71333707234298183 0 4.0754556650748599
0.056006948912543375 -0.70556775394786775 0 4.5548420128923279
0.073636178413790096 -0.69209149236294765 0 5.3485794848849517
0.09122461175262897 -0.67845682037004451 0 6.0884419101399843
0.10144069488046971 -0.67044948277933003 0 6.4948388181991072
0.11895732459745144 -0.6565684481326246 0 7.1789292706550043
0.1364239755985325 -0.64253447265958674 0 7.8464600517693865
0.14656495750785595 -0.63429733417781331 0 8.2251393149747756
0.16394529181976122 -0.62002601520494183 0 8.8423629538918167
0.18126649131494385 -0.60560768392961895 0 9.4125925520675473
0.19131861511958695 -0.59714965235505435 0 9.7207001405902211
0.20853905833683548 -0.58250370774567495 0 10.19123260293534
0.22569127715205997 -0.56771711855609874 0 10.58285253087204
0.23564088592465307 -0.55904776151753333 0 10.776403985501773
0.25267804590841697 -0.54404396642360531 0 11.091287823873415
0.26963799862423832 -0.52890631078144945 0 11.388028142514257
0.27947159579292497 -0.5200358213512446 0 11.551250415249465
0.29630238765113925 -0.50469200589559382 0 11.808911480499235
0.31304713607481077 -0.48922150436105627 0 12.035380822466642
0.32275144548333468 -0.48016066218647296 0 12.151919935062185
0.33935319439753009 -0.4644956424188017 0 12.321129561988341
0.35586024979798175 -0.44871147282291507 0 12.449168631255271
0.3654222748765289 -0.43947160107611949 0 12.504934004191874
0.38177281711060557 -0.42350510292209631 0 12.578847697866889
0.39802024027016197 -0.40742732176844354 0 12.625531940374433
0.40742732176844371 -0.39802024027016181 0 12.639215924893433
0.42350510292209648 -0.38177281711060551 0 12.630951687106643
0.43947160107611971 -0.3654222748765289 0 12.580475160868618
0.44871147282291524 -0.35586024979798159 0 12.531540295301964
0.46449564241880187 -0.33935319439752998 0 12.416897585768634
0.48016066218647324 -0.32275144548333456 0 12.263383797111302
0.48922150436105666 -0.31304713607481055 0 12.156148060145441
0.50469200589559404 -0.29630238765113903 0 11.945148995428845
0.52003582135124504 -0.27947159579292474 0 11.700371155083435
0.52890631078144978 -0.26963799862423815 0 11.541324086946153
0.54404396642360564 -0.25267804590841669 0 11.226811987711216
0.55904776151753366 -0.23564088592465288 0 10.85795938992648
0.56771711855609885 -0.22569127715205983 0 10.619148593815449
0.58250370774567528 -0.20853905833683534 0 10.183288488337098
0.59714965235505435 -0.19131861511958689 0 9.7170831485984639
0.60560768392961917 -0.1812664913149438 0 9.4309487409086064
0.62002601520494194 -0.16394529181976117 0 8.9030957883273203
0.63429733417781342 -0.14656495750785586 0 8.3277105116257122
0.64253447265958685 -0.13642397559853239 0 7.9721179211931048
0.65656844813262472 -0.11895732459745136 0 7.344674177416687
0.67044948277933014 -0.10144069488046961 0 6.6989473703152713
0.67845682037004473 -0.091224611752628873 0 6.3130276781566641
0.69209149236294809 -0.073636178413790013 0 5.608076499506315
0.70556775394786786 -0.056006948912543264 0 4.8466817912400559
0.71333707234298194 -0.04572956122591635 0 4.3834417075696006
0.72655869180191035 -0.028043051599064773 0 3.6428894469204849
0.73961690669196156 -0.010324915250531922 0 2.9847383875674729
0.74714070183904624 -1.5034746145811664e-17 0 2.638952091092897
0.75993675824682139 0.017760944537693186 0 2.1001419917460757
0.77256490447976589 0.035544398194522271 0 1.6298421045345737
0.77983640631333773 0.045903141855932493 0 1.3804772580379685
0.79219565892986621 0.063715043725039458 0 0.8867059786119611
0.80438299407296943 0.081540426510343197 0 0.29557304074905527
0.81139618116951084 0.091919433700432054 0 -0.086299505083096459
0.82330868153592096 0.1097590749963832 0 -0.70196926897605816
0.83504576181181966 0.12760329450164895 0 -1.25212993541777
0.84179537097017021 0.13798918883787462 0 -1.5355481341451056
0.85325247671722815 0.15583370320340101 0 -1.8569293099607542
0.8645311674770374 0.17367405292464566 0 -1.9558409049840895
0.87101269828861172 0.18405369814085173 0 -1.9135718425367363
0.88200707839033177 0.20188065794875198 0 -1.7012440161117477
0.89282055611225575 0.21969490248566451 0 -1.3177448755794192
0.89903027064163821 0.23005545106955619 0 -1.0375065174976421
0.90955590234938077 0.2478429493098829 0 -0.7731418744227716
0.91989864843274449 0.2656094040572432 0 -0.82585458881907126
0.92583356618121959 0.27593834258990718 0 -0.96663576110478333
0.93588572396048775 0.29366506894044031 0 -0.86620368102890166
0.94575351066878521 0.31136267378464577 0 -0.26643420589090494
-0.29334121513421552 -0.95172121993287528 0 -0.20233938794027459
-0.27568444824900568 -0.94232751844465734 0 -0.81594595993128094
-0.25799418637421739 -0.93273978323056372 0 -1.3068279352230376
-0.24768454068623658 -0.92707065477727713 0 -1.536032493938013
-0.22994807037275522 -0.91717678601912023 0 -1.8206444783959976
-0.21218674886561556 -0.90709005508112039 0 -1.9648793501264803
-0.20183977351729068 -0.90113114104195779 0 -1.9909164428288335
-0.18404615799028529 -0.8907405695392393 0 -2.0326308524771566
-0.16623663160388846 -0.88015886587139125 0 -2.0836654578168821
-0.15586575965633512 -0.87391276639087379 0 -2.1132530019260534
-0.13803829846771332 -0.86303040716193125 0 -2.0964868451826275
-0.12020413182842549 -0.8519592142439848 0 -1.9853081329465081
-0.10982319452569538 -0.84542938351999852 0 -1.8785451178243329
-0.091985844913248335 -0.83406162510690285 0 -1.6293666255895791
-0.074151225863040668 -0.82250790637946003 0 -1.2998893084598424
-0.063774400843818566 -0.81569866232624033 0 -1.0707364559323769
-0.045951686473773658 -0.80385338047033739 0 -0.5889214373071846
-0.028141332014790431 -0.79182558924239665 0 0.0050655666384189085
-0.017783087321761419 -0.78474211749322587 0 0.39463890226400911
1.1243061603798653e-16 -0.77242867893710776 0 1.0476872664276173
0.017760944537693363 -0.7599367582468215 0 1.6642213874115335
0.028085910268439717 -0.75258511023638175 0 2.0106666449851054
0.045804015223964142 -0.73981436623904961 0 2.670571913369113
0.063490083054757798 -0.72686973829850521 0 3.4212995180804091
0.073766903775614123 -0.71925682323098927 0 3.8925794715918189
0.091394417696876173 -0.70604109250018343 0 4.6720117872153644
0.10897993264656762 -0.69265663747646555 0 5.397536516992262
0.11919364094109157 -0.68479020805805124 0 5.7954827950803214
0.13670481659871411 -0.67114324893123067 0 6.4621330735651386
0.15416400942116318 -0.65733327294691479 0 7.1081480533039336
0.16429960484125555 -0.64922190483882269 0 7.4720363916980883
0.18166867486003926 -0.63515887667983395 0 8.0526456469587373
0.19897580277142088 -0.6209390690541059 0 8.5713702995580441
0.20901832185435487 -0.61259213408377566 0 8.8445285272126011
0.22621961967705015 -0.59812954800338025 0 9.2744978167406238
0.24334908800278945 -0.5835169278975082 0 9.654195964877248
0.25328367531389262 -0.5749445611488615 0 9.8520900876969026
0.27029175757172696 -0.56010022030118722 0 10.16503363837041
0.28721824234490423 -0.54511307307625567 0 10.443870355439454
0.29703022186207978 -0.53632613406388185 0 10.590440495140664
0.31381999096524926 -0.52111906391456142 0 10.825317018079019
0.33051856127719736 -0.50577686765218577 0 11.038768864505593
0.34019350741473414 -0.4967868958668053 0 11.152018001383171
0.35674033314985276 -0.48123726496902419 0 11.319699246143575
0.37318657203515293 -0.46556060774413216 0 11.450987306009427
0.3827103795970882 -0.45637977293607307 0 11.510631862105612
0.39899021851249317 -0.44050880488487798 0 11.591480632081863
0.41516034115244177 -0.42451929351051493 0 11.64498398964653
0.42451929351051515 -0.41516034115244171 0 11.662286528910634
0.44050880488487815 -0.39899021851249311 0 11.655088597662623
0.45637977293607335 -0.38271037959708815 0 11.598525541582097
0.46556060774413238 -0.37318657203515282 0 11.543557182349627
0.48123726496902447 -0.35674033314985265 0 11.426292544552306
0.49678689586680563 -0.34019350741473403 0 11.281685665644558
0.50577686765218632 -0.3305185612771972 0 11.184212446108598
0.52111906391456175 -0.31381999096524898 0 10.986462501917492
0.5363261340638823 -0.29703022186207956 0 10.748901661340355
0.54511307307625612 -0.28721824234490401 0 10.591398219840553
0.56010022030118756 -0.27029175757172669 0 10.276511157615909
0.57494456114886172 -0.25328367531389245 0 9.903724034633516
0.58351692789750864 -0.24334908800278929 0 9.6618672341010043
0.59812954800338047 -0.22621961967705004 0 9.2324678278867811
0.61259213408377577 -0.20901832185435479 0 8.7894020681120235
0.62093906905410601 -0.19897580277142085 0 8.5235915351067213
0.63515887667983406 -0.18166867486003921 0 8.029423557196445
0.64922190483882292 -0.1642996048412555 0 7.4844016811539547
0.65733327294691501 -0.1541640094211631 0 7.1456745982199781
0.6711432489312309 -0.13670481659871403 0 6.5562575183421243
0.68479020805805135 -0.11919364094109147 0 5.9615369164758132
0.692656637476466 -0.10897993264656755 0 5.6100415968257478
0.70604109250018388 -0.091394417696876104 0 4.9529946113658685
0.71925682323098961 -0.07376690377561404 0 4.2226730756488848
0.72686973829850543 -0.063490083054757659 0 3.769621255026038
0.73981436623904984 -0.045804015223964024 0 3.0305845297740697
0.75258511023638175 -0.028085910268439606 0 2.3534481527163611
0.75993675824682139 -0.017760944537693217 0 1.9906461638056334
0.77242867893710765 -1.8904262873643748e-17 0 1.4641804693118956
0.78474211749322575 0.017783087321761506 0 1.0659006486381739
0.79182558924239665 0.02814133201479057 0 0.88352088946979224
0.80385338047033739 0.045951686473773762 0 0.50930201791055507
0.81569866232624011 0.063774400843818649 0 0.038421464323996041
0.82250790637946003 0.074151225863040807 0 -0.27503464318757836
0.83406162510690285 0.091985844913248418 0 -0.80687557644886887
0.84542938351999863 0.1098231945256954 0 -1.3196060463269086
0.85195921424398491 0.12020413182842554 0 -1.6027516745893668
0.86303040716193125 0.13803829846771334 0 -1.9613933537858825
0.87391276639087401 0.15586575965633515 0 -2.1454579485621967
0.88015886587139136 0.16623663160388857 0 -2.1628984479171165
0.8907405695392393 0.18404615799028531 0 -1.8921482481935836
0.90113114104195791 0.20183977351729074 0 -1.2234264909729171
0.90709005508112039 0.21218674886561567 0 -0.69510595878660808
0.91717678601912034 0.22994807037275525 0 -0.19876255457047406
0.92707065477727735 0.24768454068623663 0 -0.30871416959680509
0.93273978323056395 0.25799418637421756 0 -0.59911775762489861
0.94232751844465723 0.27568444824900579 0 -0.71451147215802779
0.95172121993287528 0.29334121513421541 0 -0.2445808412786207
-0.27529715590087467 -0.95732458853360447 0 -0.20800180119806982
-0.25768187190837921 -0.94841587547582662 0 -0.81304402041861601
-0.24002862289904334 -0.93930363510736692 0 -1.2523966871140666
-0.22973854509566266 -0.93390680720681196 0 -1.4362822497570489
-0.21203245704072426 -0.9244731014531884 0 -1.6819317974824115
-0.19429761749758043 -0.91483665809870385 0 -1.8452795116729075
-0.18396435152961771 -0.90913520788838498 0 -1.9075151759530327
-0.16619153005507545 -0.89917903697879398 0 -2.0340966983301643
-0.14839951868363541 -0.88902153960175723 0 -2.1953301384762924
-0.13803743098847607 -0.88301758826185761 0 -2.2978636305048425
-0.1202228182254553 -0.87254309649346373 0 -2.3800277898716256
-0.10239888993267848 -0.86186932537449035 0 -2.3286096681667425
-0.092022816775469876 -0.85556594957457444 0 -2.2383358554918873
-0.074192132220686505 -0.8445789323604842 0 -1.9802095829106994
-0.056362280231911775 -0.83339532929243731 0 -1.5941768294888927
-0.045987469040996744 -0.8267965767997788 0 -1.3186816430852777
-0.028167105902584918 -0.81530450403291221 0 -0.86384898147579192
-0.010357954586101562 -0.80361919122223879 0 -0.44919461669663147
1.0310287242869102e-16 -0.79673008980659576 0 -0.21875086814236705
0.017783087321761631 -0.78474211749322542 0 0.29126604370590148
0.035544398194522445 -0.77256490447976589 0 0.96172331337101924
0.045869623116791505 -0.7653914637374738 0 1.4143840569906825
0.063588039589808451 -0.75291843329409203 0 2.1507682449135355
0.081273978264914365 -0.74026081133798882 0 2.8106136896312734
0.091550395129034429 -0.7328100171408044 0 3.1658783865801694
0.10917643271566889 -0.71986444189507448 0 3.8433987696375653
0.1267592055271308 -0.70673956543284877 0 4.6197282290799597
0.13697060735912517 -0.69901936679904264 0 5.1057422036996645
0.15447637859265684 -0.68561540539828358 0 5.847515429141426
0.17192806551606346 -0.67203806033809266 0 6.4470797744766966
0.18205819648691637 -0.66405734862328047 0 6.7350838326940394
0.19941577275598485 -0.65021076522923416 0 7.206129141485027
0.21670846715872519 -0.63619732403464746 0 7.6569070739611957
0.22674110450988894 -0.62796590444583733 0 7.9084681770768199
0.24392265770000418 -0.61369401577901161 0 8.313848866970039
0.26102860890053903 -0.59926237947773486 0 8.6821734019342411
0.27094764624724466 -0.59079093502389224 0 8.878736494979325
0.2879255923007395 -0.57611254451067595 0 9.1863580579501498
0.30481734947058031 -0.56128207195552082 0 9.4543358556380319
0.31460688061826247 -0.55258212005923402 0 9.5920416367353223
0.33135402351013499 -0.53751743952606834 0 9.8070433154883556
0.34800457939810092 -0.52230886442584834 0 9.994747982860293
0.35764898178042503 -0.51339270653088964 0 10.091266125467094
0.37413865636959476 -0.49796326607769353 0 10.241650382447581
0.39052158930053649 -0.48239860250123578 0 10.372210517298987
0.40000560613650021 -0.47327926711739593 0 10.438218282024389
0.41621181834166421 -0.45750781398278129 0 10.528883860211311
0.43230143094243983 -0.44161025121544895 0 10.588967368054963
0.44161025121544911 -0.43230143094243978 0 10.608695667246263
0.45750781398278145 -0.41621181834166415 0 10.604508080600041
0.47327926711739615 -0.40000560613650016 0 10.549683285049907
0.48239860250123595 -0.39052158930053626 0 10.495366834695082
0.49796326607769381 -0.37413865636959459 0 10.381814948894259
0.51339270653088998 -0.35764898178042492 0 10.244684939845129
0.52230886442584878 -0.34800457939810081 0 10.152914662116691
0.53751743952606856 -0.33135402351013471 0 9.9611656589848732
0.55258212005923446 -0.31460688061826225 0 9.7239838171686355
0.56128207195552104 -0.30481734947058003 0 9.5648524812185585
0.57611254451067628 -0.28792559230073922 0 9.2549457956268064
0.59079093502389246 -0.27094764624724443 0 8.8985734215161258
0.59926237947773509 -0.26102860890053892 0 8.6708741201550517
0.61369401577901173 -0.24392265770000401 0 8.2631236040815725
0.62796590444583744 -0.22674110450988885 0 7.8368959323964003
0.63619732403464779 -0.2167084671587251 0 7.5799672769529254
0.65021076522923449 -0.19941577275598479 0 7.1186831646934818
0.66405734862328059 -0.18205819648691626 0 6.6316013611177578
0.67203806033809266 -0.17192806551606332 0 6.3357905709427547
0.68561540539828392 -0.15447637859265673 0 5.7997466728401941
0.69901936679904286 -0.13697060735912506 0 5.2276793158682917
0.70673956543284899 -0.12675920552713071 0 4.8793723926839583
0.7198644418950747 -0.10917643271566883 0 4.2728786969493084
0.73281001714080463 -0.091550395129034332 0 3.6588395649889143
0.74026081133798893 -0.081273978264914226 0 3.2935127353934623
0.75291843329409214 -0.063588039589808354 0 2.5849013992250347
0.7653914637374738 -0.045869623116791387 0 1.764786673540117
0.77256490447976578 -0.035544398194522285 0 1.2524025625624757
0.78474211749322542 -0.017783087321761537 0 0.55605101562939452
0.79673008980659554 -7.9309901868223836e-18 0 0.1258502341720717
0.80361919122223868 0.010357954586101699 0 -0.01367843412746798
0.81530450403291221 0.028167105902585022 0 -0.23990471122608181
0.8267965767997788 0.045987469040996841 0 -0.47313579948346196
0.83339532929243731 0.056362280231911914 0 -0.61283607522200645
0.8445789323604842 0.074192132220686588 0 -0.87373437608510118
0.85556594957457455 0.092022816775469932 0 -1.1622177999449492
0.86186932537449035 0.10239888993267857 0 -1.3458608527026235
0.87254309649346373 0.12022281822545534 0 -1.7305128592295638
0.88301758826185783 0.1380374309884761 0 -2.2083854845548236
0.88902153960175734 0.14839951868363549 0 -2.4939408904388163
0.89917903697879398 0.16619153005507553 0 -2.4656119338999289
0.9091352078883852 0.18396435152961779 0 -1.7119969568786422
0.91483665809870407 0.19429761749758057 0 -1.0012452103850649
0.92447310145318851 0.21203245704072435 0 -0.22001269467146606
0.93390680720681196 0.22973854509566266 0 -0.11556493795349575
0.93930363510736714 0.24002862289904345 0 -0.31881673715035141
0.94841587547582662 0.25768187190837927 0 -0.43155567336629991
0.95732458853360458 0.27529715590087467 0 -0.15309007586830203
-0.2647894159986261 -0.96041872178516396 0 -0.21051981466910266
-0.24719837355113108 -0.95179709232243914 0 -0.80540186409660575
-0.22956672613071444 -0.94296650473864463 0 -1.206697781898598
-0.21928805420560285 -0.93773105458749595 0 -1.3598098682132185
-0.20159964855885809 -0.92857020216037189 0 -1.5857105153207058
-0.18388018436083522 -0.91920092666669595 0 -1.778527352412937
-0.17355485900079778 -0.91365231248168377 0 -1.878282149050162
-0.15579404636883873 -0.90395413613789399 0 -2.0740639864456725
-0.13801210212692488 -0.89404873066181334 0 -2.3057732380665281
-0.12765503866924008 -0.88818874738771636 0 -2.448538743651465
-0.10984772884197111 -0.87795686218095104 0 -2.5799704630218514
-0.092029557292473918 -0.86751961834502778 0 -2.5502697505821783
-0.081656186215598003 -0.86135107738579075 0 -2.4598600254187364
-0.063829142134496086 -0.85059085653193534 0 -2.1741486205385367
-0.046001807331251421 -0.83962783727509094 0 -1.7257661930777124
-0.035628011403333631 -0.83315458624346317 0 -1.405441931450601
-0.017808737925585742 -0.82187319127365355 0 -0.9655395136736763
1.3235338050933029e-16 -0.81039225610882659 0 -0.69697376792696308
0.010357954586101798 -0.80361919122223857 0 -0.59850855098319533
0.028141332014790663 -0.79182558924239621 0 -0.199387097277201
0.045903141855932646 -0.77983640631333739 0 0.53395177565704222
0.056228679866704621 -0.77276947697459308 0 1.0883258598215717
0.073947545724750235 -0.76047444428535771 0 1.8990772334981734
0.091633658987525485 -0.7479884885384438 0 2.4757708706470525
0.10190997545193627 -0.74063469373287516 0 2.7232064431996359
0.11953536275533717 -0.72785080523030576 0 3.3082907483779262
0.13711671508198017 -0.71488134219164101 0 4.1367511959377357
0.14732685881406637 -0.70724871843735071 0 4.7081697096762412
0.16482959457890414 -0.69399032240079861 0 5.5264220121516887
0.18227697349373609 -0.68055237724160289 0 6.0895755557395912
0.19240393404396619 -0.67264997794444292 0 6.3111464932383985
0.20975479019520729 -0.65893315602018177 0 6.6922231783031361
0.22703898771730779 -0.64504346780085819 0 7.0978065904454279
0.23706578488225694 -0.63688133398864832 0 7.3416104533441224
0.25423563307579156 -0.62272384639215295 0 7.7382018585467067
0.27132760162129232 -0.60840080759320048 0 8.0990813500411036
0.28123737657502279 -0.59998993013173629 0 8.2917479778319425
0.29819734529420938 -0.58541114631328528 0 8.594107050627052
0.31506835519594789 -0.57067472798457541 0 8.8582459897886974
0.32484446225616154 -0.56202700150838492 0 8.99373839211054
0.34156609446663283 -0.54704781675088743 0 9.1985343044256513
0.35818789137308882 -0.531919479834568 0 9.3665660832821356
0.36781398938234994 -0.52304764875504683 0 9.448095394706673
0.38426939898228007 -0.50769038739433459 0 9.5822373659341231
0.40061435936373191 -0.49219298099539449 0 9.7103652346591662
0.4100745016521653 -0.48311057807476449 0 9.78043907108691
0.42623652694157887 -0.46739888424563164 0 9.8773096063489696
0.44227780993089738 -0.45155653183253747 0 9.9407148833673897
0.45155653183253758 -0.44227780993089721 0 9.9611004236894356
0.46739888424563192 -0.42623652694157876 0 9.9594798340271602
0.48311057807476471 -0.4100745016521653 0 9.9091553211824941
0.49219298099539477 -0.40061435936373185 0 9.8580734093069076
0.50769038739433481 -0.38426939898227996 0 9.7495012499821119
0.52304764875504717 -0.36781398938234977 0 9.616027984053849
0.53191947983456855 -0.35818789137308882 0 9.5255979224799479
0.54704781675088776 -0.34156609446663261 0 9.3344259178827205
0.56202700150838536 -0.32484446225616131 0 9.0952522978786661
0.57067472798457564 -0.31506835519594756 0 8.9342857590330436
0.58541114631328561 -0.2981973452942091 0 8.6300541196613114
0.5999899301317364 -0.28123737657502257 0 8.2916156186931804
0.60840080759320059 -0.27132760162129221 0 8.0789029772085428
0.62272384639215317 -0.25423563307579145 0 7.6900182644618269
0.63688133398864832 -0.23706578488225682 0 7.2715954630382438
0.64504346780085831 -0.22703898771730771 0 7.0155516655306869
0.65893315602018199 -0.20975479019520726 0 6.5731850456770218
0.67264997794444292 -0.19240393404396611 0 6.130087569287511
0.68055237724160289 -0.18227697349373601 0 5.8688390619897621
0.69399032240079883 -0.16482959457890403 0 5.3698326806636407
0.70724871843735093 -0.14732685881406626 0 4.8010415544928469
0.71488134219164123 -0.13711671508198012 0 4.4434276018336663
0.72785080523030599 -0.11953536275533712 0 3.8689275203916704
0.74063469373287538 -0.10190997545193617 0 3.3567081362595896
0.74798848853844369 -0.091633658987525318 0 3.072975021952761
0.76047444428535782 -0.073947545724750138 0 2.3949971919129722
0.77276947697459286 -0.056228679866704497 0 1.4463809076230039
0.77983640631333717 -0.045903141855932493 0 0.79718523528027474
0.79182558924239621 -0.028141332014790577 0 -0.06945980280061452
0.80361919122223846 -0.010357954586101703 0 -0.5645037771575403
0.81039225610882659 4.9454789541085583e-18 0 -0.69424183378095117
0.82187319127365355 0.017808737925585839 0 -0.83362502553673157
0.83315458624346317 0.035628011403333729 0 -0.89380024648858736
0.83962783727509094 0.046001807331251553 0 -0.89755074447977501
0.85059085653193534 0.06382914213449617 0 -0.93023715833684628
0.86135107738579064 0.081656186215598073 0 -1.0064887944105239
0.86751961834502778 0.092029557292474015 0 -1.0834254629290112
0.87795686218095104 0.10984772884197115 0 -1.4589542725094977
0.88818874738771658 0.12765503866924013 0 -2.1667647638330152
0.89404873066181334 0.138012102126925 0 -2.6770882949107229
0.90395413613789388 0.15579404636883881 0 -2.9078919612674343
0.91365231248168388 0.17355485900079787 0 -2.2145827317447302
0.91920092666669584 0.18388018436083531 0 -1.4528575929959826
0.928570202160372 0.20159964855885817 0 -0.5123354259372791
0.93773105458749595 0.21928805420560285 0 -0.16921806564453495
0.94296650473864496 0.22956672613071455 0 -0.21050994891695402
0.95179709232243914 0.24719837355113111 0 -0.21516276354273103
0.96041872178516408 0.2647894159986261 0 -0.069861971069163462
-0.24673066138611646 -0.96544984403469603 0 -0.18794204807886838
-0.22918111202872685 -0.95732944240916606 0 -0.71863065544441018
-0.21158636515114376 -0.94899094145527318 0 -1.0757451411537453
-0.20132713945102057 -0.94403759286698063 0 -1.2143216495115519
-0.18366881128693607 -0.9353539628907479 0 -1.4722382247524475
-0.16597540548925618 -0.9264522736285089 0 -1.7732743655303822
-0.15566348975469785 -0.9211712838386299 0 -1.9640162855888355
-0.13792286789130007 -0.91192509690285717 0 -2.26163872286764
-0.12015772894020815 -0.90246161491067578 0 -2.5124224934668464
-0.10980899043059247 -0.89685413344656795 0 -2.6327027383145021
-0.09201366584028936 -0.88704795063566999 0 -2.7331957681731742
-0.074204783786025366 -0.87702598513909669 0 -2.6915044634660097
-0.063835689204041784 -0.87109428550708046 0 -2.6028369514189835
-0.046014247175978296 -0.86073261543240365 0 -2.3454166250285073
-0.028190559567717315 -0.85015744194282306 0 -1.9572391804255191
-0.017818104720179882 -0.84390494979399 0 -1.6861279495075665
8.2726398853179923e-17 -0.83299429261788993 0 -1.3465237739617446
0.01780873792558596 -0.82187319127365377 0 -1.1967208989805849
0.028167105902585109 -0.81530450403291232 0 -1.1701511495716321
0.045951686473773852 -0.80385338047033716 0 -0.8186843645429599
0.063715043725039597 -0.7921956589298661 0 -0.02573545531491005
0.074041511006137969 -0.78531655624936592 0 0.60225139419100615
0.091761797299336728 -0.77333552050530197 0 1.448976739544992
0.10944882003639284 -0.76115252042546533 0 1.9257455019988188
0.119725296902568 -0.75396996493612656 0 2.0639486416610233
0.13735009446466154 -0.74147160074007779 0 2.5386037145662854
0.15492946850181985 -0.72877668708743271 0 3.3782017556504345
0.16513768544969856 -0.72129881505206672 0 4.0031454321734241
0.18263554311057206 -0.7082977141819935 0 4.8610382816613367
0.20007576442050903 -0.69510624686559519 0 5.379046157638629
0.21019737262165733 -0.68734234848171738 0 5.5402438351559251
0.22753675702935541 -0.67385507142516743 0 5.8323802699599261
0.24480630846203963 -0.66018435900295114 0 6.1780969755549284
0.254822983500959 -0.65214484825994123 0 6.3994342230975878
0.2719724586935206 -0.63818986693421598 0 6.7615632368506233
0.28903999095869931 -0.62405910242467411 0 7.0910793024610594
0.29893353868842476 -0.61575547658494778 0 7.2671636060382667
0.31586194866714756 -0.60135309932478187 0 7.5469009688588082
0.33269646349918108 -0.58678327844535305 0 7.7963899390906359
0.3424489267843922 -0.57822806738877874 0 7.9263025032557355
0.3591255789466547 -0.56340034670229455 0 8.1154391338158192
0.37569661227944967 -0.54841416914835928 0 8.2585798520474381
0.38529037735141775 -0.53962087498902434 0 8.3222982028170591
0.40168522457591377 -0.52439149887323522 0 8.4335935029821947
0.41796302750731218 -0.50901325353941962 0 8.5506705407152985
0.42738092863476124 -0.49999628108964311 0 8.6192630315956311
0.44346474779102368 -0.48439044897794314 0 8.7143539357557547
0.45942046311269102 -0.46864588429891901 0 8.775920206478764
0.46864588429891924 -0.45942046311269102 0 8.7955343565976936
0.48439044897794326 -0.44346474779102357 0 8.7978875346961569
0.49999628108964334 -0.42738092863476118 0 8.7589497108509899
0.50901325353941995 -0.41796302750731212 0 8.7172952536281603
0.52439149887323555 -0.40168522457591371 0 8.6200869010800609
0.53962087498902467 -0.38529037735141758 0 8.4905347943143514
0.54841416914835961 -0.37569661227944962 0 8.399486909241995
0.56340034670229489 -0.35912557894665453 0 8.2099605872794523
0.5782280673887793 -0.34244892678439193 0 7.9770025679594134
0.58678327844535327 -0.33269646349918092 0 7.8220656358129821
0.60135309932478231 -0.31586194866714734 0 7.5364835606819822
0.615755476584948 -0.29893353868842459 0 7.2278328504221108
0.62405910242467433 -0.28903999095869914 0 7.0367777903759556
0.63818986693421609 -0.27197245869352038 0 6.6796261798735079
0.65214484825994135 -0.25482298350095889 0 6.2842775334899894
0.66018435900295114 -0.24480630846203952 0 6.0390282852548829
0.67385507142516776 -0.22753675702935536 0 5.6305867607114237
0.68734234848171749 -0.21019737262165725 0 5.2437397116149844
0.6951062468655953 -0.20007576442050892 0 5.02367453671806
0.70829771418199372 -0.18263554311057192 0 4.5813908062909574
0.72129881505206705 -0.16513768544969842 0 4.0476934901160986
0.7287766870874326 -0.15492946850181977 0 3.7048305315078145
0.74147160074007823 -0.13735009446466143 0 3.210252530548042
0.75396996493612678 -0.1197252969025679 0 2.8559532653839983
0.76115252042546522 -0.10944882003639267 0 2.6885692332217133
0.77333552050530197 -0.091761797299336659 0 2.0780786689866968
0.7853165562493658 -0.074041511006137845 0 1.0056829126152032
0.79219565892986599 -0.063715043725039444 0 0.20720612989544368
0.80385338047033716 -0.045951686473773762 0 -0.88658656932905044
0.81530450403291221 -0.028167105902585008 0 -1.549323152536966
0.82187319127365366 -0.017808737925585821 0 -1.7476281467028862
0.83299429261788993 1.5757409305367603e-17 0 -1.9254776109312475
0.84390494979399011 0.017818104720179983 0 -1.9205423695594179
0.85015744194282317 0.028190559567717446 0 -1.8359118626187123
0.86073261543240387 0.046014247175978379 0 -1.5901700009234607
0.87109428550708035 0.063835689204041854 0 -1.2226528869762563
0.87702598513909669 0.074204783786025449 0 -0.98440197173553046
0.88704795063566999 0.092013665840289416 0 -1.0135803981234881
0.89685413344656806 0.1098089904305925 0 -1.6597381625567431
0.90246161491067556 0.12015772894020822 0 -2.2624150061904982
0.91192509690285717 0.13792286789130012 0 -2.8318210917777025
0.92117128383863012 0.15566348975469793 0 -2.6985323066935329
0.92645227362850913 0.16597540548925629 0 -2.3267579026668668
0.9353539628907479 0.18366881128693613 0 -1.5989637459365986
0.94403759286698063 0.2013271394510206 0 -0.81753680473202461
0.94899094145527352 0.21158636515114385 0 -0.35924828438900702
0.95732944240916584 0.22918111202872685 0 0.093407555715871948
0.96544984403469614 0.24673066138611646 0 0.086740253055939937
-0.22867564314473449 -0.97012241065072413 0 -0.12846655128329673
-0.21116698145159804 -0.96251283627974527 0 -0.53073395130130507
-0.19360846956608613 -0.95467629704365908 0 -0.87461431630459874
-0.18336827491723981 -0.95001091269371485 0 -1.0550558975315782
-0.16573926330004116 -0.94181475746798038 0 -1.4374725392213876
-0.14807109581075031 -0.93339110793797631 0 -1.9233367832717321
-0.13777208590181611 -0.92838390758773481 0 -2.2380109245102617
-0.1200507453465066 -0.91960042318252444 0 -2.6082765261494747
-0.1023014497102111 -0.91058970508773163 0 -2.7317885826857733
-0.091960453698495953 -0.90524108184045593 0 -2.7002079026416124
-0.074176077967996551 -0.89587158571942205 0 -2.6072514191121074
-0.056375408764982822 -0.8862759380153199 0 -2.4861194962351179
-0.046009947972975987 -0.88058751914480149 0 -2.4050245862227833
-0.028192980645454724 -0.87063547121394436 0 -2.288016507309524
-0.010371790246739673 -0.86045920086727978 0 -2.2039730873668111
7.8410029130618912e-17 -0.85443388620948202 0 -2.1654652814470774
0.017818104720180042 -0.84390494979399 0 -2.0320012120431277
0.03562801140333384 -0.83315458624346339 0 -1.8029073485764875
0.045987469040996931 -0.82679657679977903 0 -1.6192119516286105
0.063774400843818746 -0.81569866232624033 0 -1.1054326396477798
0.08154042651034335 -0.80438299407296965 0 -0.32877047466964315
0.091868458455998364 -0.79769780996096729 0 0.21872541639636336
0.10959121956774563 -0.78604109992599547 0 0.96398902576551193
0.12728014824662023 -0.77417119192367356 0 1.4093350632874664
0.13755733374239723 -0.76716567894471122 0 1.5555215413728554
0.15518242017111364 -0.75496263299353317 0 1.9970100416606913
0.17276060287712433 -0.74255182376683992 0 2.7315412050449042
0.1829673034566541 -0.73523414801762244 0 3.2689236607784622
0.20046089703071759 -0.72249948723901447 0 4.0284241758696417
0.21789444743852007 -0.70956336495594752 0 4.5281628540577357
0.22801092235188652 -0.70194299509024705 0 4.7102437337791887
0.24533909147323738 -0.68869366495202133 0 5.0128822253439385
0.26259408943590362 -0.67525002200544126 0 5.3254877426168239
0.27260061522622742 -0.66733769894902339 0 5.5097121141483916
0.28972952202497243 -0.65359281064426933 0 5.8088372398118171
0.3067722225435171 -0.63966157665270362 0 6.0811136459648703
0.31664921534787183 -0.63146927078449677 0 6.22695637450758
0.33354532673164444 -0.61725002112471494 0 6.4655579386043662
0.35034237180676342 -0.60285317463368937 0 6.6885243080670591
0.36007051086085573 -0.59439403066413143 0 6.8092091157891135
0.37670081080769341 -0.57972360103197151 0 6.985111143822162
0.39321944148087024 -0.56488506057514143 0 7.1172155230318292
0.40277979224447574 -0.55617333057267249 0 7.1752020941837138
0.41911199259799381 -0.54107676582408726 0 7.2724230755154675
0.4353202584215492 -0.52582226137792021 0 7.3693734714581165
0.44469439371290831 -0.51687322661071444 0 7.4240468097297487
0.4606971407074727 -0.50137729518343577 0 7.4998138908153287
0.47656410387563647 -0.48573422140958927 0 7.5491365045590557
0.48573422140958938 -0.47656410387563636 0 7.5651254482771773
0.50137729518343588 -0.46069714070747264 0 7.5707277790682621
0.51687322661071466 -0.44469439371290825 0 7.5475497291971188
0.52582226137792054 -0.43532025842154909 0 7.5197304730261916
0.54107676582408759 -0.41911199259799364 0 7.4372257322253379
0.55617333057267293 -0.40277979224447558 0 7.3085332125153633
0.56488506057514198 -0.39321944148087012 0 7.2129386959365593
0.57972360103197185 -0.37670081080769319 0 7.0267903874722037
0.59439403066413177 -0.36007051086085551 0 6.8142335163875334
0.60285317463368959 -0.35034237180676314 0 6.6781423748134205
0.61725002112471528 -0.33354532673164411 0 6.4231211989296275
0.63146927078449699 -0.3166492153478716 0 6.1408569234985562
0.63966157665270373 -0.30677222254351688 0 5.9637825308360863
0.65359281064426955 -0.28972952202497226 0 5.6359536090205733
0.66733769894902339 -0.27260061522622725 0 5.2778068961986842
0.67525002200544126 -0.26259408943590351 0 5.0571459057367321
0.68869366495202156 -0.24533909147323732 0 4.6847518416585752
0.70194299509024705 -0.22801092235188647 0 4.3246278560305971
0.70956336495594763 -0.21789444743851999 0 4.1176674087378604
0.72249948723901491 -0.20046089703071743 0 3.7210698080882834
0.73523414801762277 -0.18296730345665396 0 3.2662808731459596
0.74255182376683981 -0.17276060287712425 0 2.9837498322441305
0.7549626329935335 -0.1551824201711135 0 2.6034844282148111
0.76716567894471133 -0.13755733374239709 0 2.3750257766969805
0.77417119192367334 -0.12728014824662007 0 2.283065351399173
0.78604109992599558 -0.10959121956774553 0 1.7579297958751261
0.79769780996096706 -0.091868458455998239 0 0.708663134240196
0.80438299407296954 -0.081540426510343211 0 -0.10725823788681776
0.81569866232624033 -0.063774400843818663 0 -1.3197396765890832
0.82679657679977892 -0.045987469040996841 0 -2.2180996886592368
0.83315458624346339 -0.035628011403333715 0 -2.6009648562131646
0.84390494979399 -0.017818104720179945 0 -3.079914711035312
0.85443388620948213 1.7642256554389255e-17 0 -3.3427383195891425
0.86045920086727967 0.010371790246739804 0 -3.3813543312676013
0.87063547121394447 0.028192980645454814 0 -3.0325726144582732
0.88058751914480127 0.046009947972976049 0 -2.129828071756219
0.8862759380153199 0.056375408764982912 0 -1.404004167620502
0.89587158571942205 0.074176077967996593 0 -0.63024916179835599
0.90524108184045615 0.091960453698496009 0 -0.56280015473827294
0.91058970508773174 0.1023014497102112 0 -0.83093574766823153
0.91960042318252422 0.12005074534650667 0 -1.5631495892405605
0.92838390758773448 0.13777208590181617 0 -2.601931979080069
0.93339110793797642 0.1480710958107504 0 -3.2730436228968105
0.9418147574679806 0.1657392633000413 0 -3.43454034306151
0.95001091269371496 0.18336827491723984 0 -2.2014586257754556
0.95467629704365931 0.19360846956608624 0 -0.96126894475743152
0.96251283627974538 0.2111669814515981 0 0.30447403517311916
0.97012241065072424 0.22867564314473451 0 0.25639366868199065
-0.21817345406717434 -0.9726778539595724 0 -0.080665607375949397
-0.20068812999070876 -0.96536978325050016 0 -0.38745986336577393
-0.18315022503657397 -0.95782973088504486 0 -0.74049255021768445
-0.17292081539723181 -0.95333453101321575 0 -0.97061449926902676
-0.15530834762856918 -0.94542662979184944 0 -1.4585319230008407
-0.1376543276920871 -0.93728585106235662 0 -2.068692660736998
-0.12736250383467426 -0.93244074770983632 0 -2.4566731202985097
-0.10965180952903769 -0.92393135091384004 0 -2.8462704202639402
-0.091911139211583295 -0.9151890090828475 0 -2.8401543606631221
-0.081574294238157333 -0.90999390249181278 0 -2.6764871199550706
-0.063795667377623821 -0.9008835136474066 0 -2.4211598462343651
-0.045999140073102344 -0.89154097696405932 0 -2.2423424129409915
-0.035635417211538296 -0.88599706649170817 0 -2.1766565732028131
-0.01782039891044589 -0.87628844688525287 0 -2.1888583726622102
1.1628251570243161e-16 -0.86634937149662772 0 -2.365343900014715
0.010371790246739876 -0.86045920086727989 0 -2.5208999519130657
0.028190559567717516 -0.85015744194282317 0 -2.5335009305455469
0.046001807331251685 -0.83962783727509116 0 -2.1774443038819689
0.056362280231912011 -0.83339532929243743 0 -1.8161198807267318
0.074151225863040904 -0.82250790637946003 0 -1.1318502610001313
0.091919433700432193 -0.81139618116951062 0 -0.39999891972892027
0.10224873284473303 -0.80482666086856203 0 0.037067441116891899
0.11997352669305728 -0.79336346655802015 0 0.66639985181256356
0.13766412643134773 -0.78168045395083763 0 1.1201919532517761
0.14794203487855123 -0.77478065931510665 0 1.3179871538038594
0.16556779060224477 -0.76275401506855167 0 1.7725204853735896
0.18314573480012603 -0.75051297548184481 0 2.40188325926905
0.19335179372164987 -0.74329105502659598 0 2.8332894573557361
0.21084327409177886 -0.73071569991881469 0 3.4817592872375642
0.22827324753117231 -0.71793230070954106 0 3.9810903947323282
0.23838688105375558 -0.71039779743348463 0 4.2066162266954832
0.25570871522840727 -0.69729085328778528 0 4.5537307991096974
0.27295535534520371 -0.68398312462858279 0 4.8571083527840484
0.28295600013301342 -0.67614694605991621 0 5.0135892202208687
0.30007290825261207 -0.66252785862911179 0 5.264558025755889
0.3171010318207686 -0.64871612540769608 0 5.4930990641084287
0.32696826979282345 -0.64059049971068838 0 5.6156308274960631
0.34384529207712655 -0.62648095597636855 0 5.8228820750775308
0.36062012525297577 -0.61218774595756853 0 6.025745037609501
0.37033381772174195 -0.60378616431670729 0 6.1394674776961251
0.38693654507736119 -0.58920998641358857 0 6.3086794374846926
0.40342395376333107 -0.57445991534034702 0 6.4398281403162478
0.41296437520586016 -0.5657970610936105 0 6.4990311484493892
0.42925917824543181 -0.5507800778025389 0 6.5916865789919612
0.44542589565096435 -0.53559971254662464 0 6.6737728522031841
0.45477386528893682 -0.52669137779042341 0 6.7155868898483524
0.47072811862457464 -0.51126127497035312 0 6.7736529386179001
0.48654196689128226 -0.49567897626296847 0 6.812000929471508
0.49567897626296864 -0.48654196689128215 0 6.8246120261372392
0.51126127497035323 -0.47072811862457453 0 6.8317418059860762
0.52669137779042363 -0.45477386528893682 0 6.8191783896766491
0.53559971254662497 -0.4454258956509643 0 6.8007333581525549
0.55078007780253924 -0.42925917824543158 0 6.7279585409069798
0.56579706109361083 -0.41296437520585993 0 6.5987893281131349
0.57445991534034757 -0.40342395376333096 0 6.4991060398129763
0.58920998641358879 -0.38693654507736092 0 6.3159016381579542
0.60378616431670762 -0.37033381772174173 0 6.1208255053610294
0.61218774595756897 -0.36062012525297543 0 6.000491283348758
0.62648095597636888 -0.34384529207712633 0 5.7678278429213945
0.64059049971068871 -0.32696826979282323 0 5.4995551354799703
0.6487161254076963 -0.31710103182076843 0 5.3274750016424193
0.6625278586291119 -0.3000729082526119 0 5.0158722742011133
0.67614694605991632 -0.28295600013301331 0 4.6851290351949766
0.68398312462858268 -0.27295535534520354 0 4.4842344159947878
0.69729085328778551 -0.25570871522840721 0 4.1341359450039139
0.71039779743348475 -0.23838688105375547 0 3.7787190129108592
0.71793230070954128 -0.22827324753117217 0 3.5687459126824121
0.73071569991881502 -0.21084327409177869 0 3.1945995573121841
0.74329105502659631 -0.19335179372164976 0 2.8021517367297362
0.75051297548184481 -0.18314573480012594 0 2.5716437700502235
0.76275401506855167 -0.16556779060224464 0 2.2695195528392818
0.77478065931510687 -0.14794203487855112 0 2.0994872420167621
0.78168045395083774 -0.13766412643134762 0 2.0341567745909175
0.79336346655802015 -0.11997352669305719 0 1.5676948525964187
0.80482666086856203 -0.10224873284473292 0 0.59673753279013286
0.81139618116951073 -0.091919433700432041 0 -0.17151915302381104
0.82250790637946003 -0.074151225863040821 0 -1.4013729144106954
0.83339532929243731 -0.056362280231911914 0 -2.4566657370940237
0.83962783727509105 -0.046001807331251532 0 -2.9897915569621754
0.85015744194282317 -0.028190559567717426 0 -3.7480881113115312
0.86045920086728001 -0.010371790246739777 0 -4.305987592742162
0.86634937149662772 1.1542749720461961e-17 0 -4.5083502215468503
0.87628844688525287 0.017820398910445977 0 -4.1921807404189515
0.88599706649170795 0.035635417211538359 0 -2.9768951731082263
0.89154097696405932 0.045999140073102435 0 -1.9227987544022243
0.9008835136474066 0.063795667377623877 0 -0.51652966091758823
0.90999390249181289 0.081574294238157402 0 0.24410733928085609
0.91518900908284773 0.091911139211583393 0 0.36678007094588216
0.92393135091384004 0.10965180952903776 0 -0.33290004134046386
0.93244074770983632 0.12736250383467432 0 -2.2257913353627337
0.93728585106235662 0.13765432769208719 0 -3.7207930071751765
0.94542662979184933 0.15530834762856924 0 -4.6616388506292292
0.95333453101321597 0.17292081539723186 0 -3.2451242377449718
0.95782973088504497 0.18315022503657399 0 -1.5209605902406755
0.96536978325050038 0.20068812999070887 0 0.30024073360606174
0.97267785395957262 0.21817345406717437 0 0.32451567408877302
-0.20014437652777067 -0.97678917805452847 0 -0.035950584378210422
-0.18269806712102332 -0.97000602348388898 0 -0.28277547786978002
-0.16519445301699875 -0.96298253949955626 0 -0.71814654481144402
-0.15498290967232314 -0.95878402466242374 0 -1.0488681514193519
-0.13739769983455336 -0.95137892851588612 0 -1.6245945750327828
-0.11976678814445138 -0.94373191650684829 0 -2.19058398638765
-0.10948659843248486 -0.9391699194142803 0 -2.4983165835445948
-0.091792947748646478 -0.93113948316478168 0 -2.7503640811636938
-0.074065820602476379 -0.92286643798354806 0 -2.6198153089146081
-0.063735353030469566 -0.91793991933573804 0 -2.3957865177365827
-0.04596528885146714 -0.90928308873311103 0 -2.1572478952004306
-0.028174544035232497 -0.90038389553833775 0 -2.1587011512542293
-0.017813023895374064 -0.89509322734939367 0 -2.2625781038174138
7.8706493780693411e-17 -0.88581140598202213 0 -2.5126488966746487
0.017820398910446084 -0.87628844688525287 0 -2.8377438997636193
0.028192980645454894 -0.87063547121394447 0 -3.0360399724771781
0.046014247175978455 -0.86073261543240387 0 -3.0083783024876847
0.063829142134496294 -0.85059085653193556 0 -2.4640184711897231
0.074192132220686699 -0.8445789323604842 0 -1.9421726813561908
0.091985844913248557 -0.83406162510690307 0 -1.1530159733353866
0.1097590749963834 -0.82330868153592107 0 -0.56694812240056347
0.12009127286366704 -0.81694271845858157 0 -0.31081008577915459
0.13782075908638361 -0.80582021978305984 0 0.12230396890580726
0.15551537071900551 -0.79446639666474494 0 0.56452386110464825
0.16579515391574118 -0.78775287421520634 0 0.82625311798137069
0.18342308551380712 -0.77603714656962397 0 1.303851957006978
0.20100155923425544 -0.76409545410763491 0 1.8169209538000248
0.21120701807456743 -0.75704242576164993 0 2.1279133653474043
0.22869564704881717 -0.74474813253751604 0 2.6438204260242362
0.24612013829081425 -0.73223427387095985 0 3.1282509613928791
0.25622921816375904 -0.72485135500456932 0 3.3915636644425651
0.27354062462368633 -0.71199583121832177 0 3.7667482621885231
0.29077321560039698 -0.69892816212801911 0 4.0354382141944054
0.30076386518038883 -0.69122650148711551 0 4.1458904239281615
0.31786021444175988 -0.67782969600374932 0 4.318143087285466
0.33486317387761516 -0.66422915606054478 0 4.4749359530744934
0.34471349728864387 -0.65622139059762552 0 4.5595046695975405
0.36155730268472491 -0.64230577980944181 0 4.7158358394451616
0.37829334986637175 -0.62819579509234225 0 4.8871276812354587
0.38798176070599605 -0.61989598834305015 0 4.9908389034120013
0.40453614845317848 -0.60548646177023047 0 5.1478846583987767
0.42096871787379236 -0.59089281983708963 0 5.2720500235755461
0.43047409290304955 -0.58231638433344624 0 5.3290723091821395
0.44670306521653086 -0.56744010317093851 0 5.4128712851750178
0.46279656797697927 -0.55239080152068554 0 5.4785685183157673
0.47209839823410749 -0.54355440605994176 0 5.5079983920543034
0.48796709083479495 -0.52824063624371476 0 5.5482461443203963
0.50368716894710097 -0.51276570604944016 0 5.5744762920013091
0.51276570604944027 -0.50368716894710097 0 5.5829400931516524
0.52824063624371498 -0.48796709083479484 0 5.5908536404445135
0.54355440605994199 -0.47209839823410749 0 5.5896780734113154
0.55239080152068598 -0.4627965679769791 0 5.5819585341929647
0.56744010317093885 -0.44670306521653058 0 5.5216236777550769
0.58231638433344668 -0.43047409290304922 0 5.3956312717764678
0.59089281983709019 -0.42096871787379214 0 5.2946739301361827
0.6054864617702308 -0.4045361484531782 0 5.1202861988577002
0.61989598834305071 -0.38798176070599572 0 4.9504007681619253
0.62819579509234247 -0.37829334986637142 0 4.85128716900374
0.64230577980944203 -0.36155730268472452 0 4.6505249327492981
0.65622139059762574 -0.34471349728864364 0 4.4062834393240173
0.66422915606054511 -0.33486317387761499 0 4.2455950699753302
0.67782969600374954 -0.31786021444175971 0 3.9639248508023823
0.69122650148711551 -0.30076386518038878 0 3.6784162128794007
0.69892816212801911 -0.29077321560039693 0 3.5096428620078837
0.711995831218322 -0.27354062462368622 0 3.2048632015215643
0.72485135500456921 -0.25622921816375893 0 2.8796128517064665
0.73223427387095996 -0.24612013829081417 0 2.6823378005352421
0.74474813253751626 -0.22869564704881704 0 2.3531139811764006
0.75704242576165026 -0.21120701807456729 0 2.0392896484219394
0.76409545410763491 -0.20100155923425542 0 1.8679186070808262
0.77603714656962408 -0.18342308551380693 0 1.6573234217636839
0.78775287421520657 -0.16579515391574109 0 1.5615118553412004
0.79446639666474506 -0.1555153707190054 0 1.535584555924091
0.80582021978306007 -0.13782075908638353 0 1.1927092655875768
0.81694271845858157 -0.1200912728636669 0 0.42489106681630584
0.82330868153592096 -0.10975907499638322 0 -0.20124755714903747
0.83406162510690307 -0.091985844913248446 0 -1.3399428723807791
0.84457893236048442 -0.074192132220686616 0 -2.523915738794583
0.85059085653193578 -0.063829142134496183 0 -3.2294563697973562
0.86073261543240387 -0.046014247175978365 0 -4.3961918207854005
0.87063547121394447 -0.028192980645454797 0 -5.4965313615348546
0.87628844688525298 -0.017820398910445963 0 -6.0572172842798917
0.88581140598202224 4.8584255420181116e-18 0 -6.1363898665392451
0.89509322734939356 0.017813023895374133 0 -5.0001447906036534
0.90038389553833775 0.028174544035232577 0 -3.832016677542109
0.90928308873311103 0.045965288851467195 0 -1.7345149453768978
0.91793991933573826 0.063735353030469621 0 0.37121928475569693
0.92286643798354817 0.074065820602476462 0 1.5022047237064704
0.93113948316478146 0.091792947748646533 0 1.7824203968244769
0.93916991941428019 0.1094865984324849 0 -0.22827276845719757
0.94373191650684851 0.11976678814445148 0 -2.2517462842641236
0.95137892851588612 0.13739769983455341 0 -4.2279734651973362
0.95878402466242396 0.15498290967232317 0 -3.9189210440371065
0.96298253949955637 0.16519445301699887 0 -2.8141850327819946
0.97000602348388909 0.18269806712102338 0 -1.1914527122113969
0.97678917805452858 0.20014437652777067 0 -0.18044327360936085
-0.18214401894562154 -0.98055001892696281 0 -0.047500758650464686
-0.16473499219989346 -0.97429997254399014 0 -0.38655091702343802
-0.14726390518603771 -0.96780162643855772 0 -0.99457664084758224
-0.13706918653774336 -0.96390494592804565 0 -1.4436595126488543
-0.11950941864075294 -0.95701176030538437 0 -1.9663992637192675
-0.10189976630448616 -0.9498679200244976 0 -2.11785645334828
-0.091630119982568634 -0.94559462854700849 0 -2.0523756200267824
-0.073951614731755433 -0.9380529689723518 0 -1.9288026254819952
-0.05623610456300282 -0.93025925653767583 0 -1.8264265653498133
-0.045910881842238974 -0.92560725572198721 0 -1.7906111979067791
-0.028147417444188062 -0.91741430421917325 0 -2.0012268670839912
-0.010360475222214192 -0.90896891553210024 0 -2.5824141351127321
7.7255594666274898e-17 -0.90393763019561679 0 -3.0547920668795117
0.017813023895374223 -0.89509322734939378 0 -3.5531635194594524
0.035635417211538505 -0.88599706649170795 0 -3.5811295479516123
0.046009947972976147 -0.8805875191448016 0 -3.394844190377325
0.063835689204041951 -0.87109428550708046 0 -2.9068049792763841
0.081656186215598239 -0.86135107738579075 0 -2.2365346142923057
0.09202281677547007 -0.85556594957457444 0 -1.7821079671771316
0.10982319452569558 -0.84542938351999886 0 -1.1728479745439029
0.12760329450164914 -0.83504576181181966 0 -0.82004682652695982
0.13793943851726947 -0.82888944057349756 0 -0.71648388633034144
0.15567536047926511 -0.81811798972770045 0 -0.46153831419875224
0.17337564498847038 -0.8071035573710944 0 -0.075223084387745318
0.18365822640628626 -0.80058216526313097 0 0.20346283576431209
0.20128983705587042 -0.78918726897734282 0 0.69776665443395602
0.21887022570551445 -0.77755462884623339 0 1.1977780316129609
0.22907583085898245 -0.77067603625158154 0 1.4889013479354729
0.24656277807987359 -0.75867213703852621 0 1.9678294765132953
0.26398280139206698 -0.74643689090644916 0 2.4144177195604781
0.27408784048526247 -0.73921070960813451 0 2.6548933883535066
0.2913895572596617 -0.72661523197867972 0 2.9804257410449848
0.30860864321210574 -0.71379594643596578 0 3.1855460038294749
0.31858951908385086 -0.70623350378935423 0 3.2534759602710119
0.33566551649556747 -0.69306679952540839 0 3.3557762672198495
0.35264328681080476 -0.67968493813173858 0 3.4484441421610006
0.36247656863077904 -0.67179923153345067 0 3.4989753744835488
0.37928673603464769 -0.65808449108466838 0 3.6105801710745768
0.39598330794355624 -0.6441643127082809 0 3.7558305740372524
0.405645907299647 -0.63596994445658395 0 3.8521454476695194
0.42215081521088971 -0.62173307483787732 0 3.9959488157985201
0.43852710415593193 -0.60730149883097484 0 4.1043652041927352
0.4479964508598524 -0.59881459188166941 0 4.1515726425418515
0.46415765192398578 -0.58408406215403963 0 4.2243356580495099
0.48017567051919502 -0.56917050171963801 0 4.2874740794465263
0.48942988539199617 -0.56040859725082715 0 4.3188809685914578
0.50521020872042499 -0.54521525336678334 0 4.3607716910520464
0.52083335725711466 -0.52985141916203515 0 4.385457609455
0.52985141916203526 -0.52083335725711455 0 4.391893932337922
0.54521525336678356 -0.50521020872042499 0 4.398199472873511
0.56040859725082737 -0.48942988539199606 0 4.398516025781551
0.56917050171963834 -0.48017567051919491 0 4.3931405189392496
0.58408406215403996 -0.46415765192398556 0 4.339044656772681
0.59881459188166974 -0.44799645085985229 0 4.2222025299585546
0.60730149883097539 -0.43852710415593171 0 4.1279779621411805
0.62173307483787754 -0.42215081521088932 0 3.9675405302247553
0.63596994445658439 -0.40564590729964672 0 3.8147464148214012
0.64416431270828123 -0.39598330794355591 0 3.7270551106923273
0.65808449108466893 -0.3792867360346473 0 3.548010459998304
0.67179923153345111 -0.36247656863077893 0 3.3282053776093328
0.67968493813173891 -0.35264328681080453 0 3.1832707574297405
0.69306679952540862 -0.33566551649556731 0 2.9346975055972875
0.70623350378935434 -0.31858951908385075 0 2.6904973799799561
0.71379594643596567 -0.30860864321210563 0 2.5496185932074469
0.72661523197868005 -0.29138955725966165 0 2.2997058145756983
0.73921070960813462 -0.2740878404852623 0 2.0382495975477619
0.74643689090644938 -0.26398280139206687 0 1.8810234838021536
0.75867213703852632 -0.24656277807987348 0 1.6067081386906419
0.77067603625158188 -0.22907583085898234 0 1.3276963564612749
0.77755462884623361 -0.21887022570551437 0 1.1687594481312946
0.78918726897734293 -0.20128983705587028 0 0.98694246188847801
0.80058216526313131 -0.18365822640628618 0 0.93222859293462723
0.8071035573710944 -0.17337564498847027 0 0.94092842961741208
0.81811798972770045 -0.15567536047926497 0 0.7520577709551669
0.82888944057349745 -0.13793943851726934 0 0.26830690400593055
0.83504576181181966 -0.12760329450164901 0 -0.14565773936243767
0.84542938351999875 -0.10982319452569546 0 -1.036894574491362
0.85556594957457466 -0.092022816775469987 0 -2.1482686868150278
0.86135107738579075 -0.081656186215598073 0 -2.896266043889252
0.87109428550708046 -0.063835689204041868 0 -4.3470474925834433
0.88058751914480171 -0.046009947972976049 0 -6.0064582813024714
0.88599706649170795 -0.035635417211538373 0 -7.0111807830116115
0.89509322734939378 -0.01781302389537414 0 -7.9381581886043531
0.90393763019561679 -7.7255594666274895e-18 0 -7.7414338259935818
0.90896891553210024 0.010360475222214272 0 -7.0980633301873892
0.91741430421917314 0.028147417444188111 0 -4.898742591627693
0.92560725572198743 0.045910881842239015 0 -1.2971512248883026
0.93025925653767583 0.056236104563002896 0 1.2649744238905003
0.9380529689723518 0.073951614731755502 0 3.7844161650445098
0.94559462854700826 0.091630119982568647 0 3.5779094014106891
0.94986792002449771 0.10189976630448623 0 2.314502191617652
0.95701176030538437 0.11950941864075303 0 -0.21568252480354966
0.96390494592804588 0.13706918653774339 0 -2.9803894679051459
0.96780162643855794 0.14726390518603782 0 -4.5291414409987896
0.97429997254399048 0.16473499219989354 0 -4.7259859780826137
0.98055001892696292 0.18214401894562157 0 -1.5449887173307009
-0.17168491351398121 -0.98257889112092378 0 -0.080648959203978493
-0.1542966282099153 -0.97664265518016879 0 -0.53687449138970089
-0.13684350384104893 -0.97045366954608903 0 -1.2670520575172302
-0.12665800837418814 -0.96673490900725156 0 -1.7745230237812106
-0.10911206095269833 -0.96014365590634931 0 -2.1975798702949589
-0.091513782992505163 -0.9532968148792007 0 -1.969583906675598
-0.081249686482674457 -0.94919403188499463 0 -1.5855961555139604
-0.063578979683251741 -0.94194120594474084 0 -1.1752634527028261
-0.045869204624419749 -0.9344309462743956 0 -1.1743314296915404
-0.035546433405423884 -0.92994137018538159 0 -1.3588683600166185
-0.017785772016454763 -0.9220230303536312 0 -2.0009982481586333
9.9142606284480611e-17 -0.9138464677459095 0 -3.0459291181358612
0.010360475222214369 -0.90896891553210035 0 -3.7806273660367333
0.02817454403523267 -0.90038389553833775 0 -4.3948412700989321
0.045999140073102573 -0.89154097696405943 0 -4.0723664765004202
0.056375408764983016 -0.8862759380153199 0 -3.5063546490932058
0.074204783786025547 -0.87702598513909646 0 -2.6071441824005603
0.092029557292474182 -0.86751961834502789 0 -1.9082396277632976
0.10239888993267873 -0.86186932537449057 0 -1.5933035619439118
0.12020413182842574 -0.85195921424398513 0 -1.2088069749673178
0.13798918883787481 -0.84179537097017032 0 -1.0209033428079664
0.14832817317858549 -0.8357638550235289 0 -0.98652039534974245
0.16606874633441196 -0.82520147312232839 0 -0.81595655682215862
0.18377319673716067 -0.81438926283517843 0 -0.47242493136851493
0.19405788822777434 -0.80798239061596033 0 -0.2005452564106058
0.21169242612106193 -0.79677879254887884 0 0.30250241252549631
0.22927465737809713 -0.78533050391443804 0 0.835048558557548
0.23948074211224904 -0.77855599589608793 0 1.1528178526051895
0.25696733321230775 -0.76672542394517085 0 1.6456520055304289
0.2743853032650182 -0.7546565317870596 0 2.0590462899842619
0.28448827145082145 -0.74752395990309295 0 2.2609652650937631
0.3017847620290427 -0.73508382898475899 0 2.5255683578681811
0.3189963075685896 -0.72241296508643738 0 2.6817265439808571
0.32897163519349987 -0.71493372916328923 0 2.7261831923359741
0.34603594488490252 -0.70190457496394665 0 2.7918124957177937
0.36299910063419116 -0.68865346177035702 0 2.851345677003676
0.37282243671347148 -0.68084074428455299 0 2.8843036201912069
0.38961288221419599 -0.66724613408743005 0 2.9731834787254954
0.40628620645771257 -0.65343948111764061 0 3.1053232820667036
0.4159335630314614 -0.64530818030757187 0 3.197641670009796
0.43240918496653064 -0.63117458680636829 0 3.3326950321128948
0.44875208625909063 -0.61683995038355111 0 3.4283036204409956
0.45820002814788052 -0.60840659221258664 0 3.4666391955331357
0.47432091591683578 -0.59376323141307141 0 3.5322149933401663
0.49029397572713318 -0.57893083912527454 0 3.5993303269589361
0.49951980697875209 -0.57021346906179604 0 3.6373056705170397
0.51524741629637572 -0.55509210417367361 0 3.6879167562865791
0.53081270230594557 -0.53979464627091334 0 3.7161595573414026
0.53979464627091345 -0.53081270230594557 0 3.7222782550752767
0.55509210417367383 -0.5152474162963756 0 3.7270869704364444
0.57021346906179626 -0.49951980697875198 0 3.7246864143158538
0.57893083912527488 -0.49029397572713301 0 3.7173225090055482
0.59376323141307175 -0.47432091591683556 0 3.6646932108007251
0.60840659221258708 -0.45820002814788025 0 3.5558273070895141
0.61683995038355166 -0.44875208625909047 0 3.468656841877626
0.63117458680636873 -0.4324091849665303 0 3.3184865001943313
0.64530818030757209 -0.41593356303146106 0 3.1723589112186632
0.65343948111764105 -0.4062862064577123 0 3.0871566752899495
0.66724613408743039 -0.38961288221419571 0 2.9167579532699679
0.68084074428455332 -0.37282243671347121 0 2.7116901837646057
0.68865346177035724 -0.362999100634191 0 2.5777998374193607
0.70190457496394709 -0.34603594488490236 0 2.3497661803583512
0.71493372916328923 -0.32897163519349976 0 2.1273638118242855
0.72241296508643749 -0.31899630756858949 0 2.0002317328232913
0.73508382898475932 -0.30178476202904259 0 1.7851271367370927
0.74752395990309306 -0.28448827145082134 0 1.5736381047941397
0.75465653178705983 -0.27438530326501814 0 1.4503812967681118
0.76672542394517107 -0.25696733321230764 0 1.212426164609645
0.77855599589608826 -0.23948074211224893 0 0.93750401308385722
0.78533050391443815 -0.22927465737809705 0 0.76813279572357307
0.79677879254887884 -0.21169242612106179 0 0.57868722604242528
0.80798239061596056 -0.19405788822777423 0 0.53373601161514694
0.81438926283517876 -0.18377319673716055 0 0.55935137017072956
0.82520147312232828 -0.16606874633441182 0 0.46894532907458425
0.8357638550235289 -0.14832817317858538 0 0.17788324977754238
0.84179537097017021 -0.13798918883787467 0 -0.087826156720399784
0.85195921424398502 -0.12020413182842561 0 -0.77127170429414127
0.86186932537449057 -0.10239888993267864 0 -1.7492592393352948
0.86751961834502789 -0.092029557292474043 0 -2.4596255841376524
0.87702598513909646 -0.074204783786025449 0 -4.0036152361491526
0.88627593801532001 -0.056375408764982919 0 -5.9673221838901354
0.89154097696405943 -0.045999140073102442 0 -7.2476855599534398
0.90038389553833775 -0.028174544035232587 0 -8.837564425003043
0.90896891553210013 -0.010360475222214297 0 -9.5447673749772548
0.9138464677459095 -1.5752190931797405e-17 0 -9.4821942777877304
0.9220230303536312 0.017785772016454818 0 -7.5222027108576928
0.9299413701853817 0.035546433405423919 0 -3.0898963410024014
0.9344309462743956 0.045869204624419825 0 0.40494991844978545
0.94194120594474096 0.063578979683251796 0 4.672608591800957
0.94919403188499452 0.081249686482674499 0 6.3104641646572723
0.95329681487920093 0.09151378299250526 0 6.0570932752136537
0.96014365590634931 0.1091120609526984 0 3.5158249668445127
0.9667349090072519 0.1266580083741882 0 -1.6709757900124291
0.97045366954608925 0.13684350384104899 0 -5.4972675220640346
0.97664265518016891 0.15429662820991535 0 -7.3853450402587608
0.98257889112092389 0.17168491351398124 0 -2.6119570174272169
-0.15374882001537749 -0.98579292268251517 0 -0.18282782270533676
-0.13639426902857674 -0.98040159546223404 0 -0.81606172659859522
-0.1189700904878111 -0.97475022138126166 0 -1.4595194713450366
-0.10879931933805381 -0.97134084590382963 0 -1.8070342805738078
-0.091275176385464937 -0.96527494500100575 0 -1.9036850021712191
-0.07369448438413248 -0.95894526663396795 0 -1.3059093052067685
-0.063438777366457491 -0.95513956512878606 0 -0.71163458654449341
-0.045779489336507051 -0.94839027460734548 0 -0.31438000269618244
-0.028077575480529724 -0.94137452704523872 0 -0.84623609351221074
-0.017757851943341958 -0.93716847661392688 0 -1.5372814138230129
7.9275752076337041e-17 -0.929729757300084 0 -2.755753625535414
0.017785772016454943 -0.92202303035363131 0 -3.9216344524946041
0.028147417444188222 -0.91741430421917325 0 -4.5319357442500339
0.045965288851467313 -0.90928308873311126 0 -4.8121921906318601
0.063795667377624057 -0.90088351364740682 0 -4.0352792943482898
0.074176077967996731 -0.89587158571942227 0 -3.1735962927757249
0.092013665840289541 -0.88704795063567021 0 -2.0868399659191126
0.10984772884197136 -0.87795686218095126 0 -1.6527870686803068
0.12022281822545554 -0.87254309649346407 0 -1.6691995022244774
0.13803829846771351 -0.86303040716193125 0 -1.7020864937179176
0.1558337032034012 -0.85325247671722826 0 -1.6761354636191772
0.16617860617805635 -0.84744019923538561 0 -1.6296718813159996
0.18392890193144432 -0.83724522305752991 0 -1.4105806357858408
0.20164216457364847 -0.82678855862184986 0 -1.0069241514312068
0.21193140486326245 -0.82058310912470467 0 -0.69624316087864035
0.22957248305317834 -0.80971609348532469 0 -0.1505641002930618
0.24715928527421085 -0.79859230301249351 0 0.39077773313436692
0.25736695835570911 -0.79200106505281787 0 0.69821477469313054
0.27485415098045496 -0.78047577665571333 0 1.1429266488683989
0.29226966972327445 -0.7686999917097902 0 1.4702791232432419
0.30236963838704595 -0.76173239902533629 0 1.6071881542575492
0.31965798430433612 -0.74956612206230211 0 1.7696544783425878
0.33685724021681351 -0.73715697951975212 0 1.8410709019789424
0.34682334010515647 -0.7298244977158892 0 1.8442682392299805
0.36386794238116549 -0.71703798909826877 0 1.8519527227970327
0.38080616173707327 -0.7040175694633275 0 1.8700620867391728
0.39061241374375166 -0.69633365229325028 0 1.8859465914785283
0.40736880704264644 -0.68295105307215243 0 1.946477285154496
0.42400179143454347 -0.66934477489928723 0 2.0502571688417435
0.43362261755921205 -0.661324795020097 0 2.1263124090170136
0.45004713959788417 -0.64737349808811773 0 2.2352389270716033
0.46633163729212984 -0.63320996899087434 0 2.3075633432407674
0.47574207634167393 -0.62487112365393227 0 2.334172877160948
0.49179223713812281 -0.61038159882575593 0 2.3887085307914058
0.50768630975188789 -0.59569242456108529 0 2.4574074719743049
0.51686222917788793 -0.58705361728298744 0 2.5015456469877702
0.53249707170000948 -0.5720591958591883 0 2.561560798439944
0.54796044980929337 -0.55687874997431097 0 2.5964835042713545
0.55687874997431108 -0.54796044980929326 0 2.605388811806594
0.57205919585918852 -0.53249707170000937 0 2.6140879401405295
0.58705361728298788 -0.51686222917788782 0 2.6147669352911467
0.59569242456108562 -0.50768630975188767 0 2.6092612096079053
0.61038159882575616 -0.49179223713812253 0 2.5650800211666196
0.6248711236539326 -0.4757420763416737 0 2.4722486978406772
0.63320996899087489 -0.46633163729212973 0 2.3974231064261184
0.64737349808811817 -0.45004713959788378 0 2.2648613127292028
0.66132479502009744 -0.43362261755921178 0 2.130742108502766
0.66934477489928779 -0.4240017914345432 0 2.0508006026829348
0.68295105307215265 -0.40736880704264616 0 1.8981452497092353
0.6963336522932505 -0.39061241374375155 0 1.7236594408594379
0.70401756946332794 -0.38080616173707305 0 1.6126660896674547
0.7170379890982691 -0.36386794238116527 0 1.4191159788687027
0.72982449771588931 -0.34682334010515642 0 1.2232989150035831
0.73715697951975234 -0.33685724021681335 0 1.1095262559340044
0.74956612206230222 -0.31965798430433595 0 0.93602388557887595
0.76173239902533629 -0.30236963838704578 0 0.79295883554226587
0.76869999170979042 -0.29226966972327445 0 0.71955627261976141
0.78047577665571333 -0.27485415098045479 0 0.5485062068544021
0.79200106505281787 -0.25736695835570905 0 0.31188894823505448
0.79859230301249362 -0.24715928527421077 0 0.15274982825766506
0.80971609348532492 -0.22957248305317826 0 -0.023953263939185957
0.82058310912470489 -0.21193140486326237 0 -0.059994104607895331
0.82678855862184997 -0.20164216457364831 0 -0.02553886430911682
0.83724522305753013 -0.18392890193144418 0 -0.011851726212742953
0.84744019923538561 -0.16617860617805624 0 -0.07512083222523637
0.85325247671722815 -0.15583370320340106 0 -0.15553756285833018
0.86303040716193125 -0.13803829846771337 0 -0.49507465040002741
0.87254309649346407 -0.12022281822545544 0 -1.105655602161524
0.87795686218095126 -0.10984772884197123 0 -1.6026919803750239
0.88704795063567021 -0.092013665840289444 0 -2.9548469262925687
0.89587158571942249 -0.074176077967996634 0 -4.9701264508450098
0.90088351364740671 -0.063795667377623919 0 -6.4147164267524195
0.90928308873311126 -0.04596528885146723 0 -8.848693553823189
0.91741430421917325 -0.028147417444188149 0 -11.154120150980489
0.9220230303536312 -0.017785772016454853 0 -12.291067644684418
0.92972975730008389 -2.2923109034121554e-17 0 -11.67376700476159
0.93716847661392688 0.017757851943341989 0 -7.5242850441126956
0.94137452704523861 0.028077575480529797 0 -3.6891425990224462
0.94839027460734548 0.045779489336507107 0 2.3120057002328411
0.95513956512878584 0.063438777366457519 0 7.1660013575029105
0.95894526663396795 0.073694484384132522 0 9.2697072394854274
0.96527494500100575 0.091275176385465021 0 8.6191547682663359
0.97134084590382974 0.10879931933805385 0 2.221237605340403
0.97475022138126222 0.11897009048781118 0 -3.5296886936075067
0.98040159546223427 0.13639426902857679 0 -7.5161712192871688
0.98579292268251517 0.15374882001537749 0 -2.9154055630791151
-0.13586486968929123 -0.98866658694181364 0 -0.34334913549673812
-0.1185413321834726 -0.98382688242632577 0 -1.1068882414231676
-0.10114336680457657 -0.97872030533131338 0 -1.2404178183917502
-0.09098572343739969 -0.97562470211136065 0 -1.0540600848750865
-0.07348063048425782 -0.970092023973531 0 -0.61924047572372254
-0.055914755664199095 -0.96428777235423879 0 -0.087725186067906621
-0.045665820402639765 -0.96078413066580359 0 0.21034836075910035
-0.028015161601075696 -0.95454719773194496 0 -0.14299918717462706
-0.010318308968032789 -0.94803509563879451 0 -1.6958904984014194
6.2550729459366238e-17 -0.94411801668886164 0 -3.0436556548163116
0.017757851943342097 -0.93716847661392677 0 -4.5614317661076837
0.035546433405424044 -0.92994137018538148 0 -4.8558972294190088
0.045910881842239112 -0.92560725572198721 0 -4.5126503287913406
0.063735353030469705 -0.91793991933573804 0 -3.7068285255748807
0.081574294238157555 -0.90999390249181278 0 -2.7288000646431909
0.09196045369849612 -0.90524108184045604 0 -2.1203189174758821
0.10980899043059263 -0.89685413344656795 0 -1.6186397732843956
0.12765503866924033 -0.88818874738771669 0 -1.8832956896434616
0.13803743098847629 -0.88301758826185783 0 -2.334589496782983
0.15586575965633534 -0.87391276639087379 0 -2.7991053654839466
0.17367405292464586 -0.86453116747703718 0 -2.7559230125832777
0.18402631639855585 -0.85894416744989444 0 -2.5161589630282637
0.20178873994680371 -0.84912691081269509 0 -1.9785094486872186
0.21951311683615943 -0.83903600171327131 0 -1.3221745934163986
0.22980819254743143 -0.83303785745470582 0 -0.89792580697473323
0.24745792052824994 -0.8225174112718574 0 -0.27014234596849895
0.26505126227406223 -0.81172793077762029 0 0.20345312564829732
0.27526159842785114 -0.80532558248390063 0 0.41084908216586008
0.29275110667094956 -0.79411506097889151 0 0.69690988700053313
0.31016570701460455 -0.7826416285492509 0 0.90019902646782957
0.32026347857283927 -0.77584427742206707 0 0.97977902438744213
0.33754489352583072 -0.76396067905548259 0 1.0517923528135635
0.35473285109031144 -0.75182179102783864 0 1.0406995145025797
0.3646901914659913 -0.74464088818402729 0 1.0006159882311993
0.38171569338406286 -0.73210506115445995 0 0.95678034971051185
0.39862932043521948 -0.71932303654662599 0 0.95460665414031143
0.40841856154744782 -0.71177224234832814 0 0.97087826995761228
0.42514079996379189 -0.698608798968679 0 1.0176042983338722
0.44173304074202141 -0.68520967393141319 0 1.084536963785282
0.45132695736241313 -0.67730478739947542 0 1.1303843033497534
0.46769947168968051 -0.6635419671402828 0 1.197955758913315
0.48392432298883775 -0.64955533832809687 0 1.2462606194096932
0.49329637704980273 -0.6413141970167674 0 1.2663116124470539
0.50927401477954226 -0.62698367925045073 0 1.3119887826984677
0.52508694115018173 -0.6124424976319004 0 1.3736535563764163
0.53421152155086937 -0.60388484907429796 0 1.4148280700205933
0.54975084635649185 -0.58902151780973477 0 1.47458700374909
0.5651091822394898 -0.57396183568607684 0 1.5160081618108754
0.57396183568607695 -0.56510918223948969 0 1.5316648356760656
0.589021517809735 -0.54975084635649174 0 1.5535923323522924
0.60388484907429829 -0.53421152155086926 0 1.5692446574053147
0.61244249763190084 -0.52508694115018162 0 1.5733231030319272
0.62698367925045118 -0.50927401477954226 0 1.5465632627306751
0.64131419701676762 -0.49329637704980256 0 1.4724932545852873
0.6495553383280972 -0.48392432298883759 0 1.4090791470140467
0.66354196714028324 -0.46769947168968024 0 1.2936182969169587
0.67730478739947575 -0.45132695736241285 0 1.1731564486435122
0.68520967393141352 -0.44173304074202113 0 1.1004304053612066
0.69860879896867945 -0.42514079996379167 0 0.97063205524275287
0.71177224234832848 -0.4084185615474476 0 0.83405901524596293
0.71932303654662622 -0.3986293204352192 0 0.75059323619096152
0.73210506115446039 -0.38171569338406269 0 0.59011151755425173
0.74464088818402741 -0.36469019146599113 0 0.40622067720561184
0.75182179102783897 -0.35473285109031133 0 0.29168378839119719
0.76396067905548282 -0.3375448935258305 0 0.13361560468430533
0.77584427742206707 -0.3202634785728391 0 0.031464933686038393
0.78264162854925112 -0.3101657070146045 0 -0.0068584547393745338
0.79411506097889184 -0.29275110667094945 0 -0.10582343578045172
0.80532558248390063 -0.27526159842785103 0 -0.25638564900787852
0.81172793077762051 -0.26505126227406212 0 -0.36183388057303417
0.82251741127185762 -0.24745792052824989 0 -0.48388350850924033
0.83303785745470604 -0.22980819254743132 0 -0.51875195122751683
0.83903600171327131 -0.21951311683615923 0 -0.50311630904431948
0.84912691081269531 -0.20178873994680355 0 -0.47802744133827207
0.85894416744989432 -0.18402631639855568 0 -0.46394699687361696
0.86453116747703707 -0.17367405292464572 0 -0.46203172350709992
0.87391276639087356 -0.15586575965633517 0 -0.49078711637244998
0.88301758826185772 -0.13803743098847618 0 -0.56247737712462764
0.88818874738771669 -0.12765503866924019 0 -0.65359774834803985
0.89685413344656795 -0.10980899043059254 0 -1.3398394161891569
0.90524108184045615 -0.091960453698496036 0 -2.7545256664806219
0.90999390249181278 -0.08157429423815743 0 -3.9279015523098595
0.91793991933573782 -0.063735353030469635 0 -6.7570204511879046
0.92560725572198699 -0.045910881842239043 0 -10.641140492763498
0.92994137018538137 -0.035546433405423954 0 -13.193201762773576
0.93716847661392677 -0.017757851943342038 0 -15.148498179527039
0.94411801668886153 -2.843214975425738e-17 0 -13.655811861977529
0.94803509563879462 0.010318308968032866 0 -11.261975611181697
0.95454719773194507 0.028015161601075748 0 -5.3947829747007257
0.96078413066580326 0.045665820402639785 0 2.5601515145790956
0.96428777235423901 0.055914755664199164 0 7.7499274129984643
0.970092023973531 0.073480630484257875 0 11.576946451174299
0.97562470211136076 0.090985723437399732 0 8.2214896463564511
0.97872030533131349 0.10114336680457664 0 3.4761648729154828
0.98382688242632577 0.11854133218347264 0 -1.3669545026436252
0.98866658694181375 0.13586486968929123 0 -1.04424755706173
-0.12548403803665092 -0.99018407685433452 0 -0.45203388056315325
-0.10817716030722728 -0.98566827000784363 0 -1.2550593508255554
-0.090793057736118218 -0.98088184856604321 0 -0.92383626257557927
-0.080642242067346048 -0.97797075637907593 0 -0.2945730521422007
-0.063146836388593489 -0.97275183485187544 0 0.50016570015531547
-0.045588180878276784 -0.96725699759268235 0 0.78171395129484278
-0.035342367538579313 -0.96393134325166407 0 0.68344667932644998
-0.0176953203670293 -0.95799649729309078 0 -0.39916306063471785
1.0587153287431162e-16 -0.95178156875724473 0 -2.6825849218171456
0.010318308968032954 -0.94803509563879473 0 -4.4150320369830718
0.028077575480529905 -0.94137452704523839 0 -5.9393744821099181
0.045869204624419971 -0.93443094627439549 0 -5.3383352037632621
0.056236104563003 -0.93025925653767561 0 -4.1422479861658088
0.074065820602476559 -0.92286643798354784 0 -2.454771870076629
0.091911139211583517 -0.9151890090828475 0 -1.4954515293812212
0.10230144971021132 -0.91058970508773163 0 -1.2661047086910358
0.12015772894020835 -0.90246161491067556 0 -1.4146536107544327
0.13801210212692519 -0.89404873066181323 0 -2.2345502068398577
0.14839951868363568 -0.88902153960175723 0 -2.9549978973858018
0.16623663160388874 -0.88015886587139125 0 -3.6457389523246313
0.1840536981408519 -0.87101269828861128 0 -3.5109435395826045
0.19441096766163476 -0.86555957652478643 0 -3.0896557025647762
0.21218165518912541 -0.85596688444980518 0 -2.2678205447165181
0.22991365588676307 -0.84609353647681274 0 -1.398898667552533
0.24021277439841621 -0.84021875027532655 0 -0.88639382932578425
0.25786859852544541 -0.82990460743860883 0 -0.20351173745868048
0.27546674015874134 -0.81931422050173652 0 0.19811102319561211
0.28567917043999264 -0.8130244002148419 0 0.3128615179786306
0.30317089767746047 -0.80200145477376472 0 0.46440917116243535
0.32058574773652915 -0.79070826763546753 0 0.58050328901012671
0.33068265392154195 -0.78401243282854449 0 0.62909864234870416
0.34796066613769461 -0.77229744067134987 0 0.65315655718707044
0.36514257261049893 -0.7603197959574981 0 0.59655378180243623
0.37509506821578753 -0.75322934955810372 0 0.53188601565328464
0.39210979447935573 -0.74084314744951185 0 0.46240229711854042
0.40900932392386996 -0.72820344333238973 0 0.45714482649947885
0.41878872922210664 -0.72073213355129184 0 0.47996159347022044
0.43549109140154707 -0.70769955650342098 0 0.52421135225016668
0.45205947777538236 -0.69442414227759319 0 0.56694209631622616
0.46163758201400729 -0.68658799180390606 0 0.59013861095718034
0.47797944621545702 -0.67293773423365177 0 0.62860259928568574
0.49416904234526765 -0.65905674988211471 0 0.6633259898493844
0.50351836600740929 -0.65087395265953873 0 0.68164927903737449
0.51945299149058988 -0.63663837429403325 0 0.72328816678570573
0.53521771471586299 -0.62218553555768874 0 0.77745883973416119
0.54431176686423943 -0.61367632227644053 0 0.8129827329145024
0.55979424388641852 -0.59889120119080619 0 0.86864067868414074
0.5750900073269174 -0.58390353307027731 0 0.9137193088616461
0.58390353307027754 -0.57509000732691729 0 0.9346619802449424
0.59889120119080663 -0.55979424388641852 0 0.96786850888676645
0.6136763222764412 -0.54431176686423932 0 0.99667773692995509
0.62218553555768918 -0.53521771471586288 0 1.008983972512463
0.63663837429403369 -0.51945299149058977 0 0.99565025809996854
0.65087395265953907 -0.50351836600740907 0 0.93346251215086451
0.65905674988211516 -0.49416904234526748 0 0.87614304968302414
0.672937734233652 -0.47797944621545679 0 0.77054636545879007
0.68658799180390651 -0.46163758201400701 0 0.65894820183524794
0.69442414227759364 -0.45205947777538219 0 0.59122992802918861
0.70769955650342131 -0.43549109140154679 0 0.47674944660493801
0.72073213355129229 -0.41878872922210647 0 0.36464852906658995
0.72820344333239007 -0.40900932392386968 0 0.29843469252882715
0.74084314744951207 -0.39210979447935551 0 0.15624121629584184
0.75322934955810383 -0.37509506821578731 0 -0.026320165606817082
0.76031979595749832 -0.36514257261049882 0 -0.14669704073964135
0.77229744067135009 -0.34796066613769444 0 -0.30611729611984129
0.78401243282854483 -0.33068265392154189 0 -0.3960562012704657
0.79070826763546753 -0.32058574773652898 0 -0.42061903575334092
0.80200145477376505 -0.30317089767746042 0 -0.4767339467899922
0.81302440021484201 -0.28567917043999247 0 -0.55936483555436844
0.81931422050173675 -0.27546674015874117 0 -0.61694800560916885
0.82990460743860905 -0.25786859852544536 0 -0.69048696037272983
0.84021875027532655 -0.24021277439841604 0 -0.7262032572963244
0.84609353647681274 -0.22991365588676288 0 -0.73113714529164753
0.85596688444980507 -0.21218165518912527 0 -0.73577276682689441
0.86555957652478632 -0.19441096766163463 0 -0.73881846614261593
0.87101269828861128 -0.18405369814085176 0 -0.73279572943885452
0.88015886587139114 -0.1662366316038886 0 -0.60313212399509319
0.889021539601757 -0.14839951868363555 0 -0.30820669397540507
0.89404873066181356 -0.13801210212692505 0 -0.097039009333030085
0.90246161491067556 -0.12015772894020825 0 -0.21590739275472942
0.91058970508773163 -0.10230144971021123 0 -1.0172996157802474
0.9151890090828475 -0.091911139211583393 0 -1.8494407250181499
0.92286643798354784 -0.074065820602476476 0 -4.6838270894321621
0.93025925653767549 -0.056236104563002924 0 -9.3944002040850911
0.9344309462743956 -0.045869204624419888 0 -12.793885552187792
0.94137452704523827 -0.028077575480529842 0 -16.673203090370425
0.94803509563879462 -0.010318308968032921 0 -17.669301753946918
0.95178156875724451 -3.1773249565286171e-17 0 -16.851752275977379
0.95799649729309078 0.017695320367029348 0 -11.916342920169532
0.96393134325166374 0.035342367538579333 0 -2.3934691307035183
0.96725699759268235 0.045588180878276853 0 4.7449786715280027
0.97275183485187522 0.063146836388593544 0 12.077276363121969
0.97797075637907616 0.080642242067346104 0 12.198687147023611
0.98088184856604343 0.090793057736118302 0 9.3244982222459143
0.98566827000784352 0.10817716030722732 0 4.6017385542062925
0.99018407685433452 0.1254840380366509 0 0.89013032163678718
-0.10770006954876805 -0.99252839443646279 0 -0.45744725945844833
-0.090419207388299422 -0.98857363633635154 0 -1.0497885033417669
-0.073056311985055647 -0.98434225204822012 0 -0.15815550142455456
-0.062915705722240797 -0.98175124853651741 0 0.90135964403498703
-0.045434325848733699 -0.97707698394212972 0 1.7489195424118256
-0.027885450684148248 -0.97211970052502295 0 1.1051774121604394
-0.017643472210844287 -0.96910346323295049 0 0.10171461694291688
8.1334821753014089e-17 -0.96369409639719061 0 -1.9623417430481245
0.017695320367029487 -0.95799649729309089 0 -4.3424398214300064
0.028015161601075839 -0.95454719773194507 0 -5.752072428644678
0.045779489336507218 -0.94839027460734537 0 -6.4640569401718686
0.063578979683251921 -0.94194120594474073 0 -4.7828842923099728
0.073951614731755599 -0.93805296897235146 0 -2.8907972872691876
0.091792947748646644 -0.93113948316478157 0 -0.72301530204528697
0.10965180952903789 -0.92393135091384004 0 -0.29472509292137966
0.12005074534650678 -0.91960042318252444 0 -0.77290990456075581
0.13792286789130018 -0.91192509690285695 0 -1.8411840610313515
0.15579404636883895 -0.90395413613789399 0 -3.0730977703871898
0.1661915300550757 -0.89917903697879409 0 -3.8155190879099168
0.18404615799028548 -0.8907405695392393 0 -4.3970139635741292
0.20188065794875218 -0.88200707839033166 0 -4.0006473421620932
0.21224786889428068 -0.87678872884786663 0 -3.3685613775154457
0.23003499398645233 -0.86759000541755649 0 -2.2796606411515659
0.24778224143541838 -0.85809853656022184 0 -1.2872327708069584
0.25808950961420529 -0.85244036249246291 0 -0.76585344787029952
0.27575778753718017 -0.84248861625562688 0 -0.13703391309866889
0.29336603341769274 -0.83224811932042075 0 0.12978793684298473
0.3035830812503959 -0.82615612483964096 0 0.1339619575190529
0.32108025844651555 -0.8154630463985888 0 0.11334292714784819
0.33849701894275025 -0.80448695548577298 0 0.090185770202630397
0.34859322334814907 -0.79796976352848925 0 0.073071476193109067
0.36586659652757303 -0.78655155235899521 0 0.010584828861981397
0.38303912326332479 -0.77485781390798025 0 -0.098780054462202005
0.39298379376343745 -0.76792667138766646 0 -0.17943533905047249
0.40998069457032726 -0.75580402536824098 0 -0.26689720516828069
0.42685646677763733 -0.74341506293372883 0 -0.2799639615444936
0.43661913485974596 -0.73608380872566093 0 -0.25797595883725921
0.45328743115586762 -0.72328184919211136 0 -0.22703830004279618
0.4698146609079204 -0.71022446318062915 0 -0.21468793826782492
0.47936537530912199 -0.70250945809240339 0 -0.21533885372357281
0.49565397967851671 -0.68905758946846563 0 -0.20694102580705076
0.51178212053565308 -0.67536279153887113 0 -0.1849079321931662
0.52109174273342218 -0.66728281039985726 0 -0.16675910121955548
0.53695111824626207 -0.65321451516492191 0 -0.12945331383017283
0.55263136721840966 -0.63891729873173098 0 -0.086434222803479566
0.56167186120860768 -0.63049338575197766 0 -0.059517564098825283
0.5770545142364224 -0.61584595726001767 0 -0.011004133767377477
0.59224029685029322 -0.60098500728849602 0 0.038793164604829261
0.60098500728849624 -0.59224029685029322 0 0.067639961506982746
0.61584595726001801 -0.57705451423642229 0 0.11493741902569769
0.63049338575197811 -0.56167186120860768 0 0.15781557138265556
0.63891729873173153 -0.55263136721840944 0 0.17852765863987294
0.65321451516492235 -0.53695111824626207 0 0.18058498251006885
0.66728281039985782 -0.52109174273342196 0 0.13548794181413046
0.67536279153887158 -0.51178212053565275 0 0.088957877022679738
0.68905758946846585 -0.49565397967851654 0 0.0019492632312680426
0.70250945809240384 -0.47936537530912171 0 -0.090878192468865901
0.71022446318062971 -0.46981466090792007 0 -0.14718965816693461
0.72328184919211147 -0.45328743115586728 0 -0.23718601296723998
0.73608380872566115 -0.43661913485974579 0 -0.31778038769178057
0.74341506293372916 -0.42685646677763711 0 -0.36330947904188027
0.75580402536824132 -0.40998069457032715 0 -0.48085672094937343
0.76792667138766668 -0.39298379376343734 0 -0.65442581593619087
0.77485781390798047 -0.38303912326332468 0 -0.77556915711250551
0.78655155235899532 -0.36586659652757286 0 -0.92941969062066243
0.79796976352848958 -0.34859322334814902 0 -1.0025470550463933
0.8044869554857732 -0.33849701894275014 0 -1.0111707607540659
0.81546304639858924 -0.32108025844651555 0 -1.0149835572459667
0.82615612483964118 -0.30358308125039574 0 -1.0117367676169056
0.83224811932042098 -0.29336603341769268 0 -1.0073046506483594
0.84248861625562721 -0.27575778753718011 0 -1.0062348996558959
0.85244036249246324 -0.25808950961420518 0 -1.0149122144438365
0.85809853656022184 -0.24778224143541824 0 -1.0245137154240518
0.86759000541755638 -0.23003499398645222 0 -1.0503313430062113
0.87678872884786641 -0.21224786889428049 0 -1.0880351641037815
0.88200707839033154 -0.20188065794875204 0 -1.0988096202788553
0.89074056953923919 -0.1840461579902854 0 -0.84610535473839632
0.89917903697879398 -0.16619153005507553 0 -0.21673937954999845
0.90395413613789388 -0.15579404636883881 0 0.28874265615497025
0.91192509690285695 -0.13792286789130012 0 0.88169796417107338
0.91960042318252433 -0.12005074534650668 0 1.0572724351700471
0.92393135091383993 -0.10965180952903776 0 0.87663291910967611
0.93113948316478157 -0.091792947748646561 0 -1.3005601006605549
0.93805296897235146 -0.07395161473175553 0 -6.0149147415261366
0.94194120594474073 -0.063578979683251824 0 -9.7679775240977147
0.94839027460734537 -0.045779489336507148 0 -15.578345637323844
0.95454719773194496 -0.0280151616010758 0 -20.269190673979178
0.95799649729309067 -0.017695320367029411 0 -22.229436522043358
0.96369409639719061 -2.9916256276970702e-17 0 -20.332997923500205
0.96910346323295027 0.017643472210844311 0 -11.304984075239116
0.97211970052502328 0.027885450684148317 0 -3.3109305932774906
0.97707698394212938 0.045434325848733741 0 7.1779429090221738
0.98175124853651752 0.062915705722240839 0 12.530356076127141
0.98434225204822035 0.073056311985055702 0 13.327754719620396
0.98857363633635165 0.090419207388299491 0 10.668898509794129
0.9925283944364629 0.10770006954876805 0 3.0982633611214134
-0.089989943855735527 -0.99454424422902721 0 -0.20509431714479281
-0.07273153409953674 -0.99115573231379728 0 -0.19975280643792051
-0.055386282416703354 -0.98748513778288161 0 0.88413204834193571
-0.045253810723981006 -0.98521781547677467 0 1.8580240676109543
-0.027782889107713264 -0.98109478125392802 0 1.9381422354134341
-0.010240223300937443 -0.97668210578427039 0 -0.28270136692875658
5.3708519873692642e-17 -0.97397960001448847 0 -2.4483330615413292
0.017643472210844415 -0.96910346323295038 0 -5.0364115236617089
0.035342367538579465 -0.96393134325166363 0 -5.8312566511816826
0.045665820402639869 -0.96078413066580337 0 -5.5170375908344553
0.063438777366457616 -0.95513956512878595 0 -4.2808766829134894
0.081249686482674596 -0.94919403188499429 0 -2.2680408832984122
0.091630119982568758 -0.94559462854700815 0 -0.8558576334041168
0.10948659843248497 -0.93916991941428007 0 0.25556476367148356
0.12736250383467443 -0.9324407477098362 0 -0.52206910578152288
0.13777208590181625 -0.9283839075877347 0 -1.7244550192019084
0.15566348975469801 -0.92117128383863001 0 -3.3545865297166793
0.17355485900079803 -0.91365231248168377 0 -4.1914602456780949
0.1839643515296179 -0.90913520788838487 0 -4.3252166531970628
0.20183977351729088 -0.90113114104195779 0 -4.0939585453448943
0.21969490248566473 -0.89282055611225553 0 -3.3067539140319617
0.23007387090862683 -0.88784293492790056 0 -2.6278966788294924
0.24788046919354603 -0.87904839519091005 0 -1.6107583540603752
0.26564587908580056 -0.86994896740109984 0 -0.8544736767785186
0.27596293255244159 -0.86451328207627254 0 -0.53317264317036406
0.29364635859447341 -0.85493394348462859 0 -0.17147381910802076
0.31126724227948066 -0.84505321144667556 0 -0.047120065680672341
0.3214903015698618 -0.83916471515194546 0 -0.075765645443901061
0.33899517378665628 -0.82881110200485897 0 -0.17412890705534081
0.35641588536849489 -0.81816149407683247 0 -0.31747407355788709
0.3665124746814844 -0.81182829992889038 0 -0.41880935300810146
0.38378289076658734 -0.80071586788874893 0 -0.57465946127605672
0.40094747061985297 -0.78931475647925753 0 -0.70123487466511136
0.41088502844542502 -0.78254785653108949 0 -0.76129917319159934
0.42786510765567337 -0.77069700315898204 0 -0.83064285190000975
0.44471783368947965 -0.75856668687981599 0 -0.85699488149627023
0.45446403714882688 -0.75137992849407109 0 -0.8550638233975475
0.47109848252628883 -0.73881592967432252 0 -0.85141316319939098
0.48758443719276023 -0.7259835405123487 0 -0.85266949802901704
0.49710753355590798 -0.71839355881427114 0 -0.85519492636876637
0.51334220298570521 -0.705146429435758 0 -0.84726409855799167
0.52940784461266399 -0.69164376410030248 0 -0.8228198281347241
0.53867698322097168 -0.68366987038991889 0 -0.80212265812531958
0.55445945751078085 -0.66977414972476124 0 -0.76559597795022449
0.57005318397234539 -0.65563742643840772 0 -0.73028521117956202
0.57903874153541202 -0.64730145368317571 0 -0.71015322901205147
0.59431887738609435 -0.63279591804871571 0 -0.66782468123953387
0.60939156997278288 -0.61806546219773784 0 -0.61537615621107888
0.61806546219773806 -0.60939156997278277 0 -0.58130059137103318
0.63279591804871604 -0.59431887738609435 0 -0.52815896129219531
0.64730145368317604 -0.5790387415354119 0 -0.48424390237023529
0.65563742643840817 -0.57005318397234528 0 -0.46443328517709054
0.66977414972476168 -0.55445945751078085 0 -0.45851208372479629
0.68366987038991911 -0.53867698322097135 0 -0.49135945822826976
0.69164376410030293 -0.52940784461266388 0 -0.5270235464411912
0.70514642943575834 -0.51334220298570488 0 -0.59307859727180878
0.71839355881427158 -0.4971075335559077 0 -0.66234552294549354
0.72598354051234903 -0.48758443719276001 0 -0.70397398405643385
0.73881592967432275 -0.47109848252628855 0 -0.77253357825746827
0.75137992849407131 -0.45446403714882666 0 -0.83698936235949595
0.75856668687981632 -0.44471783368947942 0 -0.87508398446966096
0.77069700315898237 -0.4278651076556732 0 -0.97721402718510697
0.78254785653108971 -0.41088502844542485 0 -1.1309731051415257
0.78931475647925775 -0.40094747061985292 0 -1.2389159666293852
0.80071586788874927 -0.38378289076658717 0 -1.3736938725112098
0.81182829992889061 -0.3665124746814844 0 -1.4331027426355585
0.81816149407683258 -0.35641588536849472 0 -1.4352625262673371
0.82881110200485919 -0.33899517378665611 0 -1.41678048391223
0.83916471515194557 -0.32149030156986169 0 -1.3750899459086814
0.84505321144667578 -0.3112672422794806 0 -1.3411435666746279
0.85493394348462892 -0.29364635859447324 0 -1.2818461681778661
0.86451328207627265 -0.27596293255244142 0 -1.2234172824018039
0.86994896740109984 -0.2656458790858004 0 -1.1926414615305714
0.87904839519090983 -0.24788046919354592 0 -1.189134713347189
0.88784293492790056 -0.23007387090862674 0 -1.2538031360518649
0.89282055611225553 -0.21969490248566462 0 -1.3041901360042605
0.90113114104195757 -0.20183977351729074 0 -1.1310134729350594
0.90913520788838476 -0.18396435152961774 0 -0.59175988698500981
0.91365231248168399 -0.17355485900079787 0 -0.12135368512471925
0.9211712838386299 -0.15566348975469788 0 0.77550493334235526
0.92838390758773459 -0.13777208590181617 0 1.7597663419278744
0.9324407477098362 -0.12736250383467432 0 2.2780896329671441
0.93916991941428007 -0.1094865984324849 0 1.6345933451495629
0.94559462854700804 -0.091630119982568661 0 -1.1330278776311999
0.94919403188499429 -0.081249686482674513 0 -3.7001698607878
0.95513956512878595 -0.063438777366457547 0 -9.4358392833930349
0.96078413066580326 -0.045665820402639834 0 -16.798238562989894
0.96393134325166363 -0.035342367538579389 0 -21.457282693784965
0.96910346323295027 -0.017643472210844363 0 -24.403967185296914
0.97397960001448836 -2.4076233046827738e-17 0 -20.250133870194563
0.97668210578427039 0.010240223300937516 0 -14.898050817306528
0.98109478125392802 0.027782889107713319 0 -5.4303231527839433
0.98521781547677489 0.045253810723981047 0 3.7360474228141562
0.98748513778288161 0.055386282416703417 0 8.6188221563024108
0.99115573231379717 0.072731534099536754 0 10.470446194344467
0.99454424422902721 0.089989943855735499 0 3.5964792275496711
-0.07971998814075873 -0.99556822049148863 0 0.044405968132872294
-0.062472890915162768 -0.99251141601463522 0 0.53982641084308469
-0.045136153997773092 -0.98916962056815483 0 1.5570219188763506
-0.035007395908386266 -0.98709220696031752 0 2.2460682776635981
-0.017540806791497429 -0.98329280545041076 0 1.5570068148351961
8.4980591899824868e-17 -0.97920014231616692 0 -1.769471798577644
0.010240223300937589 -0.9766821057842705 0 -4.6425154054639259
0.027885450684148411 -0.97211970052502306 0 -7.2879797808088878
0.045588180878276971 -0.96725699759268213 0 -6.5133304050023986
0.05591475566419922 -0.96428777235423879 0 -4.6909330065610035
0.073694484384132605 -0.95894526663396773 0 -1.9453780313201219
0.091513782992505344 -0.95329681487920059 0 -0.084895423387941649
0.10189976630448629 -0.94986792002449727 0 0.56525878711166899
0.11976678814445157 -0.9437319165068484 0 0.45430036985872246
0.13765432769208727 -0.93728585106235662 0 -1.2526715534844266
0.14807109581075042 -0.93339110793797631 0 -2.8423881467855576
0.16597540548925632 -0.92645227362850902 0 -4.6117892850193938
0.18388018436083545 -0.91920092666669584 0 -4.889606020678869
0.19429761749758068 -0.91483665809870396 0 -4.4301809857149941
0.21218674886561581 -0.90709005508112028 0 -3.4674210726618346
0.23005545106955644 -0.89903027064163821 0 -2.4200584498877227
0.24044215343734185 -0.89419547625738016 0 -1.7896197164572329
0.25826157564891428 -0.88564084837278523 0 -0.95891962276577924
0.2760389892762618 -0.87677424940302673 0 -0.48378646461496988
0.28636254261759547 -0.87147075145329767 0 -0.35861980379409047
0.30405611238350899 -0.86211275745489657 0 -0.23265117884591235
0.32168560212435748 -0.85244595583727523 0 -0.19301372845533618
0.33191284965275286 -0.84667851028366126 0 -0.21027042243686345
0.3494233137565857 -0.83652689474234787 0 -0.31520648502801252
0.3668473409115191 -0.82607163597672362 0 -0.51673006486656003
0.37694469751011667 -0.81984800419916148 0 -0.67090293259932587
0.39421423787658028 -0.80891769856844142 0 -0.87954073767390606
0.41137491945266863 -0.7976909340590973 0 -1.0008450331792573
0.42130870292259115 -0.7910219113510305 0 -1.0351460253930516
0.4382795147737909 -0.77933305910700656 0 -1.0801918771350782
0.45511921157717383 -0.76735694064673832 0 -1.1160731447060115
0.46485598879293688 -0.76025633868131992 0 -1.1330182991267721
0.48147088090091783 -0.74783424029649614 0 -1.1499848562042843
0.49793280312325594 -0.73513603329818411 0 -1.1520873241499008
0.50743974418603244 -0.72762061493714947 0 -1.1470947882732412
0.52364274901894037 -0.71449559056436796 0 -1.127736160795201
0.53967156674798744 -0.70110750479338813 0 -1.0961095911252041
0.5489167996771106 -0.69319687092640858 0 -1.0732215111522285
0.56465378041862124 -0.67940404097973928 0 -1.0357290413160705
0.58019622585500741 -0.66536297990015181 0 -1.0030627694302143
0.5891491840620664 -0.65707940939222675 0 -0.98589427416427289
0.60436842511911348 -0.64265839561697835 0 -0.94637228345199009
0.61937387310363456 -0.62800562787770142 0 -0.89332529477147382
0.62800562787770164 -0.61937387310363445 0 -0.85773959805790057
0.64265839561697868 -0.60436842511911348 0 -0.80498001366132044
0.65707940939222698 -0.58914918406206618 0 -0.76609021191875848
0.66536297990015225 -0.58019622585500719 0 -0.75088936016939445
0.67940404097973983 -0.56465378041862124 0 -0.7475821964723629
0.69319687092640891 -0.54891679967711027 0 -0.77535181938557085
0.70110750479338835 -0.53967156674798711 0 -0.80480982581175242
0.71449559056436829 -0.52364274901894026 0 -0.85785118588942899
0.72762061493715002 -0.5074397441860321 0 -0.91176089627458556
0.73513603329818455 -0.49793280312325577 0 -0.94385141512016357
0.74783424029649637 -0.48147088090091761 0 -1.0013692190468817
0.76025633868132025 -0.46485598879293671 0 -1.0625788259870692
0.76735694064673865 -0.45511921157717372 0 -1.1016401484944915
0.7793330591070069 -0.43827951477379079 0 -1.1982473651281897
0.79102191135103073 -0.42130870292259098 0 -1.3358472909574148
0.79769093405909752 -0.41137491945266857 0 -1.430412359188546
0.80891769856844131 -0.39421423787658005 0 -1.5486091146416545
0.81984800419916193 -0.37694469751011667 0 -1.6014615881909819
0.82607163597672406 -0.36684734091151899 0 -1.6039257704367142
0.8365268947423482 -0.34942331375658559 0 -1.585129543509485
0.84667851028366137 -0.3319128496527527 0 -1.541035731809506
0.85244595583727534 -0.32168560212435732 0 -1.5036981251071369
0.86211275745489679 -0.30405611238350894 0 -1.4188434984086125
0.87147075145329778 -0.28636254261759536 0 -1.3077805161401492
0.87677424940302684 -0.27603898927626169 0 -1.2370338483140106
0.88564084837278512 -0.25826157564891411 0 -1.1962856081778592
0.89419547625738038 -0.24044215343734171 0 -1.2699903189853536
0.8990302706416381 -0.23005545106955627 0 -1.349140813442028
0.90709005508112006 -0.21218674886561567 0 -1.2994741527122078
0.91483665809870396 -0.19429761749758054 0 -0.98153555248890623
0.91920092666669595 -0.18388018436083531 0 -0.66481397051414559
0.92645227362850902 -0.16597540548925627 0 0.23051331609214348
0.93339110793797631 -0.14807109581075037 0 1.5855372108352517
0.93728585106235629 -0.13765432769208716 0 2.5038844082939171
0.9437319165068484 -0.11976678814445148 0 3.0655060578989337
0.94986792002449727 -0.1018997663044862 0 2.1807065307792883
0.9532968148792007 -0.091513782992505274 0 0.91036605683161564
0.95894526663396795 -0.073694484384132591 0 -3.9252248780146761
0.9642877723542389 -0.055914755664199199 0 -12.282773851735149
0.96725699759268235 -0.045588180878276902 0 -18.356652552322227
0.97211970052502295 -0.027885450684148359 0 -24.686593947034549
0.9766821057842705 -0.010240223300937559 0 -25.03947491885403
0.97920014231616725 -1.6397744543974337e-17 0 -22.61313844071719
0.98329280545041087 0.017540806791497474 0 -15.486991532386927
0.98709220696031752 0.035007395908386287 0 -4.869048501342327
0.98916962056815494 0.045136153997773154 0 2.3375348440187516
0.99251141601463533 0.062472890915162803 0 7.6946206577691907
0.99556822049148874 0.079719988140758702 0 3.1418177057023056
-0.062142732782788618 -0.99707479656055786 0 0.35518387902872262
-0.044911876114919182 -0.99459125349322652 0 1.273228012881749
-0.027586574900432641 -0.9918182002054079 0 1.7372051910834188
-0.017462338809176511 -0.99006951091644924 0 1.7270554446078699
5.1914163126701183e-17 -0.98683068815640196 0 0.12684554050353666
0.017540806791497561 -0.98329280545041065 0 -3.6107600511328029
0.027782889107713371 -0.98109478125392768 0 -6.4703207216656633
0.045434325848733831 -0.97707698394212961 0 -8.3664846713228922
0.063146836388593655 -0.97275183485187511 0 -5.8850190128612088
0.073480630484257917 -0.970092023973531 0 -2.753747113321948
0.091275176385465076 -0.96527494500100575 0 0.99413037547811878
0.10911206095269849 -0.96014365590634931 0 2.0463277208882382
0.1195094186407531 -0.95701176030538437 0 1.5130516131588474
0.13739769983455349 -0.95137892851588624 0 -0.1305082313272245
0.15530834762856935 -0.94542662979184933 0 -2.504097541211963
0.1657392633000413 -0.9418147574679806 0 -4.1020092375560937
0.18366881128693621 -0.93535396289074801 0 -5.4994108122347543
0.20159964855885829 -0.928570202160372 0 -4.9561448463116946
0.21203245704072449 -0.92447310145318851 0 -3.8576066688002504
0.22994807037275541 -0.91717678601912056 0 -2.2013579702319714
0.24784294930988304 -0.90955590234938077 0 -1.0617918618982392
0.25824456455704381 -0.90497117141510042 0 -0.62804889478893322
0.27608873986704552 -0.89683677343945156 0 -0.17990385989364199
0.29388939549677007 -0.88837822081098095 0 -0.089707367305046692
0.30422558812311729 -0.88330648553388347 0 -0.18326468474012544
0.32193901636689803 -0.87433672651092142 0 -0.32727764696220341
0.33958558644676151 -0.86504533533396333 0 -0.41113901655550722
0.34982129674911056 -0.85949038927133836 0 -0.43994790087604985
0.3673434181942592 -0.84969349226086099 0 -0.56560433623156647
0.38477501872040742 -0.83957965863299877 0 -0.80354910730023688
0.39487470049655021 -0.83354855921700233 0 -0.98364626810998257
0.41214430968977533 -0.82293838932556196 0 -1.2121805772137821
0.42929965639737683 -0.81201818313756069 0 -1.3171904026324621
0.43922764557189597 -0.80552129926365901 0 -1.3278840563980201
0.45618353536283196 -0.79411741842376038 0 -1.3521554765680557
0.47300159952749332 -0.7824126032958757 0 -1.3975875721582645
0.48272250044569665 -0.77546361059714486 0 -1.43162751540049
0.49930413225843234 -0.76329124098462242 0 -1.4673949623887468
0.51572481735578513 -0.75082920130422437 0 -1.4698178975562575
0.52520389865524397 -0.74344502280758429 0 -1.4572363317128583
0.54135208469386231 -0.73053491573966634 0 -1.428288208263107
0.55731690914544341 -0.71734848868963574 0 -1.3929932433481584
0.5665205004277073 -0.7095491801212106 0 -1.3701286994888529
0.58217808247947411 -0.69593739004642519 0 -1.3323770336403624
0.59763085289967277 -0.6820646033538259 0 -1.297845475998471
0.60652673305185889 -0.67387318403870111 0 -1.2787771675527375
0.62163924208966215 -0.65960075014272668 0 -1.2378992400851347
0.63652670121853483 -0.64508446920969653 0 -1.1857800081722856
0.64508446920969664 -0.63652670121853472 0 -1.1517236293202902
0.6596007501427269 -0.62163924208966204 0 -1.1063211549243857
0.67387318403870167 -0.60652673305185889 0 -1.0806353062848464
0.68206460335382624 -0.59763085289967244 0 -1.0747889534168333
0.69593739004642574 -0.582178082479474 0 -1.0780824446307888
0.70954918012121104 -0.56652050042770707 0 -1.0982691457156371
0.71734848868963585 -0.55731690914544307 0 -1.1171891638736158
0.73053491573966667 -0.54135208469386198 0 -1.1505132958700832
0.74344502280758484 -0.52520389865524375 0 -1.1835586140641219
0.75082920130422481 -0.51572481735578501 0 -1.2032234342680213
0.76329124098462253 -0.49930413225843218 0 -1.2447156794916576
0.77546361059714508 -0.48272250044569642 0 -1.297157521423983
0.78241260329587636 -0.47300159952749304 0 -1.3334108309868922
0.79411741842376082 -0.45618353536283179 0 -1.4148389487265687
0.80552129926365934 -0.43922764557189592 0 -1.5219310753458919
0.81201818313756102 -0.42929965639737672 0 -1.5930508650209254
0.82293838932556207 -0.41214430968977511 0 -1.6832859579500108
0.83354855921700266 -0.39487470049655016 0 -1.726694922457517
0.8395796586329991 -0.38477501872040742 0 -1.7313192614179891
0.84969349226086099 -0.36734341819425909 0 -1.7168386093250196
0.85949038927133858 -0.3498212967491105 0 -1.675976780729576
0.86504533533396344 -0.33958558644676146 0 -1.6390088984883362
0.87433672651092176 -0.32193901636689798 0 -1.5368334684216269
0.88330648553388347 -0.30422558812311723 0 -1.3836561063750028
0.88837822081098117 -0.29388939549676996 0 -1.2785047009581669
0.89683677343945134 -0.27608873986704541 0 -1.1845450383773271
0.90497117141510053 -0.2582445645570437 0 -1.2156007474331183
0.90955590234938077 -0.24784294930988299 0 -1.2819570451299169
0.91717678601912023 -0.22994807037275525 0 -1.3401278080951577
0.9244731014531884 -0.21203245704072432 0 -1.308742575683127
0.92857020216037189 -0.20159964855885806 0 -1.2205812653961536
0.93535396289074801 -0.18366881128693607 0 -0.51176086705759138
0.9418147574679806 -0.16573926330004121 0 0.9583947054485048
0.9454266297918491 -0.15530834762856918 0 2.1174840598082989
0.95137892851588624 -0.13739769983455341 0 3.9258098396782088
0.95701176030538426 -0.11950941864075303 0 5.4089253037219951
0.96014365590634931 -0.1091120609526984 0 5.9234542017191938
0.96527494500100586 -0.091275176385465048 0 3.1806478845863522
0.970092023973531 -0.073480630484257917 0 -4.526919864279491
0.97275183485187522 -0.063146836388593586 0 -10.941543172549174
0.97707698394212938 -0.045434325848733775 0 -19.999465644508092
0.98109478125392779 -0.027782889107713343 0 -25.889574731181845
0.98329280545041087 -0.017540806791497499 0 -27.691885506853122
0.98683068815640185 -8.1969731252686093e-18 0 -25.170677027902762
0.99006951091644946 0.017462338809176536 0 -15.255809929180982
0.99181820020540812 0.027586574900432703 0 -6.7900577479425346
0.99459125349322675 0.044911876114919223 0 1.8387410459235298
0.9970747965605582 0.062142732782788611 0 1.6665890954716036
-0.044659176519707647 -0.9982663197545999 0 0.47713717766760699
-0.027440305217570678 -0.99635971105753696 0 1.1989951447392042
-0.010122187898938382 -0.99415969950978633 0 0.53198610443438277
2.1609352595818538e-17 -0.99274251552795101 0 -0.43488117111373664
0.017462338809176584 -0.99006951091644946 0 -2.2876139660469601
0.035007395908386363 -0.98709220696031741 0 -4.269073401056227
0.045253810723981103 -0.98521781547677489 0 -5.3540266721508667
0.062915705722240908 -0.98175124853651752 0 -5.3430451363809404
0.080642242067346187 -0.97797075637907604 0 -2.7289285772348224
0.090985723437399774 -0.97562470211136065 0 -0.25575111924326122
0.10879931933805391 -0.97134084590382974 0 2.1276933016251154
0.12665800837418825 -0.96673490900725167 0 1.6829486426310096
0.1370691865377435 -0.96390494592804565 0 0.27624548316609804
0.15498290967232328 -0.95878402466242385 0 -1.9413330329644045
0.17292081539723195 -0.95333453101321608 0 -3.6024973651453669
0.18336827491723989 -0.95001091269371474 0 -4.2809122480425801
0.20132713945102065 -0.94403759286698063 0 -4.4794169775785777
0.21928805420560299 -0.93773105458749584 0 -3.3955032576648878
0.2297385450956628 -0.93390680720681196 0 -2.263959838802637
0.2476845406862368 -0.92707065477727757 0 -0.78116755359939838
0.26560940405724343 -0.91989864843274471 0 -0.061518292411183964
0.27602809981051218 -0.91556981844108665 0 0.034675113587280641
0.29390065906414242 -0.90786570819836143 0 0.048018120185884715
0.31172805523519553 -0.89982526194085866 0 -0.07086999278034456
0.32207885572483069 -0.89499113033306199 0 -0.19393512172667668
0.33981539712038983 -0.88641959373902168 0 -0.3958483731422231
0.35748212526320877 -0.87751350775782477 0 -0.57156802455791056
0.36772800086619695 -0.87217676320737347 0 -0.66385754774219075
0.3852645400149981 -0.86274426166778562 0 -0.8331788087373273
0.4027062495001334 -0.85298134933298375 0 -1.020139380110253
0.41280962116253356 -0.84714821307883259 0 -1.133382939394223
0.43008144048485303 -0.83686732489552029 0 -1.2815811304783811
0.44723331994773341 -0.82626256350768568 0 -1.3636849262366664
0.45715646834182438 -0.8199428598818076 0 -1.384104757587042
0.47409883261308855 -0.80883237102780325 0 -1.4205771606293209
0.49089633938595451 -0.797406953203464 0 -1.4652299622525695
0.50060183489639198 -0.79061412101911899 0 -1.4933570711682451
0.51715073779949339 -0.7786990123328934 0 -1.5230885150297384
0.53353035206391963 -0.7664802917068374 0 -1.5258664677271634
0.54298149616776847 -0.7592313333559243 0 -1.5159562525243642
0.55907442112947314 -0.74654265968432942 0 -1.4944083273733535
0.57497440749928475 -0.7335639876992246 0 -1.4690262690759985
0.58413567525308185 -0.72587935466908504 0 -1.4522065358392897
0.59971235257197475 -0.7124540147834556 0 -1.4164473816238672
0.61507351080283035 -0.69875446873305047 0 -1.3713854747625163
0.62391098368364994 -0.69065788426636499 0 -1.3412848993982731
0.63891412537642811 -0.67653828388187831 0 -1.2904784714923878
0.65368051160442608 -0.6621622899157813 0 -1.2417471645824707
0.66216228991578152 -0.65368051160442586 0 -1.2151238239393809
0.67653828388187864 -0.638914125376428 0 -1.1855232424825313
0.69065788426636532 -0.62391098368364972 0 -1.1780185432269852
0.6987544687330508 -0.61507351080283013 0 -1.1829536081186671
0.71245401478345616 -0.59971235257197464 0 -1.1945669412415996
0.72587935466908526 -0.58413567525308152 0 -1.208241247663991
0.73356398769922504 -0.57497440749928441 0 -1.217161184534743
0.74654265968432965 -0.55907442112947303 0 -1.2346910800820181
0.75923133335592463 -0.54298149616776825 0 -1.2550451117093786
0.76648029170683796 -0.53353035206391952 0 -1.2684104778374192
0.77869901233289374 -0.51715073779949328 0 -1.2976811314087122
0.79061412101911932 -0.50060183489639165 0 -1.3353956650187786
0.79740695320346433 -0.49089633938595439 0 -1.3615545981513255
0.80883237102780359 -0.47409883261308844 0 -1.4189676775037772
0.81994285988180793 -0.45715646834182422 0 -1.4928314195066084
0.8262625635076859 -0.4472333199477333 0 -1.5414884756705256
0.83686732489552029 -0.43008144048485275 0 -1.6059807783902695
0.84714821307883292 -0.41280962116253345 0 -1.6422867742502567
0.8529813493329842 -0.4027062495001334 0 -1.6505607491616121
0.86274426166778584 -0.38526454001499799 0 -1.6441961426931575
0.87217676320737381 -0.36772800086619684 0 -1.6120963312418626
0.877513507757825 -0.35748212526320866 0 -1.5809627951540015
0.8864195937390219 -0.33981539712038977 0 -1.4966446879975719
0.89499113033306221 -0.32207885572483058 0 -1.3721474475474689
0.8998252619408591 -0.31172805523519542 0 -1.2844349801366426
0.90786570819836143 -0.29390065906414231 0 -1.1570567999472652
0.91556981844108665 -0.27602809981051207 0 -1.0658557876803028
0.91989864843274449 -0.26560940405724326 0 -1.0313806129068819
0.92707065477727735 -0.24768454068623663 0 -1.0340951597784271
0.93390680720681207 -0.22973854509566266 0 -1.1189040635241916
0.93773105458749584 -0.21928805420560282 0 -1.1779924069076382
0.94403759286698063 -0.20132713945102057 0 -0.86921775845870841
0.95001091269371485 -0.18336827491723981 0 0.013782711222762645
0.95333453101321586 -0.17292081539723178 0 0.79454329159369497
0.95878402466242374 -0.1549829096723232 0 2.6342451741080168
0.96390494592804576 -0.13706918653774341 0 5.1067733142638394
0.96673490900725167 -0.12665800837418817 0 6.6462443490633243
0.97134084590382974 -0.10879931933805388 0 6.5570819163812324
0.97562470211136076 -0.090985723437399746 0 2.6470344153190055
0.97797075637907604 -0.080642242067346118 0 -1.2449631463169286
0.98175124853651741 -0.062915705722240853 0 -8.6324619573520796
0.98521781547677501 -0.045253810723981075 0 -16.623522440917007
0.98709220696031774 -0.0350073959083863 0 -21.215384225714548
0.99006951091644946 -0.017462338809176543 0 -23.700343705889168
0.99274251552795112 -3.6015587659697578e-18 0 -18.742464707488399
0.99415969950978667 0.010122187898938435 0 -12.913115864684183
0.99635971105753718 0.02744030521757071 0 -4.9633485210947965
0.9982663197545999 0.044659176519707626 0 -0.60427542084906372
-0.03452993093356279 -0.99881692812643141 0 0.46442866909628872
-0.017315984980563019 -0.9972475471427884 0 0.8272386457659715
5.0850704385551014e-17 -0.99538279592569012 0 -0.67922115842426578
0.010122187898938451 -0.99415969950978622 0 -2.2575713823049979
0.027586574900432741 -0.9918182002054079 0 -3.9635418308329893
0.045136153997773203 -0.98916962056815483 0 -4.1096697283018111
0.055386282416703451 -0.98748513778288138 0 -3.5202511976819078
0.073056311985055786 -0.98434225204822023 0 -2.0189374032048804
0.090793057736118371 -0.9808818485660431 0 0.010567800868366457
0.1011433668045767 -0.97872030533131349 0 1.3300470507135402
0.11897009048781124 -0.97475022138126211 0 2.0105626851620917
0.13684350384104907 -0.97045366954608914 0 0.48824526682164282
0.14726390518603791 -0.96780162643855783 0 -1.2634773512382331
0.16519445301699898 -0.96298253949955648 0 -3.3864748608724407
0.18315022503657413 -0.95782973088504508 0 -4.0954757794390089
0.19360846956608629 -0.95467629704365919 0 -3.9003089154108976
0.21158636515114385 -0.94899094145527341 0 -3.1200040232357287
0.22956672613071469 -0.94296650473864496 0 -1.8666780663495275
0.2400286228990435 -0.93930363510736714 0 -0.9659196338960413
0.25799418637421762 -0.93273978323056395 0 0.062876846286496854
0.27593834258990735 -0.9258335661812197 0 0.34345792525869612
0.28636802839626596 -0.92165633332317576 0 0.19922443119073904
0.30425886579285211 -0.91420724607684833 0 -0.044657070829525261
0.32210352131697606 -0.90641474325931204 0 -0.20682359004141743
0.33246377900721041 -0.90172157486689053 0 -0.27025496468115523
0.35021535360916445 -0.89338638870805809 0 -0.4179816282972566
0.36789531157350436 -0.88470909988074919 0 -0.62897634395083135
0.37814793322383611 -0.87950197335676528 0 -0.7753077762461672
0.39569421139201699 -0.87028600915253751 0 -0.97513443342107475
0.41314304596348211 -0.86073171423756445 0 -1.097675924236303
0.42324923530651154 -0.85501630036470377 0 -1.1369521622079812
0.44052339613738861 -0.84493128091880032 0 -1.200304169790622
0.45767418340506044 -0.83451421900027822 0 -1.2662573342803221
0.46759499010537092 -0.82829996775950498 0 -1.3048931878459809
0.4845301853495495 -0.81736413275703745 0 -1.3603995103546491
0.50131627849045335 -0.80610507482387994 0 -1.3999938831361154
0.51101305529045382 -0.79940523785210749 0 -1.4156637817271065
0.52754320335298421 -0.78764334763329924 0 -1.4320204336681108
0.54389903501787285 -0.77556955565886088 0 -1.4349472072779319
0.553333907454026 -0.76840114160974438 0 -1.4307039492103009
0.56939450320286256 -0.75584436438961666 0 -1.4200776788672946
0.5852563962062356 -0.7429894327306128 0 -1.4057023206635832
0.59439273363326239 -0.73537309385119154 0 -1.394794727401337
0.60992165430481549 -0.72205877463685164 0 -1.3614479015119811
0.62522862055486272 -0.70846235349081266 0 -1.3078419878563761
0.63403149668631709 -0.70042220395868249 0 -1.2686209569244349
0.64896978351616952 -0.68639351730964004 0 -1.209716983253651
0.66366429078294709 -0.67210092191256676 0 -1.1644077139582893
0.6721009219125671 -0.66366429078294686 0 -1.1445233596424962
0.68639351730964027 -0.64896978351616941 0 -1.1271940289837798
0.70042220395868293 -0.63403149668631698 0 -1.1316249002683061
0.70846235349081299 -0.62522862055486261 0 -1.1429680310648249
0.72205877463685209 -0.60992165430481526 0 -1.159642163274726
0.73537309385119176 -0.59439273363326206 0 -1.170021162703494
0.74298943273061302 -0.58525639620623537 0 -1.1736240552472643
0.755844364389617 -0.56939450320286233 0 -1.1838570273040061
0.76840114160974471 -0.55333390745402578 0 -1.2002205501140881
0.77556955565886121 -0.54389903501787251 0 -1.2123789097367108
0.78764334763329957 -0.5275432033529841 0 -1.2361035191639484
0.79940523785210771 -0.5110130552904536 0 -1.2630181463411201
0.80610507482388027 -0.50131627849045313 0 -1.2805214714824578
0.81736413275703768 -0.48453018534954934 0 -1.320694837215167
0.82829996775950554 -0.46759499010537081 0 -1.3744690960073871
0.83451421900027856 -0.45767418340506033 0 -1.4106386371828359
0.84493128091880054 -0.4405233961373885 0 -1.461165811631048
0.855016300364704 -0.42324923530651148 0 -1.494087525117576
0.86073171423756478 -0.41314304596348211 0 -1.504790395559233
0.87028600915253773 -0.39569421139201683 0 -1.5044651879181885
0.87950197335676561 -0.37814793322383605 0 -1.4797725516249531
0.88470909988074931 -0.3678953115735043 0 -1.4542494932053376
0.8933863887080582 -0.35021535360916439 0 -1.394436079940587
0.90172157486689075 -0.3324637790072103 0 -1.3146117989178663
0.90641474325931226 -0.32210352131697589 0 -1.2574619580769439
0.91420724607684811 -0.30425886579285188 0 -1.121392863267034
0.92165633332317565 -0.28636802839626568 0 -0.93430180117601824
0.9258335661812197 -0.27593834258990724 0 -0.81077564466213159
0.93273978323056372 -0.25799418637421745 0 -0.71997100423219729
0.93930363510736714 -0.24002862289904342 0 -0.80104982149190007
0.94296650473864485 -0.22956672613071447 0 -0.90859160784167836
0.94899094145527341 -0.21158636515114379 0 -0.90490124739864897
0.95467629704365931 -0.19360846956608618 0 -0.62461685376488718
0.95782973088504497 -0.18315022503657402 0 -0.29892530827577596
0.96298253949955637 -0.16519445301699889 0 1.060194580446074
0.96780162643855772 -0.14726390518603785 0 3.5023449647521101
0.97045366954608903 -0.13684350384104896 0 5.2954921555003409
0.97475022138126199 -0.11897009048781118 0 6.8737407232671144
0.97872030533131338 -0.10114336680457665 0 6.3018270867501132
0.98088184856604332 -0.090793057736118302 0 4.9384359109144906
0.98434225204822023 -0.07305631198505573 0 0.27078783874085144
0.98748513778288172 -0.055386282416703445 0 -7.4202876612500566
0.98916962056815494 -0.045136153997773154 0 -12.95501776953806
0.99181820020540801 -0.027586574900432703 0 -18.306761402820744
0.99415969950978644 -0.010122187898938439 0 -17.771789429306381
0.99538279592569023 -1.7881566377336626e-18 0 -14.957607386951413
0.99724754714278829 0.01731598498056304 0 -9.0412125669262426
0.99881692812643152 0.034529930933562776 0 -2.1739337481479826
-0.017209148359447951 -0.9995214344734823 0 0.34127985301289304
1.9421158038270504e-17 -0.99853360243440603 0 0.30626545462385124
0.017315984980563089 -0.99724754714278829 0 -1.5643302486051895
0.027440305217570713 -0.99635971105753696 0 -3.3044389305858068
0.044911876114919251 -0.99459125349322652 0 -4.484671206825535
0.062472890915162858 -0.99251141601463533 0 -3.0125410639241501
0.072731534099536782 -0.99115573231379706 0 -1.1029246838175151
0.090419207388299519 -0.98857363633635176 0 1.326237831209695
0.10817716030722739 -0.98566827000784341 0 2.3544849196990234
0.11854133218347268 -0.98382688242632588 0 2.3258178279416013
0.13639426902857685 -0.98040159546223427 0 1.3620871519125963
0.15429662820991541 -0.97664265518016879 0 -0.7224510066941654
0.1647349921998936 -0.97429997254399003 0 -2.3321194863604982
0.18269806712102346 -0.97000602348388942 0 -3.8547756968414073
0.2006881299907089 -0.96536978325050049 0 -3.568784653607858
0.21116698145159815 -0.96251283627974549 0 -2.6604508056777552
0.22918111202872696 -0.95732944240916629 0 -1.2231800282606426
0.24719837355113125 -0.95179709232243948 0 -0.12408984437454162
0.25768187190837943 -0.94841587547582684 0 0.35448833444894934
0.27568444824900584 -0.94232751844465734 0 0.74695487114884507
0.29366506894044048 -0.93588572396048775 0 0.58569200989080694
0.30411552768183231 -0.93197351216502355 0 0.2711735515486946
0.32204094062330968 -0.92497046532723237 0 -0.13011859080282853
0.33991831198273936 -0.91761187093665886 0 -0.28479044964488975
0.35029654452838344 -0.9131655007642987 0 -0.27752682067182766
0.36807680806639137 -0.90524428994987927 0 -0.33982092684200166
0.38578220949946745 -0.89696794942890068 0 -0.53065045701686708
0.39604792683938994 -0.89198805442724283 0 -0.689254686710286
0.41361338657864932 -0.88315183470061598 0 -0.86940881329347885
0.43107672416028719 -0.87396355089833366 0 -0.9082607520894368
0.44118897797473705 -0.86845474140140511 0 -0.87409191657221752
0.45846909366950661 -0.85871357368345458 0 -0.85010313868327203
0.47561970740271503 -0.8486261324674933 0 -0.88760933258202268
0.48553737026570681 -0.84259711132706061 0 -0.93317888549165295
0.5024615569605122 -0.8319681249325479 0 -0.9927499117808507
0.51922907975683841 -0.82100141040897068 0 -1.0188323019175256
0.52891135209636531 -0.81446501768647106 0 -1.0195586568705455
0.54540986120962942 -0.80297244781973875 0 -1.0204151851955852
0.56172510985789226 -0.79115342922981868 0 -1.0228281563944677
0.57113204173304977 -0.78412661092935876 0 -1.0242409625960809
0.58713686086192474 -0.77180170389375091 0 -1.0255767333743819
0.6029327369746873 -0.75916428854358253 0 -1.0239727854102441
0.61202575154761207 -0.75166798686807845 0 -1.0202946438940672
0.62747150000356566 -0.73854877002449526 0 -0.99665869379834771
0.64268387751383482 -0.72513352105045514 0 -0.94809692732564566
0.65142628243971901 -0.71719248631484733 0 -0.90987993998775285
0.66625107870355593 -0.70332340446691599 0 -0.85761835772991313
0.68081965405986777 -0.68917712695835687 0 -0.82559645669554371
0.68917712695835709 -0.68081965405986744 0 -0.81578358543295115
0.70332340446691621 -0.66625107870355571 0 -0.81271147854840564
0.71719248631484755 -0.65142628243971878 0 -0.82600022087926628
0.72513352105045559 -0.6426838775138346 0 -0.8397934207479113
0.73854877002449548 -0.62747150000356533 0 -0.85677680135930756
0.75166798686807867 -0.61202575154761185 0 -0.86210233025300043
0.75916428854358287 -0.60293273697468708 0 -0.86038272749534017
0.77180170389375113 -0.58713686086192451 0 -0.86243202131989527
0.7841266109293592 -0.57113204173304954 0 -0.87203477645637062
0.79115342922981935 -0.56172510985789192 0 -0.88045303576597389
0.8029724478197392 -0.5454098612096292 0 -0.89429167509699581
0.81446501768647139 -0.52891135209636519 0 -0.90599175182850744
0.82100141040897112 -0.51922907975683819 0 -0.91204306617783804
0.83196812493254824 -0.50246155696051209 0 -0.92861631037353198
0.84259711132706105 -0.48553737026570665 0 -0.95355037211549554
0.84862613246749341 -0.47561970740271486 0 -0.97115560510819621
0.85871357368345469 -0.45846909366950639 0 -0.99868560512613058
0.86845474140140533 -0.44118897797473694 0 -1.0212554177052189
0.873963550898334 -0.43107672416028719 0 -1.0314174627659976
0.8831518347006162 -0.41361338657864932 0 -1.0360737078293547
0.89198805442724316 -0.39604792683938989 0 -1.0231732899111678
0.8969679494289009 -0.38578220949946734 0 -1.0082588764610845
0.90524428994987949 -0.36807680806639137 0 -0.98313600500251508
0.91316550076429914 -0.35029654452838332 0 -0.96015618057927798
0.91761187093665897 -0.33991831198273909 0 -0.94276312736676426
0.92497046532723248 -0.32204094062330951 0 -0.83176308604676485
0.93197351216502344 -0.30411552768183214 0 -0.60784315394091915
0.93588572396048775 -0.29366506894044031 0 -0.43831719125008156
0.94232751844465712 -0.27568444824900568 0 -0.28775778296276022
0.94841587547582684 -0.25768187190837932 0 -0.34141981906806718
0.95179709232243914 -0.24719837355113103 0 -0.46010656626340685
0.95732944240916629 -0.22918111202872685 0 -0.70910129453365056
0.96251283627974527 -0.21116698145159804 0 -1.0019151436893239
0.96536978325050049 -0.20068812999070881 0 -1.1419377957346912
0.97000602348388887 -0.18269806712102335 0 -0.53688221500386213
0.97429997254399026 -0.16473499219989357 0 1.2391595723265636
0.97664265518016868 -0.15429662820991533 0 2.7626967485691356
0.98040159546223415 -0.13639426902857682 0 5.3077786120715427
0.98382688242632588 -0.11854133218347267 0 7.6663582338668865
0.98566827000784352 -0.10817716030722734 0 8.7893672995683971
0.98857363633635154 -0.090419207388299463 0 7.5593899285427089
0.99115573231379739 -0.072731534099536782 0 2.0160475049157927
0.99251141601463544 -0.062472890915162817 0 -2.9122786565457242
0.99459125349322663 -0.044911876114919223 0 -9.3153531685930719
0.99635971105753707 -0.027440305217570706 0 -12.574279254438361
0.99724754714278852 -0.017315984980563047 0 -13.014314310216836
0.99853360243440603 8.8277991083047758e-19 0 -10.217871560447447
0.9995214344734823 0.017209148359447934 0 -2.9444013756939991
-1.6547432915501537e-17 -0.99992554895591668 0 0.095383857618618326
0.017209148359447955 -0.99952143447348241 0 0.032665464181912685
0.034529930933562818 -0.9988169281264313 0 -0.62468280696315359
0.04465917651970764 -0.9982663197545999 0 -1.2126717908986624
0.062142732782788625 -0.99707479656055797 0 -1.5299192173019285
0.079719988140758771 -0.99556822049148874 0 -0.84060466754415841
0.089989943855735513 -0.9945442442290271 0 -0.047898325444923798
0.1077000695487681 -0.99252839443646279 0 0.85119212976413561
0.12548403803665095 -0.99018407685433441 0 1.0284285055006472
0.13586486968929129 -0.98866658694181397 0 0.82156767593101865
0.15374882001537754 -0.98579292268251539 0 0.27940002288250715
0.17168491351398127 -0.98257889112092389 0 -0.45685020341592691
0.18214401894562163 -0.98055001892696314 0 -0.94039105629073794
0.20014437652777073 -0.97678917805452858 0 -1.3307590512848817
0.21817345406717445 -0.9726778539595724 0 -1.0965268234879453
0.2286756431447346 -0.97012241065072424 0 -0.70711276230836162
0.2467306613861166 -0.96544984403469614 0 -0.15412279594864464
0.26478941599862627 -0.96041872178516441 0 0.18414941441410418
0.27529715590087483 -0.95732458853360458 0 0.28511528936064717
0.29334121513421563 -0.95172121993287551 0 0.33105794906983649
0.31136267378464605 -0.94575351066878544 0 0.22178118332537086
0.32183640000536223 -0.94211200473336476 0 0.09741642051816958
0.33980057599646363 -0.93556484286002828 0 -0.053298692936103995
0.35771471062448962 -0.92865006239101522 0 -0.10265472599126831
0.36811320181955326 -0.92445626689965965 0 -0.091129553131928484
0.3859259421172514 -0.91695894866065053 0 -0.1004295730840503
0.4036603856162343 -0.90909342843450558 0 -0.15988889919564708
0.41394119791904632 -0.90434647368755716 0 -0.21287099575180601
0.4315290971747528 -0.89589971786587641 0 -0.26890539945486808
0.44900995370326091 -0.88708701863041439 0 -0.27082712941986986
0.45912990754230226 -0.88179030330375552 0 -0.25015865458848935
0.47641856847283065 -0.87240225521682246 0 -0.23121356598226997
0.49357130308078956 -0.86265346468758841 0 -0.23976581527583962
0.50348701299585541 -0.85681480647892516 0 -0.25531853109960934
0.52040197538565869 -0.84650125647398256 0 -0.27518687335061637
0.53715236379858367 -0.83583515504558537 0 -0.28193913828070283
0.54682079942404738 -0.8294668620758251 0 -0.28012347120601211
0.56328851572873684 -0.81825132406677437 0 -0.27843661064003272
0.5795636315442223 -0.80669440632298828 0 -0.27916411853786099
0.58894269596730964 -0.79981326293209853 0 -0.28021172870976668
0.60489152895896459 -0.78772690344721708 0 -0.28217796710757398
0.62062074273210721 -0.77531324780274036 0 -0.28329290982617639
0.62966985298973077 -0.7679404111755026 0 -0.28289124112382497
0.64503106872007376 -0.75502182439290166 0 -0.27647375355945686
0.6601470316764172 -0.74179280843156736 0 -0.26138566781893224
0.66882768534917181 -0.73395361562089589 0 -0.24902771027236489
0.68353641369378837 -0.72024844537130372 0 -0.23295249460653597
0.69797599827926993 -0.70625231006171585 0 -0.22427977122369294
0.70625231006171607 -0.6979759982792697 0 -0.22230313652118547
0.72024844537130395 -0.68353641369378804 0 -0.22311807432603653
0.733953615620896 -0.66882768534917147 0 -0.22853444965285716
0.7417928084315677 -0.66014703167641697 0 -0.23321665077557688
0.755021824392902 -0.64503106872007343 0 -0.23873204955068425
0.76794041117550282 -0.62966985298973055 0 -0.23980349000301809
0.77531324780274091 -0.6206207427321071 0 -0.23849315872914129
0.78772690344721752 -0.60489152895896414 0 -0.23810696745113791
0.79981326293209876 -0.5889426959673093 0 -0.24034523884373091
0.80669440632298861 -0.57956363154422197 0 -0.24252179466396859
0.81825132406677481 -0.56328851572873673 0 -0.24572623264879467
0.82946686207582543 -0.54682079942404715 0 -0.24757010656342721
0.83583515504558537 -0.53715236379858333 0 -0.24801630230337365
0.84650125647398267 -0.52040197538565847 0 -0.2503688493039653
0.85681480647892516 -0.50348701299585508 0 -0.25476452839240549
0.86265346468758863 -0.49357130308078939 0 -0.25805492231910343
0.87240225521682291 -0.47641856847283048 0 -0.26401717445233996
0.88179030330375574 -0.45912990754230198 0 -0.26997653744009903
0.88708701863041484 -0.44900995370326086 0 -0.27314204392007146
0.89589971786587663 -0.43152909717475274 0 -0.27524137262197246
0.90434647368755738 -0.41394119791904616 0 -0.27254084086225427
0.90909342843450591 -0.40366038561623424 0 -0.26902834472053855
0.91695894866065064 -0.38592594211725134 0 -0.26525567110399789
0.92445626689965965 -0.36811320181955315 0 -0.26496305575551932
0.92865006239101522 -0.35771471062448934 0 -0.26431865692413142
0.93556484286002817 -0.33980057599646346 0 -0.23165879215481497
0.94211200473336454 -0.32183640000536196 0 -0.15487148674563467
0.94575351066878544 -0.31136267378464583 0 -0.094483846992923184
0.9517212199328754 -0.29334121513421546 0 -0.038499049313661778
0.95732458853360469 -0.27529715590087472 0 -0.052350383275614698
0.96041872178516396 -0.2647894159986261 0 -0.091972509142331793
0.96544984403469603 -0.24673066138611646 0 -0.20387233744139224
0.97012241065072413 -0.22867564314473454 0 -0.37005708302119061
0.9726778539595724 -0.21817345406717434 0 -0.47574803222788353
0.97678917805452847 -0.20014437652777065 0 -0.41573429328833794
0.98055001892696292 -0.18214401894562154 0 -0.018447460516545389
0.98257889112092389 -0.17168491351398119 0 0.36786053886516989
0.98579292268251517 -0.15374882001537749 0 1.2574968063681067
0.98866658694181364 -0.13586486968929123 0 2.4331331951849302
0.99018407685433441 -0.1254840380366509 0 3.1753929913545891
0.99252839443646268 -0.10770006954876803 0 3.2981301362213671
0.99454424422902699 -0.089989943855735513 0 1.822806279336447
0.99556822049148863 -0.079719988140758702 0 0.31660064613388617
0.9970747965605582 -0.062142732782788611 0 -1.8728577207228108
0.99826631975460001 -0.044659176519707647 0 -3.3926226372648869
0.99881692812643152 -0.034529930933562776 0 -3.9537228157595496
0.99952143447348241 -0.017209148359447934 0 -3.4424738638218817
0.99992554895591657 0 0 -1.0458468031498211
