-0.99970210894572986 -1.5302468770258689e-18 0 -0.00089290494277421755
-0.99807897574316906 0.034591113238035293 0 -0.0038918832268247171
-0.99522768394727557 0.069588289432790634 0 -0.006775151587304195
-0.99298586629584906 0.090120651693375978 0 -0.00839506278076637
-0.98810582403578007 0.12564130948608906 0 -0.011061408430540116
-0.98189424979198781 0.16141089539039222 0 -0.013568782359467421
-0.97765279096784274 0.18231600613630636 0 -0.01495021395367827
-0.96926821633404781 0.21833786300814675 0 -0.017178439609529625
-0.9594750262340046 0.25442378980229824 0 -0.019212966439086286
-0.95311846913063047 0.27542410644701165 0 -0.02030437927108145
-0.94105602420352208 0.31145081462010166 0 -0.022023646202391046
-0.9275420809957966 0.34733415561658015 0 -0.023539194523012237
-0.91900630074558753 0.36811833111096537 0 -0.024325504373706685
-0.90318651334440614 0.40360092701207895 0 -0.025529377368046384
-0.88591316200262482 0.43871790452975934 0 -0.026544620546154439
-0.87519526270121795 0.45895243812590347 0 -0.027048377431796781
-0.85564799524825197 0.49331127589826906 0 -0.027793674747860174
-0.83469027748862368 0.52707744491092834 0 -0.028388105581503432
-0.82185510831465913 0.54642169502989391 0 -0.028665379671167543
-0.7987285200469656 0.57907365061676142 0 -0.029055119227709956
-0.77428107118050393 0.610912582631575 0 -0.029338322984848966
-0.75946315192964631 0.62903598751772583 0 -0.029454864442481618
-0.73302429085925314 0.65942466140030731 0 -0.029592475543517641
-0.70539838575574432 0.68879852616153714 0 -0.029653374245207781
-0.68879852616153703 0.70539838575574443 0 -0.029653374202605613
-0.65942466140030731 0.73302429085925314 0 -0.02959247543283014
-0.62903598751772571 0.75946315192964642 0 -0.029454864384909733
-0.61091258263157477 0.77428107118050427 0 -0.029338323005276331
-0.57907365061676142 0.79872852004696593 0 -0.029055119333463643
-0.54642169502989379 0.82185510831465902 0 -0.028665379782641925
-0.52707744491092812 0.83469027748862401 0 -0.028388105662647628
-0.4933112758982689 0.85564799524825175 0 -0.02779367476051773
-0.45895243812590331 0.87519526270121784 0 -0.027048377361437812
-0.43871790452975912 0.8859131620026246 0 -0.026544620423490792
-0.40360092701207884 0.90318651334440614 0 -0.025529377187292927
-0.36811833111096537 0.91900630074558776 0 -0.024325504179905512
-0.34733415561658004 0.9275420809957966 0 -0.023539194341085996
-0.3114508146201016 0.94105602420352186 0 -0.022023646059954629
-0.27542410644701171 0.95311846913063047 0 -0.020304379189738569
-0.25442378980229813 0.95947502623400438 0 -0.019212966400129292
-0.21833786300814675 0.96926821633404781 0 -0.017178439611905891
-0.18231600613630639 0.97765279096784263 0 -0.014950213952478619
-0.16141089539039216 0.98189424979198769 0 -0.013568782339025601
-0.12564130948608904 0.98810582403577996 0 -0.011061408393019443
-0.090120651693376019 0.99298586629584895 0 -0.0083950627520834268
-0.069588289432790593 0.99522768394727557 0 -0.0067751515735944264
-0.034591113238035293 0.99807897574316917 0 -0.003891883229116308
-4.0660845589544517e-17 0.99970210894572997 0 -0.00089290494548948036
-0.99807897574316917 -0.034591113238035306 0 -0.0038918832262552607
-0.99413659879447369 -1.435613553017316e-17 0 -0.016157395681474514
-0.98899355434131953 0.03496087513699464 0 -0.026638744630627372
-0.98543421190375091 0.055456845479119325 0 -0.031895484185882859
-0.97832445178480376 0.09089165099529195 0 -0.039603744722541641
-0.96993406599299681 0.12655010976674486 0 -0.045603096500004131
-0.96445153087346081 0.14738106293914716 0 -0.048298547664784572
-0.95398674134767469 0.18326331024468087 0 -0.051783635740942968
-0.94218662318729707 0.21919989923241065 0 -0.053815302499661488
-0.93469897855606943 0.24011162781774797 0 -0.054332873649780199
-0.92076163395850097 0.27598839529558172 0 -0.05439020029074379
-0.90546551351569238 0.31173156476035047 0 -0.053422033315750135
-0.89593775089006489 0.332441964492382 0 -0.052401460426699707
-0.87849507203259825 0.3678170919953736 0 -0.05021289591734783
-0.85970616591175542 0.40285863638103148 0 -0.047521119820129472
-0.84815727568289345 0.42306758293106855 0 -0.045743781256781836
-0.82727205115404445 0.45742008867146283 0 -0.042668789494568246
-0.80509194626364178 0.49123525219389758 0 -0.039621262133804298
-0.7915991033912384 0.51063700223481501 0 -0.037880483339957298
-0.76743504729580336 0.54344343518059124 0 -0.035218667809609736
-0.74206658520596247 0.57551435527551775 0 -0.033019400849898628
-0.72676563038911102 0.59381157630230463 0 -0.031965306273468615
-0.69958607702270548 0.62457056818970569 0 -0.030694490712310979
-0.6713292960919629 0.65441109678861609 0 -0.03013220933761936
-0.65441109678861598 0.6713292960919629 0 -0.030132209224735237
-0.62457056818970569 0.69958607702270548 0 -0.030694490402160518
-0.59381157630230452 0.72676563038911124 0 -0.031965306061191384
-0.57551435527551764 0.74206658520596247 0 -0.033019400810364558
-0.54344343518059113 0.76743504729580336 0 -0.035218667966174448
-0.5106370022348149 0.79159910339123818 0 -0.037880483523390789
-0.49123525219389746 0.80509194626364189 0 -0.03962126225915847
-0.45742008867146278 0.82727205115404456 0 -0.042668789449817723
-0.4230675829310685 0.84815727568289345 0 -0.045743780962127112
-0.40285863638103131 0.85970616591175542 0 -0.047521119354403785
-0.36781709199537349 0.87849507203259825 0 -0.050212895273178168
-0.332441964492382 0.89593775089006467 0 -0.052401459770604966
-0.31173156476035035 0.90546551351569238 0 -0.053422032723075913
-0.27598839529558172 0.92076163395850075 0 -0.054390199849186714
-0.240111627817748 0.93469897855606932 0 -0.054332873400516492
-0.21919989923241057 0.94218662318729685 0 -0.053815302373585769
-0.18326331024468087 0.95398674134767469 0 -0.051783635737328047
-0.14738106293914724 0.96445153087346092 0 -0.048298547658071671
-0.12655010976674483 0.96993406599299647 0 -0.045603096443243368
-0.09089165099529195 0.97832445178480376 0 -0.039603744622068712
-0.055456845479119353 0.98543421190375058 0 -0.031895484111100325
-0.034960875136994612 0.98899355434131953 0 -0.026638744597087431
1.435613553017316e-17 0.99413659879447369 0 -0.016157395691009515
0.034591113238035272 0.99807897574316906 0 -0.0038918832346594894
-0.99522768394727557 -0.069588289432790634 0 -0.0067751515852567503
-0.98899355434131953 -0.034960875136994682 0 -0.026638744626034386
-0.98159627025866769 -2.5697945172902136e-17 0 -0.041043324170948831
-0.97674552056839825 0.020480711901367882 0 -0.046879261905870682
-0.96745764838380022 0.055865959218562231 0 -0.053123641936528958
-0.9569476828924971 0.091449467829378572 0 -0.054555760460437461
-0.95026161965735312 0.11222719715927043 0 -0.053180571068240166
-0.93778562237848606 0.14800543419154596 0 -0.04791195932469039
-0.92405220710877778 0.18382755187613992 0 -0.039035641784596432
-0.91547795719237623 0.20467050121920141 0 -0.032252359465746845
-0.89974407156008351 0.24043023992838297 0 -0.018899552098395837
-0.88274546046172719 0.27606430526317738 0 -0.0035425929746596696
-0.87227219752441676 0.29671794811037472 0 0.0062505871152254639
-0.85328582699013955 0.33201262981241025 0 0.023440635181367273
-0.83305869086250128 0.36700242999484201 0 0.040909760742800838
-0.82072249736724623 0.38719779195322707 0 0.051131628017390678
-0.79857140353975598 0.42156108972404138 0 0.067814818709069025
-0.77523640814973849 0.45543740819109263 0 0.08320912961441812
-0.76112271877997417 0.47490121031990212 0 0.091512523685768954
-0.73597974996149407 0.50786521827874165 0 0.10393555890343993
-0.70974233239747964 0.54016481353229184 0 0.11389240294252112
-0.69398545308617843 0.55863079499901536 0 0.11851417484354579
-0.66610607589958326 0.58974579955087347 0 0.124062264698652
-0.63725187736376065 0.62003136170490014 0 0.12651660609442597
-0.62003136170490014 0.63725187736376077 0 0.12651660615966645
-0.58974579955087347 0.66610607589958337 0 0.12406226492795422
-0.55863079499901536 0.69398545308617865 0 0.11851417514366332
-0.54016481353229173 0.70974233239747975 0 0.11389240324379726
-0.50786521827874154 0.73597974996149407 0 0.10393555918097097
-0.47490121031990201 0.76112271877997417 0 0.091512523913328453
-0.45543740819109257 0.77523640814973882 0 0.083209129809267313
-0.42156108972404138 0.79857140353975609 0 0.067814818968081586
-0.38719779195322707 0.82072249736724634 0 0.051131628509064823
-0.36700242999484189 0.83305869086250128 0 0.040909761429280558
-0.33201262981241014 0.85328582699013955 0 0.023440636042782726
-0.29671794811037466 0.87227219752441665 0 0.0062505879152488682
-0.27606430526317727 0.88274546046172719 0 -0.0035425923066865353
-0.24043023992838289 0.89974407156008329 0 -0.018899551656007416
-0.20467050121920138 0.91547795719237601 0 -0.03225235922379089
-0.18382755187613981 0.92405220710877778 0 -0.039035641644906895
-0.14800543419154591 0.93778562237848584 0 -0.047911959292806797
-0.1122271971592705 0.95026161965735345 0 -0.053180571053825607
-0.091449467829378531 0.95694768289249688 0 -0.054555760420979052
-0.055865959218562238 0.96745764838380033 0 -0.053123641877627692
-0.02048071190136792 0.97674552056839803 0 -0.046879261868298487
6.2409295419905203e-17 0.98159627025866769 0 -0.04104332416095674
0.034960875136994682 0.98899355434131953 0 -0.026638744641796192
0.069588289432790607 0.99522768394727557 0 -0.0067751515935245699
-0.99298586629584884 -0.090120651693375964 0 -0.008395062777747429
-0.98543421190375058 -0.055456845479119374 0 -0.031895484177799874
-0.97674552056839803 -0.020480711901367934 0 -0.046879261901156162
-0.97115694696518773 -2.7395219141444066e-17 0 -0.051643256438353914
-0.96062788437640967 0.035371650143202996 0 -0.054065026875259846
-0.94891391894771382 0.070926725277222269 0 -0.049193192648549565
-0.941545862612022 0.091682260869983462 0 -0.043028120538577852
-0.92793282174572433 0.12741488600255915 0 -0.028201996359542774
-0.91310945764401552 0.16318497421526937 0 -0.0081630110889541613
-0.90392389097015802 0.18399617162260076 0 0.0058182392927881204
-0.88718127175592754 0.2197015243973201 0 0.032085975509383455
-0.86922896661753568 0.2552850026051719 0 0.060946152958431157
-0.85822696820213651 0.27591266065396403 0 0.078824232554210852
-0.83837869413734045 0.31117165995065121 0 0.10967720329945478
-0.81734997240911178 0.34614102483344694 0 0.14040955392547333
-0.80457553155296591 0.36633333555113895 0 0.1581244662775356
-0.78172054338602803 0.40070973146405314 0 0.18680104976896283
-0.75774406001199623 0.43462629791120727 0 0.21297919611325294
-0.7432857374793912 0.45412782485672831 0 0.22696967106772886
-0.71759956935543601 0.48718425212842509 0 0.24782228978783818
-0.69088000266853999 0.51961485437796273 0 0.26444576534923736
-0.67487006962773832 0.53817647874158503 0 0.27211768739170938
-0.64660197216440507 0.56949180247645059 0 0.28131932979313795
-0.61741537015962167 0.60002628620429976 0 0.28538949868438507
-0.60002628620429976 0.61741537015962189 0 0.28538949867769808
-0.56949180247645059 0.64660197216440507 0 0.28131932987058017
-0.53817647874158503 0.67487006962773854 0 0.27211768771883871
-0.51961485437796273 0.69088000266854022 0 0.26444576588010366
-0.48718425212842509 0.71759956935543612 0 0.24782229050311652
-0.45412782485672831 0.74328573747939142 0 0.22696967172116189
-0.43462629791120727 0.75774406001199657 0 0.21297919663795714
-0.40070973146405309 0.78172054338602814 0 0.18680105021645918
-0.36633333555113895 0.80457553155296602 0 0.15812446687109194
-0.34614102483344689 0.81734997240911211 0 0.14040955468562497
-0.31117165995065116 0.83837869413734056 0 0.10967720418002416
-0.27591266065396408 0.85822696820213651 0 0.078824233305022293
-0.25528500260517184 0.86922896661753557 0 0.060946153534613447
-0.21970152439732005 0.88718127175592731 0 0.03208597583582895
-0.18399617162260076 0.9039238909701578 0 0.0058182394632187049
-0.16318497421526931 0.91310945764401563 0 -0.0081630109696101492
-0.12741488600255915 0.92793282174572422 0 -0.028201996303063324
-0.091682260869983517 0.94154586261202211 0 -0.043028120519960834
-0.070926725277222241 0.94891391894771371 0 -0.04919319264149357
-0.035371650143202996 0.96062788437640978 0 -0.054065026882852037
-6.3844790372009474e-18 0.97115694696518728 0 -0.051643256455883101
0.020480711901367972 0.97674552056839803 0 -0.0468792619220725
0.055456845479119374 0.98543421190375058 0 -0.031895484196401737
0.090120651693375936 0.99298586629584884 0 -0.0083950627834427916
-0.98810582403577996 -0.12564130948608906 0 -0.011061408430595256
-0.97832445178480376 -0.090891650995292006 0 -0.039603744723824212
-0.96745764838380011 -0.055865959218562279 0 -0.053123641940680595
-0.96062788437640956 -0.035371650143203051 0 -0.054065026881241804
-0.94801608085464717 -3.403733186248699e-17 0 -0.046013971676530915
-0.93428795160248923 0.035529512709893199 0 -0.025842085166295457
-0.92578164820214526 0.056260388860976916 0 -0.0086187248742764476
-0.91027508379699784 0.091937536232708367 0 0.027436752313820423
-0.89364147660991256 0.12764060189992615 0 0.07132130388827998
-0.88344264691410113 0.1484099220928794 0 0.10029776852828305
-0.86503119106438242 0.18404281666945177 0 0.15285864627672838
-0.84550463023005495 0.21955905688074559 0 0.20845402175063915
-0.8336312877788552 0.24015277078627892 0 0.24201169690804389
-0.81236473649330587 0.27536728395215693 0 0.29891429891025262
-0.79001924452753358 0.31031601166848372 0 0.35437090763626189
-0.77652575410665348 0.33051024870745088 0 0.38579988031518597
-0.75251702580267144 0.36491900870216837 0 0.43616169259214876
-0.72749018450050584 0.39891110085989956 0 0.48150772749035753
-0.71246791166496481 0.41847938032157322 0 0.50545266623901064
-0.68589317947995365 0.45169460173805592 0 0.54095741980878875
-0.65838498182268146 0.48434578088075286 0 0.56905022364301461
-0.64196102373020225 0.50306689795099535 0 0.58191071288480578
-0.61305649332714696 0.53471410544793363 0 0.59731632736985041
-0.58332480811899112 0.56565875716086689 0 0.6041295589450949
-0.56565875716086689 0.58332480811899112 0 0.60412955889267783
-0.53471410544793363 0.61305649332714707 0 0.59731632737604123
-0.50306689795099535 0.64196102373020236 0 0.58191071331887134
-0.48434578088075286 0.65838498182268157 0 0.56905022446183229
-0.45169460173805592 0.68589317947995376 0 0.54095742100872513
-0.41847938032157317 0.71246791166496504 0 0.50545266739457873
-0.39891110085989945 0.72749018450050595 0 0.48150772845210654
-0.36491900870216831 0.75251702580267177 0 0.43616169334096538
-0.33051024870745077 0.77652575410665359 0 0.3857998810596136
-0.3103160116684836 0.79001924452753358 0 0.35437090845673158
-0.27536728395215693 0.81236473649330609 0 0.29891429974389
-0.24015277078627892 0.83363128777885509 0 0.2420116975724437
-0.21955905688074553 0.84550463023005484 0 0.20845402224591633
-0.18404281666945171 0.8650311910643822 0 0.15285864654689618
-0.1484099220928794 0.88344264691410068 0 0.10029776868137082
-0.12764060189992613 0.89364147660991244 0 0.071321304016829193
-0.091937536232708381 0.91027508379699784 0 0.02743675239177009
-0.056260388860976979 0.92578164820214515 0 -0.0086187248689522118
-0.035529512709893171 0.93428795160248923 0 -0.025842085209870708
2.8364443218739166e-17 0.94801608085464728 0 -0.046013971765676974
0.035371650143203023 0.96062788437640934 0 -0.054065026961306543
0.055865959218562321 0.9674576483838 0 -0.05312364199392379
0.090891650995292006 0.97832445178480365 0 -0.039603744741341304
0.12564130948608901 0.98810582403577985 0 -0.011061408431779593
-0.98189424979198769 -0.16141089539039216 0 -0.01356878236948782
-0.96993406599299647 -0.12655010976674491 0 -0.045603096533033211
-0.95694768289249676 -0.091449467829378628 0 -0.05455576049840636
-0.94891391894771404 -0.070926725277222352 0 -0.049193192681465249
-0.93428795160248923 -0.035529512709893268 0 -0.025842085185412561
-0.91861923386251776 -3.4561185627667549e-17 0 0.015073360255377862
-0.90901937492767915 0.020721032392151759 0 0.04676399279870784
-0.8916985443952925 0.056367908136888016 0 0.10974154503442778
-0.87333611859707316 0.092028607097429743 0 0.18285943582088721
-0.86217197642382715 0.11277001961843065 0 0.22979960880348005
-0.84217430640900548 0.14835355395364716 0 0.31315134458482352
-0.82115550400825288 0.1838241509223453 0 0.39916346463213104
-0.80845786915929285 0.20439561724901051 0 0.45016352327805248
-0.78585206953016629 0.23958391372525145 0 0.53548689587259468
-0.76226577400404327 0.2745275227902414 0 0.61720635120825618
-0.74809571041961631 0.29473124332319345 0 0.66287555375927631
-0.72300274231238992 0.32918245717029831 0 0.73540578831138625
-0.69699008099150261 0.36325605100589503 0 0.79990762463733922
-0.68143891119689182 0.38289246373003016 0 0.83359239693298171
-0.6540312240325612 0.41626491648102831 0 0.88329329070839757
-0.62578385544501769 0.44912974786846965 0 0.92233521334106583
-0.6089717223391663 0.46800369823177435 0 0.94006656715854575
-0.57947002410581572 0.49996659250670211 0 0.96128108565820491
-0.54922595896738335 0.53129896507623131 0 0.97066185735323507
-0.5312989650762312 0.54922595896738347 0 0.97066185737543398
-0.49996659250670211 0.57947002410581583 0 0.96128108588566996
-0.46800369823177435 0.60897172233916641 0 0.94006656779062481
-0.44912974786846965 0.62578385544501791 0 0.92233521427892384
-0.41626491648102831 0.6540312240325612 0 0.88329329197083295
-0.38289246373003016 0.68143891119689193 0 0.83359239822120357
-0.36325605100589498 0.69699008099150295 0 0.79990762581791675
-0.3291824571702982 0.72300274231239003 0 0.73540578931396761
-0.29473124332319345 0.74809571041961664 0 0.66287555462352044
-0.27452752279024134 0.76226577400404338 0 0.61720635200886564
-0.23958391372525151 0.78585206953016651 0 0.53548689657281712
-0.20439561724901048 0.80845786915929296 0 0.45016352388638559
-0.18382415092234525 0.82115550400825277 0 0.39916346518914891
-0.14835355395364713 0.84217430640900515 0 0.31315134503080422
-0.11277001961843069 0.86217197642382715 0 0.22979960910625616
-0.092028607097429715 0.87333611859707327 0 0.18285943602862392
-0.056367908136888044 0.8916985443952925 0 0.10974154510210699
-0.020721032392151818 0.90901937492767892 0 0.046763992761475831
5.7601976046112591e-17 0.91861923386251776 0 0.015073360174067704
0.035529512709893261 0.93428795160248923 0 -0.025842085298401637
0.070926725277222311 0.94891391894771371 0 -0.049193192769267154
0.091449467829378669 0.95694768289249688 0 -0.054555760549624167
0.12655010976674491 0.96993406599299647 0 -0.045603096541052504
0.16141089539039216 0.98189424979198747 0 -0.013568782366674595
-0.97765279096784274 -0.18231600613630633 0 -0.01495021397183466
-0.96445153087346092 -0.14738106293914724 0 -0.048298547723983808
-0.95026161965735334 -0.1122271971592705 0 -0.053180571134766645
-0.94154586261202211 -0.091682260869983517 0 -0.043028120594942668
-0.92578164820214548 -0.056260388860976986 0 -0.0086187249095819162
-0.90901937492767915 -0.020721032392151822 0 0.046763992785967011
-0.89880461063106465 -2.8903821151245222e-17 0 0.088359020473584404
-0.88046571634406745 0.035639035866404184 0 0.16944666082242274
-0.86113558252209532 0.071284667916869826 0 0.2618386754969273
-0.84943211514067674 0.092015276967687479 0 0.32045494529453139
-0.82854976708227734 0.12757907175142774 0 0.42353169358949977
-0.80670042424371757 0.16303148289473118 0 0.5286590154461247
-0.79354471273180405 0.18359451795857976 0 0.59045223678599079
-0.77019569863305959 0.21877455482672081 0 0.69312284340717867
-0.74592191851342193 0.2537210269754912 0 0.79056251369695496
-0.73137741126653921 0.27393304365759275 0 0.84460978030947131
-0.70568495227126615 0.3084125074674644 0 0.93002564758407413
-0.67912775967592132 0.34253532412816706 0 1.0054620599878812
-0.663284621174275 0.36221153505329678 0 1.044609660358726
-0.63541728647083129 0.39567405791919563 0 1.1022070433763158
-0.60676208567957701 0.42865949106188489 0 1.1472619859657887
-0.58973574152937724 0.44761907765345599 0 1.1676286393182655
-0.55990432483914354 0.47975795256806708 0 1.1919786528669654
-0.52937699881634237 0.51130551581524974 0 1.2027449541714954
-0.51130551581524963 0.5293769988163427 0 1.2027449542845867
-0.47975795256806708 0.55990432483914376 0 1.1919786533387116
-0.44761907765345599 0.58973574152937736 0 1.167628640101912
-0.42865949106188489 0.60676208567957723 0 1.1472619869068126
-0.39567405791919569 0.63541728647083151 0 1.102207044508112
-0.36221153505329678 0.66328462117427534 0 1.0446096615753901
-0.34253532412816701 0.67912775967592165 0 1.0054620612049148
-0.30841250746746429 0.70568495227126637 0 0.93002564871108784
-0.27393304365759275 0.73137741126653921 0 0.84460978123176267
-0.25372102697549115 0.74592191851342171 0 0.79056251445947645
-0.21877455482672084 0.77019569863305981 0 0.69312284400364887
-0.18359451795857981 0.79354471273180405 0 0.59045223737758312
-0.16303148289473116 0.80670042424371746 0 0.52865901609432098
-0.12757907175142771 0.82854976708227734 0 0.42353169422346509
-0.09201527696768752 0.84943211514067674 0 0.32045494574495986
-0.071284667916869812 0.86113558252209543 0 0.26183867577533526
-0.035639035866404212 0.88046571634406745 0 0.1694466608714609
-4.1360279639020357e-17 0.89880461063106443 0 0.088359020400932256
0.020721032392151839 0.90901937492767915 0 0.046763992688602485
0.056260388860976979 0.92578164820214548 0 -0.0086187250131462469
0.091682260869983476 0.941545862612022 0 -0.043028120665552241
0.11222719715927053 0.95026161965735334 0 -0.053180571171534491
0.14738106293914724 0.96445153087346092 0 -0.04829854772368513
0.18231600613630633 0.97765279096784274 0 -0.014950213967103266
-0.96926821633404803 -0.21833786300814675 0 -0.017178439631532188
-0.9539867413476748 -0.18326331024468087 0 -0.051783635814420838
-0.93778562237848584 -0.14800543419154594 0 -0.047911959411612581
-0.92793282174572433 -0.12741488600255921 0 -0.028201996437801198
-0.91027508379699817 -0.091937536232708422 0 0.027436752258776287
-0.89169854439529272 -0.056367908136888079 0 0.10974154501033923
-0.88046571634406778 -0.035639035866404233 0 0.16944666081788654
-0.86044456138025005 -2.1530634285262818e-17 0 0.2829461362424685
-0.83951914230927194 0.035633037096355846 0 0.40894865513159695
-0.82692816348951026 0.056352643733519309 0 0.4875397329594055
-0.80459240579822167 0.091895023168751991 0 0.6236947302531255
-0.78138128088532 0.12732780854329104 0 0.76001171034180059
-0.7674755828589882 0.14788258529988285 0 0.83901687833069116
-0.7429113481466999 0.1830579744045325 0 0.96881628448584911
-0.71751517995704672 0.21801713025296829 0 1.0901445214841052
-0.70236001314607099 0.23824695169867058 0 1.1565908956888851
-0.6756907759347951 0.27277913103450779 0 1.260738616570142
-0.6482472130502146 0.30698793965269539 0 1.3516401887302378
-0.63192910064573227 0.32673193897230746 0 1.3983019254609492
-0.60331430526427254 0.36034552228895816 0 1.4666213498752854
-0.57399604404107962 0.39353079968673238 0 1.5196779187238221
-0.55662139738011529 0.41263142030632161 0 1.5434666414549154
-0.52625364304129996 0.44505886838488046 0 1.5718725186137446
-0.49526507276503895 0.47695799723566351 0 1.5844303154345392
-0.47695799723566346 0.49526507276503917 0 1.5844303156643937
-0.44505886838488046 0.52625364304130018 0 1.5718725194112926
-0.41263142030632161 0.55662139738011551 0 1.5434666424757766
-0.39353079968673238 0.57399604404107984 0 1.5196779197349928
-0.36034552228895816 0.60331430526427277 0 1.4666213509157255
-0.3267319389723074 0.63192910064573249 0 1.3983019266290564
-0.30698793965269533 0.64824721305021504 0 1.3516401900030328
-0.27277913103450779 0.67569077593479532 0 1.2607386178515005
-0.23824695169867058 0.70236001314607088 0 1.1565908967318022
-0.21801713025296832 0.71751517995704694 0 1.0901445222967654
-0.18305797440453259 0.7429113481466999 0 0.96881628507195028
-0.14788258529988296 0.7674755828589882 0 0.83901687894851851
-0.12732780854329104 0.78138128088532 0 0.76001171107430343
-0.091895023168751991 0.80459240579822155 0 0.62369473101808159
-0.056352643733519378 0.82692816348951026 0 0.4875397335044106
-0.035633037096355846 0.83951914230927194 0 0.40894865545105297
-2.7402625453970858e-17 0.86044456138025005 0 0.28294613627068743
0.035639035866404149 0.88046571634406756 0 0.16944666071237868
0.056367908136888085 0.8916985443952925 0 0.10974154489325277
0.091937536232708408 0.91027508379699806 0 0.027436752153160618
0.12741488600255915 0.92793282174572433 0 -0.028201996504356182
0.14800543419154596 0.93778562237848584 0 -0.047911959445453803
0.18326331024468087 0.95398674134767503 0 -0.051783635813138551
0.2183378630081467 0.96926821633404769 0 -0.017178439626718493
-0.95947502623400471 -0.25442378980229824 0 -0.019212966449716113
-0.94218662318729696 -0.21919989923241068 0 -0.053815302541275374
-0.92405220710877778 -0.18382755187613992 0 -0.03903564184846206
-0.91310945764401596 -0.16318497421526942 0 -0.0081630111607257517
-0.89364147660991278 -0.12764060189992624 0 0.071321303826355861
-0.87333611859707339 -0.092028607097429813 0 0.18285943580093289
-0.86113558252209543 -0.071284667916869882 0 0.2618386755125322
-0.83951914230927183 -0.035633037096355881 0 0.40894865516885021
-0.81708522050520449 -1.1854828340220216e-17 0 0.56866932887358179
-0.80365680871157719 0.020715815997443765 0 0.66679265074560323
-0.77995239956582973 0.0562487376210241 0 0.83440527015455157
-0.75546196466364679 0.09167298361490013 0 0.99920903860752497
-0.74085294298783466 0.11222539393138625 0 1.093379657763492
-0.71515092861801544 0.14740500512424776 0 1.2463280320220667
-0.68870584968749615 0.18238374481013694 0 1.3870405175145328
-0.672980754953588 0.20263429849855208 0 1.4630566976069481
-0.64540093160802925 0.23722203728031721 0 1.5811543778095136
-0.61713207417787685 0.27151651946255995 0 1.6829146736782112
-0.60037205873965616 0.29132648574923675 0 1.7345180617923219
-0.57106222374529014 0.32508488966947813 0 1.8096656418728887
-0.54112763400611508 0.3584594824249912 0 1.8675529833411302
-0.52342923386031637 0.37769288156149794 0 1.8932663215419894
-0.49256277334572957 0.41039082448015723 0 1.9239270835412083
-0.46114490161027216 0.44261825823625073 0 1.9374799240742457
-0.44261825823625067 0.46114490161027233 0 1.9374799243537988
-0.41039082448015723 0.49256277334572968 0 1.9239270845041214
-0.37769288156149794 0.52342923386031648 0 1.8932663227584936
-0.3584594824249912 0.5411276340061153 0 1.867552984529719
-0.32508488966947818 0.57106222374529025 0 1.8096656430503666
-0.29132648574923675 0.60037205873965638 0 1.7345180630531991
-0.27151651946255984 0.61713207417787697 0 1.6829146750193889
-0.23722203728031716 0.64540093160802947 0 1.5811543791670375
-0.20263429849855216 0.672980754953588 0 1.4630566988028275
-0.18238374481013683 0.68870584968749593 0 1.3870405185471288
-0.14740500512424776 0.71515092861801544 0 1.2463280328416866
-0.11222539393138628 0.74085294298783455 0 1.0933796584814852
-0.091672983614900089 0.75546196466364668 0 0.9992090393080888
-0.056248737621024093 0.77995239956582985 0 0.83440527075672333
-0.020715815997443834 0.80365680871157719 0 0.66679265114394437
1.1854828340220214e-17 0.81708522050520449 0 0.56866932911360168
0.035633037096355825 0.83951914230927183 0 0.40894865519540124
0.071284667916869798 0.86113558252209521 0 0.26183867541683703
0.092028607097429826 0.87333611859707339 0 0.18285943567389917
0.12764060189992624 0.89364147660991278 0 0.071321303686711954
0.1631849742152694 0.91310945764401574 0 -0.0081630112652632085
0.18382755187613997 0.92405220710877778 0 -0.039035641914190636
0.21919989923241068 0.94218662318729696 0 -0.053815302558873943
0.25442378980229818 0.9594750262340046 0 -0.019212966449352088
-0.95311846913063092 -0.27542410644701176 0 -0.020304379269533556
-0.93469897855606976 -0.24011162781774806 0 -0.054332873655839005
-0.91547795719237635 -0.20467050121920144 0 -0.032252359499687924
-0.90392389097015802 -0.18399617162260082 0 0.005818239236239562
-0.88344264691410113 -0.14840992209287948 0 0.10029776846892828
-0.86217197642382748 -0.11277001961843072 0 0.22979960879421035
-0.84943211514067674 -0.09201527696768752 0 0.32045494533388658
-0.82692816348951015 -0.05635264373351935 0 0.48753973303717196
-0.8036568087115773 -0.020715815997443789 0 0.66679265079276884
-0.78976425387250515 -1.4514720904068849e-17 0 0.77599818461288816
-0.76530242363903778 0.035531102838228586 0 0.96104687882269968
-0.74010528612021009 0.070953786036410976 0 1.1410807621367651
-0.72510826138986528 0.091506602166851927 0 1.2430850287211841
-0.69877933521131685 0.12669126073590375 0 1.4076091056028412
-0.67175713283070904 0.16168321788910087 0 1.5574928381387787
-0.65571877703010617 0.18194646117815549 0 1.6377671435261021
-0.62763889629794334 0.21656671742560674 0 1.7617820431931357
-0.5989172629014774 0.25090994138246048 0 1.867758463066497
-0.58191496470151605 0.27075696837757485 0 1.9210703166771093
-0.55222424398369185 0.30459606614566642 0 1.9984300269045583
-0.52195203978479632 0.33807543984711641 0 2.0576999440420036
-0.50407631636186334 0.35738207023344781 0 2.0838611072625977
-0.47293668442713094 0.39022882825773841 0 2.1150263401290315
-0.44128355163653143 0.42263649926153468 0 2.1288011630614414
-0.42263649926153468 0.44128355163653166 0 2.128801163341639
-0.39022882825773836 0.47293668442713105 0 2.115026341119155
-0.35738207023344781 0.50407631636186334 0 2.083861108570559
-0.33807543984711641 0.52195203978479654 0 2.057699945371561
-0.30459606614566642 0.55222424398369196 0 1.9984300282500662
-0.27075696837757485 0.58191496470151616 0 1.9210703180487398
-0.25090994138246037 0.59891726290147751 0 1.8677584644549179
-0.21656671742560674 0.62763889629794345 0 1.7617820445663701
-0.18194646117815549 0.65571877703010628 0 1.6377671448221081
-0.16168321788910081 0.67175713283070904 0 1.5574928393612326
-0.12669126073590375 0.69877933521131685 0 1.4076091066468051
-0.091506602166851955 0.72510826138986528 0 1.2430850295208795
-0.070953786036410935 0.74010528612021032 0 1.1410807627699238
-0.035531102838228586 0.76530242363903767 0 0.96104687921348841
-5.7562653841777306e-17 0.78976425387250493 0 0.77599818482845639
0.020715815997443786 0.80365680871157741 0 0.66679265093466455
0.056352643733519288 0.82692816348950993 0 0.48753973306442128
0.092015276967687437 0.84943211514067674 0 0.32045494525636259
0.11277001961843074 0.86217197642382726 0 0.22979960866285748
0.14840992209287945 0.8834426469141009 0 0.10029776829698618
0.18399617162260079 0.90392389097015791 0 0.0058182390941817147
0.20467050121920149 0.91547795719237635 0 -0.032252359596545287
0.240111627817748 0.93469897855606932 0 -0.054332873691851288
0.27542410644701165 0.9531184691306307 0 -0.020304379274771418
-0.94105602420352208 -0.31145081462010166 0 -0.022023646195119612
-0.92076163395850097 -0.27598839529558183 0 -0.054390200278402787
-0.89974407156008307 -0.24043023992838297 0 -0.018899552112182423
-0.88718127175592754 -0.2197015243973201 0 0.032085975470147937
-0.86503119106438253 -0.18404281666945183 0 0.15285864624157799
-0.84217430640900526 -0.14835355395364719 0 0.31315134462424254
-0.82854976708227712 -0.12757907175142774 0 0.42353169369835014
-0.80459240579822144 -0.091895023168752019 0 0.62369473042334578
-0.77995239956582973 -0.056248737621024121 0 0.83440527029745049
-0.76530242363903744 -0.035531102838228606 0 0.96104687891274609
-0.73960633249860264 -1.1988212367093769e-17 0 1.1728517054736824
-0.71325953330300707 0.035422874988236971 0 1.3753294812915258
-0.69763210209453941 0.055977827483357834 0 1.488410765609018
-0.67028578433997921 0.091173007676291606 0 1.6686836070383677
-0.64232826245713348 0.12618844827852801 0 1.8301822323108379
-0.62578271864519996 0.1464733140565225 0 1.9153806114423617
-0.5968939256745136 0.1811478117268637 0 2.0457268476398713
-0.56744058654728047 0.21557118803807296 0 2.1555007072423829
-0.55004701381540133 0.23547875981065083 0 2.2099316776917632
-0.51974152117882755 0.26944910887929813 0 2.288412952419002
-0.4889246843784657 0.30309830039709695 0 2.3479573846554267
-0.47076299143354605 0.32252339270942931 0 2.3739350738064036
-0.43918287599643763 0.35561056485607551 0 2.4048279058907025
-0.40715037007998706 0.3883091011553001 0 2.4184807200562113
-0.3883091011553001 0.40715037007998722 0 2.4184807203284833
-0.35561056485607545 0.43918287599643768 0 2.4048279068826712
-0.32252339270942931 0.47076299143354622 0 2.3739350751833128
-0.30309830039709695 0.48892468437846592 0 2.3479573861137188
-0.26944910887929818 0.51974152117882755 0 2.2884129539462497
-0.23547875981065075 0.55004701381540122 0 2.2099316792232688
-0.21557118803807285 0.56744058654728058 0 2.1555007087496358
-0.18114781172686367 0.5968939256745136 0 2.0457268491049909
-0.14647331405652247 0.62578271864519996 0 1.9153806128712332
-0.12618844827852793 0.64232826245713337 0 1.8301822337124471
-0.091173007676291634 0.67028578433997932 0 1.6686836082476331
-0.055977827483357834 0.69763210209453919 0 1.4884107664239696
-0.035422874988236923 0.71325953330300707 0 1.3753294818022601
0 0.73960633249860286 0 1.1728517056014798
0.035531102838228523 0.76530242363903755 0 0.96104687887121731
0.0562487376210241 0.77995239956582962 0 0.83440527024469713
0.091895023168751963 0.80459240579822133 0 0.62369473034343625
0.12757907175142771 0.82854976708227734 0 0.42353169355919823
0.14835355395364722 0.84217430640900526 0 0.31315134444039122
0.18404281666945183 0.86503119106438253 0 0.15285864603033431
0.2197015243973201 0.88718127175592731 0 0.032085975302817767
0.24043023992838303 0.89974407156008318 0 -0.018899552226423467
0.27598839529558178 0.92076163395850052 0 -0.05439020032948081
0.31145081462010155 0.94105602420352197 0 -0.022023646228727357
-0.92754208099579682 -0.34733415561658026 0 -0.023539194533273588
-0.9054655135156926 -0.31173156476035058 0 -0.053422033350550201
-0.88274546046172742 -0.27606430526317738 0 -0.0035425930172204578
-0.86922896661753579 -0.25528500260517195 0 0.060946152920965793
-0.84550463023005529 -0.21955905688074565 0 0.20845402176626654
-0.8211555040082531 -0.18382415092234536 0 0.39916346476134268
-0.80670042424371724 -0.16303148289473121 0 0.52865901566224482
-0.78138128088531977 -0.12732780854329107 0 0.76001171063218276
-0.75546196466364668 -0.091672983614900158 0 0.99920903886061652
-0.74010528612021009 -0.070953786036411018 0 1.1410807623222892
-0.71325953330300707 -0.035422874988237006 0 1.3753294813712849
-0.68584404959457046 -2.4099454635388113e-17 0 1.5953330688810219
-0.66963150654712011 0.020556825111188799 0 1.7163822707524485
-0.64134222811200792 0.055761538506428975 0 1.907052424748203
-0.61251926161916215 0.090798439454692265 0 2.0748724788837198
-0.5955049986780433 0.11110310588507677 0 2.1619644877345277
-0.56586948462857622 0.14582731521564107 0 2.2938127220825417
-0.53574157448882065 0.18032417585305541 0 2.4030799797692981
-0.51798761831705986 0.20028725917525944 0 2.4563778398960978
-0.48711635856005048 0.23437794866975895 0 2.532670381846327
-0.45579876990592766 0.26818284288680466 0 2.5899068674392738
-0.43737431757642448 0.287716555858467 0 2.6145361323885159
-0.40538968757366434 0.32102419441832769 0 2.6437653603422846
-0.37300898548111716 0.35398952520194427 0 2.6566815622312672
-0.35398952520194427 0.37300898548111738 0 2.6566815624898212
-0.32102419441832764 0.40538968757366456 0 2.6437653612898244
-0.287716555858467 0.43737431757642459 0 2.6145361337157547
-0.26818284288680461 0.45579876990592771 0 2.5899068688573466
-0.23437794866975897 0.48711635856005064 0 2.5326703833830586
-0.20028725917525939 0.51798761831705975 0 2.4563778415306787
-0.1803241758530553 0.53574157448882076 0 2.403079981446596
-0.14582731521564105 0.56586948462857611 0 2.2938127237380419
-0.11110310588507674 0.59550499867804318 0 2.1619644892382266
-0.090798439454692209 0.61251926161916215 0 2.0748724802416145
-0.055761538506428975 0.64134222811200781 0 1.9070524257898389
-0.020556825111188805 0.66963150654712 0 1.7163822713999073
6.0248636588470267e-17 0.68584404959457046 0 1.5953330692721059
0.035422874988236985 0.71325953330300718 0 1.3753294814071042
0.070953786036410907 0.74010528612020998 0 1.1410807621287906
0.091672983614900116 0.75546196466364646 0 0.99920903858926402
0.12732780854329098 0.78138128088531977 0 0.76001171029074088
0.16303148289473113 0.80670042424371735 0 0.52865901532621795
0.18382415092234539 0.82115550400825299 0 0.39916346446044165
0.21955905688074567 0.84550463023005507 0 0.20845402154201298
0.25528500260517195 0.86922896661753579 0 0.06094615278831407
0.27606430526317743 0.88274546046172742 0 -0.0035425930939822345
0.31173156476035052 0.90546551351569216 0 -0.053422033391031076
0.34733415561658021 0.92754208099579671 0 -0.023539194621372446
-0.91900630074558787 -0.36811833111096548 0 -0.024325504404000078
-0.89593775089006478 -0.33244196449238206 0 -0.052401460516959125
-0.87227219752441654 -0.29671794811037466 0 0.0062505870339643471
-0.85822696820213673 -0.27591266065396414 0 0.078824232509076803
-0.83363128777885542 -0.24015277078627906 0 0.24201169696100133
-0.80845786915929307 -0.20439561724901062 0 0.45016352347245958
-0.79354471273180438 -0.18359451795857989 0 0.59045223707572514
-0.76747558285898809 -0.14788258529988293 0 0.83901687869841646
-0.74085294298783444 -0.11222539393138632 0 1.093379658084471
-0.72510826138986528 -0.091506602166851997 0 1.2430850289639328
-0.69763210209453952 -0.055977827483357882 0 1.4884107657326868
-0.66963150654712023 -0.020556825111188854 0 1.7163822707913772
-0.65309897850938914 -2.1892461229010646e-17 0 1.8406702733418061
-0.62429456937651118 0.035208263710132845 0 2.0350013327772274
-0.59499942930570959 0.07025533497066222 0 2.2041560590888478
-0.57772968887449372 0.090569950956480391 0 2.2910165238483651
-0.54768754064620029 0.12531986903269701 0 2.4216229919953971
-0.51719268914045591 0.15985545151337688 0 2.5287206721206288
-0.49924286124183065 0.17984803272527178 0 2.5803829384827019
-0.46806434470872549 0.21400302177003669 0 2.653970631468717
-0.43647507528999346 0.24789148764712682 0 2.7087514875534056
-0.41790817562067306 0.26748364412050801 0 2.7320959899613562
-0.385704423026143 0.3009101232245826 0 2.7597603849574162
-0.35313530888945976 0.3340195204870029 0 2.7719843827115085
-0.33401952048700284 0.35313530888945999 0 2.7719843829597215
-0.30091012322458249 0.385704423026143 0 2.759760385859968
-0.26748364412050801 0.41790817562067306 0 2.7320959912103739
-0.24789148764712673 0.43647507528999357 0 2.7087514888775797
-0.21400302177003672 0.46806434470872549 0 2.6539706329367294
-0.17984803272527175 0.49924286124183059 0 2.5803829401460385
-0.15985545151337677 0.51719268914045591 0 2.5287206739069163
-0.12531986903269698 0.54768754064620029 0 2.4216229937904852
-0.09056995095648035 0.57772968887449361 0 2.2910165253660058
-0.070255334970662137 0.59499942930570959 0 2.2041560603297983
-0.035208263710132845 0.62429456937651107 0 2.035001333590174
2.5918660995265472e-17 0.65309897850938892 0 1.8406702738214178
0.020556825111188885 0.66963150654712023 0 1.7163822711157715
0.055977827483357862 0.69763210209453941 0 1.4884107657855927
0.0915066021668519 0.72510826138986506 0 1.2430850287293427
0.11222539393138628 0.74085294298783444 0 1.0933796576842463
0.14788258529988285 0.76747558285898809 0 0.83901687815267711
0.18359451795857978 0.79354471273180416 0 0.59045223657853985
0.20439561724901056 0.80845786915929296 0 0.45016352308246338
0.240152770786279 0.8336312877788552 0 0.24201169674112941
0.27591266065396414 0.85822696820213662 0 0.078824232420513465
0.29671794811037483 0.87227219752441665 0 0.0062505870007949476
0.332441964492382 0.89593775089006444 0 -0.052401460540534996
0.36811833111096548 0.91900630074558776 0 -0.024325504532276217
-0.90318651334440625 -0.403600927012079 0 -0.025529377433078097
-0.87849507203259825 -0.36781709199537355 0 -0.050212896110181794
-0.85328582699013955 -0.33201262981241025 0 0.023440635009993879
-0.83837869413734045 -0.31117165995065127 0 0.10967720320419004
-0.81236473649330609 -0.27536728395215704 0 0.29891429897021754
-0.78585206953016651 -0.23958391372525156 0 0.53548689610662892
-0.77019569863305948 -0.2187745548267209 0 0.69312284374524813
-0.74291134814669979 -0.18305797440453256 0 0.96881628491613536
-0.71515092861801566 -0.14740500512424778 0 1.2463280324214829
-0.69877933521131685 -0.12669126073590384 0 1.4076091059340325
-0.67028578433997954 -0.09117300767629169 0 1.6686836072680313
-0.64134222811200781 -0.05576153850642903 0 1.9070524249109444
-0.62429456937651129 -0.035208263710132914 0 2.0350013329105385
-0.59466171831777281 -3.4334216332677634e-17 0 2.2325718409657256
-0.56460816982180229 0.035058167157423159 0 2.4012815268310028
-0.5469284754254613 0.055385907691761806 0 2.4862995175014038
-0.51623442558136656 0.09017250625552814 0 2.6125934883910822
-0.48515199638194462 0.12476599715205158 0 2.7141755020539171
-0.46688881690702017 0.14480359211893526 0 2.762164431250008
-0.43521922505418598 0.17905798136023318 0 2.8298833602849176
-0.40319629659270673 0.2130769997126149 0 2.8795472467809948
-0.38440227475937927 0.2327609614388278 0 2.9003072702563157
-0.35184957815164336 0.26637487934599868 0 2.9248378333150304
-0.31898098047121115 0.2997123527375975 0 2.9356760868010405
-0.29971235273759744 0.31898098047121132 0 2.9356760870320908
-0.26637487934599857 0.35184957815164353 0 2.9248378341405497
-0.2327609614388278 0.38440227475937944 0 2.9003072713670996
-0.21307699971261482 0.40319629659270684 0 2.879547247934279
-0.17905798136023318 0.43521922505418598 0 2.8298833615854013
-0.14480359211893523 0.46688881690702011 0 2.7621644328320247
-0.12476599715205146 0.48515199638194462 0 2.7141755038375583
-0.090172506255528168 0.51623442558136667 0 2.6125934902216379
-0.055385907691761785 0.54692847542546119 0 2.4862995189492683
-0.035058167157423076 0.56460816982180229 0 2.4012815278881141
4.2412855469778255e-17 0.59466171831777281 0 2.2325718415075166
0.035208263710132914 0.62429456937651129 0 2.0350013331969952
0.055761538506429065 0.64134222811200781 0 1.9070524251507983
0.091173007676291634 0.67028578433997932 0 1.6686836073392348
0.12669126073590373 0.69877933521131674 0 1.407609105687742
0.14740500512424776 0.71515092861801555 0 1.2463280319407877
0.1830579744045325 0.74291134814669979 0 0.9688162842296788
0.21877455482672076 0.77019569863305959 0 0.6931228431408637
0.23958391372525159 0.78585206953016662 0 0.53548689566620455
0.27536728395215704 0.81236473649330609 0 0.2989142987734606
0.31117165995065127 0.83837869413734034 0 0.10967720316960224
0.33201262981241031 0.85328582699013955 0 0.023440635029803345
0.36781709199537355 0.87849507203259813 0 -0.050212896105968692
0.40360092701207895 0.90318651334440625 0 -0.025529377587123869
-0.8859131620026246 -0.43871790452975934 0 -0.026544620643848504
-0.85970616591175542 -0.40285863638103153 0 -0.047521120118749059
-0.83305869086250128 -0.36700242999484206 0 0.040909760453254507
-0.81734997240911211 -0.34614102483344705 0 0.14040955372965691
-0.79001924452753369 -0.31031601166848377 0 0.3543709076199793
-0.76226577400404338 -0.27452752279024145 0 0.61720635137576874
-0.74592191851342171 -0.25372102697549126 0 0.79056251396954114
-0.71751517995704661 -0.21801713025296837 0 1.0901445218752928
-0.68870584968749604 -0.182383744810137 0 1.3870405179372567
-0.67175713283070904 -0.16168321788910095 0 1.5574928385439455
-0.6423282624571337 -0.12618844827852813 0 1.8301822326902679
-0.61251926161916215 -0.090798439454692334 0 2.0748724792525133
-0.59499942930570981 -0.070255334970662303 0 2.2041560594518046
-0.56460816982180229 -0.035058167157423235 0 2.401281527083404
-0.53386141628193062 -3.6439102615644058e-17 0 2.566293979587877
-0.51580748162284262 0.020334243262494677 0 2.6477796784077166
-0.48451906698696767 0.055145578720073252 0 2.767241065465277
-0.45290180526110657 0.089783961291202044 0 2.8612766055782264
-0.43435380132384649 0.10985833683747338 0 2.9046305263100822
-0.40223850969378794 0.14419657314216691 0 2.9651330876189608
-0.36982283659136411 0.17832847120795325 0 3.0087053699983941
-0.35082352815719875 0.19809282422015706 0 3.0264801346408534
-0.31795616644364882 0.23187237743064176 0 3.0474052975066637
-0.28481849112495328 0.26541304966465074 0 3.0566498216177713
-0.26541304966465074 0.28481849112495344 0 3.0566498218330911
-0.23187237743064176 0.31795616644364888 0 3.047405298260216
-0.19809282422015706 0.35082352815719881 0 3.0264801356200981
-0.17832847120795317 0.36982283659136422 0 3.0087053709846265
-0.14419657314216691 0.40223850969378794 0 2.9651330887005014
-0.10985833683747336 0.43435380132384638 0 2.9046305276343647
-0.089783961291201947 0.45290180526110674 0 2.8612766070892772
-0.055145578720073245 0.48451906698696762 0 2.767241067036224
-0.020334243262494663 0.5158074816228424 0 2.6477796796609336
1.1741488620596416e-16 0.53386141628193062 0 2.5662939805078184
0.035058167157423249 0.56460816982180217 0 2.4012815275583232
0.070255334970662303 0.59499942930570981 0 2.2041560596970791
0.090798439454692376 0.61251926161916204 0 2.0748724794496107
0.12618844827852804 0.64232826245713348 0 1.8301822327466688
0.16168321788910081 0.67175713283070881 0 1.5574928383576616
0.18238374481013692 0.68870584968749593 0 1.3870405175762921
0.21801713025296823 0.71751517995704661 0 1.0901445213594929
0.25372102697549109 0.74592191851342149 0 0.79056251351066065
0.27452752279024145 0.76226577400404349 0 0.61720635103609045
0.31031601166848377 0.79001924452753358 0 0.3543709074655102
0.34614102483344705 0.817349972409112 0 0.14040955371196279
0.36700242999484206 0.83305869086250117 0 0.040909760489249603
0.40285863638103148 0.8597061659117553 0 -0.04752112009128056
0.43871790452975934 0.88591316200262482 0 -0.02654462075959501
-0.87519526270121761 -0.45895243812590342 0 -0.027048377548137544
-0.84815727568289323 -0.42306758293106855 0 -0.045743781619385047
-0.82072249736724601 -0.38719779195322707 0 0.05113162764754333
-0.80457553155296602 -0.36633333555113912 0 0.15812446600377306
-0.77652575410665359 -0.33051024870745077 0 0.38579988022248862
-0.74809571041961631 -0.29473124332319339 0 0.66287555384544383
-0.7313774112665391 -0.27393304365759275 0 0.84460978049660584
-0.70236001314607066 -0.23824695169867063 0 1.15659089601214
-0.672980754953588 -0.20263429849855216 0 1.4630566980143098
-0.65571877703010628 -0.18194646117815558 0 1.6377671439604216
-0.62578271864520008 -0.14647331405652253 0 1.9153806119163983
-0.5955049986780433 -0.11110310588507682 0 2.1619644882443652
-0.57772968887449361 -0.090569950956480447 0 2.2910165243708933
-0.54692847542546141 -0.055385907691761882 0 2.4862995179350476
-0.51580748162284251 -0.020334243262494743 0 2.6477796785984258
-0.49755171453532243 -2.7357153024205908e-17 0 2.7265003985451655
-0.46594309725715571 0.034819099040760672 0 2.840936129977814
-0.43403813431840793 0.069476646065774708 0 2.9297451173588227
-0.41533711806050183 0.08956814917370215 0 2.9700118096787662
-0.38298274574369623 0.12394731593167546 0 3.0257723336016893
-0.35035686846841879 0.1581362308317224 0 3.0654118958675918
-0.33124792318118801 0.17794187644510923 0 3.0812924540849767
-0.29821294818365895 0.21180750703895732 0 3.0999352997688745
-0.26493255120007242 0.24545486310917294 0 3.1081711580826652
-0.24545486310917283 0.26493255120007259 0 3.1081711582884326
-0.21180750703895732 0.29821294818365907 0 3.0999353004802441
-0.17794187644510923 0.33124792318118801 0 3.0812924549897209
-0.15813623083172235 0.35035686846841879 0 3.0654118967597022
-0.12394731593167545 0.38298274574369617 0 3.0257723345394303
-0.089568149173702122 0.41533711806050172 0 2.9700118107873763
-0.069476646065774597 0.43403813431840793 0 2.9297451186077028
-0.034819099040760679 0.46594309725715571 0 2.8409361312826902
3.1536718069570691e-17 0.49755171453532243 0 2.726500399636183
0.020334243262494816 0.5158074816228424 0 2.6477796794569226
0.055385907691761882 0.54692847542546119 0 2.4862995184513053
0.090569950956480447 0.57772968887449372 0 2.2910165246517664
0.11110310588507685 0.5955049986780433 0 2.1619644884326443
0.1464733140565225 0.62578271864519985 0 1.9153806119501089
0.18194646117815544 0.65571877703010617 0 1.6377671438351327
0.20263429849855213 0.672980754953588 0 1.4630566977989883
0.23824695169867049 0.70236001314607066 0 1.1565908957152433
0.27393304365759258 0.73137741126653899 0 0.84460978022004463
0.29473124332319345 0.74809571041961631 0 0.66287555362313588
0.33051024870745083 0.77652575410665348 0 0.38579988010035632
0.36633333555113912 0.80457553155296591 0 0.15812446598121066
0.38719779195322712 0.82072249736724612 0 0.051131627677789171
0.42306758293106861 0.84815727568289334 0 -0.045743781581009453
0.45895243812590342 0.87519526270121784 0 -0.027048377616037397
-0.85564799524825186 -0.4933112758982689 0 -0.027793674905359032
-0.82727205115404434 -0.45742008867146283 0 -0.04266878998653699
-0.79857140353975575 -0.42156108972404133 0 0.067814818204132057
-0.78172054338602781 -0.40070973146405309 0 0.18680104938923611
-0.75251702580267132 -0.36491900870216837 0 0.43616169241506852
-0.72300274231238981 -0.32918245717029815 0 0.73540578828662273
-0.70568495227126593 -0.30841250746746429 0 0.93002564762703854
-0.67569077593479498 -0.27277913103450785 0 1.2607386167291557
-0.64540093160802925 -0.23722203728031721 0 1.5811543780892408
-0.62763889629794334 -0.21656671742560676 0 1.76178204354394
-0.5968939256745136 -0.18114781172686376 0 2.0457268480940862
-0.56586948462857611 -0.14582731521564107 0 2.2938127226135565
-0.54768754064620007 -0.12531986903269704 0 2.4216229925533157
-0.51623442558136645 -0.090172506255528223 0 2.6125934888805409
-0.48451906698696767 -0.055145578720073314 0 2.7672410657290474
-0.46594309725715582 -0.034819099040760734 0 2.8409361300588207
-0.43382708409194209 -2.4348419631177052e-17 0 2.9464502182090886
-0.40146700421149689 0.03467685455838658 0 3.0262098650796831
-0.38252431870297549 0.054789600685635161 0 3.0612234653200865
-0.34979303851135274 0.08922436688424365 0 3.108966440141764
-0.31683673059902118 0.12349541210906288 0 3.1420133894278126
-0.29755593451777773 0.14336215757428766 0 3.1547456046185065
-0.26425917048476633 0.1773574717653657 0 3.1695996339494634
-0.23075718470060849 0.2111680354728741 0 3.1761612610487204
-0.21116803547287405 0.2307571847006086 0 3.1761612612213161
-0.1773574717653657 0.26425917048476633 0 3.1695996345477511
-0.14336215757428766 0.29755593451777773 0 3.1547456053830842
-0.12349541210906279 0.31683673059902123 0 3.1420133901837883
-0.089224366884243636 0.34979303851135268 0 3.1089664409155304
-0.054789600685635161 0.38252431870297537 0 3.0612234661831992
-0.03467685455838649 0.40146700421149689 0 3.0262098660186014
1.4203244784853278e-17 0.43382708409194209 0 2.946450219180444
0.034819099040760727 0.4659430972571556 0 2.8409361309193546
0.055145578720073384 0.48451906698696762 0 2.7672410664651701
0.090172506255528237 0.51623442558136645 0 2.6125934893905889
0.12531986903269704 0.54768754064620007 0 2.4216229928346764
0.14582731521564113 0.56586948462857611 0 2.2938127227644638
0.18114781172686367 0.5968939256745136 0 2.0457268480835578
0.21656671742560671 0.62763889629794334 0 1.7617820434593947
0.23722203728031713 0.64540093160802925 0 1.5811543779981605
0.27277913103450768 0.67569077593479498 0 1.2607386166345118
0.30841250746746424 0.70568495227126604 0 0.9300256475306693
0.32918245717029831 0.72300274231238981 0 0.73540578819131852
0.36491900870216837 0.75251702580267166 0 0.43616169234381752
0.40070973146405314 0.78172054338602792 0 0.18680104937269237
0.42156108972404138 0.79857140353975575 0 0.067814818229045906
0.45742008867146272 0.82727205115404434 0 -0.042668789941507204
0.49331127589826895 0.85564799524825186 0 -0.027793674914211954
-0.83469027748862357 -0.52707744491092823 0 -0.028388105793164226
-0.80509194626364167 -0.49123525219389763 0 -0.039621262781962235
-0.77523640814973827 -0.45543740819109252 0 0.083209128981556885
-0.75774406001199623 -0.43462629791120727 0 0.21297919567224788
-0.72749018450050573 -0.39891110085989945 0 0.48150772730350289
-0.69699008099150261 -0.36325605100589498 0 0.79990762455319786
-0.67912775967592132 -0.34253532412816701 0 1.0054620599023023
-0.6482472130502146 -0.30698793965269544 0 1.3516401886690717
-0.61713207417787674 -0.27151651946255995 0 1.6829146736943794
-0.59891726290147718 -0.25090994138246053 0 1.8677584631484292
-0.56744058654728047 -0.21557118803807299 0 2.1555007074173602
-0.53574157448882076 -0.18032417585305546 0 2.4030799800041018
-0.51719268914045591 -0.15985545151337693 0 2.528720672370611
-0.48515199638194462 -0.12476599715205162 0 2.7141755022302858
-0.45290180526110668 -0.089783961291202113 0 2.8612766055453958
-0.43403813431840793 -0.069476646065774764 0 2.92974511716112
-0.40146700421149689 -0.034676854558386622 0 3.0262098648198479
-0.3686997502305781 -2.436792390955917e-17 0 3.0970428036058633
-0.34954138917712912 0.020122589483473872 0 3.126978578681133
-0.31647475108295342 0.054592811262285039 0 3.167030391952836
-0.28322585373957565 0.088924795470659609 0 3.1938186868878606
-0.26379363443980147 0.10883966986889548 0 3.2035936802301821
-0.23026764419579646 0.14294102358881725 0 3.2148942430865319
-0.19657369944018271 0.1768891149870348 0 3.2198858706346938
-0.17688911498703477 0.19657369944018283 0 3.2198858707506326
-0.14294102358881725 0.23026764419579646 0 3.2148942435146899
-0.10883966986889548 0.26379363443980147 0 3.2035936808369927
-0.088924795470659554 0.28322585373957576 0 3.1938186875429571
-0.054592811262285039 0.31647475108295342 0 3.1670303926836105
-0.020122589483473882 0.34954138917712907 0 3.1269785794909519
8.9349054335050269e-17 0.36869975023057816 0 3.097042804458074
0.034676854558386601 0.40146700421149684 0 3.0262098656601188
0.06947664606577475 0.43403813431840793 0 2.9297451178711746
0.089783961291202183 0.45290180526110657 0 2.86127660613099
0.12476599715205164 0.48515199638194456 0 2.7141755026054804
0.15985545151337693 0.51719268914045591 0 2.5287206725521871
0.18032417585305555 0.53574157448882076 0 2.4030799800823366
0.21557118803807293 0.56744058654728036 0 2.1555007073586658
0.25090994138246037 0.59891726290147729 0 1.8677584630076194
0.27151651946255978 0.61713207417787663 0 1.6829146735305067
0.30698793965269527 0.6482472130502146 0 1.351640188500864
0.34253532412816695 0.67912775967592121 0 1.0054620597732729
0.36325605100589503 0.69699008099150261 0 0.79990762446438624
0.39891110085989956 0.72749018450050573 0 0.48150772727451441
0.43462629791120727 0.75774406001199601 0 0.2129791956857941
0.45543740819109269 0.7752364081497386 0 0.083209129011381361
0.49123525219389752 0.80509194626364167 0 -0.039621262746827562
0.52707744491092823 0.83469027748862379 0 -0.028388105782448242
-0.82185510831465891 -0.54642169502989391 0 -0.028665379916521159
-0.79159910339123807 -0.5106370022348149 0 -0.037880484081401274
-0.76112271877997406 -0.47490121031990201 0 0.091512522987024045
-0.7432857374793912 -0.45412782485672826 0 0.22696967060997386
-0.71246791166496493 -0.41847938032157306 0 0.50545266607259853
-0.68143891119689159 -0.38289246373003011 0 0.83359239683184949
-0.66328462117427489 -0.36221153505329667 0 1.0446096602041217
-0.63192910064573216 -0.32673193897230735 0 1.3983019252523881
-0.60037205873965604 -0.2913264857492367 0 1.7345180616056823
-0.58191496470151605 -0.27075696837757485 0 1.9210703165336698
-0.55004701381540133 -0.23547875981065078 0 2.2099316776056126
-0.51798761831705986 -0.20028725917525944 0 2.4563778398359037
-0.49924286124183043 -0.17984803272527178 0 2.5803829384197567
-0.46688881690702011 -0.14480359211893534 0 2.7621644310995324
-0.43435380132384643 -0.10985833683747345 0 2.904630525959865
-0.41533711806050172 -0.089568149173702191 0 2.9700118091784655
-0.38252431870297543 -0.054789600685635216 0 3.0612234647761198
-0.34954138917712924 -0.020122589483473934 0 3.1269785784033477
-0.33026906905169062 -2.9072630275455614e-17 0 3.1540700630104817
-0.29702577856348633 0.03448088576273222 0 3.1898391555344046
-0.26362353599345906 0.068838045137968956 0 3.213170967546171
-0.24411237467034866 0.088774721747724633 0 3.2213267255413149
-0.21046770178063456 0.12292662396399529 0 3.2306839218742169
-0.17667555954601044 0.15694281041620778 0 3.2348170144601358
-0.1569428104162077 0.1766755595460105 0 3.2348170145360897
-0.12292662396399529 0.21046770178063456 0 3.230683922187199
-0.088774721747724647 0.24411237467034866 0 3.2213267260541398
-0.068838045137968901 0.26362353599345911 0 3.2131709681581078
-0.034480885762732227 0.29702577856348633 0 3.1898391562860411
1.6631067974168929e-17 0.33026906905169057 0 3.1540700638629793
0.020122589483473997 0.34954138917712924 0 3.1269785792921869
0.054789600685635195 0.38252431870297543 0 3.0612234656206678
0.089568149173702191 0.41533711806050178 0 2.9700118098341557
0.10985833683747352 0.43435380132384638 0 2.9046305264485648
0.14480359211893531 0.46688881690702005 0 2.7621644313468194
0.17984803272527178 0.49924286124183037 0 2.5803829385035808
0.20028725917525952 0.51798761831705975 0 2.4563778398566978
0.23547875981065072 0.55004701381540122 0 2.2099316775160802
0.27075696837757474 0.58191496470151594 0 1.9210703163231311
0.29132648574923664 0.60037205873965604 0 1.7345180613253726
0.32673193897230723 0.63192910064573193 0 1.3983019249380038
0.36221153505329662 0.66328462117427478 0 1.0446096599760333
0.38289246373003027 0.68143891119689182 0 0.83359239670105834
0.41847938032157311 0.7124679116649647 0 0.50545266606416572
0.45412782485672837 0.74328573747939086 0 0.22696967064945051
0.47490121031990212 0.76112271877997395 0 0.091512523023172254
0.5106370022348149 0.79159910339123796 0 -0.037880484058829607
0.54642169502989391 0.82185510831465902 0 -0.028665379910938319
-0.7987285200469656 -0.5790736506167613 0 -0.029055119475904494
-0.76743504729580292 -0.54344343518059113 0 -0.035218668562775779
-0.73597974996149385 -0.50786521827874143 0 0.10393555818505006
-0.71759956935543623 -0.48718425212842509 0 0.24782228930513148
-0.68589317947995387 -0.45169460173805587 0 0.54095741959265053
-0.65403122403256098 -0.4162649164810282 0 0.88329329051106864
-0.63541728647083118 -0.39567405791919558 0 1.1022070430899404
-0.60331430526427232 -0.36034552228895794 0 1.4666213494804834
-0.57106222374529003 -0.32508488966947813 0 1.809665641456955
-0.55222424398369185 -0.30459606614566631 0 1.99843002651096
-0.51974152117882755 -0.26944910887929818 0 2.2884129520380383
-0.48711635856005064 -0.23437794866975897 0 2.5326703814332632
-0.46806434470872554 -0.21400302177003677 0 2.6539706310155622
-0.43521922505418592 -0.17905798136023324 0 2.8298833597138726
-0.40223850969378794 -0.14419657314216697 0 2.9651330868663002
-0.38298274574369606 -0.12394731593167553 0 3.0257723327281072
-0.34979303851135263 -0.089224366884243692 0 3.1089664392496172
-0.31647475108295348 -0.054592811262285101 0 3.1670303913121325
-0.29702577856348633 -0.034480885762732283 0 3.1898391551486984
-0.26350972559786273 -3.657463354257793e-17 0 3.2191748268317939
-0.22987226660690493 0.034381819845073346 0 3.2373313548452227
-0.21024086544265563 0.054344884953092504 0 3.2430709324644393
-0.17641710787174936 0.088563976255454521 0 3.2495297893746375
-0.14247926388161733 0.12267643252092222 0 3.2523825581404342
-0.1226764325209221 0.14247926388161741 0 3.2523825581935495
-0.088563976255454521 0.17641710787174936 0 3.249529789615905
-0.054344884953092504 0.21024086544265563 0 3.2430709329025533
-0.034381819845073269 0.22987226660690507 0 3.2373313553993093
2.4383089028385288e-17 0.26350972559786273 0 3.219174827548092
0.034480885762732255 0.29702577856348633 0 3.1898391559747434
0.05459281126228515 0.31647475108295353 0 3.1670303921729936
0.089224366884243678 0.34979303851135274 0 3.1089664400456418
0.12394731593167553 0.38298274574369612 0 3.0257723332911213
0.14419657314216705 0.40223850969378794 0 2.9651330872286565
0.17905798136023326 0.43521922505418598 0 2.82988335980765
0.21400302177003677 0.46806434470872543 0 2.6539706309638125
0.23437794866975903 0.48711635856005048 0 2.5326703813467364
0.26944910887929802 0.51974152117882744 0 2.2884129518753866
0.30459606614566626 0.55222424398369174 0 1.9984300262369752
0.32508488966947802 0.57106222374528992 0 1.8096656411095948
0.36034552228895794 0.60331430526427221 0 1.4666213491083442
0.39567405791919541 0.63541728647083096 0 1.1022070428374799
0.41626491648102837 0.65403122403256109 0 0.88329329038392068
0.45169460173805592 0.68589317947995354 0 0.54095741961231003
0.48718425212842509 0.7175995693554359 0 0.24782228936171533
0.50786521827874165 0.73597974996149385 0 0.10393555821828671
0.54344343518059113 0.76743504729580303 0 -0.035218668559933067
0.57907365061676142 0.79872852004696582 0 -0.029055119478840829
-0.77428107118050404 -0.61091258263157489 0 -0.029338323157307868
-0.74206658520596214 -0.57551435527551742 0 -0.033019401403743889
-0.70974233239747941 -0.54016481353229173 0 0.11389240233482396
-0.69088000266853999 -0.51961485437796273 0 0.26444576484235394
-0.65838498182268135 -0.48434578088075286 0 0.56905022325077503
-0.6257838554450178 -0.44912974786846965 0 0.92233521294862419
-0.6067620856795769 -0.42865949106188478 0 1.1472619855277424
-0.57399604404107951 -0.39353079968673227 0 1.519677918242315
-0.5411276340061153 -0.35845948242499137 0 1.867552982876429
-0.52195203978479643 -0.33807543984711647 0 2.0576999436087759
-0.48892468437846598 -0.30309830039709706 0 2.3479573842210555
-0.45579876990592783 -0.26818284288680477 0 2.5899068669207286
-0.43647507528999357 -0.24789148764712693 0 2.7087514869508897
-0.40319629659270673 -0.21307699971261493 0 2.8795472460237179
-0.36982283659136411 -0.17832847120795337 0 3.0087053690801846
-0.35035686846841868 -0.15813623083172249 0 3.0654118948617652
-0.31683673059902123 -0.12349541210906298 0 3.1420133884172636
-0.28322585373957571 -0.08892479547065972 0 3.1938186860762938
-0.26362353599345911 -0.068838045137969067 0 3.2131709669338075
-0.22987226660690505 -0.034381819845073436 0 3.2373313545599487
-0.19603426110723771 -4.8773387546326894e-17 0 3.2513438645500412
-0.17630160862430264 0.019974944148416902 0 3.2551581512794279
-0.14232958853125946 0.054235756734055354 0 3.2593091663493432
-0.10827489167559336 0.088418004200065486 0 3.2611425399564542
-0.088418004200065375 0.10827489167559344 0 3.2611425400529646
-0.054235756734055354 0.14232958853125946 0 3.2593091667003673
-0.019974944148416909 0.17630160862430264 0 3.2551581517654515
1.1380457094142943e-16 0.19603426110723779 0 3.2513438650654116
0.034381819845073422 0.22987226660690505 0 3.2373313551295122
0.068838045137969039 0.26362353599345911 0 3.2131709675749156
0.088924795470659762 0.28322585373957576 0 3.1938186867598768
0.12349541210906295 0.31683673059902123 0 3.1420133890663564
0.15813623083172249 0.35035686846841885 0 3.0654118953250142
0.17832847120795342 0.36982283659136417 0 3.0087053693750478
0.21307699971261501 0.40319629659270673 0 2.8795472460695253
0.24789148764712693 0.43647507528999346 0 2.7087514868190206
0.26818284288680483 0.45579876990592771 0 2.5899068667184966
0.3030983003970969 0.48892468437846581 0 2.3479573839576244
0.3380754398471163 0.52195203978479621 0 2.0576999433600069
0.3584594824249912 0.54112763400611519 0 1.8675529826680217
0.39353079968673227 0.57399604404107951 0 1.5196779181110245
0.42865949106188461 0.6067620856795769 0 1.1472619854766948
0.44912974786846976 0.62578385544501791 0 0.92233521294348941
0.48434578088075303 0.65838498182268146 0 0.56905022328927135
0.51961485437796273 0.69088000266853999 0 0.26444576487510424
0.54016481353229184 0.70974233239747953 0 0.11389240234479484
0.57551435527551753 0.74206658520596214 0 -0.033019401416282033
0.61091258263157489 0.77428107118050404 0 -0.029338323164224231
-0.7594631519296462 -0.62903598751772583 0 -0.029454864542740815
-0.72676563038911102 -0.59381157630230463 0 -0.03196530663617389
-0.69398545308617832 -0.55863079499901536 0 0.11851417434563576
-0.67487006962773832 -0.53817647874158492 0 0.27211768686910082
-0.64196102373020225 -0.50306689795099546 0 0.58191071234217584
-0.60897172233916619 -0.46800369823177435 0 0.94006656661421628
-0.58973574152937713 -0.44761907765345593 0 1.1676286387819803
-0.55662139738011518 -0.41263142030632166 0 1.543466640957057
-0.52342923386031637 -0.377692881561498 0 1.8932663211149687
-0.50407631636186345 -0.35738207023344787 0 2.0838611068854473
-0.47076299143354627 -0.32252339270942948 0 2.3739350734340352
-0.4373743175764247 -0.28771655585846717 0 2.6145361319049631
-0.41790817562067312 -0.26748364412050812 0 2.7320959893659245
-0.38440227475937927 -0.23276096143882791 0 2.9003072694825103
-0.35082352815719875 -0.19809282422015714 0 3.0264801337197413
-0.33124792318118795 -0.17794187644510931 0 3.0812924530976504
-0.29755593451777768 -0.14336215757428783 0 3.154745603630416
-0.26379363443980158 -0.10883966986889561 0 3.2035936793955413
-0.24411237467034869 -0.088774721747724758 0 3.2213267248601603
-0.21024086544265561 -0.054344884953092601 0 3.2430709320533051
-0.17630160862430266 -0.019974944148417013 0 3.2551581511314467
-0.15651854661246967 -5.9190801701484063e-17 0 3.2580826513625616
-0.12247415890394568 0.034273091764505874 0 3.2611678679901521
-0.088364615254627174 0.068483645363894383 0 3.2625304918860261
-0.068483645363894299 0.088364615254627257 0 3.2625304920313098
-0.034273091764505874 0.12247415890394568 0 3.2611678684694039
5.1061592884112862e-17 0.15651854661246967 0 3.2580826519197021
0.019974944148417082 0.17630160862430272 0 3.2551581516305537
0.054344884953092594 0.21024086544265561 0 3.2430709324964511
0.08877472174772473 0.24411237467034866 0 3.2213267253341917
0.10883966986889564 0.26379363443980164 0 3.2035936799185927
0.14336215757428777 0.29755593451777779 0 3.1547456041549271
0.17794187644510934 0.33124792318118806 0 3.0812924534996013
0.19809282422015723 0.35082352815719886 0 3.0264801339986667
0.23276096143882793 0.38440227475937933 0 2.9003072695433176
0.26748364412050818 0.41790817562067317 0 2.7320959892118024
0.28771655585846717 0.43737431757642459 0 2.6145361316352309
0.32252339270942937 0.47076299143354605 0 2.3739350731039721
0.35738207023344781 0.50407631636186323 0 2.0838611066872539
0.37769288156149783 0.52342923386031637 0 1.8932663210677934
0.41263142030632155 0.55662139738011518 0 1.5434666410808124
0.44761907765345571 0.5897357415293768 0 1.1676286389339565
0.46800369823177446 0.60897172233916619 0 0.94006656672401756
0.50306689795099546 0.64196102373020214 0 0.58191071238672487
0.53817647874158492 0.6748700696277381 0 0.27211768687287724
0.55863079499901547 0.69398545308617843 0 0.11851417433665848
0.59381157630230452 0.72676563038911079 0 -0.031965306652613691
0.62903598751772583 0.7594631519296462 0 -0.029454864549010841
-0.73302429085925314 -0.65942466140030731 0 -0.029592475597164082
-0.69958607702270548 -0.62457056818970569 0 -0.03069449096056031
-0.66610607589958326 -0.58974579955087358 0 0.12406226423992379
-0.64660197216440485 -0.56949180247645048 0 0.28131932920969749
-0.61305649332714707 -0.53471410544793363 0 0.59731632664596812
-0.57947002410581572 -0.49996659250670217 0 0.96128108489831587
-0.55990432483914354 -0.47975795256806708 0 1.1919786521318987
-0.52625364304129996 -0.44505886838488046 0 1.5718725179648516
-0.49256277334572968 -0.41039082448015746 0 1.9239270830285118
-0.47293668442713105 -0.39022882825773852 0 2.1150263397089715
-0.43918287599643785 -0.35561056485607573 0 2.4048279055055293
-0.40538968757366461 -0.32102419441832786 0 2.6437653598138779
-0.38570442302614311 -0.30091012322458272 0 2.7597603842752005
-0.35184957815164342 -0.26637487934599879 0 2.9248378324236852
-0.31795616644364882 -0.23187237743064198 0 3.0474052965010272
-0.29821294818365901 -0.21180750703895748 0 3.0999352987393274
-0.26425917048476649 -0.1773574717653659 0 3.169599632935947
-0.23026764419579659 -0.14294102358881741 0 3.2148942421589592
-0.21046770178063468 -0.12292662396399545 0 3.2306839210287328
-0.17641710787174947 -0.088563976255454632 0 3.2495297887234917
-0.14232958853125954 -0.054235756734055472 0 3.2593091659596558
-0.1224741589039457 -0.034273091764505978 0 3.2611678677753493
-0.088328877954814575 -5.0808741246015166e-17 0 3.2629766220580598
-0.054147499476231709 0.034237826707989971 0 3.2637754668041925
-0.034237826707989902 0.054147499476231792 0 3.2637754669673735
4.8776391596174559e-17 0.088328877954814575 0 3.2629766225755858
0.034273091764505971 0.1224741589039457 0 3.2611678683274277
0.054235756734055535 0.14232958853125963 0 3.2593091664028364
0.088563976255454618 0.17641710787174947 0 3.2495297890355146
0.1229266239639954 0.21046770178063468 0 3.2306839213198897
0.14294102358881744 0.23026764419579659 0 3.2148942424813893
0.17735747176536582 0.26425917048476649 0 3.169599633274558
0.21180750703895745 0.29821294818365907 0 3.0999352990306672
0.23187237743064207 0.3179561664436491 0 3.0474052967349232
0.26637487934599879 0.35184957815164347 0 2.9248378324964306
0.30091012322458277 0.38570442302614316 0 2.7597603841062792
0.3210241944183278 0.40538968757366445 0 2.6437653594840107
0.35561056485607556 0.43918287599643774 0 2.4048279051198258
0.39022882825773841 0.47293668442713088 0 2.1150263395828444
0.41039082448015718 0.49256277334572962 0 1.9239270831722499
0.4450588683848804 0.52625364304129985 0 1.571872518374074
0.47975795256806703 0.55990432483914343 0 1.1919786524987257
0.49996659250670222 0.57947002410581572 0 0.961281085117349
0.53471410544793363 0.61305649332714707 0 0.59731632668303181
0.56949180247645037 0.64660197216440474 0 0.28131932919616459
0.58974579955087369 0.66610607589958337 0 0.12406226425014907
0.62457056818970569 0.69958607702270537 0 -0.030694490928842119
0.65942466140030731 0.73302429085925302 0 -0.029592475584164932
-0.70539838575574443 -0.68879852616153703 0 -0.02965337436849335
-0.6713292960919629 -0.6544110967886162 0 -0.030132209791837578
-0.63725187736376043 -0.62003136170490003 0 0.12651660545294408
-0.61741537015962167 -0.60002628620429965 0 0.2853894979929385
-0.58332480811899101 -0.565658757160867 0 0.60412955816069336
-0.54922595896738324 -0.53129896507623131 0 0.97066185645143577
-0.52937699881634248 -0.51130551581524986 0 1.2027449531980505
-0.49526507276503901 -0.47695799723566351 0 1.584430314453197
-0.46114490161027238 -0.44261825823625084 0 1.9374799232478823
-0.44128355163653182 -0.42263649926153479 0 2.1288011623829655
-0.40715037007998733 -0.38830910115530032 0 2.4184807194673805
-0.37300898548111749 -0.3539895252019446 0 2.6566815614866037
-0.35313530888945988 -0.33401952048700306 0 2.7719843817802041
-0.31898098047121121 -0.29971235273759761 0 2.9356760856442157
-0.28481849112495339 -0.26541304966465096 0 3.0566498203928001
-0.26493255120007253 -0.24545486310917311 0 3.1081711568833672
-0.23075718470060863 -0.21116803547287427 0 3.1761612598973223
-0.19657369944018288 -0.17688911498703502 0 3.2198858695205295
-0.17667555954601055 -0.15694281041620786 0 3.2348170133699767
-0.14247926388161747 -0.12267643252092235 0 3.2523825572060345
-0.10827489167559345 -0.088418004200065584 0 3.2611425393383247
-0.08836461525462723 -0.06848364536389448 0 3.262530491510677
-0.054147499476231722 -0.034237826707990075 0 3.2637754667154963
-0.019922349427370957 -4.4711809049292753e-17 0 3.2643253115425477
1.2194129740716207e-16 0.01992234942737103 0 3.264325311625158
0.034237826707990068 0.054147499476231722 0 3.2637754669994461
0.068483645363894466 0.08836461525462723 0 3.2625304918680866
0.088418004200065639 0.1082748916755935 0 3.2611425396846774
0.12267643252092233 0.14247926388161747 0 3.2523825575181093
0.15694281041620781 0.17667555954601052 0 3.2348170136394483
0.17688911498703497 0.19657369944018291 0 3.2198858697622317
0.21116803547287422 0.23075718470060863 0 3.1761612600992679
0.24545486310917305 0.26493255120007259 0 3.1081711570574755
0.26541304966465107 0.2848184911249535 0 3.0566498205511281
0.29971235273759778 0.31898098047121126 0 2.9356760856989035
0.33401952048700312 0.35313530888945999 0 2.7719843816235019
0.35398952520194449 0.37300898548111738 0 2.656681561175291
0.38830910115530021 0.40715037007998722 0 2.4184807191108821
0.42263649926153474 0.4412835516365316 0 2.1288011622991543
0.44261825823625062 0.46114490161027222 0 1.9374799234413771
0.47695799723566346 0.49526507276503895 0 1.5844303149042487
0.51130551581524974 0.52937699881634237 0 1.2027449535696615
0.53129896507623131 0.54922595896738324 0 0.97066185664443316
0.56565875716086711 0.58332480811899101 0 0.60412955816628122
0.60002628620429965 0.61741537015962134 0 0.28538949801161334
0.62003136170490014 0.63725187736376065 0 0.1265166055566497
0.65441109678861598 0.67132929609196268 0 -0.030132209635913704
0.68879852616153692 0.70539838575574421 0 -0.029653374311374419
-0.68879852616153681 -0.70539838575574432 0 -0.029653374411315488
-0.6544110967886162 -0.67132929609196312 0 -0.030132209922965489
-0.62003136170490014 -0.63725187736376065 0 0.12651660532468442
-0.60002628620429965 -0.61741537015962189 0 0.28538949790295204
-0.56565875716086689 -0.58332480811899112 0 0.60412955811752
-0.53129896507623131 -0.54922595896738347 0 0.97066185641945657
-0.51130551581524974 -0.5293769988163427 0 1.2027449531590777
-0.47695799723566346 -0.49526507276503923 0 1.5844303144230441
-0.44261825823625078 -0.46114490161027233 0 1.9374799232591653
-0.42263649926153485 -0.44128355163653166 0 2.1288011624301144
-0.38830910115530015 -0.40715037007998733 0 2.418480719546555
-0.35398952520194443 -0.37300898548111761 0 2.6566815615532886
-0.33401952048700284 -0.3531353088894601 0 2.7719843818225232
-0.29971235273759755 -0.31898098047121148 0 2.9356760856670481
-0.26541304966465079 -0.28481849112495361 0 3.0566498204318178
-0.24545486310917294 -0.26493255120007275 0 3.1081711569438824
-0.21116803547287416 -0.23075718470060869 0 3.1761612599493385
-0.17688911498703491 -0.19657369944018291 0 3.2198858694971704
-0.15694281041620781 -0.17667555954601061 0 3.2348170132800642
-0.12267643252092225 -0.1424792638816175 0 3.2523825570862552
-0.088418004200065473 -0.10827489167559354 0 3.2611425393130875
-0.068483645363894369 -0.088364615254627368 0 3.2625304915867543
-0.03423782670798993 -0.054147499476231868 0 3.2637754668777923
1.18892764971983e-16 -0.01992234942737112 0 3.2643253116561297
0.019922349427371196 -4.1028165690118066e-17 0 3.2643253116569224
0.054147499476231868 0.03423782670798993 0 3.2637754669306478
0.088364615254627368 0.068483645363894369 0 3.2625304917681062
0.10827489167559359 0.088418004200065556 0 3.2611425395956521
0.1424792638816175 0.12267643252092225 0 3.2523825574546219
0.17667555954601055 0.15694281041620778 0 3.2348170136038248
0.19657369944018291 0.17688911498703497 0 3.2198858697430448
0.23075718470060863 0.21116803547287416 0 3.1761612600958093
0.2649325512000727 0.24545486310917297 0 3.1081711570520771
0.28481849112495367 0.26541304966465096 0 3.0566498205389694
0.31898098047121148 0.29971235273759755 0 2.9356760857035575
0.3531353088894601 0.33401952048700301 0 2.771984381686337
0.37300898548111755 0.35398952520194438 0 2.6566815612854033
0.40715037007998733 0.3883091011553001 0 2.4184807192394495
0.44128355163653155 0.42263649926153474 0 2.1288011623545819
0.46114490161027227 0.44261825823625078 0 1.9374799234190738
0.49526507276503917 0.47695799723566346 0 1.5844303147947187
0.52937699881634248 0.51130551581524963 0 1.2027449534466912
0.54922595896738347 0.53129896507623109 0 0.97066185654381809
0.58332480811899112 0.56565875716086678 0 0.60412955809816093
0.61741537015962178 0.60002628620429965 0 0.28538949796027552
0.63725187736376077 0.62003136170490014 0 0.12651660550899618
0.67132929609196301 0.65441109678861609 0 -0.030132209670156902
0.70539838575574432 0.68879852616153669 0 -0.029653374320758683
-0.65942466140030731 -0.73302429085925325 0 -0.029592475733205732
-0.62457056818970569 -0.69958607702270548 0 -0.030694491374841093
-0.58974579955087358 -0.66610607589958348 0 0.12406226384065804
-0.56949180247645048 -0.64660197216440496 0 0.28131932893653772
-0.53471410544793363 -0.61305649332714707 0 0.59731632652203226
-0.49996659250670222 -0.57947002410581583 0 0.96128108479995888
-0.47975795256806719 -0.55990432483914376 0 1.1919786520023083
-0.44505886838488046 -0.52625364304129996 0 1.5718725178671189
-0.41039082448015746 -0.49256277334572968 0 1.923927083094249
-0.39022882825773852 -0.47293668442713094 0 2.1150263399174749
-0.35561056485607578 -0.43918287599643785 0 2.4048279058434967
-0.32102419441832786 -0.40538968757366461 0 2.6437653601066748
-0.30091012322458272 -0.38570442302614316 0 2.7597603844743293
-0.26637487934599868 -0.35184957815164358 0 2.9248378325446209
-0.23187237743064187 -0.31795616644364905 0 3.0474052966766818
-0.21180750703895737 -0.29821294818365907 0 3.0999352989929791
-0.17735747176536587 -0.26425917048476649 0 3.1695996331736151
-0.14294102358881738 -0.23026764419579657 0 3.2148942421583255
-0.12292662396399545 -0.21046770178063465 0 3.2306839208117872
-0.088563976255454646 -0.17641710787174947 0 3.2495297883784602
-0.054235756734055451 -0.14232958853125954 0 3.2593091658482156
-0.034273091764505936 -0.12247415890394574 0 3.2611678679361411
2.0323496498406067e-17 -0.088328877954814616 0 3.2629766224600805
0.034237826707990068 -0.054147499476231792 0 3.2637754670954062
0.054147499476231868 -0.034237826707989985 0 3.263775467054244
0.088328877954814616 -2.2355846148246675e-17 0 3.2629766224095915
0.12247415890394574 0.034273091764505936 0 3.2611678680810128
0.14232958853125963 0.054235756734055521 0 3.2593091661820526
0.17641710787174941 0.088563976255454646 0 3.2495297888772638
0.21046770178063462 0.12292662396399544 0 3.230683921232453
0.23026764419579654 0.1429410235888175 0 3.2148942424375115
0.26425917048476638 0.17735747176536584 0 3.1695996332872003
0.29821294818365907 0.21180750703895743 0 3.0999352990734814
0.3179561664436491 0.23187237743064204 0 3.0474052967881047
0.35184957815164358 0.26637487934599874 0 2.9248378326303244
0.38570442302614316 0.30091012322458277 0 2.7597603844111216
0.4053896875736645 0.32102419441832775 0 2.643765359914418
0.43918287599643774 0.35561056485607573 0 2.4048279055750723
0.47293668442713088 0.39022882825773847 0 2.1150263397880127
0.49256277334572957 0.4103908244801574 0 1.9239270831273116
0.52625364304129985 0.44505886838488046 0 1.5718725180548685
0.55990432483914354 0.47975795256806703 0 1.1919786521495372
0.57947002410581583 0.49996659250670211 0 0.96128108484945896
0.61305649332714718 0.53471410544793352 0 0.59731632651568967
0.64660197216440507 0.56949180247645037 0 0.28131932905014384
0.66610607589958348 0.58974579955087358 0 0.12406226408674456
0.69958607702270537 0.62457056818970569 0 -0.030694491071542991
0.73302429085925325 0.65942466140030731 0 -0.029592475627738857
-0.62903598751772571 -0.75946315192964642 0 -0.029454864688445419
-0.59381157630230463 -0.72676563038911124 0 -0.031965307074191242
-0.55863079499901536 -0.69398545308617854 0 0.11851417393830649
-0.53817647874158492 -0.67487006962773854 0 0.27211768660800967
-0.50306689795099557 -0.64196102373020225 0 0.58191071224216018
-0.46800369823177435 -0.60897172233916619 0 0.94006656651689013
-0.44761907765345599 -0.58973574152937713 0 1.1676286386288846
-0.41263142030632172 -0.5566213973801154 0 1.5434666408475823
-0.377692881561498 -0.52342923386031637 0 1.8932663212593879
-0.35738207023344792 -0.50407631636186323 0 2.0838611072541573
-0.32252339270942948 -0.47076299143354627 0 2.3739350740100753
-0.28771655585846717 -0.4373743175764247 0 2.6145361324190408
-0.26748364412050812 -0.41790817562067323 0 2.7320959897394221
-0.23276096143882782 -0.38440227475937933 0 2.9003072697319254
-0.19809282422015706 -0.35082352815719892 0 3.0264801340359559
-0.17794187644510928 -0.33124792318118806 0 3.0812924535214354
-0.14336215757428777 -0.29755593451777779 0 3.1547456040643889
-0.10883966986889561 -0.26379363443980158 0 3.2035936795771658
-0.088774721747724758 -0.24411237467034866 0 3.2213267247980424
-0.054344884953092615 -0.21024086544265563 0 3.2430709317717326
-0.019974944148416988 -0.17630160862430266 0 3.2551581509346121
-4.0646044086856009e-18 -0.15651854661246967 0 3.2580826513342891
0.034273091764505943 -0.12247415890394572 0 3.2611678681392502
0.068483645363894466 -0.088364615254627271 0 3.262530492025371
0.088364615254627341 -0.068483645363894383 0 3.2625304920895437
0.12247415890394572 -0.03427309176450595 0 3.2611678684219081
0.15651854661246967 4.0646044086856009e-18 0 3.2580826518322654
0.17630160862430272 0.019974944148417065 0 3.255158151547842
0.21024086544265563 0.054344884953092608 0 3.2430709324346143
0.24411237467034863 0.08877472174772473 0 3.2213267253043263
0.26379363443980147 0.10883966986889566 0 3.2035936799139018
0.29755593451777773 0.14336215757428775 0 3.1547456042270134
0.33124792318118806 0.17794187644510928 0 3.0812924536940098
0.35082352815719892 0.19809282422015717 0 3.0264801342830716
0.38440227475937944 0.23276096143882782 0 2.900307269981782
0.41790817562067323 0.26748364412050818 0 2.7320959897989168
0.43737431757642464 0.28771655585846717 0 2.6145361322958105
0.47076299143354605 0.32252339270942942 0 2.3739350737074512
0.50407631636186312 0.35738207023344781 0 2.0838611069790036
0.52342923386031626 0.37769288156149794 0 1.8932663210838341
0.55662139738011507 0.41263142030632166 0 1.5434666408101378
0.58973574152937702 0.44761907765345571 0 1.1676286386626407
0.6089717223391663 0.46800369823177435 0 0.94006656656520293
0.64196102373020236 0.50306689795099535 0 0.58191071232893543
0.67487006962773832 0.53817647874158481 0 0.27211768675873377
0.69398545308617865 0.55863079499901547 0 0.11851417413192442
0.72676563038911113 0.59381157630230452 0 -0.031965306889341655
0.75946315192964642 0.62903598751772571 0 -0.029454864629713758
-0.61091258263157477 -0.77428107118050438 0 -0.029338323273857287
-0.57551435527551764 -0.74206658520596247 0 -0.033019401748014564
-0.54016481353229162 -0.70974233239747964 0 0.11389240203072615
-0.51961485437796262 -0.69088000266854033 0 0.26444576466716385
-0.48434578088075275 -0.65838498182268146 0 0.56905022320568444
-0.4491297478684696 -0.6257838554450178 0 0.92233521287911913
-0.42865949106188478 -0.60676208567957712 0 1.1472619853896977
-0.39353079968673227 -0.57399604404107973 0 1.5196779181499986
-0.3584594824249912 -0.54112763400611519 0 1.8675529830732664
-0.33807543984711635 -0.52195203978479643 0 2.0576999440627959
-0.30309830039709695 -0.48892468437846598 0 2.3479573849157069
-0.26818284288680472 -0.45579876990592788 0 2.5899068675509671
-0.24789148764712679 -0.43647507528999369 0 2.7087514874248066
-0.21307699971261482 -0.403196296592707 0 2.8795472463549885
-0.17832847120795314 -0.36982283659136422 0 3.0087053694751602
-0.15813623083172237 -0.35035686846841896 0 3.0654118953699987
-0.12349541210906285 -0.31683673059902129 0 3.1420133889637287
-0.088924795470659637 -0.28322585373957582 0 3.1938186864222997
-0.068838045137968984 -0.26362353599345911 0 3.2131709670699107
-0.034381819845073359 -0.22987226660690507 0 3.2373313544292537
5.5886173230166221e-17 -0.19603426110723776 0 3.2513438643074606
0.019974944148417037 -0.17630160862430275 0 3.2551581510387981
0.054235756734055514 -0.14232958853125963 0 3.2593091661624092
0.088418004200065653 -0.10827489167559354 0 3.2611425398776133
0.10827489167559359 -0.08841800420006557 0 3.2611425400566354
0.14232958853125963 -0.054235756734055528 0 3.2593091667965517
0.17630160862430275 -0.019974944148417037 0 3.2551581518800563
0.19603426110723787 1.7908978239666905e-17 0 3.2513438651601985
0.22987226660690507 0.034381819845073359 0 3.2373313551922047
0.26362353599345911 0.068838045137968984 0 3.2131709676157425
0.28322585373957576 0.088924795470659707 0 3.193818686797222
0.31683673059902118 0.12349541210906281 0 3.1420133891827007
0.35035686846841885 0.15813623083172237 0 3.0654118956376131
0.36982283659136428 0.17832847120795325 0 3.0087053698460156
0.40319629659270689 0.21307699971261485 0 2.8795472467389303
0.43647507528999357 0.24789148764712679 0 2.7087514875724388
0.45579876990592777 0.26818284288680472 0 2.5899068674660128
0.48892468437846581 0.3030983003970969 0 2.3479573845682942
0.5219520397847961 0.33807543984711624 0 2.0576999436690775
0.54112763400611508 0.35845948242499126 0 1.8675529827437864
0.5739960440410794 0.39353079968673227 0 1.5196779179614308
0.6067620856795769 0.42865949106188461 0 1.1472619853626589
0.62578385544501769 0.44912974786846949 0 0.92233521295036691
0.65838498182268135 0.48434578088075264 0 0.56905022337385947
0.69088000266853999 0.5196148543779624 0 0.26444576483005966
0.70974233239747975 0.54016481353229173 0 0.11389240214887018
0.74206658520596236 0.57551435527551753 0 -0.033019401696936602
0.77428107118050438 0.61091258263157477 0 -0.029338323265835461
-0.5790736506167613 -0.79872852004696582 0 -0.029055119537317632
-0.54344343518059102 -0.76743504729580314 0 -0.035218668737727138
-0.50786521827874154 -0.73597974996149396 0 0.10393555804781582
-0.48718425212842503 -0.71759956935543623 0 0.24782228924839722
-0.45169460173805592 -0.68589317947995376 0 0.54095741960448185
-0.41626491648102826 -0.65403122403256109 0 0.88329329047886485
-0.39567405791919558 -0.63541728647083118 0 1.1022070429946815
-0.360345522288958 -0.60331430526427232 0 1.4666213494331954
-0.32508488966947813 -0.57106222374529003 0 1.8096656416869168
-0.30459606614566637 -0.55222424398369174 0 1.9984300269860433
-0.26944910887929818 -0.51974152117882755 0 2.2884129527446238
-0.23437794866975897 -0.48711635856005064 0 2.5326703820837699
-0.21400302177003672 -0.4680643447087256 0 2.6539706315215335
-0.17905798136023315 -0.43521922505418603 0 2.8298833600932198
-0.14419657314216691 -0.40223850969378799 0 2.9651330873177875
-0.12394731593167546 -0.38298274574369623 0 3.0257723332960507
-0.089224366884243692 -0.34979303851135279 0 3.1089664398851373
-0.054592811262285101 -0.31647475108295342 0 3.1670303918104716
-0.034480885762732283 -0.29702577856348628 0 3.1898391554816672
-4.063848171397547e-17 -0.26350972559786268 0 3.2191748268672544
0.034381819845073366 -0.22987226660690493 0 3.2373313545853422
0.054344884953092559 -0.21024086544265561 0 3.2430709320444762
0.088563976255454605 -0.17641710787174944 0 3.2495297888644958
0.12267643252092233 -0.14247926388161741 0 3.252382557797334
0.1424792638816175 -0.12267643252092222 0 3.2523825580483101
0.17641710787174944 -0.088563976255454618 0 3.2495297897126427
0.21024086544265563 -0.054344884953092559 0 3.2430709330787755
0.22987226660690505 -0.03438181984507329 0 3.2373313555533714
0.26350972559786268 4.063848171397547e-17 0 3.2191748276438119
0.29702577856348628 0.034480885762732276 0 3.1898391560003634
0.31647475108295353 0.054592811262285171 0 3.1670303921606195
0.34979303851135274 0.08922436688424365 0 3.1089664400979351
0.38298274574369617 0.12394731593167548 0 3.0257723335901199
0.40223850969378799 0.14419657314216697 0 2.9651330877390913
0.43521922505418598 0.17905798136023313 0 2.8298833605556362
0.46806434470872549 0.21400302177003672 0 2.6539706317559491
0.48711635856005053 0.23437794866975906 0 2.532670382078956
0.51974152117882733 0.26944910887929818 0 2.2884129524089118
0.55222424398369163 0.30459606614566626 0 1.998430026458176
0.57106222374528992 0.32508488966947818 0 1.8096656411134859
0.60331430526427221 0.360345522288958 0 1.466621348932557
0.63541728647083107 0.39567405791919541 0 1.1022070427629516
0.65403122403256109 0.4162649164810282 0 0.8832932904742884
0.68589317947995365 0.45169460173805576 0 0.54095741981392254
0.71759956935543612 0.48718425212842476 0 0.24782228940686402
0.73597974996149418 0.50786521827874154 0 0.10393555807332899
0.76743504729580314 0.54344343518059091 0 -0.03521866883523371
0.79872852004696582 0.5790736506167613 0 -0.02905511958448689
-0.54642169502989391 -0.82185510831465935 0 -0.028665379924296155
-0.5106370022348149 -0.79159910339123829 0 -0.037880484101916453
-0.47490121031990201 -0.76112271877997428 0 0.091512522975468399
-0.4541278248567282 -0.74328573747939131 0 0.22696967061157236
-0.41847938032157311 -0.71246791166496493 0 0.50545266607886652
-0.38289246373003016 -0.68143891119689171 0 0.8335923968155653
-0.36221153505329667 -0.66328462117427489 0 1.044609660168319
-0.32673193897230735 -0.63192910064573227 0 1.3983019252660331
-0.2913264857492367 -0.60037205873965616 0 1.7345180617872571
-0.27075696837757485 -0.58191496470151605 0 1.9210703168556365
-0.23547875981065083 -0.55004701381540133 0 2.209931678059704
-0.20028725917525947 -0.51798761831705986 0 2.4563778402579719
-0.17984803272527175 -0.49924286124183054 0 2.5803829387607307
-0.14480359211893523 -0.46688881690702033 0 2.7621644313951634
-0.10985833683747336 -0.43435380132384643 0 2.9046305263578351
-0.08956814917370215 -0.41533711806050189 0 2.9700118096896495
-0.054789600685635209 -0.38252431870297549 0 3.0612234653545798
-0.020122589483473934 -0.34954138917712912 0 3.1269785788567921
-4.0625509555221808e-17 -0.33026906905169062 0 3.154070063311742
0.034480885762732207 -0.29702577856348628 0 3.1898391555772023
0.068838045137968984 -0.263623535993459 0 3.2131709673542499
0.088774721747724716 -0.24411237467034866 0 3.2213267252280611
0.1229266239639954 -0.21046770178063468 0 3.2306839214446463
0.15694281041620789 -0.17667555954601052 0 3.2348170140401877
0.17667555954601061 -0.15694281041620775 0 3.2348170141736277
0.21046770178063468 -0.12292662396399544 0 3.2306839219197006
0.24411237467034871 -0.088774721747724716 0 3.2213267258635336
0.26362353599345911 -0.068838045137968928 0 3.2131709680020708
0.29702577856348628 -0.034480885762732207 0 3.1898391561435671
0.33026906905169062 2.8437856688655268e-17 0 3.1540700636721093
0.34954138917712907 0.020122589483474004 0 3.1269785790539335
0.38252431870297543 0.054789600685635181 0 3.0612234654096224
0.41533711806050194 0.089568149173702136 0 2.9700118098077137
0.43435380132384649 0.10985833683747344 0 2.9046305265907564
0.46688881690702022 0.14480359211893523 0 2.762164431713197
0.49924286124183043 0.17984803272527172 0 2.5803829389870128
0.51798761831705975 0.2002872591752595 0 2.4563778403538992
0.55004701381540122 0.23547875981065081 0 2.2099316778661948
0.58191496470151582 0.27075696837757474 0 1.9210703162995646
0.60037205873965604 0.29132648574923675 0 1.7345180610067903
0.63192910064573193 0.32673193897230729 0 1.3983019243850203
0.66328462117427467 0.36221153505329656 0 1.0446096595903744
0.68143891119689182 0.38289246373003011 0 0.83359239656807138
0.71246791166496493 0.41847938032157295 0 0.50545266618485596
0.7432857374793912 0.45412782485672815 0 0.22696967073244795
0.76112271877997439 0.47490121031990207 0 0.091512522971236313
0.79159910339123818 0.5106370022348149 0 -0.037880484218416277
0.82185510831465924 0.54642169502989368 0 -0.028665379976232263
-0.52707744491092823 -0.83469027748862401 0 -0.028388105771585327
-0.49123525219389735 -0.80509194626364189 0 -0.039621262721892141
-0.45543740819109246 -0.77523640814973882 0 0.083209129024724812
-0.43462629791120722 -0.75774406001199646 0 0.21297919568386836
-0.39891110085989939 -0.72749018450050584 0 0.48150772728240593
-0.36325605100589498 -0.69699008099150273 0 0.79990762453501851
-0.34253532412816695 -0.67912775967592154 0 1.0054620599016308
-0.30698793965269533 -0.64824721305021482 0 1.3516401887160336
-0.27151651946255984 -0.61713207417787685 0 1.6829146738098226
-0.25090994138246042 -0.59891726290147729 0 1.867758463310158
-0.2155711880380729 -0.56744058654728058 0 2.1555007076211319
-0.18032417585305538 -0.53574157448882087 0 2.4030799801955118
-0.1598554515133768 -0.51719268914045602 0 2.5287206725364468
-0.12476599715205147 -0.48515199638194484 0 2.7141755024228349
-0.089783961291201947 -0.45290180526110674 0 2.8612766058686812
-0.069476646065774625 -0.43403813431840799 0 2.9297451175957119
-0.034676854558386525 -0.401467004211497 0 3.0262098653123068
5.0131926793103486e-17 -0.36869975023057816 0 3.0970428039597366
0.020122589483473945 -0.34954138917712918 0 3.1269785788766447
0.054592811262285094 -0.31647475108295353 0 3.167030391937864
0.088924795470659734 -0.28322585373957576 0 3.1938186867682021
0.10883966986889564 -0.26379363443980158 0 3.2035936800904095
0.14294102358881744 -0.23026764419579659 0 3.2148942428615213
0.17688911498703502 -0.19657369944018291 0 3.2198858702431603
0.19657369944018302 -0.17688911498703497 0 3.2198858702348558
0.23026764419579659 -0.14294102358881744 0 3.2148942428922593
0.26379363443980164 -0.10883966986889564 0 3.2035936802648637
0.28322585373957582 -0.088924795470659665 0 3.1938186870613787
0.31647475108295353 -0.054592811262285101 0 3.1670303922957954
0.34954138917712918 -0.020122589483473952 0 3.1269785790949736
0.36869975023057822 1.9164356824705382e-17 0 3.0970428040194169
0.40146700421149689 0.034676854558386504 0 3.0262098652196987
0.43403813431840804 0.069476646065774625 0 2.9297451175388582
0.45290180526110674 0.089783961291202016 0 2.8612766059076158
0.48515199638194473 0.12476599715205146 0 2.7141755025798422
0.51719268914045602 0.15985545151337677 0 2.5287206727278249
0.53574157448882076 0.18032417585305538 0 2.403079980361674
0.56744058654728047 0.2155711880380729 0 2.1555007075637458
0.59891726290147729 0.25090994138246037 0 1.8677584627871688
0.61713207417787685 0.27151651946255978 0 1.6829146729372571
0.64824721305021438 0.30698793965269527 0 1.3516401876048401
0.67912775967592143 0.34253532412816678 0 1.0054620590793397
0.69699008099150284 0.36325605100589492 0 0.79990762408649208
0.72749018450050573 0.39891110085989934 0 0.48150772726960478
0.75774406001199646 0.43462629791120699 0 0.21297919576672691
0.77523640814973871 0.45543740819109246 0 0.083209129026502987
0.80509194626364189 0.49123525219389735 0 -0.039621262798020231
0.83469027748862379 0.52707744491092801 0 -0.028388105806092044
-0.49331127589826895 -0.85564799524825208 0 -0.027793674853734646
-0.45742008867146278 -0.82727205115404479 0 -0.042668789839951052
-0.42156108972404138 -0.79857140353975609 0 0.06781481831749657
-0.40070973146405309 -0.78172054338602792 0 0.18680104943220602
-0.36491900870216831 -0.75251702580267155 0 0.43616169237379715
-0.32918245717029831 -0.72300274231239003 0 0.73540578822549729
-0.30841250746746424 -0.70568495227126593 0 0.9300256475799269
-0.27277913103450779 -0.6756907759347951 0 1.2607386166864967
-0.23722203728031721 -0.64540093160802936 0 1.5811543780170669
-0.21656671742560676 -0.62763889629794334 0 1.7617820434418845
-0.18114781172686376 -0.5968939256745136 0 2.0457268479641981
-0.14582731521564107 -0.56586948462857611 0 2.2938127224921097
-0.12531986903269698 -0.54768754064620007 0 2.4216229924560757
-0.09017250625552814 -0.51623442558136656 0 2.6125934888971574
-0.055145578720073252 -0.48451906698696778 0 2.767241065956592
-0.034819099040760693 -0.46594309725715577 0 2.840936130439339
-1.4203244784853281e-17 -0.43382708409194221 0 2.9464502186827199
0.034676854558386559 -0.40146700421149678 0 3.0262098653999363
0.054789600685635147 -0.38252431870297549 0 3.0612234654564809
0.089224366884243622 -0.34979303851135268 0 3.1089664400894055
0.1234954121090629 -0.31683673059902118 0 3.1420133893889428
0.14336215757428777 -0.29755593451777773 0 3.1547456046588906
0.17735747176536587 -0.26425917048476655 0 3.1695996339168877
0.21116803547287422 -0.2307571847006086 0 3.1761612606314285
0.23075718470060874 -0.21116803547287422 0 3.1761612604653355
0.26425917048476655 -0.17735747176536587 0 3.1695996334505958
0.29755593451777773 -0.14336215757428777 0 3.1547456043115432
0.31683673059902118 -0.12349541210906281 0 3.1420133892738678
0.34979303851135268 -0.089224366884243636 0 3.10896644019871
0.38252431870297543 -0.054789600685635154 0 3.0612234655046251
0.40146700421149695 -0.034676854558386497 0 3.0262098653014973
0.43382708409194209 -4.0580699385295077e-18 0 2.9464502184519477
0.46594309725715577 0.034819099040760679 0 2.8409361302713356
0.48451906698696773 0.055145578720073321 0 2.7672410659049627
0.51623442558136656 0.090172506255528154 0 2.6125934890324318
0.54768754064620007 0.12531986903269698 0 2.4216229927403896
0.56586948462857611 0.14582731521564113 0 2.2938127228318081
0.59689392567451349 0.18114781172686373 0 2.0457268481329063
0.62763889629794334 0.21656671742560674 0 1.7617820430736926
0.64540093160802914 0.23722203728031718 0 1.5811543772081
0.67569077593479498 0.27277913103450774 0 1.2607386155048574
0.70568495227126615 0.30841250746746418 0 0.93002564659668718
0.72300274231239015 0.32918245717029815 0 0.73540578758456965
0.75251702580267155 0.36491900870216826 0 0.4361616921725891
0.78172054338602792 0.40070973146405303 0 0.18680104940716433
0.79857140353975609 0.42156108972404133 0 0.067814818286486347
0.82727205115404479 0.45742008867146272 0 -0.04266878987767643
0.85564799524825186 0.49331127589826879 0 -0.027793674866788475
-0.45895243812590353 -0.87519526270121806 0 -0.027048377494422713
-0.42306758293106861 -0.84815727568289356 0 -0.045743781456484361
-0.38719779195322712 -0.82072249736724634 0 0.051131627802250057
-0.36633333555113912 -0.80457553155296602 0 0.15812446610353595
-0.33051024870745077 -0.77652575410665337 0 0.38579988020437339
-0.2947312433231935 -0.74809571041961664 0 0.662875553688685
-0.27393304365759269 -0.73137741126653899 0 0.84460978025371036
-0.23824695169867058 -0.70236001314607088 0 1.1565908956750419
-0.20263429849855216 -0.672980754953588 0 1.463056697660329
-0.18194646117815555 -0.65571877703010628 0 1.6377671436282311
-0.14647331405652256 -0.62578271864519996 0 1.9153806116133805
-0.11110310588507684 -0.59550499867804352 0 2.1619644879510695
-0.090569950956480419 -0.57772968887449372 0 2.2910165240830787
-0.055385907691761813 -0.54692847542546141 0 2.4862995177907248
-0.020334243262494688 -0.51580748162284262 0 2.6477796787866459
0 -0.49755171453532254 0 2.7265003989911456
0.034819099040760679 -0.46594309725715577 0 2.8409361306266994
0.06947664606577468 -0.43403813431840788 0 2.9297451178566369
0.089568149173702122 -0.41533711806050194 0 2.9700118099497272
0.12394731593167543 -0.38298274574369612 0 3.0257723336141309
0.15813623083172243 -0.35035686846841874 0 3.0654118958404988
0.17794187644510928 -0.33124792318118795 0 3.0812924541123876
0.21180750703895745 -0.29821294818365912 0 3.0999352996664049
0.24545486310917305 -0.26493255120007259 0 3.108171157516789
0.26493255120007275 -0.245454863109173 0 3.1081711573315065
0.29821294818365912 -0.21180750703895745 0 3.0999352991334503
0.33124792318118806 -0.17794187644510928 0 3.0812924536795112
0.3503568684684189 -0.15813623083172237 0 3.0654118956412217
0.38298274574369617 -0.12394731593167545 0 3.0257723336498743
0.41533711806050183 -0.089568149173702136 0 2.9700118099437511
0.43403813431840788 -0.069476646065774611 0 2.9297451177216636
0.46594309725715566 -0.0348190990407607 0 2.8409361304337661
0.49755171453532249 -2.0264557795708073e-17 0 2.7265003989957437
0.51580748162284262 0.02033424326249475 0 2.6477796790059269
0.5469284754254613 0.055385907691761806 0 2.486299518280874
0.57772968887449372 0.090569950956480391 0 2.2910165246821279
0.5955049986780433 0.11110310588507685 0 2.1619644885355025
0.62578271864519974 0.14647331405652253 0 1.9153806119841266
0.65571877703010617 0.18194646117815549 0 1.6377671435398564
0.672980754953588 0.20263429849855216 0 1.4630566972185408
0.70236001314607099 0.23824695169867055 0 1.1565908948798089
0.73137741126653899 0.27393304365759258 0 0.84460977948189264
0.74809571041961676 0.29473124332319334 0 0.66287555308376911
0.77652575410665359 0.33051024870745077 0 0.38579987985108982
0.80457553155296624 0.36633333555113901 0 0.15812446591528315
0.82072249736724623 0.38719779195322707 0 0.051131627672786763
0.84815727568289356 0.42306758293106855 0 -0.045743781511381434
0.87519526270121784 0.45895243812590325 0 -0.027048377502741677
-0.43871790452975912 -0.8859131620026246 0 -0.026544620600101425
-0.40285863638103148 -0.85970616591175564 0 -0.047521119975374761
-0.36700242999484201 -0.83305869086250184 0 0.040909760617251462
-0.34614102483344694 -0.817349972409112 0 0.14040955386776477
-0.31031601166848366 -0.79001924452753369 0 0.35437090762821233
-0.27452752279024134 -0.76226577400404361 0 0.61720635114279698
-0.25372102697549115 -0.74592191851342182 0 0.79056251355798779
-0.21801713025296826 -0.71751517995704694 0 1.0901445212937628
-0.18238374481013686 -0.68870584968749615 0 1.3870405173885545
-0.16168321788910087 -0.67175713283070904 0 1.5574928380949353
-0.12618844827852801 -0.64232826245713359 0 1.8301822323503896
-0.090798439454692251 -0.61251926161916226 0 2.0748724789141528
-0.070255334970662206 -0.59499942930570993 0 2.2041560590810101
-0.03505816715742309 -0.5646081698218024 0 2.4012815268497549
9.3881299100027417e-17 -0.53386141628193085 0 2.5662939797715811
0.020334243262494778 -0.51580748162284262 0 2.6477796789332695
0.055145578720073321 -0.48451906698696773 0 2.7672410662856755
0.0897839612912021 -0.45290180526110668 0 2.8612766062567707
0.10985833683747342 -0.43435380132384649 0 2.9046305267314962
0.14419657314216697 -0.4022385096937881 0 2.9651330877075104
0.17832847120795331 -0.36982283659136406 0 3.008705369950444
0.19809282422015714 -0.35082352815719886 0 3.0264801345845442
0.23187237743064207 -0.3179561664436491 0 3.047405297261895
0.26541304966465101 -0.2848184911249535 0 3.0566498209221664
0.28481849112495367 -0.26541304966465101 0 3.056649820782317
0.3179561664436491 -0.23187237743064207 0 3.0474052968662808
0.35082352815719892 -0.19809282422015714 0 3.0264801342814343
0.36982283659136422 -0.17832847120795325 0 3.0087053698367279
0.40223850969378805 -0.14419657314216694 0 2.9651330877758988
0.43435380132384643 -0.10985833683747344 0 2.9046305267473991
0.45290180526110674 -0.089783961291202044 0 2.8612766061572876
0.48451906698696767 -0.055145578720073342 0 2.767241066192911
0.51580748162284262 -0.020334243262494795 0 2.6477796791557537
0.53386141628193073 -2.4672309062675656e-17 0 2.5662939802935449
0.56460816982180251 0.035058167157423104 0 2.4012815276939432
0.59499942930570981 0.070255334970662192 0 2.2041560599491397
0.61251926161916226 0.090798439454692279 0 2.0748724796684095
0.64232826245713337 0.12618844827852801 0 1.830182232828838
0.67175713283070904 0.16168321788910084 0 1.5574928382164266
0.68870584968749593 0.18238374481013686 0 1.3870405172759657
0.71751517995704683 0.21801713025296826 0 1.0901445208988774
0.74592191851342182 0.25372102697549104 0 0.79056251305528302
0.76226577400404372 0.27452752279024134 0 0.61720635065214824
0.7900192445275338 0.31031601166848355 0 0.35437090720754227
0.81734997240911222 0.34614102483344683 0 0.14040955356782905
0.83305869086250162 0.36700242999484206 0 0.040909760406644839
0.85970616591175564 0.40285863638103137 0 -0.047521120063269244
0.88591316200262471 0.43871790452975906 0 -0.026544620613003948
-0.40360092701207878 -0.90318651334440603 0 -0.025529377402399162
-0.36781709199537366 -0.87849507203259847 0 -0.050212896005233779
-0.33201262981241025 -0.85328582699013977 0 0.023440635140590645
-0.31117165995065127 -0.83837869413734056 0 0.10967720332209774
-0.27536728395215693 -0.81236473649330609 0 0.29891429894113974
-0.23958391372525151 -0.78585206953016651 0 0.53548689576025355
-0.21877455482672081 -0.77019569863305981 0 0.69312284315482942
-0.1830579744045325 -0.74291134814669979 0 0.96881628410138965
-0.14740500512424773 -0.71515092861801566 0 1.2463280316729028
-0.12669126073590378 -0.69877933521131697 0 1.4076091053383453
-0.091173007676291676 -0.67028578433997932 0 1.6686836068260829
-0.055761538506429023 -0.64134222811200803 0 1.9070524244405311
-0.03520826371013288 -0.6242945693765114 0 2.0350013323632035
2.6255577195577013e-17 -0.59466171831777281 0 2.2325718405468962
0.035058167157423221 -0.5646081698218024 0 2.40128152692344
0.05538590769176184 -0.54692847542546141 0 2.4862995180299676
0.090172506255528181 -0.51623442558136678 0 2.6125934893254299
0.12476599715205154 -0.48515199638194462 0 2.7141755028753276
0.14480359211893523 -0.46688881690702022 0 2.7621644317954606
0.17905798136023315 -0.43521922505418598 0 2.8298833604387843
0.2130769997126149 -0.40319629659270673 0 2.879547246711351
0.23276096143882782 -0.38440227475937933 0 2.9003072701192316
0.26637487934599879 -0.35184957815164358 0 2.9248378329428761
0.29971235273759766 -0.31898098047121137 0 2.9356760860107824
0.31898098047121143 -0.29971235273759761 0 2.9356760859364153
0.35184957815164358 -0.26637487934599879 0 2.924837832750919
0.38440227475937944 -0.23276096143882782 0 2.9003072700233838
0.40319629659270695 -0.21307699971261487 0 2.8795472467536878
0.43521922505418598 -0.17905798136023315 0 2.8298833606151228
0.46688881690702011 -0.1448035921189352 0 2.7621644319403513
0.48515199638194456 -0.12476599715205146 0 2.7141755029468926
0.51623442558136645 -0.090172506255528168 0 2.6125934894967227
0.54692847542546119 -0.055385907691761847 0 2.4862995186311645
0.56460816982180251 -0.035058167157423145 0 2.4012815278941306
0.59466171831777292 -2.0196597842751546e-17 0 2.2325718418660938
0.6242945693765114 0.03520826371013288 0 2.0350013336001833
0.64134222811200792 0.055761538506429051 0 1.9070524254541483
0.6702857843399791 0.091173007676291662 0 1.6686836074909335
0.69877933521131697 0.12669126073590375 0 1.407609105746328
0.71515092861801555 0.14740500512424778 0 1.2463280319683177
0.7429113481466999 0.1830579744045325 0 0.96881628418705135
0.77019569863305959 0.21877455482672076 0 0.69312284299897364
0.78585206953016673 0.23958391372525148 0 0.53548689545795658
0.81236473649330621 0.27536728395215687 0 0.29891429850829754
0.83837869413734056 0.3111716599506511 0 0.10967720292947172
0.85328582699013977 0.3320126298124102 0 0.023440634841010388
0.87849507203259847 0.3678170919953736 0 -0.050212896154505984
0.90318651334440603 0.40360092701207878 0 -0.025529377431660914
-0.36811833111096548 -0.91900630074558787 0 -0.024325504378071919
-0.332441964492382 -0.895937750890065 0 -0.052401460450173146
-0.29671794811037472 -0.87227219752441676 0 0.0062505870662368165
-0.27591266065396414 -0.85822696820213684 0 0.07882423248594303
-0.24015277078627895 -0.8336312877788552 0 0.242011696776671
-0.20439561724901051 -0.80845786915929319 0 0.45016352304220564
-0.18359451795857984 -0.79354471273180438 0 0.59045223647445932
-0.14788258529988285 -0.7674755828589882 0 0.83901687792898472
-0.11222539393138627 -0.74085294298783444 0 1.0933796573317782
-0.091506602166851969 -0.72510826138986539 0 1.2430850282930617
-0.055977827483357882 -0.69763210209453941 0 1.4884107651190046
-0.02055682511118883 -0.66963150654712023 0 1.7163822700991176
1.6104799065019327e-17 -0.65309897850938925 0 1.8406702725636237
0.035208263710132907 -0.62429456937651129 0 2.0350013321277802
0.070255334970662289 -0.59499942930570993 0 2.2041560589683971
0.090569950956480433 -0.57772968887449372 0 2.291016524182135
0.12531986903269698 -0.54768754064620029 0 2.4216229927728539
0.15985545151337688 -0.51719268914045591 0 2.5287206728303873
0.17984803272527175 -0.49924286124183059 0 2.5803829389455517
0.21400302177003669 -0.46806434470872538 0 2.6539706315864735
0.24789148764712679 -0.43647507528999346 0 2.708751487488736
0.26748364412050807 -0.41790817562067312 0 2.7320959898508539
0.30091012322458283 -0.38570442302614322 0 2.7597603846474934
0.33401952048700306 -0.35313530888945999 0 2.7719843820175996
0.35313530888946015 -0.33401952048700306 0 2.7719843819771608
0.38570442302614322 -0.30091012322458283 0 2.7597603845705954
0.41790817562067312 -0.26748364412050812 0 2.7320959898962345
0.43647507528999369 -0.24789148764712679 0 2.7087514876669005
0.46806434470872554 -0.21400302177003669 0 2.6539706319252039
0.49924286124183054 -0.17984803272527172 0 2.5803829393348088
0.5171926891404558 -0.15985545151337677 0 2.5287206732137553
0.54768754064620007 -0.12531986903269698 0 2.421622993318195
0.57772968887449361 -0.090569950956480419 0 2.2910165251393688
0.59499942930570981 -0.070255334970662206 0 2.2041560602521928
0.6242945693765114 -0.035208263710132914 0 2.0350013336989519
0.65309897850938903 -8.0523995325096603e-18 0 1.8406702740173899
0.66963150654712023 0.020556825111188871 0 1.7163822713198791
0.69763210209453907 0.055977827483357875 0 1.4884107659744306
0.72510826138986528 0.091506602166851941 0 1.2430850288723398
0.74085294298783444 0.11222539393138631 0 1.0933796577866681
0.7674755828589882 0.14788258529988285 0 0.83901687816295523
0.79354471273180427 0.18359451795857978 0 0.5904522364687409
0.80845786915929341 0.20439561724901054 0 0.45016352289440287
0.8336312877788552 0.24015277078627889 0 0.24201169647071782
0.85822696820213673 0.27591266065396403 0 0.078824232142590919
0.87227219752441698 0.29671794811037477 0 0.0062505867535706285
0.895937750890065 0.332441964492382 0 -0.052401460661696084
0.91900630074558776 0.36811833111096537 0 -0.024325504433649083
-0.34733415561658015 -0.92754208099579682 0 -0.023539194507163977
-0.31173156476035041 -0.90546551351569271 0 -0.053422033306217948
-0.27606430526317732 -0.88274546046172742 0 -0.0035425930664617256
-0.25528500260517184 -0.86922896661753579 0 0.06094615277094273
-0.21955905688074556 -0.84550463023005518 0 0.20845402144909228
-0.18382415092234522 -0.82115550400825299 0 0.39916346429712063
-0.16303148289473113 -0.80670042424371757 0 0.52865901512301239
-0.12732780854329098 -0.78138128088532011 0 0.76001171000073464
-0.091672983614900061 -0.75546196466364679 0 0.99920903818634088
-0.070953786036410935 -0.74010528612021009 0 1.1410807616412932
-0.035422874988236958 -0.71325953330300707 0 1.375329480638219
4.3931297512426254e-17 -0.68584404959457068 0 1.5953330680340669
0.020556825111188885 -0.66963150654712023 0 1.7163822698289877
0.055761538506429086 -0.64134222811200803 0 1.9070524239564954
0.090798439454692376 -0.61251926161916248 0 2.074872478598226
0.11110310588507687 -0.59550499867804352 0 2.1619644878809914
0.14582731521564113 -0.56586948462857634 0 2.2938127226623162
0.18032417585305546 -0.53574157448882076 0 2.4030799803123561
0.20028725917525941 -0.51798761831705986 0 2.4563778402278325
0.23437794866975897 -0.48711635856005048 0 2.5326703819020016
0.26818284288680472 -0.45579876990592783 0 2.5899068673883936
0.28771655585846706 -0.43737431757642453 0 2.6145361323374412
0.32102419441832786 -0.4053896875736645 0 2.6437653601472144
0.35398952520194449 -0.37300898548111738 0 2.65668156167487
0.37300898548111755 -0.35398952520194443 0 2.6566815616428463
0.4053896875736645 -0.32102419441832786 0 2.6437653601064381
0.43737431757642459 -0.28771655585846712 0 2.6145361324447558
0.45579876990592783 -0.26818284288680466 0 2.5899068676437755
0.48711635856005053 -0.23437794866975895 0 2.5326703823621286
0.51798761831705975 -0.20028725917525941 0 2.4563778408077503
0.53574157448882076 -0.1803241758530553 0 2.4030799809334855
0.565869484628576 -0.14582731521564107 0 2.29381272346594
0.5955049986780433 -0.11110310588507684 0 2.1619644890305652
0.61251926161916248 -0.090798439454692292 0 2.0748724800032692
0.64134222811200803 -0.055761538506429086 0 1.9070524255770682
0.66963150654712023 -0.020556825111188871 0 1.7163822713389347
0.68584404959457046 8.6607415095926004e-18 0 1.5953330693447774
0.71325953330300695 0.035422874988236965 0 1.3753294815969512
0.74010528612020987 0.070953786036410893 0 1.1410807622674799
0.75546196466364679 0.09167298361490013 0 0.99920903863029364
0.78138128088531988 0.12732780854329095 0 0.76001171018648461
0.80670042424371757 0.1630314828947311 0 0.52865901512465185
0.8211555040082531 0.18382415092234525 0 0.39916346422350418
0.84550463023005518 0.21955905688074553 0 0.20845402127026694
0.86922896661753579 0.25528500260517173 0 0.060946152512860348
0.88274546046172764 0.27606430526317738 0 -0.0035425933544088279
0.90546551351569271 0.31173156476035035 0 -0.053422033550898335
0.92754208099579682 0.34733415561658015 0 -0.023539194580735841
-0.31145081462010166 -0.94105602420352208 0 -0.022023646176100749
-0.27598839529558172 -0.92076163395850097 0 -0.054390200278976855
-0.24043023992838294 -0.89974407156008307 0 -0.018899552265379441
-0.2197015243973201 -0.88718127175592765 0 0.032085975177353065
-0.1840428166694518 -0.86503119106438253 0 0.15285864579167868
-0.14835355395364713 -0.84217430640900504 0 0.31315134414754781
-0.12757907175142769 -0.82854976708227712 0 0.42353169325707146
-0.091895023168751963 -0.80459240579822167 0 0.62369472998426245
-0.056248737621024079 -0.77995239956582973 0 0.83440526976467588
-0.035531102838228586 -0.76530242363903755 0 0.9610468782858016
0 -0.73960633249860253 0 1.1728517046907523
0.035422874988237006 -0.71325953330300707 0 1.3753294803707616
0.055977827483357896 -0.69763210209453963 0 1.488410764628934
0.091173007676291676 -0.67028578433997954 0 1.668683606182674
0.12618844827852813 -0.64232826245713381 0 1.8301822318944549
0.1464733140565225 -0.62578271864520008 0 1.915380611397252
0.1811478117268637 -0.5968939256745136 0 2.0457268479727553
0.21557118803807299 -0.56744058654728047 0 2.1555007075574002
0.23547875981065075 -0.55004701381540133 0 2.2099316778382625
0.26944910887929807 -0.51974152117882755 0 2.2884129523827292
0.30309830039709706 -0.48892468437846598 0 2.3479573846259467
0.32252339270942931 -0.47076299143354611 0 2.3739350738498635
0.35561056485607573 -0.43918287599643768 0 2.404827905896247
0.38830910115530026 -0.40715037007998717 0 2.4184807197770986
0.40715037007998733 -0.38830910115530021 0 2.4184807197887479
0.43918287599643774 -0.35561056485607567 0 2.4048279060160667
0.47076299143354622 -0.32252339270942942 0 2.3739350741832794
0.48892468437846598 -0.3030983003970969 0 2.3479573851248281
0.51974152117882755 -0.26944910887929813 0 2.2884129531257296
0.55004701381540122 -0.23547875981065072 0 2.2099316787587839
0.56744058654728036 -0.21557118803807285 0 2.1555007085557136
0.59689392567451338 -0.18114781172686364 0 2.045726849138704
0.62578271864519985 -0.1464733140565225 0 1.9153806127845527
0.64232826245713348 -0.12618844827852799 0 1.8301822334234494
0.67028578433997932 -0.091173007676291676 0 1.6686836077992739
0.6976321020945393 -0.055977827483357855 0 1.4884107661118915
0.71325953330300695 -0.035422874988236937 0 1.3753294816826658
0.73960633249860241 1.3986247761609395e-17 0 1.172851705670116
0.76530242363903744 0.035531102838228551 0 0.96104687890146523
0.77995239956582951 0.056248737621024121 0 0.83440527016248422
0.80459240579822133 0.091895023168751949 0 0.62369473011805432
0.82854976708227723 0.12757907175142766 0 0.42353169328236562
0.84217430640900537 0.14835355395364716 0 0.31315134417111545
0.86503119106438242 0.18404281666945177 0 0.15285864577182337
0.88718127175592743 0.21970152439732005 0 0.032085975042921856
0.89974407156008329 0.240430239928383 0 -0.018899552487945323
0.92076163395850097 0.27598839529558172 0 -0.054390200523667054
0.94105602420352197 0.31145081462010155 0 -0.022023646257874233
-0.27542410644701171 -0.9531184691306307 0 -0.020304379268494974
-0.24011162781774803 -0.93469897855606954 0 -0.054332873709925227
-0.20467050121920147 -0.91547795719237623 0 -0.032252359700952284
-0.18399617162260085 -0.90392389097015813 0 0.0058182389157781103
-0.14840992209287948 -0.88344264691410113 0 0.10029776802914536
-0.11277001961843069 -0.86217197642382748 0 0.22979960836523244
-0.092015276967687507 -0.84943211514067685 0 0.3204549449620035
-0.056352643733519336 -0.82692816348951037 0 0.48753973270108425
-0.020715815997443796 -0.80365680871157719 0 0.66679265039127755
-2.3819029175907855e-17 -0.78976425387250504 0 0.77599818413150656
0.035531102838228551 -0.76530242363903767 0 0.9610468782115511
0.070953786036410976 -0.74010528612021009 0 1.1410807614169567
0.091506602166851955 -0.72510826138986539 0 1.2430850279572441
0.12669126073590381 -0.69877933521131719 0 1.4076091049379111
0.16168321788910092 -0.67175713283070915 0 1.5574928378156419
0.18194646117815552 -0.65571877703010628 0 1.6377671434902084
0.21656671742560674 -0.62763889629794345 0 1.7617820434353617
0.25090994138246048 -0.5989172629014774 0 1.8677584632603577
0.27075696837757479 -0.58191496470151616 0 1.9210703167149596
0.30459606614566637 -0.55222424398369185 0 1.9984300268070834
0.33807543984711635 -0.52195203978479643 0 2.0576999440280295
0.35738207023344781 -0.50407631636186323 0 2.0838611073791729
0.39022882825773852 -0.47293668442713099 0 2.1150263403205392
0.42263649926153485 -0.4412835516365316 0 2.1288011630973536
0.44128355163653171 -0.42263649926153474 0 2.1288011631965462
0.47293668442713099 -0.39022882825773852 0 2.1150263407470975
0.50407631636186323 -0.35738207023344781 0 2.0838611081119609
0.52195203978479643 -0.33807543984711635 0 2.0576999449266782
0.55222424398369185 -0.30459606614566637 0 1.9984300279307801
0.58191496470151605 -0.27075696837757485 0 1.9210703179824711
0.59891726290147729 -0.25090994138246031 0 1.8677584645780232
0.62763889629794334 -0.21656671742560668 0 1.7617820448393104
0.65571877703010617 -0.18194646117815547 0 1.6377671449886919
0.67175713283070915 -0.16168321788910084 0 1.5574928393651097
0.69877933521131708 -0.12669126073590375 0 1.40760910644974
0.72510826138986528 -0.091506602166851941 0 1.2430850292573761
0.74010528612021009 -0.070953786036410893 0 1.1410807625230039
0.76530242363903767 -0.035531102838228537 0 0.96104687899422514
0.78976425387250504 -3.969838195984642e-18 0 0.77599818462229031
0.80365680871157719 0.020715815997443845 0 0.66679265072992566
0.82692816348951004 0.056352643733519316 0 0.48753973285844571
0.84943211514067674 0.092015276967687451 0 0.32045494504550937
0.86217197642382737 0.11277001961843072 0 0.2297996084475965
0.88344264691410102 0.14840992209287945 0 0.10029776807281729
0.90392389097015813 0.18399617162260073 0 0.005818238859633066
0.91547795719237623 0.20467050121920147 0 -0.03225235983427388
0.93469897855606954 0.24011162781774803 0 -0.054332873876713872
0.9531184691306307 0.27542410644701165 0 -0.020304379326513688
-0.25442378980229813 -0.95947502623400449 0 -0.019212966462779611
-0.21919989923241057 -0.94218662318729685 0 -0.053815302627841448
-0.18382755187613986 -0.92405220710877778 0 -0.039035642053417294
-0.16318497421526942 -0.91310945764401619 0 -0.0081630114499964476
-0.12764060189992615 -0.89364147660991289 0 0.07132130345009105
-0.092028607097429702 -0.87333611859707339 0 0.18285943542406197
-0.071284667916869798 -0.86113558252209543 0 0.26183867516981979
-0.035633037096355798 -0.83951914230927238 0 0.40894865485610354
6.2361336581366752e-17 -0.8170852205052046 0 0.56866932854132513
0.020715815997443834 -0.80365680871157719 0 0.66679265038085067
0.056248737621024142 -0.77995239956582985 0 0.83440526972619777
0.091672983614900186 -0.75546196466364679 0 0.99920903810984374
0.11222539393138635 -0.74085294298783488 0 1.0933796572312315
0.1474050051242479 -0.71515092861801577 0 1.24632803156894
0.18238374481013706 -0.68870584968749637 0 1.3870405173353657
0.20263429849855227 -0.67298075495358822 0 1.463056697657108
0.23722203728031724 -0.64540093160802925 0 1.5811543780632675
0.27151651946256 -0.61713207417787697 0 1.6829146738488467
0.29132648574923675 -0.60037205873965627 0 1.7345180618040723
0.32508488966947818 -0.57106222374529014 0 1.8096656417590218
0.35845948242499132 -0.54112763400611541 0 1.8675529833369395
0.377692881561498 -0.52342923386031648 0 1.8932663216917931
0.4103908244801574 -0.49256277334572973 0 1.9239270838293812
0.44261825823625078 -0.46114490161027222 0 1.937479924300781
0.46114490161027233 -0.44261825823625084 0 1.9374799244654046
0.49256277334572984 -0.41039082448015746 0 1.9239270844817633
0.52342923386031648 -0.37769288156149805 0 1.8932663227108801
0.54112763400611541 -0.35845948242499126 0 1.8675529845144763
0.57106222374529014 -0.32508488966947818 0 1.8096656431269698
0.60037205873965627 -0.29132648574923675 0 1.7345180632609061
0.61713207417787708 -0.27151651946255984 0 1.68291467531544
0.64540093160802914 -0.23722203728031721 0 1.5811543795453764
0.672980754953588 -0.20263429849855222 0 1.4630566991631715
0.68870584968749637 -0.18238374481013697 0 1.3870405188515982
0.71515092861801577 -0.14740500512424787 0 1.2463280329802453
0.74085294298783466 -0.11222539393138635 0 1.0933796583676123
0.75546196466364668 -0.091672983614900116 0 0.99920903902042635
0.77995239956582973 -0.056248737621024128 0 0.83440527031545197
0.80365680871157708 -0.020715815997443859 0 0.66679265075784444
0.81708522050520438 -1.4571559834854011e-17 0 0.56866932884136734
0.83951914230927216 0.035633037096355791 0 0.40894865505440464
0.86113558252209532 0.071284667916869715 0 0.26183867529763843
0.8733361185970735 0.092028607097429729 0 0.18285943552319808
0.89364147660991278 0.12764060189992613 0 0.071321303491961127
0.91310945764401596 0.16318497421526934 0 -0.0081630114794066511
0.924052207108778 0.18382755187613989 0 -0.03903564212666337
0.94218662318729696 0.21919989923241059 0 -0.053815302719939111
0.95947502623400438 0.25442378980229807 0 -0.019212966494851619
-0.21833786300814673 -0.96926821633404792 0 -0.017178439656071114
-0.18326331024468084 -0.9539867413476748 0 -0.05178363592116722
-0.14800543419154594 -0.93778562237848606 0 -0.047911959597161859
-0.12741488600255921 -0.92793282174572456 0 -0.028201996666291834
-0.091937536232708381 -0.91027508379699806 0 0.027436751981487633
-0.056367908136888051 -0.89169854439529295 0 0.10974154471923334
-0.035639035866404198 -0.88046571634406801 0 0.16944666053346547
1.7615973506124127e-17 -0.86044456138025027 0 0.28294613597017026
0.035633037096355881 -0.83951914230927216 0 0.40894865486864224
0.05635264373351935 -0.82692816348951037 0 0.48753973270065831
0.091895023168751991 -0.80459240579822155 0 0.62369473000054021
0.12732780854329109 -0.78138128088532022 0 0.76001171009415958
0.14788258529988293 -0.76747558285898831 0 0.83901687808957615
0.18305797440453261 -0.74291134814670001 0 0.96881628432679157
0.2180171302529684 -0.71751517995704683 0 1.0901445215066232
0.23824695169867061 -0.7023600131460711 0 1.156590895850796
0.27277913103450779 -0.6756907759347951 0 1.2607386168401762
0.30698793965269544 -0.64824721305021482 0 1.3516401889140173
0.3267319389723074 -0.63192910064573227 0 1.398301925520828
0.36034552228895811 -0.60331430526427243 0 1.4666213498437626
0.39353079968673238 -0.57399604404107973 0 1.5196779187906753
0.41263142030632166 -0.5566213973801154 0 1.5434666416539344
0.44505886838488051 -0.52625364304130007 0 1.5718725189747447
0.47695799723566362 -0.49526507276503906 0 1.5844303158472721
0.49526507276503906 -0.47695799723566357 0 1.5844303160620816
0.52625364304130007 -0.44505886838488051 0 1.5718725197920449
0.5566213973801154 -0.41263142030632166 0 1.5434666428631834
0.57399604404107973 -0.39353079968673238 0 1.5196779201355315
0.60331430526427243 -0.36034552228895811 0 1.4666213513306061
0.63192910064573216 -0.3267319389723074 0 1.3983019270444832
0.64824721305021493 -0.30698793965269527 0 1.3516401904157145
0.67569077593479498 -0.27277913103450779 0 1.2607386183038465
0.70236001314607088 -0.23824695169867066 0 1.1565908972865988
0.71751517995704694 -0.21801713025296834 0 1.0901445229236975
0.74291134814670001 -0.18305797440453259 0 0.96881628559850685
0.76747558285898831 -0.14788258529988296 0 0.83901687905872646
0.78138128088532 -0.12732780854329101 0 0.76001171082869956
0.80459240579822133 -0.091895023168751963 0 0.62369473043107926
0.82692816348951037 -0.056352643733519364 0 0.48753973297958003
0.83951914230927194 -0.035633037096355825 0 0.40894865512163914
0.86044456138025016 -2.5445295064401513e-17 0 0.28294613617661335
0.88046571634406778 0.035639035866404128 0 0.16944666067561304
0.89169854439529272 0.056367908136888051 0 0.10974154481780202
0.91027508379699806 0.091937536232708339 0 0.027436752023133507
0.92793282174572445 0.12741488600255912 0 -0.028201996655150406
0.93778562237848606 0.14800543419154594 0 -0.047911959592644729
0.9539867413476748 0.18326331024468084 0 -0.051783635922151988
0.96926821633404769 0.2183378630081467 0 -0.017178439657077927
-0.18231600613630639 -0.97765279096784263 0 -0.014950213989464063
-0.14738106293914721 -0.96445153087346081 0 -0.048298547801557595
-0.1122271971592705 -0.95026161965735367 0 -0.053180571271221368
-0.091682260869983545 -0.94154586261202233 0 -0.04302812076408085
-0.056260388860977006 -0.92578164820214537 0 -0.0086187251158324207
-0.020721032392151832 -0.90901937492767915 0 0.046763992569487912
-4.6439612226268487e-17 -0.89880461063106498 0 0.088359020261419258
0.03563903586640417 -0.88046571634406789 0 0.16944666059981855
0.071284667916869826 -0.86113558252209543 0 0.26183867523584498
0.092015276967687479 -0.84943211514067674 0 0.32045494500253952
0.12757907175142771 -0.82854976708227734 0 0.42353169329960472
0.16303148289473121 -0.80670042424371757 0 0.52865901523905168
0.18359451795857989 -0.79354471273180438 0 0.59045223666072266
0.21877455482672087 -0.7701956986330597 0 0.69312284341982033
0.2537210269754912 -0.74592191851342193 0 0.790562513835255
0.27393304365759269 -0.7313774112665391 0 0.84460978051283075
0.30841250746746429 -0.70568495227126604 0 0.93002564784975206
0.34253532412816706 -0.67912775967592154 0 1.0054620602477427
0.36221153505329667 -0.663284621174275 0 1.0446096605882433
0.39567405791919547 -0.63541728647083129 0 1.1022070435777345
0.42865949106188489 -0.60676208567957701 0 1.147261986179744
0.44761907765345593 -0.58973574152937724 0 1.1676286395577011
0.47975795256806725 -0.55990432483914376 0 1.1919786531724341
0.51130551581524997 -0.52937699881634259 0 1.2027449545698181
0.5293769988163427 -0.51130551581524986 0 1.2027449547437132
0.55990432483914376 -0.47975795256806725 0 1.191978653829262
0.58973574152937713 -0.44761907765345593 0 1.1676286405195611
0.60676208567957701 -0.42865949106188478 0 1.1472619872421141
0.63541728647083129 -0.39567405791919558 0 1.1022070447552019
0.66328462117427489 -0.36221153505329662 0 1.0446096618187415
0.67912775967592143 -0.3425353241281669 0 1.0054620614835557
0.70568495227126604 -0.30841250746746424 0 0.93002564909542118
0.73137741126653921 -0.27393304365759269 0 0.84460978177555801
0.74592191851342193 -0.2537210269754912 0 0.7905625151052742
0.77019569863305981 -0.21877455482672081 0 0.69312284460797824
0.79354471273180438 -0.18359451795857984 0 0.59045223763617005
0.80670042424371746 -0.16303148289473113 0 0.52865901603919951
0.82854976708227712 -0.12757907175142769 0 0.4235316938328117
0.84943211514067674 -0.092015276967687493 0 0.32045494532910834
0.86113558252209532 -0.071284667916869757 0 0.26183867546967993
0.88046571634406756 -0.035639035866404177 0 0.16944666072142975
0.89880461063106476 -2.3219806113134244e-17 0 0.088359020329652538
0.90901937492767892 0.020721032392151832 0 0.046763992630957617
0.92578164820214537 0.056260388860976965 0 -0.0086187250611749269
0.941545862612022 0.091682260869983462 0 -0.043028120715386073
0.95026161965735345 0.1122271971592705 0 -0.053180571226077882
0.96445153087346103 0.14738106293914724 0 -0.048298547769728181
0.97765279096784241 0.1823160061363063 0 -0.014950213980874334
-0.16141089539039213 -0.98189424979198769 0 -0.013568782376443978
-0.12655010976674483 -0.96993406599299647 0 -0.045603096575983548
-0.091449467829378572 -0.95694768289249699 0 -0.054555760596408091
-0.070926725277222283 -0.94891391894771382 0 -0.049193192818018948
-0.035529512709893206 -0.93428795160248945 0 -0.02584208536238377
2.9521012723632705e-17 -0.91861923386251787 0 0.01507336007665813
0.020721032392151818 -0.90901937492767915 0 0.046763992632547872
0.056367908136888085 -0.89169854439529306 0 0.10974154484355965
0.092028607097429813 -0.87333611859707339 0 0.18285943553579434
0.11277001961843074 -0.86217197642382737 0 0.22979960844054698
0.14835355395364719 -0.84217430640900537 0 0.31315134419330243
0.18382415092234541 -0.82115550400825321 0 0.39916346436766081
0.20439561724901062 -0.8084578691592933 0 0.45016352315004149
0.23958391372525162 -0.78585206953016662 0 0.53548689593407828
0.27452752279024151 -0.76226577400404361 0 0.61720635137955981
0.29473124332319361 -0.74809571041961664 0 0.66287555396133069
0.32918245717029837 -0.72300274231239003 0 0.73540578856926853
0.36325605100589498 -0.69699008099150273 0 0.79990762496344581
0.38289246373003011 -0.68143891119689182 0 0.83359239730064971
0.41626491648102815 -0.6540312240325612 0 0.88329329109171151
0.44912974786846971 -0.62578385544501802 0 0.92233521366074367
0.46800369823177446 -0.60897172233916652 0 0.94006656741300221
0.49996659250670217 -0.57947002410581583 0 0.96128108588082695
0.53129896507623131 -0.54922595896738347 0 0.9706618576640299
0.54922595896738358 -0.53129896507623131 0 0.97066185777956526
0.57947002410581583 -0.49996659250670217 0 0.96128108632039744
0.60897172233916641 -0.46800369823177446 0 0.94006656806330691
0.62578385544501791 -0.44912974786846954 0 0.92233521438546928
0.6540312240325612 -0.41626491648102826 0 0.88329329192174166
0.68143891119689182 -0.38289246373003016 0 0.83359239821600262
0.69699008099150284 -0.36325605100589486 0 0.7999076259204172
0.72300274231239003 -0.32918245717029831 0 0.73540578960162062
0.74809571041961676 -0.2947312433231935 0 0.66287555507633755
0.76226577400404349 -0.2745275227902414 0 0.617206352540832
0.78585206953016662 -0.23958391372525156 0 0.53548689709396047
0.8084578691592933 -0.20439561724901059 0 0.45016352419631661
0.82115550400825299 -0.1838241509223453 0 0.39916346529949037
0.84217430640900526 -0.14835355395364719 0 0.31315134488760044
0.86217197642382737 -0.11277001961843075 0 0.22979960885238995
0.87333611859707339 -0.092028607097429757 0 0.18285943577133165
0.89169854439529261 -0.056367908136888079 0 0.10974154488236645
0.90901937492767904 -0.020721032392151881 0 0.046763992624820741
0.91861923386251765 -1.7760609280884715e-17 0 0.015073360102028381
0.93428795160248923 0.035529512709893164 0 -0.025842085297286713
0.9489139189477136 0.070926725277222213 0 -0.049193192751290131
0.95694768289249676 0.091449467829378586 0 -0.054555760544215272
0.96993406599299659 0.12655010976674483 0 -0.045603096548870209
0.98189424979198758 0.16141089539039211 0 -0.013568782370844539
-0.12564130948608904 -0.98810582403577996 0 -0.011061408431944334
-0.090891650995291978 -0.97832445178480376 0 -0.039603744745702427
-0.055865959218562258 -0.96745764838380033 0 -0.053123642008222699
-0.03537165014320303 -0.96062788437640945 0 -0.054065026984428811
-1.1345777287495666e-17 -0.94801608085464717 0 -0.046013971814494681
0.03552951270989322 -0.93428795160248923 0 -0.025842085298709384
0.056260388860976951 -0.92578164820214537 0 -0.0086187249902198223
0.091937536232708381 -0.91027508379699806 0 0.027436752161567966
0.12764060189992618 -0.89364147660991267 0 0.071321303603938291
0.14840992209287943 -0.88344264691410102 0 0.10029776813504063
0.18404281666945177 -0.86503119106438231 0 0.15285864583684433
0.21955905688074562 -0.84550463023005495 0 0.20845402147270795
0.24015277078627897 -0.83363128777885531 0 0.24201169680765808
0.27536728395215704 -0.81236473649330609 0 0.29891429904384786
0.31031601166848377 -0.7900192445275338 0 0.35437090788163123
0.33051024870745088 -0.77652575410665359 0 0.38579988057526227
0.36491900870216842 -0.75251702580267177 0 0.43616169289177531
0.39891110085989956 -0.72749018450050584 0 0.48150772786223756
0.41847938032157317 -0.71246791166496481 0 0.50545266666162347
0.45169460173805581 -0.68589317947995387 0 0.54095742023488025
0.48434578088075286 -0.65838498182268146 0 0.56905022395209337
0.50306689795099557 -0.64196102373020247 0 0.58191071308265552
0.53471410544793374 -0.6130564933271474 0 0.5973163274937584
0.56565875716086711 -0.58332480811899134 0 0.60412955917089561
0.58332480811899123 -0.565658757160867 0 0.6041295592394631
0.6130564933271474 -0.53471410544793374 0 0.59731632774223076
0.64196102373020236 -0.50306689795099557 0 0.58191071342460265
0.65838498182268146 -0.48434578088075275 0 0.56905022431288044
0.68589317947995376 -0.45169460173805581 0 0.54095742063103502
0.71246791166496493 -0.41847938032157311 0 0.50545266710595116
0.72749018450050595 -0.39891110085989934 0 0.48150772834297006
0.75251702580267144 -0.36491900870216831 0 0.43616169348783257
0.77652575410665359 -0.33051024870745083 0 0.38579988135812299
0.79001924452753369 -0.31031601166848355 0 0.35437090879771893
0.81236473649330598 -0.27536728395215693 0 0.29891430010915554
0.8336312877788552 -0.24015277078627895 0 0.24201169790523414
0.84550463023005495 -0.21955905688074556 0 0.20845402253374795
0.86503119106438242 -0.18404281666945174 0 0.15285864670920041
0.88344264691410102 -0.14840992209287943 0 0.10029776865759496
0.89364147660991256 -0.12764060189992613 0 0.071321303866677732
0.91027508379699795 -0.091937536232708381 0 0.027436752134194203
0.92578164820214526 -0.056260388860976993 0 -0.0086187250777883077
0.93428795160248923 -0.035529512709893206 0 -0.025842085329371434
0.94801608085464717 -1.3236740168744942e-17 0 -0.04601397177360609
0.96062788437640934 0.035371650143202975 0 -0.054065026930115959
0.96745764838380011 0.055865959218562279 0 -0.053123641969472363
0.97832445178480376 0.090891650995291978 0 -0.039603744730381925
0.98810582403577996 0.12564130948608901 0 -0.011061408429934179
-0.090120651693376005 -0.99298586629584884 0 -0.0083950627924712223
-0.055456845479119395 -0.98543421190375091 0 -0.03189548423546204
-0.020480711901367951 -0.97674552056839825 0 -0.046879261989549573
-5.2004483793927714e-17 -0.97115694696518728 0 -0.051643256538876137
0.035371650143202968 -0.96062788437640956 0 -0.054065026986974393
0.070926725277222269 -0.94891391894771404 0 -0.049193192759019469
0.091682260869983434 -0.94154586261202211 0 -0.043028120645190099
0.12741488600255915 -0.92793282174572433 0 -0.028201996495951606
0.16318497421526937 -0.91310945764401574 0 -0.0081630113081614594
0.18399617162260073 -0.90392389097015813 0 0.0058182390090275662
0.21970152439732007 -0.8871812717559272 0 0.032085975216309473
0.2552850026051719 -0.86922896661753568 0 0.060946152805447996
0.27591266065396414 -0.85822696820213684 0 0.078824232543586129
0.31117165995065127 -0.83837869413734045 0 0.10967720350101813
0.346141024833447 -0.81734997240911211 0 0.1404095542775437
0.36633333555113912 -0.80457553155296613 0 0.15812446668622926
0.40070973146405314 -0.78172054338602803 0 0.18680105018892881
0.43462629791120733 -0.75774406001199635 0 0.2129791964300207
0.45412782485672826 -0.7432857374793912 0 0.22696967127948176
0.48718425212842498 -0.71759956935543601 0 0.24782228986632837
0.51961485437796273 -0.69088000266854022 0 0.26444576537251513
0.53817647874158492 -0.67487006962773854 0 0.27211768741913883
0.56949180247645059 -0.64660197216440518 0 0.2813193298920767
0.60002628620429987 -0.61741537015962178 0 0.28538949893656229
0.61741537015962189 -0.60002628620429965 0 0.28538949904160837
0.64660197216440529 -0.56949180247645059 0 0.28131933023604561
0.67487006962773854 -0.53817647874158492 0 0.2721176878128943
0.69088000266854022 -0.51961485437796262 0 0.26444576571571826
0.7175995693554359 -0.48718425212842498 0 0.2478222900987318
0.74328573747939131 -0.4541278248567282 0 0.22696967138708204
0.75774406001199646 -0.4346262979112071 0 0.21297919646890162
0.78172054338602803 -0.40070973146405309 0 0.1868010502720065
0.80457553155296613 -0.36633333555113901 0 0.15812446703873267
0.81734997240911211 -0.34614102483344694 0 0.14040955487248627
0.83837869413734056 -0.31117165995065121 0 0.10967720440254185
0.85822696820213684 -0.27591266065396408 0 0.078824233577876865
0.86922896661753568 -0.25528500260517178 0 0.060946153837623217
0.88718127175592731 -0.21970152439732005 0 0.032085976104635962
0.90392389097015813 -0.18399617162260073 0 0.0058182395785695788
0.91310945764401563 -0.16318497421526929 0 -0.0081630109876082765
0.92793282174572433 -0.12741488600255915 0 -0.028201996475931121
0.94154586261202211 -0.091682260869983476 0 -0.043028120734528989
0.94891391894771371 -0.070926725277222227 0 -0.049193192833909209
0.96062788437640956 -0.035371650143202982 0 -0.054065027029068631
0.97115694696518728 -7.4292119705611031e-18 0 -0.051643256555774827
0.97674552056839792 0.020480711901367979 0 -0.046879261995408913
0.98543421190375069 0.055456845479119395 0 -0.031895484231356901
0.99298586629584884 0.090120651693375978 0 -0.0083950627899111868
-0.069588289432790579 -0.99522768394727534 0 -0.0067751516142324211
-0.034960875136994626 -0.98899355434131964 0 -0.026638744723946575
2.9598526136646213e-17 -0.98159627025866769 0 -0.041043324289024269
0.020480711901367934 -0.97674552056839803 0 -0.046879262015313478
0.055865959218562279 -0.96745764838380033 0 -0.053123642037371271
0.0914494678293786 -0.95694768289249688 0 -0.054555760566841457
0.11222719715927049 -0.95026161965735345 0 -0.053180571184040432
0.14800543419154594 -0.93778562237848584 0 -0.047911959459444521
0.18382755187613992 -0.92405220710877778 0 -0.039035641940755511
0.20467050121920147 -0.91547795719237646 0 -0.032252359632444716
0.240430239928383 -0.89974407156008318 0 -0.018899552232877502
0.27606430526317743 -0.88274546046172719 0 -0.0035425930054202078
0.29671794811037483 -0.87227219752441698 0 0.0062505871757165777
0.33201262981241042 -0.85328582699013977 0 0.023440635413335235
0.36700242999484217 -0.83305869086250151 0 0.040909761159216747
0.38719779195322734 -0.82072249736724645 0 0.051131628535740228
0.42156108972404144 -0.79857140353975598 0 0.067814819219410016
0.45543740819109263 -0.77523640814973871 0 0.083209129857857445
0.47490121031990229 -0.76112271877997417 0 0.091512523676448645
0.50786521827874165 -0.73597974996149396 0 0.10393555863940404
0.54016481353229184 -0.70974233239747986 0 0.11389240270244136
0.55863079499901536 -0.69398545308617865 0 0.1185141747333342
0.58974579955087381 -0.66610607589958359 0 0.12406226481144557
0.62003136170490025 -0.63725187736376088 0 0.12651660640118717
0.63725187736376077 -0.62003136170489992 0 0.12651660655731559
0.66610607589958359 -0.58974579955087381 0 0.12406226531480334
0.69398545308617865 -0.55863079499901536 0 0.11851417529063617
0.70974233239747986 -0.54016481353229173 0 0.1138924031665673
0.73597974996149396 -0.50786521827874165 0 0.10393555888467002
0.76112271877997417 -0.47490121031990212 0 0.091512523651263888
0.77523640814973882 -0.45543740819109257 0 0.083209129668680618
0.79857140353975609 -0.42156108972404144 0 0.067814818992664963
0.82072249736724634 -0.38719779195322718 0 0.051131628613342847
0.83305869086250139 -0.36700242999484201 0 0.040909761545592623
0.85328582699013966 -0.33201262981241031 0 0.023440636191726118
0.87227219752441687 -0.29671794811037483 0 0.0062505881216266277
0.8827454604617273 -0.27606430526317732 0 -0.0035425920607557513
0.89974407156008329 -0.24043023992838294 0 -0.018899551408776055
0.91547795719237646 -0.20467050121920147 0 -0.032252359068925734
0.92405220710877789 -0.18382755187613986 0 -0.039035641580949972
0.93778562237848573 -0.14800543419154594 0 -0.047911959370270943
0.95026161965735345 -0.11222719715927054 0 -0.053180571243307169
0.95694768289249676 -0.091449467829378586 0 -0.05455576066032812
0.96745764838380022 -0.055865959218562293 0 -0.053123642146497466
0.97674552056839792 -0.020480711901367986 0 -0.046879262093107152
0.98159627025866769 -6.8833781713130746e-18 0 -0.041043324330916259
0.98899355434131964 0.034960875136994626 0 -0.026638744725776695
0.99522768394727557 0.069588289432790551 0 -0.0067751516098430433
-0.034591113238035313 -0.99807897574316928 0 -0.0038918832604466496
-3.58903388254329e-18 -0.99413659879447369 0 -0.01615739579055471
0.034960875136994654 -0.98899355434131964 0 -0.026638744746614016
0.055456845479119325 -0.98543421190375047 0 -0.03189548427797808
0.090891650995291964 -0.97832445178480376 0 -0.039603744791607401
0.12655010976674486 -0.96993406599299659 0 -0.045603096579215116
0.14738106293914721 -0.96445153087346103 0 -0.048298547762438755
0.18326331024468087 -0.95398674134767469 0 -0.051783635843863265
0.21919989923241065 -0.94218662318729707 0 -0.05381530256662817
0.240111627817748 -0.93469897855606943 0 -0.054332873679069159
0.27598839529558178 -0.92076163395850086 0 -0.054390200266678783
0.31173156476035052 -0.9054655135156926 0 -0.053422033258966876
0.332441964492382 -0.89593775089006489 0 -0.052401460355879906
0.36781709199537371 -0.87849507203259836 0 -0.050212895758911358
0.40285863638103153 -0.85970616591175553 0 -0.047521119482259053
0.42306758293106866 -0.84815727568289345 0 -0.045743780789442717
0.45742008867146272 -0.82727205115404434 0 -0.042668789033263002
0.49123525219389763 -0.80509194626364189 0 -0.039621262009797306
0.51063700223481501 -0.79159910339123829 0 -0.037880483535832073
0.54344343518059124 -0.76743504729580336 0 -0.035218668304675266
0.57551435527551764 -0.74206658520596247 0 -0.033019401258325226
0.59381157630230463 -0.72676563038911102 0 -0.031965306474165261
0.6245705681897058 -0.69958607702270559 0 -0.030694490611643036
0.65441109678861642 -0.67132929609196301 0 -0.030132209053151157
0.67132929609196301 -0.65441109678861609 0 -0.030132208888496988
0.69958607702270559 -0.62457056818970569 0 -0.030694490084525648
0.72676563038911124 -0.59381157630230463 0 -0.031965305899645725
0.74206658520596247 -0.57551435527551753 0 -0.033019400790723956
0.76743504729580336 -0.54344343518059113 0 -0.035218668096101725
0.79159910339123818 -0.5106370022348149 0 -0.037880483658477931
0.80509194626364178 -0.49123525219389746 0 -0.039621262338755549
0.82727205115404434 -0.45742008867146278 0 -0.042668789448344249
0.84815727568289334 -0.42306758293106855 0 -0.045743780913699669
0.85970616591175553 -0.40285863638103137 0 -0.047521119292285315
0.87849507203259847 -0.3678170919953736 0 -0.050212895181583964
0.89593775089006478 -0.332441964492382 0 -0.052401459638061205
0.90546551351569249 -0.31173156476035041 0 -0.053422032563791931
0.92076163395850086 -0.27598839529558172 0 -0.054390199673224948
0.93469897855606932 -0.240111627817748 0 -0.054332873249004564
0.94218662318729696 -0.21919989923241057 0 -0.053815302255304995
0.95398674134767469 -0.18326331024468087 0 -0.051783635715186196
0.96445153087346103 -0.14738106293914724 0 -0.048298547781117057
0.96993406599299647 -0.12655010976674483 0 -0.045603096665529315
0.97832445178480376 -0.090891650995291978 0 -0.03960374493108311
0.98543421190375047 -0.055456845479119374 0 -0.031895484388383383
0.98899355434131953 -0.034960875136994626 0 -0.026638744808612738
0.99413659879447369 1.794516941271645e-18 0 -0.016157395796684522
0.99807897574316917 0.034591113238035272 0 -0.003891883255489335
-4.1972485769852399e-17 -0.99970210894572975 0 -0.00089290495439744598
0.034591113238035258 -0.99807897574316906 0 -0.003891883263257062
0.069588289432790593 -0.99522768394727557 0 -0.0067751516243370596
0.09012065169337595 -0.99298586629584895 0 -0.0083950628082305745
0.12564130948608904 -0.98810582403578007 0 -0.01106140844880826
0.16141089539039216 -0.98189424979198781 0 -0.013568782381581677
0.1823160061363063 -0.97765279096784263 0 -0.014950213982871134
0.2183378630081467 -0.96926821633404781 0 -0.01717843963871965
0.25442378980229824 -0.95947502623400471 0 -0.019212966449492407
0.27542410644701165 -0.9531184691306307 0 -0.02030437926434266
0.31145081462010166 -0.94105602420352208 0 -0.022023646195987963
0.34733415561658015 -0.92754208099579671 0 -0.023539194561324864
0.36811833111096542 -0.91900630074558765 0 -0.024325504453155313
0.40360092701207889 -0.90318651334440614 0 -0.025529377456600486
0.43871790452975934 -0.88591316200262482 0 -0.026544620551905949
0.45895243812590347 -0.87519526270121772 0 -0.027048377356288275
0.49331127589826895 -0.85564799524825197 0 -0.027793674626927885
0.52707744491092834 -0.83469027748862368 0 -0.028388105557643369
0.54642169502989391 -0.82185510831465902 0 -0.028665379758209708
0.5790736506167613 -0.7987285200469656 0 -0.029055119417263853
0.61091258263157489 -0.77428107118050415 0 -0.029338323138437983
0.6290359875177256 -0.7594631519296462 0 -0.029454864518946029
0.65942466140030731 -0.73302429085925314 0 -0.029592475512463735
0.68879852616153703 -0.70539838575574432 0 -0.029653374155931694
0.70539838575574454 -0.68879852616153692 0 -0.029653374101535509
0.73302429085925302 -0.65942466140030731 0 -0.029592475338777575
0.75946315192964631 -0.6290359875177256 0 -0.029454864330759147
0.77428107118050404 -0.61091258263157466 0 -0.029338322986621462
0.79872852004696582 -0.5790736506167613 0 -0.029055119354408961
0.82185510831465891 -0.54642169502989379 0 -0.028665379810257192
0.83469027748862379 -0.52707744491092812 0 -0.028388105679774581
0.85564799524825175 -0.49331127589826884 0 -0.027793674745373458
0.87519526270121784 -0.45895243812590336 0 -0.027048377297730374
0.88591316200262471 -0.43871790452975906 0 -0.026544620326436157
0.90318651334440603 -0.40360092701207878 0 -0.025529377058845764
0.91900630074558765 -0.36811833111096537 0 -0.024325504057191038
0.92754208099579671 -0.34733415561658004 0 -0.023539194236566266
0.94105602420352186 -0.3114508146201016 0 -0.022023645982661377
0.95311846913063047 -0.27542410644701171 0 -0.020304379130529682
0.95947502623400427 -0.25442378980229807 0 -0.019212966348707408
0.96926821633404781 -0.2183378630081467 0 -0.017178439590260473
0.97765279096784252 -0.1823160061363063 0 -0.014950213983711241
0.98189424979198781 -0.16141089539039211 0 -0.013568782408484371
0.98810582403577996 -0.12564130948608901 0 -0.011061408497483362
0.99298586629584884 -0.090120651693375964 0 -0.0083950628477994262
0.99522768394727557 -0.069588289432790551 0 -0.0067751516467694107
0.99807897574316917 -0.034591113238035265 0 -0.0038918832657596726
0.99970210894572986 1.7488535737438498e-18 0 -0.00089290495273551844
