0.014087708172407285 0.014087708172407285 0 0.001992546163636763
0.014087708172407285 0.0625 0 0.0087090469104915257
0.014087708172407285 0.11091229182759271 0 0.015222808516390469
0.014087708172407285 0.13908770817240729 0 0.018904553786790863
0.014087708172407285 0.1875 0 0.024801267378979055
0.014087708172407285 0.23591229182759271 0 0.030120628652951703
0.014087708172407285 0.26408770817240729 0 0.032938514467794625
0.014087708172407285 0.3125 0 0.037117719639762528
0.014087708172407285 0.36091229182759271 0 0.040432856012734608
0.014087708172407285 0.38908770817240729 0 0.041957884799066716
0.014087708172407285 0.4375 0 0.043783335482566285
0.014087708172407285 0.48591229182759277 0 0.044589547576680648
0.014087708172407285 0.51408770817240734 0 0.044589547590316587
0.014087708172407285 0.5625 0 0.043783335502748114
0.014087708172407285 0.61091229182759277 0 0.041957884763340371
0.014087708172407285 0.63908770817240734 0 0.040432855922274059
0.014087708172407285 0.6875 0 0.037117719517045497
0.014087708172407285 0.73591229182759277 0 0.032938514405176388
0.014087708172407285 0.76408770817240734 0 0.030120628660937673
0.014087708172407285 0.81250000000000011 0 0.024801267464476948
0.014087708172407285 0.86091229182759277 0 0.01890455387945961
0.014087708172407285 0.88908770817240734 0 0.015222808585079593
0.014087708172407285 0.9375 0 0.0087090469540719029
0.014087708172407285 0.98591229182759288 0 0.0019925462116405458
0.014087708172407285 1.0140877081724073 0 -0.0019925460995240678
0.014087708172407285 1.0625 0 -0.0087090467963679419
0.014087708172407285 1.1109122918275927 0 -0.015222808324155056
0.014087708172407285 1.1390877081724073 0 -0.018904553539961327
0.014087708172407285 1.1875 0 -0.024801267080619471
0.014087708172407285 1.2359122918275924 0 -0.03012062836476857
0.014087708172407285 1.2640877081724076 0 -0.032938514212823289
0.014087708172407285 1.3125000000000002 0 -0.03711771947171158
0.014087708172407285 1.3609122918275931 0 -0.040432855966919687
0.014087708172407285 1.3890877081724071 0 -0.041957884835648752
0.014087708172407285 1.4375000000000002 0 -0.043783335603829583
0.014087708172407285 1.4859122918275929 0 -0.044589547699831679
0.014087708172407285 1.5140877081724078 0 -0.044589547681825159
0.014087708172407285 1.5625000000000002 0 -0.043783335565544944
0.014087708172407285 1.6109122918275927 0 -0.04195788484153419
0.014087708172407285 1.6390877081724076 0 -0.040432856024050126
0.014087708172407285 1.6874999999999998 0 -0.037117719597805826
0.014087708172407285 1.7359122918275927 0 -0.032938514374778155
0.014087708172407285 1.7640877081724071 0 -0.030120628533499581
0.014087708172407285 1.8125 0 -0.02480126725422856
0.014087708172407285 1.8609122918275927 0 -0.01890455371238255
0.014087708172407285 1.8890877081724076 0 -0.015222808492071005
0.014087708172407285 1.9375 0 -0.0087090469344156783
0.014087708172407287 1.9859122918275924 0 -0.0019925461775109135
0.0625 0.014087708172407285 0 0.0087090469032884126
0.0625 0.0625 0 0.038065616424032236
0.0625 0.11091229182759271 0 0.06653605100649404
0.0625 0.13908770817240729 0 0.082628271462276387
0.0625 0.1875 0 0.10840170449148315
0.0625 0.23591229182759271 0 0.13165163847536371
0.0625 0.26408770817240729 0 0.14396809074760514
0.0625 0.3125 0 0.16223461553086577
0.0625 0.36091229182759271 0 0.17672445709068366
0.0625 0.38908770817240729 0 0.18339007292906498
0.0625 0.4375 0 0.19136877672584959
0.0625 0.48591229182759271 0 0.19489257909533819
0.0625 0.51408770817240734 0 0.19489257912995572
0.0625 0.5625 0 0.19136877677871683
0.0625 0.61091229182759288 0 0.18339007284415709
0.0625 0.63908770817240734 0 0.17672445687020652
0.0625 0.6875 0 0.16223461523292881
0.0625 0.73591229182759288 0 0.14396809060448534
0.0625 0.76408770817240756 0 0.13165163851242115
0.0625 0.81250000000000011 0 0.10840170473595662
0.0625 0.86091229182759288 0 0.082628271748385829
0.0625 0.88908770817240745 0 0.066536051250160336
0.0625 0.9375 0 0.038065616627208421
0.0625 0.98591229182759277 0 0.0087090471279279644
0.0625 1.0140877081724071 0 -0.0087090466350292304
0.0625 1.0625 0 -0.038065615987578273
0.0625 1.1109122918275927 0 -0.066536050278296441
0.0625 1.1390877081724073 0 -0.082628270522835848
0.0625 1.1875 0 -0.10840170335300896
0.0625 1.2359122918275927 0 -0.1316516373786116
0.0625 1.2640877081724076 0 -0.14396808978034217
0.0625 1.3125000000000002 0 -0.16223461488111557
0.0625 1.3609122918275931 0 -0.1767244568663538
0.0625 1.3890877081724078 0 -0.18339007298744986
0.0625 1.4375000000000002 0 -0.19136877710852454
0.0625 1.4859122918275931 0 -0.19489257956654363
0.0625 1.5140877081724078 0 -0.1948925795555948
0.0625 1.5625000000000002 0 -0.1913687771336772
0.0625 1.6109122918275927 0 -0.18339007316292116
0.0625 1.6390877081724076 0 -0.1767244571751789
0.0625 1.6875 0 -0.16223461539559111
0.0625 1.7359122918275927 0 -0.14396809045620307
0.0625 1.7640877081724073 0 -0.13165163812575417
0.0625 1.8125000000000002 0 -0.10840170414918793
0.0625 1.8609122918275927 0 -0.082628271270281148
0.0625 1.8890877081724073 0 -0.066536050954644863
0.0625 1.9375 0 -0.038065616503006022
0.0625 1.9859122918275927 0 -0.008709046945476067
0.11091229182759271 0.014087708172407287 0 0.015222808490825235
0.11091229182759271 0.0625 0 0.06653605094978407
0.11091229182759271 0.11091229182759271 0 0.11630039106916493
0.11091229182759271 0.13908770817240729 0 0.14442847351338672
0.11091229182759271 0.1875 0 0.18947864242183171
0.11091229182759271 0.23591229182759274 0 0.23011791051514191
0.11091229182759271 0.26408770817240734 0 0.25164621278175231
0.11091229182759271 0.31250000000000006 0 0.2835748281404476
0.11091229182759271 0.36091229182759277 0 0.30890206382541124
0.11091229182759271 0.38908770817240734 0 0.32055309691860123
0.11091229182759271 0.43750000000000006 0 0.334499316453363
0.11091229182759271 0.48591229182759282 0 0.34065867795880889
0.11091229182759271 0.51408770817240734 0 0.34065867797431787
0.11091229182759271 0.5625 0 0.33449931648210762
0.11091229182759271 0.61091229182759288 0 0.32055309689851974
0.11091229182759271 0.63908770817240734 0 0.30890206375508977
0.11091229182759271 0.68750000000000022 0 0.28357482804916084
0.11091229182759271 0.73591229182759288 0 0.25164621276678473
0.11091229182759271 0.76408770817240756 0 0.23011791058379269
0.11091229182759271 0.81250000000000022 0 0.1894786426163918
0.11091229182759271 0.86091229182759288 0 0.14442847379926493
0.11091229182759271 0.88908770817240734 0 0.1163003913931954
0.11091229182759271 0.9375 0 0.066536051327788073
0.11091229182759271 0.98591229182759288 0 0.015222808910181445
0.11091229182759271 1.0140877081724071 0 -0.015222808043479693
0.11091229182759271 1.0625 0 -0.066536050299217636
0.11091229182759271 1.1109122918275927 0 -0.11630038999811707
0.11091229182759271 1.1390877081724073 0 -0.14442847212241547
0.11091229182759271 1.1875 0 -0.1894786407301467
0.11091229182759271 1.2359122918275927 0 -0.23011790889141776
0.11091229182759271 1.2640877081724078 0 -0.25164621135613408
0.11091229182759271 1.3125000000000004 0 -0.28357482715742088
0.11091229182759271 1.3609122918275931 0 -0.30890206338992138
0.11091229182759271 1.3890877081724078 0 -0.32055309683781064
0.11091229182759271 1.4375000000000004 0 -0.33449931685684642
0.11091229182759271 1.4859122918275931 0 -0.34065867866164218
0.11091229182759271 1.5140877081724078 0 -0.34065867876454775
0.11091229182759271 1.5625000000000004 0 -0.3344993172475324
0.11091229182759271 1.6109122918275931 0 -0.32055309741425642
0.11091229182759271 1.6390877081724076 0 -0.30890206403621429
0.11091229182759271 1.6875 0 -0.28357482799065614
0.11091229182759271 1.7359122918275927 0 -0.2516462124798271
0.11091229182759271 1.7640877081724076 0 -0.23011791021475481
0.11091229182759271 1.8125000000000004 0 -0.18947864218911836
0.11091229182759271 1.8609122918275933 0 -0.1444284734177739
0.11091229182759271 1.8890877081724073 0 -0.11630039107660889
0.11091229182759271 1.9375 0 -0.066536051041722888
0.11091229182759274 1.9859122918275927 0 -0.015222808531326418
0.13908770817240729 0.014087708172407284 0 0.01890455374632528
0.13908770817240729 0.0625 0 0.082628271353325913
0.13908770817240729 0.11091229182759271 0 0.14442847344528528
0.13908770817240729 0.13908770817240726 0 0.17935953400586205
0.13908770817240729 0.18749999999999997 0 0.23530540881559273
0.13908770817240729 0.23591229182759271 0 0.28577357490726768
0.13908770817240729 0.26408770817240734 0 0.31250865125626565
0.13908770817240729 0.31250000000000006 0 0.35215943091758983
0.13908770817240729 0.36091229182759277 0 0.38361223996996657
0.13908770817240729 0.38908770817240729 0 0.39808115888086848
0.13908770817240729 0.4375 0 0.41540037149934744
0.13908770817240729 0.48591229182759277 0 0.42304941866528034
0.13908770817240729 0.51408770817240734 0 0.42304941865317452
0.13908770817240729 0.5625 0 0.4154003714863444
0.13908770817240729 0.61091229182759288 0 0.3980811589300261
0.13908770817240729 0.63908770817240745 0 0.38361224007824801
0.13908770817240729 0.68750000000000022 0 0.35215943107417058
0.13908770817240729 0.73591229182759299 0 0.31250865138056338
0.13908770817240729 0.76408770817240756 0 0.28577357498442602
0.13908770817240729 0.81250000000000022 0 0.23530540889636578
0.13908770817240729 0.86091229182759277 0 0.17935953421621442
0.13908770817240729 0.88908770817240745 0 0.14442847377961476
0.13908770817240729 0.9375 0 0.082628271840435044
0.13908770817240729 0.98591229182759288 0 0.018904554289579472
0.13908770817240729 1.0140877081724071 0 -0.018904553199458867
0.13908770817240729 1.0625 0 -0.082628270615067029
0.13908770817240729 1.1109122918275927 0 -0.14442847224801558
0.13908770817240729 1.1390877081724073 0 -0.17935953244730646
0.13908770817240729 1.1875 0 -0.23530540691740651
0.13908770817240729 1.2359122918275924 0 -0.28577357308799323
0.13908770817240729 1.2640877081724076 0 -0.31250864966105996
0.13908770817240729 1.3125000000000002 0 -0.35215942979191239
0.13908770817240729 1.3609122918275933 0 -0.38361223938910449
0.13908770817240729 1.3890877081724076 0 -0.3980811586453733
0.13908770817240729 1.4375000000000007 0 -0.41540037180880063
0.13908770817240729 1.4859122918275931 0 -0.42304941944456259
0.13908770817240729 1.5140877081724078 0 -0.42304941965466691
0.13908770817240729 1.5625000000000004 0 -0.41540037252787598
0.13908770817240729 1.6109122918275929 0 -0.3980811595433621
0.13908770817240729 1.6390877081724076 0 -0.38361224026382762
0.13908770817240729 1.6874999999999998 0 -0.3521594307820739
0.13908770817240729 1.7359122918275927 0 -0.31250865101646991
0.13908770817240729 1.7640877081724071 0 -0.28577357474107556
0.13908770817240729 1.8125000000000002 0 -0.23530540877236483
0.13908770817240729 1.8609122918275931 0 -0.17935953404778968
0.13908770817240729 1.8890877081724076 0 -0.14442847351839899
0.13908770817240729 1.9375 0 -0.082628271433693251
0.13908770817240731 1.9859122918275924 0 -0.018904553773268832
0.1875 0.014087708172407285 0 0.024801267319746557
0.1875 0.0625 0 0.10840170431391127
0.1875 0.11091229182759271 0 0.18947864225793121
0.18749999999999997 0.13908770817240729 0 0.23530540871395045
0.1875 0.1875 0 0.3087019360253751
0.1875 0.23591229182759271 0 0.37491214628789304
0.18749999999999997 0.26408770817240734 0 0.40998643499263049
0.1875 0.31250000000000011 0 0.46200509673008322
0.1875 0.36091229182759277 0 0.50326867460301472
0.18749999999999997 0.38908770817240734 0 0.52225074265855587
0.1875 0.43750000000000006 0 0.54497216879131338
0.1875 0.48591229182759277 0 0.55500710878793247
0.1875 0.51408770817240734 0 0.55500710872994896
0.1875 0.5625 0 0.54497216863522713
0.1875 0.61091229182759288 0 0.52225074256107884
0.1875 0.63908770817240756 0 0.50326867459917213
0.1875 0.68750000000000022 0 0.46200509679703494
0.1875 0.73591229182759288 0 0.40998643498906912
0.1875 0.76408770817240756 0 0.37491214619437596
0.1875 0.81250000000000022 0 0.30870193593920298
0.1875 0.86091229182759288 0 0.23530540887486107
0.1875 0.88908770817240756 0 0.18947864265527636
0.1875 0.9375 0 0.10840170500639514
0.1875 0.98591229182759288 0 0.024801268128384898
0.1875 1.0140877081724071 0 -0.024801266505818029
0.1875 1.0625 0 -0.1084017032917452
0.1875 1.1109122918275927 0 -0.18947864073212953
0.1875 1.1390877081724073 0 -0.23530540679044684
0.1875 1.1875 0 -0.30870193371745092
0.1875 1.2359122918275927 0 -0.3749121440416619
0.1875 1.2640877081724076 0 -0.40998643297220233
0.1875 1.3125000000000004 0 -0.46200509518807176
0.1875 1.3609122918275931 0 -0.50326867362014116
0.1875 1.3890877081724078 0 -0.52225074203670174
0.1875 1.4375000000000004 0 -0.5449721688272785
0.1875 1.4859122918275931 0 -0.55500710952575139
0.1875 1.5140877081724078 0 -0.55500710986496005
0.1875 1.5625000000000004 0 -0.54497216995231568
0.1875 1.6109122918275927 0 -0.5222507433590925
0.1875 1.6390877081724076 0 -0.50326867482869153
0.1875 1.6875 0 -0.46200509645152732
0.1875 1.7359122918275927 0 -0.40998643469895024
0.1875 1.7640877081724073 0 -0.37491214618200147
0.1875 1.8125000000000002 0 -0.30870193614436936
0.1875 1.8609122918275931 0 -0.23530540887215048
0.1875 1.8890877081724073 0 -0.18947864236315182
0.1875 1.9375 0 -0.10840170434546149
0.18750000000000003 1.9859122918275927 0 -0.024801267320604926
0.23591229182759271 0.014087708172407284 0 0.030120628585599565
0.23591229182759271 0.0625 0 0.13165163826361853
0.23591229182759271 0.11091229182759271 0 0.23011791029387968
0.23591229182759269 0.13908770817240729 0 0.28577357473646037
0.23591229182759271 0.1875 0 0.37491214620704616
0.23591229182759271 0.23591229182759271 0 0.45532308361584956
0.23591229182759269 0.26408770817240734 0 0.49792008525709047
0.23591229182759271 0.31250000000000011 0 0.56109567911516667
0.23591229182759271 0.36091229182759277 0 0.61120944494932639
0.23591229182759269 0.38908770817240734 0 0.63426277578418666
0.23591229182759271 0.43750000000000006 0 0.66185747999864664
0.23591229182759271 0.48591229182759277 0 0.67404470798881988
0.23591229182759271 0.51408770817240734 0 0.6740447078912063
0.23591229182759271 0.5625 0 0.66185747960589136
0.23591229182759271 0.61091229182759288 0 0.63426277515873164
0.23591229182759271 0.63908770817240745 0 0.61120944422160528
0.23591229182759271 0.68750000000000022 0 0.56109567833605389
0.23591229182759271 0.73591229182759288 0 0.4979200845933584
0.23591229182759271 0.76408770817240756 0 0.45532308309342068
0.23591229182759271 0.81250000000000022 0 0.37491214601486272
0.23591229182759271 0.86091229182759288 0 0.28577357497938755
0.23591229182759271 0.88908770817240756 0 0.23011791082692079
0.23591229182759271 0.9375 0 0.13165163918486344
0.23591229182759271 0.98591229182759288 0 0.030120629730881227
0.23591229182759271 1.0140877081724071 0 -0.030120627368327085
0.23591229182759271 1.0625 0 -0.13165163676109071
0.23591229182759271 1.1109122918275927 0 -0.23011790826453549
0.23591229182759271 1.1390877081724073 0 -0.28577357231638884
0.23591229182759271 1.1875 0 -0.37491214338386303
0.23591229182759271 1.2359122918275927 0 -0.45532308078750749
0.23591229182759271 1.2640877081724076 0 -0.49792008259939063
0.23591229182759271 1.3125000000000004 0 -0.56109567690339446
0.23591229182759271 1.3609122918275931 0 -0.6112094433558064
0.23591229182759271 1.3890877081724078 0 -0.63426277462445413
0.23591229182759271 1.4375000000000004 0 -0.66185747962966812
0.23591229182759271 1.4859122918275931 0 -0.67404470845635189
0.23591229182759271 1.5140877081724078 0 -0.67404470883714696
0.23591229182759271 1.5625000000000004 0 -0.66185748090968166
0.23591229182759271 1.6109122918275927 0 -0.63426277616947646
0.23591229182759271 1.6390877081724076 0 -0.61120944480780759
0.23591229182759271 1.6875 0 -0.56109567845228681
0.23591229182759271 1.7359122918275927 0 -0.49792008466684412
0.23591229182759271 1.7640877081724071 0 -0.45532308330488408
0.23591229182759271 1.8125000000000002 0 -0.37491214622768537
0.23591229182759271 1.8609122918275929 0 -0.28577357482210891
0.23591229182759271 1.8890877081724076 0 -0.23011791031001441
0.23591229182759271 1.9375 0 -0.13165163821032924
0.23591229182759271 1.9859122918275927 0 -0.030120628559527136
0.26408770817240729 0.014087708172407284 0 0.032938514400862789
0.26408770817240729 0.0625 0 0.14396809053288301
0.26408770817240729 0.11091229182759271 0 0.25164621254661512
0.26408770817240729 0.13908770817240726 0 0.31250865106238934
0.26408770817240729 0.18749999999999997 0 0.40998643487718495
0.26408770817240729 0.23591229182759271 0 0.49792008521766412
0.26408770817240729 0.26408770817240734 0 0.54450217926402733
0.26408770817240729 0.31250000000000011 0 0.6135880618335664
0.26408770817240729 0.36091229182759277 0 0.66839013850178741
0.26408770817240729 0.38908770817240734 0 0.69360018571087045
0.26408770817240729 0.43750000000000006 0 0.7237764669966561
0.26408770817240729 0.48591229182759277 0 0.73710385101271558
0.26408770817240729 0.51408770817240734 0 0.73710385089809205
0.26408770817240729 0.5625 0 0.7237764664407732
0.26408770817240729 0.61091229182759288 0 0.69360018464036222
0.26408770817240729 0.63908770817240756 0 0.66839013712197715
0.26408770817240729 0.68750000000000022 0 0.61358806027103407
0.26408770817240729 0.73591229182759299 0 0.54450217801174072
0.26408770817240729 0.76408770817240756 0 0.49792008434890578
0.26408770817240729 0.81250000000000022 0 0.40998643465074103
0.26408770817240729 0.86091229182759277 0 0.31250865140510287
0.26408770817240729 0.88908770817240745 0 0.2516462131851363
0.26408770817240729 0.9375 0 0.14396809159198298
0.26408770817240729 0.98591229182759288 0 0.032938515765859933
0.26408770817240729 1.0140877081724071 0 -0.032938512898302429
0.26408770817240729 1.0625 0 -0.14396808867553332
0.26408770817240729 1.1109122918275927 0 -0.251646210157984
0.26408770817240729 1.1390877081724073 0 -0.31250864830521236
0.26408770817240729 1.1875 0 -0.40998643171870081
0.26408770817240729 1.2359122918275924 0 -0.49792008199868198
0.26408770817240729 1.2640877081724076 0 -0.54450217616319263
0.26408770817240729 1.3125000000000002 0 -0.61358805914534553
0.26408770817240729 1.3609122918275933 0 -0.66839013648349344
0.26408770817240729 1.3890877081724076 0 -0.69360018418992453
0.26408770817240729 1.4375000000000007 0 -0.7237764663472761
0.26408770817240729 1.4859122918275931 0 -0.73710385123250666
0.26408770817240729 1.5140877081724078 0 -0.73710385160144054
0.26408770817240729 1.5625000000000004 0 -0.72377646761365999
0.26408770817240729 1.6109122918275929 0 -0.69360018577995408
0.26408770817240729 1.6390877081724076 0 -0.66839013803772174
0.26408770817240729 1.6874999999999998 0 -0.61358806086261275
0.26408770817240729 1.7359122918275927 0 -0.54450217841425941
0.26408770817240729 1.7640877081724071 0 -0.49792008468889737
0.26408770817240729 1.8125000000000002 0 -0.4099864347409255
0.26408770817240729 1.8609122918275929 0 -0.31250865103357645
0.26408770817240729 1.8890877081724076 0 -0.25164621246569624
0.26408770817240729 1.9375 0 -0.14396809041837338
0.26408770817240734 1.9859122918275924 0 -0.032938514359519257
0.3125 0.014087708172407285 0 0.037117719586120354
0.3125 0.0625 0 0.16223461535614483
0.3125 0.11091229182759271 0 0.2835748279426531
0.3125 0.13908770817240729 0 0.35215943074765016
0.3125 0.1875 0 0.4620050966204956
0.3125 0.23591229182759271 0 0.56109567907339508
0.3125 0.26408770817240734 0 0.61358806183059567
0.3125 0.31250000000000011 0 0.69143949089319978
0.3125 0.36091229182759277 0 0.75319479926902067
0.3125 0.38908770817240734 0 0.78160347159690158
0.3125 0.43750000000000006 0 0.81560848874964276
0.3125 0.48591229182759277 0 0.83062683774351787
0.3125 0.51408770817240734 0 0.8306268376585273
0.3125 0.5625 0 0.8156084881396034
0.3125 0.61091229182759288 0 0.78160347010088294
0.3125 0.63908770817240756 0 0.75319479714701576
0.3125 0.68750000000000022 0 0.69143948835668123
0.3125 0.73591229182759288 0 0.61358805983653553
0.3125 0.76408770817240756 0 0.56109567778141745
0.3125 0.81250000000000022 0 0.46200509637296699
0.3125 0.86091229182759288 0 0.35215943122222959
0.3125 0.88908770817240756 0 0.28357482870196943
0.3125 0.9375 0 0.1622346165680249
0.3125 0.98591229182759288 0 0.037117721232138128
0.3125 1.0140877081724071 0 -0.037117717692380772
0.3125 1.0625 0 -0.16223461299126626
0.3125 1.1109122918275927 0 -0.28357482504143183
0.3125 1.1390877081724073 0 -0.35215942751889351
0.3125 1.1875 0 -0.4620050930255003
0.3125 1.2359122918275927 0 -0.56109567539241567
0.3125 1.2640877081724076 0 -0.61358805823094709
0.3125 1.3125000000000004 0 -0.69143948769495844
0.3125 1.3609122918275931 0 -0.75319479680810675
0.3125 1.3890877081724078 0 -0.78160346970150907
0.3125 1.4375000000000004 0 -0.81560848778230444
0.3125 1.4859122918275931 0 -0.83062683760943501
0.3125 1.5140877081724078 0 -0.83062683796043524
0.3125 1.5625000000000004 0 -0.81560848902550864
0.3125 1.6109122918275927 0 -0.78160347135046226
0.3125 1.6390877081724076 0 -0.75319479850290838
0.3125 1.6875 0 -0.69143948965454871
0.3125 1.7359122918275927 0 -0.6135880607635753
0.3125 1.7640877081724073 0 -0.56109567836278418
0.3125 1.8125 0 -0.46200509635289427
0.3125 1.8609122918275927 0 -0.35215943062197419
0.3125 1.8890877081724073 0 -0.28357482777866533
0.3125 1.9375 0 -0.16223461518832979
0.3125 1.9859122918275927 0 -0.037117719531297548
0.36091229182759271 0.014087708172407284 0 0.040432855988801177
0.36091229182759271 0.0625 0 0.17672445701528966
0.36091229182759271 0.11091229182759271 0 0.30890206374625095
0.36091229182759271 0.13908770817240729 0 0.38361223990918836
0.36091229182759271 0.1875 0 0.50326867458810465
0.36091229182759271 0.23591229182759271 0 0.61120944499534002
0.36091229182759271 0.26408770817240734 0 0.66839013858578511
0.36091229182759271 0.31250000000000011 0 0.75319479935549327
0.36091229182759271 0.36091229182759277 0 0.8204657286843029
0.36091229182759271 0.38908770817240734 0 0.85141169658636107
0.36091229182759271 0.43750000000000006 0 0.88845384199763455
0.36091229182759271 0.48591229182759277 0 0.90481354177568329
0.36091229182759271 0.51408770817240734 0 0.9048135418016422
0.36091229182759271 0.5625 0 0.88845384165776364
0.36091229182759271 0.61091229182759288 0 0.8514116951757178
0.36091229182759271 0.63908770817240745 0 0.82046572640870208
0.36091229182759271 0.68750000000000022 0 0.75319479643970122
0.36091229182759271 0.73591229182759288 0 0.66839013627909805
0.36091229182759271 0.76408770817240756 0 0.61120944354557583
0.36091229182759271 0.81250000000000022 0 0.50326867436592448
0.36091229182759271 0.86091229182759288 0 0.38361224044719627
0.36091229182759271 0.88908770817240756 0 0.30890206453484365
0.36091229182759271 0.9375 0 0.17672445826050601
0.36091229182759271 0.98591229182759288 0 0.040432857774260436
0.36091229182759271 1.0140877081724071 0 -0.040432853855543259
0.36091229182759271 1.0625 0 -0.17672445430499126
0.36091229182759271 1.1109122918275927 0 -0.30890206049601132
0.36091229182759271 1.1390877081724073 0 -0.38361223637206227
0.36091229182759271 1.1875 0 -0.50326867076167447
0.36091229182759271 1.2359122918275927 0 -0.61120944115936959
0.36091229182759271 1.2640877081724076 0 -0.66839013487441368
0.36091229182759271 1.3125000000000004 0 -0.75319479610260676
0.36091229182759271 1.3609122918275931 0 -0.82046572620182923
0.36091229182759271 1.3890877081724078 0 -0.85141169467465683
0.36091229182759271 1.4375000000000004 0 -0.88845384095376301
0.36091229182759271 1.4859122918275931 0 -0.90481354141087755
0.36091229182759271 1.5140877081724078 0 -0.90481354175621398
0.36091229182759271 1.5625000000000004 0 -0.88845384219954227
0.36091229182759271 1.6109122918275929 0 -0.85141169637733916
0.36091229182759271 1.6390877081724076 0 -0.82046572799751893
0.36091229182759271 1.6875 0 -0.75319479823787161
0.36091229182759271 1.7359122918275927 0 -0.66839013764446431
0.36091229182759271 1.7640877081724071 0 -0.61120944439762703
0.36091229182759271 1.8125 0 -0.50326867440803524
0.36091229182759271 1.8609122918275927 0 -0.38361223984473736
0.36091229182759277 1.8890877081724076 0 -0.30890206362799338
0.36091229182759271 1.9375 0 -0.17672445687005794
0.36091229182759271 1.9859122918275927 0 -0.040432855938350595
0.38908770817240729 0.014087708172407284 0 0.041957884799231161
0.38908770817240729 0.0625 0 0.18339007293615475
0.38908770817240729 0.11091229182759271 0 0.32055309694246958
0.38908770817240729 0.13908770817240726 0 0.39808115891934281
0.38908770817240729 0.18749999999999997 0 0.52225074273509753
0.38908770817240729 0.23591229182759271 0 0.63426277591585556
0.38908770817240729 0.26408770817240734 0 0.69360018587804717
0.38908770817240729 0.31250000000000011 0 0.78160347176345268
0.38908770817240729 0.36091229182759277 0 0.8514116966647417
0.38908770817240729 0.38908770817240734 0 0.88352487112720546
0.38908770817240729 0.43750000000000006 0 0.92196415612554894
0.38908770817240729 0.48591229182759277 0 0.93894090406407804
0.38908770817240729 0.51408770817240734 0 0.93894090418177378
0.38908770817240729 0.5625 0 0.92196415606032589
0.38908770817240729 0.61091229182759288 0 0.88352486996909729
0.38908770817240729 0.63908770817240756 0 0.85141169454673304
0.38908770817240729 0.68750000000000022 0 0.78160346888875798
0.38908770817240729 0.73591229182759299 0 0.69360018358166453
0.38908770817240729 0.76408770817240756 0 0.63426277449272794
0.38908770817240729 0.81250000000000022 0 0.52225074254719384
0.38908770817240729 0.86091229182759277 0 0.3980811594621525
0.38908770817240729 0.88908770817240745 0 0.32055309770584761
0.38908770817240729 0.9375 0 0.18339007414686781
0.38908770817240729 0.98591229182759288 0 0.041957886603533084
0.38908770817240729 1.0140877081724071 0 -0.041957882592312291
0.38908770817240729 1.0625 0 -0.18339007009433972
0.38908770817240729 1.1109122918275927 0 -0.32055309355979106
0.38908770817240729 1.1390877081724073 0 -0.39808115527401405
0.38908770817240729 1.1875 0 -0.5222507388627784
0.38908770817240729 1.2359122918275924 0 -0.63426277211932192
0.38908770817240729 1.2640877081724076 0 -0.69360018226308495
0.38908770817240729 1.3125000000000002 0 -0.78160346866743557
0.38908770817240729 1.3609122918275933 0 -0.85141169434514952
0.38908770817240729 1.3890877081724076 0 -0.88352486935687435
0.38908770817240729 1.4375000000000007 0 -0.9219641551440122
0.38908770817240729 1.4859122918275931 0 -0.93894090362949245
0.38908770817240729 1.5140877081724078 0 -0.93894090397443553
0.38908770817240729 1.5625000000000004 0 -0.92196415639585039
0.38908770817240729 1.6109122918275929 0 -0.88352487108415934
0.38908770817240729 1.6390877081724076 0 -0.85141169618164703
0.38908770817240729 1.6875000000000002 0 -0.78160347087833992
0.38908770817240729 1.7359122918275927 0 -0.69360018515210753
0.38908770817240729 1.7640877081724071 0 -0.63426277550462851
0.38908770817240729 1.8125 0 -0.52225074269326732
0.38908770817240729 1.8609122918275927 0 -0.39808115895148971
0.38908770817240729 1.8890877081724076 0 -0.32055309689944972
0.38908770817240729 1.9375 0 -0.18339007283186637
0.38908770817240729 1.9859122918275924 0 -0.041957884758112747
0.4375 0.014087708172407285 0 0.043783335524387276
0.4375 0.0625 0 0.19136877687690909
0.4375 0.11091229182759271 0 0.33449931666024635
0.4375 0.13908770817240729 0 0.41540037171620514
0.4375 0.1875 0 0.54497216901826062
0.4375 0.23591229182759271 0 0.66185748023127944
0.4375 0.26408770817240734 0 0.72377646722795197
0.4375 0.31250000000000011 0 0.81560848893075399
0.4375 0.36091229182759277 0 0.88845384206233247
0.4375 0.38908770817240734 0 0.92196415610494864
0.4375 0.43750000000000006 0 0.96207580917199709
0.4375 0.48591229182759277 0 0.97979116014992373
0.4375 0.51408770817240734 0 0.97979116031536861
0.4375 0.5625 0 0.96207580929424019
0.4375 0.61091229182759288 0 0.92196415523626596
0.4375 0.63908770817240756 0 0.8884538402739165
0.4375 0.68750000000000022 0 0.81560848639443462
0.4375 0.73591229182759288 0 0.72377646519868921
0.4375 0.76408770817240756 0 0.66185747900067937
0.4375 0.81250000000000022 0 0.54497216889457178
0.4375 0.86091229182759288 0 0.41540037220282183
0.4375 0.88908770817240756 0 0.33449931730582694
0.4375 0.9375 0 0.19136877795220136
0.4375 0.98591229182759288 0 0.043783337297683508
0.4375 1.0140877081724071 0 -0.043783333241632479
0.4375 1.0625 0 -0.19136877385060497
0.4375 1.1109122918275927 0 -0.33449931310110587
0.4375 1.1390877081724073 0 -0.415400367948419
0.4375 1.1875 0 -0.5449721651342514
0.4375 1.2359122918275927 0 -0.6618574765470292
0.4375 1.2640877081724076 0 -0.72377646380039495
0.4375 1.3125000000000004 0 -0.81560848610890457
0.4375 1.3609122918275931 0 -0.88845384004342098
0.4375 1.3890877081724078 0 -0.92196415462330616
0.4375 1.4375000000000004 0 -0.96207580841619822
0.4375 1.4859122918275931 0 -0.97979115982527309
0.4375 1.5140877081724078 0 -0.97979116013266543
0.4375 1.5625000000000004 0 -0.96207580957505234
0.4375 1.6109122918275931 0 -0.92196415631620909
0.4375 1.6390877081724076 0 -0.88845384192478494
0.4375 1.6875000000000002 0 -0.81560848846628153
0.4375 1.7359122918275927 0 -0.72377646687782704
0.4375 1.7640877081724073 0 -0.66185748012078827
0.4375 1.8125 0 -0.5449721691587146
0.4375 1.8609122918275927 0 -0.41540037183902229
0.43750000000000006 1.8890877081724073 0 -0.33449931666737975
0.4375 1.9375 0 -0.1913687767819543
0.4375 1.9859122918275927 0 -0.043783335489159969
0.48591229182759277 0.014087708172407284 0 0.044589547658843952
0.48591229182759277 0.0625 0 0.19489257938748047
0.48591229182759277 0.11091229182759271 0 0.34065867834880809
0.48591229182759277 0.13908770817240729 0 0.42304941906280896
0.48591229182759277 0.1875 0 0.55500710914691886
0.48591229182759277 0.23591229182759271 0 0.67404470824894636
0.48591229182759277 0.26408770817240734 0 0.73710385118930577
0.48591229182759277 0.31250000000000011 0 0.83062683775883184
0.48591229182759277 0.36091229182759277 0 0.90481354161113081
0.48591229182759277 0.38908770817240734 0 0.93894090379782125
0.48591229182759277 0.4375 0 0.97979115988987786
0.48591229182759277 0.48591229182759277 0 0.99783271549033836
0.48591229182759277 0.51408770817240734 0 0.99783271554231601
0.48591229182759277 0.5625 0 0.97979115977070852
0.48591229182759277 0.61091229182759288 0 0.93894090296564447
0.48591229182759277 0.63908770817240745 0 0.90481354017457039
0.48591229182759277 0.68750000000000022 0 0.83062683587344843
0.48591229182759277 0.73591229182759288 0 0.73710384973095011
0.48591229182759277 0.76408770817240756 0 0.67404470738831901
0.48591229182759277 0.81250000000000022 0 0.55500710909014761
0.48591229182759277 0.86091229182759288 0 0.42304941941044111
0.48591229182759277 0.88908770817240756 0 0.3406586787821741
0.48591229182759277 0.9375 0 0.19489258023344797
0.48591229182759277 0.98591229182759288 0 0.044589549327228861
0.48591229182759277 1.0140877081724071 0 -0.044589545355524805
0.48591229182759277 1.0625 0 -0.19489257621803194
0.48591229182759277 1.1109122918275927 0 -0.34065867466778488
0.48591229182759277 1.1390877081724073 0 -0.42304941524439094
0.48591229182759277 1.1875 0 -0.55500710532395114
0.48591229182759277 1.2359122918275927 0 -0.67404470470787103
0.48591229182759277 1.2640877081724076 0 -0.73710384794022787
0.48591229182759277 1.3125000000000004 0 -0.83062683517146962
0.48591229182759277 1.3609122918275931 0 -0.90481353987922675
0.48591229182759277 1.3890877081724078 0 -0.93894090263232322
0.48591229182759277 1.4375000000000004 0 -0.97979115950053219
0.48591229182759277 1.4859122918275931 0 -0.99783271558314246
0.48591229182759277 1.5140877081724078 0 -0.99783271580040112
0.48591229182759277 1.5625000000000004 0 -0.9797911604198386
0.48591229182759277 1.6109122918275931 0 -0.93894090418464593
0.48591229182759277 1.6390877081724076 0 -0.90481354177431761
0.48591229182759277 1.6875000000000002 0 -0.83062683770504941
0.48591229182759277 1.7359122918275927 0 -0.73710385118824684
0.48591229182759277 1.7640877081724071 0 -0.6740447083819191
0.48591229182759277 1.8125 0 -0.55500710937057129
0.48591229182759277 1.8609122918275927 0 -0.42304941915543387
0.48591229182759277 1.8890877081724076 0 -0.3406586782828871
0.48591229182759277 1.9375 0 -0.19489257920921985
0.48591229182759277 1.9859122918275927 0 -0.044589547613576523
0.51408770817240734 0.014087708172407284 0 0.04458954769492518
0.51408770817240734 0.0625 0 0.19489257949973218
0.51408770817240734 0.11091229182759271 0 0.34065867846314413
0.51408770817240734 0.13908770817240729 0 0.42304941914602373
0.51408770817240734 0.1875 0 0.5550071091481048
0.51408770817240734 0.23591229182759274 0 0.67404470813585093
0.51408770817240734 0.26408770817240734 0 0.73710385100112596
0.51408770817240734 0.31250000000000011 0 0.83062683752254951
0.51408770817240734 0.36091229182759277 0 0.90481354144266324
0.51408770817240734 0.38908770817240734 0 0.93894090371069971
0.51408770817240734 0.4375 0 0.9797911598393968
0.51408770817240734 0.48591229182759271 0 0.99783271532116946
0.51408770817240734 0.51408770817240723 0 0.99783271524929595
0.51408770817240734 0.5625 0 0.97979115942582096
0.51408770817240734 0.61091229182759288 0 0.93894090280869513
0.51408770817240734 0.63908770817240745 0 0.90481354021826133
0.51408770817240734 0.68750000000000022 0 0.83062683612701682
0.51408770817240734 0.73591229182759288 0 0.73710384998232648
0.51408770817240734 0.76408770817240756 0 0.67404470755221113
0.51408770817240734 0.81250000000000022 0 0.55500710912966877
0.51408770817240734 0.86091229182759288 0 0.42304941938319734
0.51408770817240734 0.88908770817240745 0 0.34065867874061317
0.51408770817240734 0.9375 0 0.19489258017926522
0.51408770817240734 0.98591229182759277 0 0.044589549271267147
0.51408770817240734 1.0140877081724071 0 -0.044589545408644238
0.51408770817240734 1.0625 0 -0.19489257627658751
0.51408770817240734 1.1109122918275927 0 -0.34065867474724293
0.51408770817240734 1.1390877081724071 0 -0.42304941533966861
0.51408770817240734 1.1875 0 -0.55500710539985953
0.51408770817240734 1.2359122918275927 0 -0.67404470469803124
0.51408770817240734 1.2640877081724073 0 -0.7371038478584423
0.51408770817240734 1.3125000000000004 0 -0.83062683505803592
0.51408770817240734 1.3609122918275931 0 -0.90481353986891888
0.51408770817240734 1.3890877081724078 0 -0.93894090273267838
0.51408770817240734 1.4375000000000004 0 -0.97979115970427866
0.51408770817240734 1.4859122918275931 0 -0.99783271575584187
0.51408770817240734 1.5140877081724078 0 -0.99783271590127909
0.51408770817240734 1.5625000000000004 0 -0.97979116042899972
0.51408770817240734 1.6109122918275931 0 -0.93894090415982767
0.51408770817240734 1.6390877081724073 0 -0.90481354175373274
0.51408770817240734 1.6875000000000002 0 -0.83062683769380352
0.51408770817240734 1.7359122918275924 0 -0.73710385118336641
0.51408770817240734 1.7640877081724073 0 -0.67404470837966701
0.51408770817240734 1.8125 0 -0.55500710937544784
0.51408770817240734 1.8609122918275927 0 -0.42304941917137739
0.51408770817240734 1.8890877081724071 0 -0.34065867830646296
0.51408770817240734 1.9375 0 -0.19489257923848055
0.51408770817240734 1.9859122918275927 0 -0.044589547637779767
0.5625 0.014087708172407285 0 0.043783335637614718
0.5625 0.0625 0 0.19136877722624179
0.5625 0.11091229182759271 0 0.33449931700865781
0.5625 0.13908770817240729 0 0.41540037196019713
0.5625 0.1875 0 0.54497216898409817
0.5625 0.23591229182759271 0 0.66185747980550136
0.5625 0.26408770817240734 0 0.723776466543678
0.5625 0.31250000000000011 0 0.81560848807986996
0.5625 0.36091229182759277 0 0.88845384144275785
0.5625 0.38908770817240734 0 0.92196415576767077
0.5625 0.4375 0 0.9620758090322119
0.5625 0.48591229182759277 0 0.97979115976695974
0.5625 0.51408770817240734 0 0.9797911596329969
0.5625 0.5625 0 0.9620758085119373
0.5625 0.61091229182759288 0 0.9219641549758022
0.5625 0.63908770817240756 0 0.88845384055188026
0.5625 0.68750000000000022 0 0.81560848721556556
0.5625 0.73591229182759288 0 0.72377646596818057
0.5625 0.76408770817240756 0 0.66185747949854179
0.5625 0.81250000000000022 0 0.54497216900221268
0.5625 0.86091229182759288 0 0.41540037208700142
0.5625 0.88908770817240756 0 0.33449931713144399
0.5625 0.9375 0 0.19136877771955482
0.5625 0.98591229182759288 0 0.043783337048861178
0.5625 1.0140877081724071 0 -0.043783333484758893
0.5625 1.0625 0 -0.19136877412300729
0.5625 1.1109122918275927 0 -0.33449931346143347
0.5625 1.1390877081724073 0 -0.41540036837499139
0.5625 1.1875 0 -0.54497216551872485
0.5625 1.2359122918275927 0 -0.66185747666637362
0.5625 1.2640877081724076 0 -0.72377646368921267
0.5625 1.3125000000000004 0 -0.81560848587386892
0.5625 1.3609122918275931 0 -0.88845384008616735
0.5625 1.3890877081724078 0 -0.92196415497818562
0.5625 1.4375000000000004 0 -0.96207580904109269
0.5625 1.4859122918275931 0 -0.97979116030872704
0.5625 1.5140877081724078 0 -0.97979116037130476
0.5625 1.5625000000000004 0 -0.9620758095241807
0.5625 1.6109122918275931 0 -0.92196415620008598
0.5625 1.6390877081724076 0 -0.88845384186201004
0.5625 1.6875000000000002 0 -0.81560848847045064
0.5625 1.7359122918275927 0 -0.72377646689180741
0.5625 1.7640877081724073 0 -0.66185748011838774
0.5625 1.8125 0 -0.54497216915440483
0.5625 1.8609122918275927 0 -0.41540037187511974
0.5625 1.8890877081724073 0 -0.3344993167423474
0.5625 1.9375 0 -0.19136877688718068
0.5625 1.9859122918275927 0 -0.043783335569498837
0.61091229182759277 0.014087708172407287 0 0.041957884917030369
0.61091229182759277 0.0625 0 0.18339007329224849
0.61091229182759277 0.11091229182759271 0 0.32055309727888393
0.61091229182759277 0.13908770817240729 0 0.39808115913016912
0.61091229182759277 0.1875 0 0.52225074260451065
0.61091229182759277 0.23591229182759274 0 0.63426277529508435
0.61091229182759277 0.26408770817240734 0 0.69360018493096154
0.61091229182759277 0.31250000000000011 0 0.7816034706037468
0.61091229182759277 0.36091229182759277 0 0.85141169579209253
0.61091229182759277 0.38908770817240734 0 0.88352487061604779
0.61091229182759277 0.4375 0 0.92196415602685922
0.61091229182759277 0.48591229182759277 0 0.9389409040367287
0.61091229182759277 0.51408770817240734 0 0.93894090406684583
0.61091229182759277 0.5625 0 0.92196415599907444
0.61091229182759277 0.61091229182759288 0 0.88352487028032012
0.61091229182759277 0.63908770817240734 0 0.85141169518930149
0.61091229182759277 0.68750000000000022 0 0.78160346980677076
0.61091229182759277 0.73591229182759288 0 0.69360018433365611
0.61091229182759277 0.76408770817240756 0 0.63426277496941608
0.61091229182759277 0.81250000000000022 0 0.52225074261808235
0.61091229182759277 0.86091229182759288 0 0.39808115926557197
0.61091229182759277 0.88908770817240734 0 0.32055309741413701
0.61091229182759277 0.9375 0 0.18339007374773986
0.61091229182759277 0.98591229182759266 0 0.041957886161000088
0.61091229182759277 1.0140877081724071 0 -0.041957883037006469
0.61091229182759277 1.0625 0 -0.18339007060014112
0.61091229182759277 1.1109122918275927 0 -0.32055309421309158
0.61091229182759277 1.1390877081724073 0 -0.39808115603788202
0.61091229182759277 1.1875 0 -0.52225073962972279
0.61091229182759277 1.2359122918275927 0 -0.63426277262036734
0.61091229182759277 1.2640877081724076 0 -0.69360018251237465
0.61091229182759277 1.3125000000000004 0 -0.78160346872631159
0.61091229182759277 1.3609122918275931 0 -0.85141169457801891
0.61091229182759277 1.3890877081724078 0 -0.88352486982631639
0.61091229182759277 1.4375000000000004 0 -0.92196415575778945
0.61091229182759277 1.4859122918275931 0 -0.93894090398570418
0.61091229182759277 1.5140877081724078 0 -0.93894090402720132
0.61091229182759277 1.5625000000000004 0 -0.92196415614317218
0.61091229182759277 1.6109122918275931 0 -0.88352487086740972
0.61091229182759277 1.6390877081724076 0 -0.85141169612091061
0.61091229182759277 1.6875 0 -0.78160347098167648
0.61091229182759277 1.7359122918275927 0 -0.69360018524014977
0.61091229182759277 1.7640877081724073 0 -0.63426277551383847
0.61091229182759277 1.8125 0 -0.52225074263957738
0.61091229182759277 1.8609122918275927 0 -0.39808115895408258
0.61091229182759277 1.8890877081724073 0 -0.32055309697991247
0.61091229182759277 1.9374999999999998 0 -0.18339007297496598
0.61091229182759277 1.9859122918275927 0 -0.041957884852699093
0.63908770817240734 0.014087708172407284 0 0.040432856079137255
0.63908770817240734 0.0625 0 0.17672445728018815
0.63908770817240734 0.11091229182759271 0 0.30890206397521264
0.63908770817240734 0.13908770817240729 0 0.38361224002286681
0.63908770817240734 0.1875 0 0.50326867438019707
0.63908770817240734 0.23591229182759274 0 0.61120944431521895
0.63908770817240734 0.26408770817240734 0 0.66839013758839727
0.63908770817240734 0.31250000000000006 0 0.75319479815011026
0.63908770817240734 0.36091229182759277 0 0.82046572775558557
0.63908770817240734 0.38908770817240734 0 0.85141169601552935
0.63908770817240734 0.4375 0 0.88845384197989152
0.63908770817240734 0.48591229182759271 0 0.90481354217583021
0.63908770817240734 0.51408770817240723 0 0.90481354238330103
0.63908770817240734 0.5625 0 0.88845384245357684
0.63908770817240734 0.61091229182759288 0 0.85141169606331413
0.63908770817240734 0.63908770817240734 0 0.82046572729265388
0.63908770817240734 0.6875 0 0.75319479720825366
0.63908770817240734 0.73591229182759288 0 0.6683901367926951
0.63908770817240734 0.76408770817240756 0 0.61120944385528098
0.63908770817240734 0.81250000000000011 0 0.50326867436307099
0.63908770817240734 0.86091229182759288 0 0.38361224019851514
0.63908770817240734 0.88908770817240745 0 0.30890206417408134
0.63908770817240734 0.9375 0 0.17672445776448834
0.63908770817240734 0.98591229182759266 0 0.040432857216044803
0.63908770817240734 1.0140877081724071 0 -0.040432854423581563
0.63908770817240734 1.0625 0 -0.17672445495521288
0.63908770817240734 1.1109122918275927 0 -0.30890206132673975
0.63908770817240734 1.1390877081724071 0 -0.38361223733818589
0.63908770817240734 1.1875 0 -0.5032686717850926
0.63908770817240734 1.2359122918275927 0 -0.61120944198598992
0.63908770817240734 1.2640877081724073 0 -0.668390135489764
0.63908770817240734 1.3125000000000004 0 -0.75319479649723819
0.63908770817240734 1.3609122918275931 0 -0.82046572659959216
0.63908770817240734 1.3890877081724078 0 -0.8514116951558357
0.63908770817240734 1.4375000000000004 0 -0.88845384139135997
0.63908770817240734 1.4859122918275931 0 -0.90481354152198568
0.63908770817240734 1.5140877081724078 0 -0.90481354157553096
0.63908770817240734 1.5625000000000002 0 -0.88845384177647801
0.63908770817240734 1.6109122918275929 0 -0.8514116961011321
0.63908770817240734 1.6390877081724073 0 -0.82046572795777606
0.63908770817240734 1.6875000000000002 0 -0.7531947984340891
0.63908770817240734 1.7359122918275924 0 -0.66839013780004941
0.63908770817240734 1.7640877081724073 0 -0.61120944442145997
0.63908770817240734 1.8125 0 -0.50326867431283417
0.63908770817240734 1.8609122918275927 0 -0.38361223980797632
0.63908770817240734 1.8890877081724071 0 -0.3089020636932388
0.63908770817240734 1.9375 0 -0.17672445701846065
0.63908770817240734 1.9859122918275927 0 -0.040432856023684668
0.6875 0.014087708172407285 0 0.037117719627602887
0.6875 0.0625 0 0.1622346154670378
0.6875 0.11091229182759271 0 0.2835748280096424
0.6875 0.13908770817240729 0 0.35215943073499789
0.6875 0.1875 0 0.46200509634869374
0.6875 0.23591229182759271 0 0.56109567838363728
0.6875 0.26408770817240734 0 0.61358806085087614
0.6875 0.31250000000000006 0 0.69143948973733493
0.6875 0.36091229182759277 0 0.75319479840152126
0.6875 0.38908770817240734 0 0.78160347109258255
0.6875 0.4375 0 0.81560848892323479
0.6875 0.48591229182759277 0 0.83062683862298592
0.6875 0.51408770817240734 0 0.83062683893653222
0.6875 0.5625 0 0.81560848969788236
0.6875 0.61091229182759288 0 0.78160347137341057
0.6875 0.63908770817240734 0 0.75319479802613898
0.6875 0.68750000000000011 0 0.69143948867989258
0.6875 0.73591229182759288 0 0.61358805982831433
0.6875 0.76408770817240756 0 0.56109567767309942
0.6875 0.81250000000000011 0 0.46200509609132168
0.6875 0.86091229182759288 0 0.35215943074265982
0.6875 0.88908770817240734 0 0.28357482810078088
0.6875 0.93749999999999989 0 0.16223461582143761
0.6875 0.98591229182759266 0 0.037117720431153842
0.6875 1.0140877081724071 0 -0.037117718493576139
0.6875 1.0625 0 -0.16223461389803839
0.6875 1.1109122918275927 0 -0.28357482620948565
0.6875 1.1390877081724073 0 -0.35215942889141993
0.6875 1.1875 0 -0.46200509454563793
0.6875 1.2359122918275927 0 -0.56109567676075411
0.6875 1.2640877081724076 0 -0.61358805939000516
0.6875 1.3125000000000004 0 -0.69143948854426185
0.6875 1.3609122918275931 0 -0.7531947974473745
0.6875 1.3890877081724078 0 -0.78160347025321852
0.6875 1.4375000000000004 0 -0.8156084880720138
0.6875 1.4859122918275931 0 -0.83062683747173138
0.6875 1.5140877081724078 0 -0.83062683752490718
0.6875 1.5625000000000002 0 -0.8156084884066761
0.6875 1.6109122918275927 0 -0.78160347102234862
0.6875 1.6390877081724076 0 -0.7531947985248455
0.6875 1.6875 0 -0.69143949001911631
0.6875 1.7359122918275927 0 -0.61358806106237807
0.6875 1.7640877081724073 0 -0.56109567846265274
0.6875 1.8125 0 -0.46200509625179365
0.6875 1.8609122918275927 0 -0.3521594305573692
0.6875 1.8890877081724073 0 -0.28357482782748505
0.6875 1.9375 0 -0.16223461532923533
0.6875 1.9859122918275927 0 -0.037117719597102639
0.73591229182759277 0.014087708172407287 0 0.032938514398524257
0.73591229182759277 0.0625 0 0.1439680905168442
0.73591229182759277 0.11091229182759271 0 0.25164621250810143
0.73591229182759277 0.13908770817240729 0 0.31250865099956665
0.73591229182759277 0.1875 0 0.40998643464368928
0.73591229182759277 0.23591229182759271 0 0.4979200846349135
0.73591229182759277 0.26408770817240734 0 0.54450217842328474
0.73591229182759277 0.31250000000000006 0 0.61358806087446349
0.73591229182759277 0.36091229182759277 0 0.66839013789481116
0.73591229182759277 0.38908770817240734 0 0.69360018550069813
0.73591229182759277 0.4375 0 0.72377646742112045
0.73591229182759277 0.48591229182759277 0 0.7371038519584886
0.73591229182759277 0.51408770817240734 0 0.73710385207860951
0.73591229182759277 0.5625 0 0.72377646765540715
0.73591229182759277 0.61091229182759288 0 0.69360018538651758
0.73591229182759277 0.63908770817240734 0 0.66839013739889053
0.73591229182759277 0.68750000000000011 0 0.61358805993408916
0.73591229182759277 0.73591229182759288 0 0.54450217737974005
0.73591229182759277 0.76408770817240756 0 0.4979200836759991
0.73591229182759277 0.81250000000000011 0 0.40998643388918166
0.73591229182759277 0.86091229182759288 0 0.31250865049703014
0.73591229182759277 0.88908770817240734 0 0.25164621217240218
0.73591229182759277 0.93749999999999989 0 0.14396809047653644
0.73591229182759277 0.98591229182759266 0 0.032938514660936336
0.73591229182759277 1.0140877081724071 0 -0.032938513961030209
0.73591229182759277 1.0625 0 -0.14396808984857223
0.73591229182759277 1.1109122918275927 0 -0.25164621170733148
0.73591229182759277 1.1390877081724073 0 -0.31250865016550822
0.73591229182759277 1.1875 0 -0.40998643380608829
0.73591229182759277 1.2359122918275927 0 -0.49792008385851944
0.73591229182759277 1.2640877081724076 0 -0.54450217770774278
0.73591229182759277 1.3125000000000004 0 -0.61358806023704582
0.73591229182759277 1.3609122918275931 0 -0.66839013729215513
0.73591229182759277 1.3890877081724078 0 -0.69360018489645947
0.73591229182759277 1.4375000000000004 0 -0.72377646674845209
0.73591229182759277 1.4859122918275931 0 -0.73710385113029531
0.73591229182759277 1.5140877081724078 0 -0.73710385114750621
0.73591229182759277 1.5625000000000002 0 -0.72377646694846631
0.73591229182759277 1.6109122918275927 0 -0.69360018547084779
0.73591229182759277 1.6390877081724076 0 -0.66839013815251036
0.73591229182759277 1.6875 0 -0.61358806139924083
0.73591229182759277 1.7359122918275927 0 -0.5445021788885066
0.73591229182759277 1.7640877081724073 0 -0.49792008493449125
0.73591229182759277 1.8125 0 -0.40998643472908874
0.73591229182759277 1.8609122918275927 0 -0.31250865100194214
0.73591229182759277 1.8890877081724073 0 -0.25164621251627395
0.73591229182759277 1.9374999999999998 0 -0.14396809053251552
0.73591229182759277 1.9859122918275927 0 -0.032938514404982168
0.76408770817240745 0.014087708172407284 0 0.030120628561157319
0.76408770817240734 0.0625 0 0.13165163818797601
0.76408770817240734 0.11091229182759271 0 0.23011791021784317
0.76408770817240745 0.13908770817240729 0 0.28577357467331299
0.76408770817240734 0.1875 0 0.37491214603200762
0.76408770817240734 0.23591229182759271 0 0.45532308313715547
0.76408770817240745 0.26408770817240734 0 0.49792008454191272
0.76408770817240734 0.31250000000000006 0 0.56109567832577245
0.76408770817240734 0.36091229182759277 0 0.61120944456754411
0.76408770817240745 0.38908770817240734 0 0.63426277582775503
0.76408770817240734 0.4375 0 0.66185748058276006
0.76408770817240734 0.48591229182759271 0 0.67404470879970757
0.76408770817240734 0.51408770817240723 0 0.67404470869182032
0.76408770817240734 0.5625 0 0.66185748017782342
0.76408770817240734 0.61091229182759288 0 0.63426277523995023
0.76408770817240734 0.63908770817240734 0 0.61120944391872001
0.76408770817240734 0.6875 0 0.56109567754103895
0.76408770817240734 0.73591229182759288 0 0.49792008356645479
0.76408770817240734 0.76408770817240734 0 0.45532308203821392
0.76408770817240734 0.81250000000000011 0 0.37491214489382108
0.76408770817240734 0.86091229182759288 0 0.28577357374220069
0.76408770817240734 0.88908770817240723 0 0.23011790950646169
0.76408770817240734 0.9375 0 0.13165163780848041
0.76408770817240734 0.98591229182759266 0 0.03012062842501876
0.76408770817240734 1.0140877081724071 0 -0.030120628594942262
0.76408770817240734 1.0625 0 -0.13165163809086938
0.76408770817240734 1.1109122918275927 0 -0.23011791004349905
0.76408770817240734 1.1390877081724071 0 -0.28577357447689816
0.76408770817240734 1.1875 0 -0.37491214580924836
0.76408770817240734 1.2359122918275927 0 -0.45532308289873824
0.76408770817240734 1.2640877081724073 0 -0.49792008429758233
0.76408770817240734 1.3125000000000004 0 -0.56109567805055904
0.76408770817240734 1.3609122918275931 0 -0.61120944423151291
0.76408770817240734 1.3890877081724078 0 -0.63426277544773479
0.76408770817240734 1.4375000000000004 0 -0.66185748019146728
0.76408770817240734 1.4859122918275931 0 -0.67404470848971398
0.76408770817240734 1.5140877081724078 0 -0.67404470847737363
0.76408770817240734 1.5625000000000004 0 -0.66185748029604807
0.76408770817240734 1.6109122918275929 0 -0.63426277591606739
0.76408770817240734 1.6390877081724073 0 -0.61120944499955632
0.76408770817240734 1.6875 0 -0.56109567909425573
0.76408770817240734 1.7359122918275924 0 -0.4979200852587245
0.76408770817240734 1.7640877081724073 0 -0.45532308366742125
0.76408770817240734 1.8125 0 -0.37491214631146147
0.76408770817240734 1.8609122918275927 0 -0.28577357483833754
0.76408770817240734 1.8890877081724071 0 -0.23011791037149668
0.76408770817240734 1.9375 0 -0.13165163830175486
0.76408770817240734 1.9859122918275927 0 -0.030120628592933112
0.81250000000000011 0.014087708172407285 0 0.024801267279676718
0.8125 0.0625 0 0.10840170418790375
0.8125 0.11091229182759271 0 0.18947864212617535
0.81250000000000011 0.13908770817240729 0 0.23530540860553531
0.8125 0.1875 0 0.30870193584696831
0.8125 0.23591229182759271 0 0.37491214587808674
0.81250000000000011 0.26408770817240734 0 0.40998643439979238
0.8125 0.31250000000000006 0 0.4620050961352003
0.8125 0.36091229182759277 0 0.50326867445745194
0.81250000000000011 0.38908770817240734 0 0.52225074294086726
0.8125 0.4375 0 0.54497216946333626
0.8125 0.48591229182759277 0 0.5550071093229425
0.8125 0.51408770817240734 0 0.55500710896703664
0.8125 0.5625 0 0.54497216835592077
0.8125 0.61091229182759288 0 0.52225074181247599
0.8125 0.63908770817240734 0 0.50326867360254612
0.8125 0.68750000000000011 0 0.46200509546952984
0.8125 0.73591229182759288 0 0.40998643345857799
0.8125 0.76408770817240756 0 0.3749121445997024
0.8125 0.8125 0 0.30870193425190434
0.8125 0.86091229182759288 0 0.2353054071065652
0.8125 0.88908770817240723 0 0.18947864084993529
0.8125 0.93749999999999989 0 0.10840170322702901
0.8125 0.98591229182759266 0 0.024801266498603151
0.8125 1.0140877081724071 0 -0.024801268012995491
0.8125 1.0625 0 -0.10840170485276707
0.8125 1.1109122918275927 0 -0.18947864272778617
0.8125 1.1390877081724073 0 -0.23530540917287426
0.8125 1.1875 0 -0.30870193636199594
0.8125 1.2359122918275927 0 -0.37491214634943237
0.8125 1.2640877081724076 0 -0.40998643484527059
0.8125 1.3125000000000004 0 -0.46200509646811477
0.8125 1.3609122918275931 0 -0.50326867458209112
0.8125 1.3890877081724078 0 -0.52225074292086526
0.8125 1.4375000000000004 0 -0.54497216946912808
0.8125 1.4859122918275931 0 -0.55500710974615675
0.8125 1.5140877081724078 0 -0.55500710978663281
0.8125 1.5625000000000004 0 -0.54497216971106066
0.8125 1.6109122918275927 0 -0.52225074346086386
0.8125 1.6390877081724076 0 -0.50326867532274855
0.8125 1.6875 0 -0.46200509733672435
0.8125 1.7359122918275927 0 -0.40998643553016012
0.8125 1.7640877081724073 0 -0.37491214680147528
0.8125 1.8125 0 -0.30870193646522232
0.8125 1.8609122918275927 0 -0.23530540903023617
0.8125 1.8890877081724073 0 -0.18947864248338053
0.8125 1.9375 0 -0.10840170441194012
0.8125 1.9859122918275927 0 -0.024801267335302895
0.86091229182759277 0.014087708172407287 0 0.018904553721238365
0.86091229182759277 0.0625 0 0.082628271246677529
0.86091229182759277 0.11091229182759271 0 0.14442847326427843
0.86091229182759277 0.13908770817240729 0 0.17935953378221611
0.86091229182759277 0.1875 0 0.23530540847893031
0.86091229182759277 0.23591229182759271 0 0.28577357440151302
0.86091229182759277 0.26408770817240734 0 0.31250865064342492
0.86091229182759277 0.31250000000000006 0 0.35215943036712799
0.86091229182759277 0.36091229182759277 0 0.38361223983059223
0.86091229182759277 0.38908770817240734 0 0.39808115910424413
0.86091229182759277 0.4375 0 0.41540037199371893
0.86091229182759277 0.48591229182759277 0 0.4230494189048305
0.86091229182759277 0.51408770817240734 0 0.4230494185313885
0.86091229182759277 0.5625 0 0.41540037082019271
0.86091229182759277 0.61091229182759288 0 0.39808115787927462
0.86091229182759277 0.63908770817240734 0 0.38361223886954582
0.86091229182759277 0.68750000000000011 0 0.35215942959038904
0.86091229182759277 0.73591229182759288 0 0.31250864960039554
0.86091229182759277 0.76408770817240745 0 0.28577357302861023
0.86091229182759277 0.8125 0 0.2353054067347739
0.86091229182759277 0.86091229182759277 0 0.17935953198470608
0.86091229182759277 0.88908770817240723 0 0.14442847156779662
0.86091229182759277 0.93749999999999989 0 0.082628269733234824
0.86091229182759277 0.98591229182759266 0 0.018904552371789684
0.86091229182759277 1.0140877081724071 0 -0.018904554982881322
0.86091229182759277 1.0625 0 -0.082628272353337737
0.86091229182759277 1.1109122918275927 0 -0.14442847420830346
0.86091229182759277 1.1390877081724073 0 -0.1793595346341875
0.86091229182759277 1.1875 0 -0.23530540927051363
0.86091229182759277 1.2359122918275927 0 -0.28577357526962477
0.86091229182759277 1.2640877081724076 0 -0.31250865160095248
0.86091229182759277 1.3125000000000004 0 -0.3521594312786519
0.86091229182759277 1.3609122918275931 0 -0.38361224040428693
0.86091229182759277 1.3890877081724078 0 -0.39808115938735844
0.86091229182759277 1.4375000000000004 0 -0.4154003722316274
0.86091229182759277 1.4859122918275931 0 -0.42304941975930205
0.86091229182759277 1.5140877081724078 0 -0.42304942000042972
0.86091229182759277 1.5625000000000004 0 -0.41540037303897565
0.86091229182759277 1.6109122918275931 0 -0.3980811603543995
0.86091229182759277 1.6390877081724076 0 -0.38361224129382254
0.86091229182759277 1.6875 0 -0.35215943199675948
0.86091229182759277 1.7359122918275927 0 -0.31250865213554707
0.86091229182759277 1.7640877081724073 0 -0.28577357568839296
0.86091229182759277 1.8125 0 -0.23530540942200037
0.86091229182759277 1.8609122918275927 0 -0.17935953442457545
0.86091229182759277 1.8890877081724073 0 -0.14442847375123674
0.86091229182759277 1.9374999999999998 0 -0.082628271496787489
0.86091229182759277 1.9859122918275927 0 -0.018904553772137858
0.88908770817240734 0.014087708172407284 0 0.015222808485181564
0.88908770817240734 0.0625 0 0.066536050878997388
0.88908770817240734 0.11091229182759271 0 0.11630039086236184
0.88908770817240734 0.13908770817240729 0 0.14442847319906665
0.88908770817240734 0.1875 0 0.18947864193914141
0.88908770817240734 0.23591229182759271 0 0.23011790989405209
0.88908770817240734 0.26408770817240734 0 0.25164621210369503
0.88908770817240734 0.31250000000000006 0 0.28357482755416513
0.88908770817240734 0.36091229182759277 0 0.30890206359192657
0.88908770817240734 0.38908770817240734 0 0.32055309698111562
0.88908770817240734 0.4375 0 0.33449931673071415
0.88908770817240734 0.48591229182759271 0 0.34065867801555927
0.88908770817240734 0.51408770817240723 0 0.34065867772663294
0.88908770817240734 0.5625 0 0.33449931578092074
0.88908770817240734 0.61091229182759288 0 0.32055309588482706
0.88908770817240734 0.63908770817240734 0 0.3089020626138595
0.88908770817240734 0.6875 0 0.28357482662099875
0.88908770817240734 0.73591229182759288 0 0.25164621094302542
0.88908770817240734 0.76408770817240734 0 0.23011790849408315
0.88908770817240734 0.8125 0 0.18947864022646918
0.88908770817240734 0.86091229182759266 0 0.14442847133838213
0.88908770817240734 0.88908770817240723 0 0.11630038898886935
0.88908770817240734 0.9375 0 0.066536049071663106
0.88908770817240734 0.98591229182759266 0 0.015222806850075146
0.88908770817240734 1.0140877081724071 0 -0.015222809975567575
0.88908770817240734 1.0625 0 -0.066536052110503022
0.88908770817240734 1.1109122918275927 0 -0.11630039183150818
0.88908770817240734 1.1390877081724071 0 -0.1444284740250813
0.88908770817240734 1.1875 0 -0.18947864270578696
0.88908770817240734 1.2359122918275929 0 -0.23011791086143391
0.88908770817240734 1.2640877081724073 0 -0.25164621327764097
0.88908770817240734 1.3125000000000004 0 -0.28357482877982665
0.88908770817240734 1.3609122918275931 0 -0.30890206442080137
0.88908770817240734 1.3890877081724078 0 -0.32055309742512678
0.88908770817240734 1.4375000000000004 0 -0.33449931704979813
0.88908770817240734 1.4859122918275931 0 -0.3406586790019111
0.88908770817240734 1.5140877081724078 0 -0.34065867940970418
0.88908770817240734 1.5625000000000004 0 -0.33449931833249325
0.88908770817240734 1.6109122918275929 0 -0.32055309876711124
0.88908770817240734 1.6390877081724073 0 -0.30890206546674087
0.88908770817240734 1.6875 0 -0.2835748294339176
0.88908770817240734 1.7359122918275924 0 -0.25164621378515378
0.88908770817240734 1.7640877081724073 0 -0.23011791137489912
0.88908770817240734 1.8125 0 -0.18947864305620235
0.88908770817240734 1.8609122918275927 0 -0.14442847394635266
0.88908770817240723 1.8890877081724071 0 -0.11630039139611098
0.88908770817240734 1.9375 0 -0.066536051116169809
0.88908770817240734 1.9859122918275927 0 -0.015222808524305489
0.9375 0.014087708172407285 0 0.008709046898126618
0.9375 0.0625 0 0.03806561634273925
0.9375 0.11091229182759271 0 0.066536050758608245
0.9375 0.13908770817240729 0 0.082628271082643368
0.9375 0.1875 0 0.1084017039301587
0.9375 0.23591229182759271 0 0.13165163780372141
0.9375 0.26408770817240734 0 0.14396809004765046
0.9375 0.31250000000000006 0 0.16223461489019911
0.9375 0.36091229182759277 0 0.1767244566523527
0.9375 0.38908770817240734 0 0.1833900726574115
0.9375 0.4375 0 0.19136877656650694
0.9375 0.48591229182759277 0 0.1948925787914465
0.9375 0.51408770817240734 0 0.19489257863697379
0.9375 0.5625 0 0.19136877598296009
0.9375 0.61091229182759288 0 0.18339007180245162
0.9375 0.63908770817240734 0 0.17672445570278994
0.9375 0.68750000000000011 0 0.16223461374633669
0.9375 0.73591229182759288 0 0.14396808864931621
0.9375 0.76408770817240756 0 0.13165163623523332
0.9375 0.8125 0 0.10840170211749181
0.9375 0.86091229182759288 0 0.082628269098982451
0.9375 0.88908770817240712 0 0.066536048712171628
0.9375 0.93749999999999989 0 0.038065614298071641
0.9375 0.98591229182759277 0 0.008709045000455445
0.9375 1.0140877081724071 0 -0.0087090486474910283
0.9375 1.0625 0 -0.03806561779193858
0.9375 1.1109122918275927 0 -0.066536051859229436
0.9375 1.1390877081724073 0 -0.082628271976255219
0.9375 1.1875 0 -0.10840170473761813
0.9375 1.2359122918275927 0 -0.13165163890520817
0.9375 1.2640877081724076 0 -0.1439680914569659
0.9375 1.3125000000000004 0 -0.16223461647929666
0.9375 1.3609122918275931 0 -0.17672445789662
0.9375 1.3890877081724078 0 -0.18339007351407613
0.9375 1.4375000000000004 0 -0.19136877726828486
0.9375 1.4859122918275931 0 -0.19489258010308236
0.9375 1.5140877081724078 0 -0.19489258060598688
0.9375 1.5625000000000004 0 -0.19136877884493095
0.9375 1.6109122918275927 0 -0.18339007515053915
0.9375 1.6390877081724076 0 -0.17672445915758883
0.9375 1.6875 0 -0.16223461725075194
0.9375 1.7359122918275927 0 -0.1439680920583517
0.9375 1.7640877081724073 0 -0.13165163952757472
0.9375 1.8125 0 -0.10840170518903965
0.9375 1.8609122918275927 0 -0.082628271936180886
0.93749999999999989 1.8890877081724073 0 -0.066536051403427166
0.9375 1.9375 0 -0.038065616671625849
0.9375 1.9859122918275927 0 -0.0087090469644881784
0.98591229182759277 0.014087708172407287 0 0.001992546110013582
0.98591229182759277 0.0625 0 0.0087090467112110152
0.98591229182759277 0.11091229182759271 0 0.015222808231279836
0.98591229182759277 0.13908770817240729 0 0.018904553474915039
0.98591229182759277 0.1875 0 0.024801266994567139
0.98591229182759277 0.23591229182759271 0 0.030120628152983279
0.98591229182759277 0.26408770817240734 0 0.032938513885888698
0.98591229182759277 0.31250000000000006 0 0.0371177189698884
0.98591229182759277 0.36091229182759277 0 0.040432855332790729
0.98591229182759277 0.38908770817240734 0 0.041957884142965765
0.98591229182759277 0.4375 0 0.043783334824600027
0.98591229182759277 0.48591229182759277 0 0.044589546849322967
0.98591229182759277 0.51408770817240734 0 0.044589546790971435
0.98591229182759277 0.5625 0 0.0437833345175309
0.98591229182759277 0.61091229182759288 0 0.041957883512518668
0.98591229182759277 0.63908770817240734 0 0.040432854482013419
0.98591229182759277 0.68750000000000011 0 0.037117717719509072
0.98591229182759277 0.73591229182759288 0 0.032938512214202791
0.98591229182759277 0.76408770817240745 0 0.030120626237497755
0.98591229182759277 0.8125 0 0.024801264836191373
0.98591229182759277 0.86091229182759277 0 0.018904551320913024
0.98591229182759277 0.88908770817240723 0 0.015222806179923507
0.98591229182759277 0.93749999999999989 0 0.0087090447989284919
0.98591229182759277 0.98591229182759266 0 0.0019925442598328087
0.98591229182759277 1.0140877081724071 0 -0.0019925479490506327
0.98591229182759277 1.0625 0 -0.0087090484149587588
0.98591229182759277 1.1109122918275927 0 -0.015222809630240235
0.98591229182759277 1.1390877081724073 0 -0.018904554640862548
0.98591229182759277 1.1875 0 -0.024801268006039323
0.98591229182759277 1.2359122918275929 0 -0.030120629369507296
0.98591229182759277 1.2640877081724076 0 -0.032938515358544709
0.98591229182759277 1.3125000000000004 0 -0.037117720679911488
0.98591229182759277 1.3609122918275931 0 -0.040432856961507647
0.98591229182759277 1.3890877081724078 0 -0.04195788560766614
0.98591229182759277 1.4375000000000004 0 -0.043783336264404039
0.98591229182759277 1.4859122918275931 0 -0.044589548654218852
0.98591229182759277 1.5140877081724078 0 -0.044589548970972302
0.98591229182759277 1.5625000000000004 0 -0.043783337363743471
0.98591229182759277 1.6109122918275931 0 -0.041957887015639905
0.98591229182759277 1.6390877081724076 0 -0.040432858344872022
0.98591229182759277 1.6875 0 -0.037117721882790868
0.98591229182759277 1.7359122918275927 0 -0.032938516236530768
0.98591229182759277 1.7640877081724073 0 -0.030120629997152891
0.98591229182759277 1.8125000000000002 0 -0.0248012681779026
0.98591229182759277 1.8609122918275927 0 -0.018904554335877823
0.98591229182759266 1.8890877081724073 0 -0.01522280903734663
0.98591229182759277 1.9374999999999998 0 -0.008709047298980678
0.98591229182759277 1.9859122918275927 0 -0.0019925462726001594
1.0140877081724071 0.014087708172407284 0 -0.0019925462642894796
1.0140877081724071 0.0625 0 -0.008709047220334722
1.0140877081724071 0.11091229182759271 0 -0.0152228088236467
1.0140877081724071 0.13908770817240729 0 -0.018904554011089716
1.0140877081724071 0.1875 0 -0.024801267565326964
1.0140877081724071 0.23591229182759271 0 -0.030120628968417888
1.0140877081724071 0.26408770817240734 0 -0.032938514925666046
1.0140877081724071 0.31250000000000006 0 -0.037117720310759328
1.0140877081724071 0.36091229182759277 0 -0.040432856835992036
1.0140877081724071 0.38908770817240734 0 -0.041957885683782434
1.0140877081724071 0.4375 0 -0.043783336439385701
1.0140877081724071 0.48591229182759271 0 -0.04458954856513167
1.0140877081724071 0.51408770817240723 0 -0.044589548587511324
1.0140877081724071 0.5625 0 -0.043783336635051143
1.0140877081724071 0.61091229182759288 0 -0.041957886202042285
1.0140877081724071 0.63908770817240734 0 -0.04043285760740653
1.0140877081724071 0.6875 0 -0.037117721578835916
1.0140877081724071 0.73591229182759288 0 -0.032938516761157888
1.0140877081724071 0.76408770817240734 0 -0.030120631144807845
1.0140877081724071 0.8125 0 -0.02480127001187081
1.0140877081724071 0.86091229182759266 0 -0.018904556281227097
1.0140877081724071 0.88908770817240723 0 -0.015222810817083295
1.0140877081724071 0.9375 0 -0.0087090489201536014
1.0140877081724071 0.98591229182759266 0 -0.0019925479688688184
1.0140877081724071 1.0140877081724071 0 0.0019925444433067647
1.0140877081724071 1.0625 0 0.0087090453658121778
1.0140877081724071 1.1109122918275927 0 0.015222807197578746
1.0140877081724071 1.1390877081724071 0 0.018904552615199612
1.0140877081724071 1.1875 0 0.024801266375393455
1.0140877081724071 1.2359122918275929 0 0.030120627694003893
1.0140877081724071 1.2640877081724073 0 0.032938513484635654
1.0140877081724071 1.3125000000000004 0 0.037117718629426644
1.0140877081724071 1.3609122918275931 0 0.040432855007799265
1.0140877081724071 1.3890877081724078 0 0.041957883807174329
1.0140877081724071 1.4375000000000004 0 0.043783334452384325
1.0140877081724071 1.4859122918275931 0 0.044589546420397169
1.0140877081724071 1.5140877081724078 0 0.044589546317986402
1.0140877081724071 1.5625000000000004 0 0.043783333923684456
1.0140877081724071 1.6109122918275929 0 0.041957882736994571
1.0140877081724071 1.6390877081724073 0 0.040432853600158192
1.0140877081724071 1.6875 0 0.03711771707166539
1.0140877081724071 1.7359122918275924 0 0.032938512386714379
1.0140877081724071 1.7640877081724073 0 0.030120627106674198
1.0140877081724071 1.8125000000000002 0 0.024801266506184621
1.0140877081724071 1.8609122918275929 0 0.018904553180678338
1.0140877081724071 1.8890877081724071 0 0.015222807904926819
1.0140877081724071 1.9375 0 0.0087090464212363338
1.0140877081724071 1.9859122918275927 0 0.0019925460207433359
1.0625 0.014087708172407285 0 -0.008709047060602871
1.0625 0.0625 0 -0.038065616880215196
1.0625 0.11091229182759271 0 -0.066536051387041453
1.0625 0.13908770817240729 0 -0.082628271653339663
1.0625 0.1875 0 -0.10840170451771433
1.0625 0.23591229182759271 0 -0.13165163859850182
1.0625 0.26408770817240734 0 -0.14396809103591288
1.0625 0.31250000000000006 0 -0.16223461611117723
1.0625 0.36091229182759277 0 -0.17672445794790739
1.0625 0.38908770817240734 0 -0.18339007393634044
1.0625 0.4375 0 -0.19136877790842965
1.0625 0.48591229182759277 0 -0.19489258033985865
1.0625 0.51408770817240734 0 -0.19489258037016147
1.0625 0.5625 0 -0.1913687781224189
1.0625 0.61091229182759288 0 -0.18339007445725625
1.0625 0.63908770817240734 0 -0.17672445870520462
1.0625 0.68750000000000011 0 -0.16223461738942233
1.0625 0.73591229182759288 0 -0.14396809298243807
1.0625 0.76408770817240756 0 -0.13165164097068299
1.0625 0.8125 0 -0.1084017072102282
1.0625 0.86091229182759288 0 -0.08262827407896764
1.0625 0.88908770817240734 0 -0.066536053429099698
1.0625 0.9375 0 -0.03806561851258819
1.0625 0.98591229182759277 0 -0.0087090486899774992
1.0625 1.0140877081724071 0 0.0087090452739868492
1.0625 1.0625 0 0.038065614980665151
1.0625 1.1109122918275927 0 0.066536049634679087
1.0625 1.1390877081724073 0 0.082628270087274996
1.0625 1.1875 0 0.10840170315330759
1.0625 1.2359122918275927 0 0.13165163724449425
1.0625 1.2640877081724076 0 0.14396808960370625
1.0625 1.3125000000000004 0 0.16223461445769222
1.0625 1.3609122918275931 0 0.17672445597150865
1.0625 1.3890877081724078 0 0.18339007173869754
1.0625 1.4375000000000004 0 0.19136877547884801
1.0625 1.4859122918275931 0 0.19489257789498704
1.0625 1.5140877081724078 0 0.1948925779851218
1.0625 1.5625000000000004 0 0.19136877548559933
1.0625 1.6109122918275927 0 0.18339007105302971
1.0625 1.6390877081724076 0 0.17672445466857842
1.0625 1.6875 0 0.16223461273353051
1.0625 1.7359122918275927 0 0.14396808841019279
1.0625 1.7640877081724073 0 0.13165163673521482
1.0625 1.8125000000000002 0 0.10840170350737054
1.0625 1.8609122918275929 0 0.082628270773403012
1.0625 1.8890877081724073 0 0.066536050307857336
1.0625 1.9375 0 0.038065615862196332
1.0625 1.9859122918275927 0 0.0087090467387475768
1.1109122918275927 0.014087708172407284 0 -0.015222808666225348
1.1109122918275927 0.0625 0 -0.066536051480669503
1.1109122918275927 0.11091229182759271 0 -0.11630039157245782
1.1109122918275927 0.13908770817240729 0 -0.14442847384792823
1.1109122918275927 0.1875 0 -0.18947864256472699
1.1109122918275927 0.23591229182759271 0 -0.23011791064206716
1.1109122918275927 0.26408770817240734 0 -0.25164621297531631
1.1109122918275927 0.31250000000000006 0 -0.28357482850367871
1.1109122918275927 0.36091229182759277 0 -0.30890206441732193
1.1109122918275927 0.38908770817240734 0 -0.32055309766707096
1.1109122918275927 0.43749999999999994 0 -0.33449931745481276
1.1109122918275927 0.48591229182759271 0 -0.34065867918494774
1.1109122918275927 0.51408770817240734 0 -0.34065867931637711
1.1109122918275927 0.5625 0 -0.33449931797005422
1.1109122918275927 0.61091229182759288 0 -0.32055309846102065
1.1109122918275927 0.63908770817240734 0 -0.30890206533782333
1.1109122918275927 0.6875 0 -0.28357482977446491
1.1109122918275927 0.73591229182759288 0 -0.25164621479198007
1.1109122918275927 0.76408770817240734 0 -0.23011791284040176
1.1109122918275927 0.8125 0 -0.18947864513140369
1.1109122918275927 0.86091229182759277 0 -0.14442847636290757
1.1109122918275927 0.88908770817240734 0 -0.11630039388641153
1.1109122918275927 0.9375 0 -0.06653605349741322
1.1109122918275927 0.98591229182759277 0 -0.015222810495413134
1.1109122918275927 1.0140877081724071 0 0.015222806901484667
1.1109122918275927 1.0625 0 0.066536049837829625
1.1109122918275927 1.1109122918275927 0 0.11630039007816984
1.1109122918275927 1.1390877081724073 0 0.14442847244558271
1.1109122918275927 1.1875 0 0.18947864122639066
1.1109122918275927 1.2359122918275927 0 0.2301179092342073
1.1109122918275927 1.2640877081724076 0 0.25164621147113692
1.1109122918275927 1.3125000000000004 0 0.28357482682361479
1.1109122918275927 1.3609122918275931 0 0.30890206256044112
1.1109122918275927 1.3890877081724078 0 0.32055309570661095
1.1109122918275927 1.4375000000000004 0 0.3344993153114949
1.1109122918275927 1.4859122918275931 0 0.34065867685206702
1.1109122918275927 1.5140877081724078 0 0.34065867686156887
1.1109122918275927 1.5625000000000004 0 0.33449931515594777
1.1109122918275927 1.6109122918275927 0 0.32055309507973606
1.1109122918275927 1.6390877081724076 0 0.30890206155670258
1.1109122918275927 1.6875 0 0.28357482558216351
1.1109122918275927 1.7359122918275927 0 0.25164621059359477
1.1109122918275927 1.7640877081724073 0 0.2301179088047034
1.1109122918275927 1.8125000000000002 0 0.18947864135200204
1.1109122918275927 1.8609122918275929 0 0.14442847276641593
1.1109122918275927 1.8890877081724073 0 0.11630039038397827
1.1109122918275927 1.9375 0 0.066536050461421026
1.1109122918275927 1.9859122918275924 0 0.015222808357698094
1.1390877081724073 0.014087708172407284 0 -0.018904553914327528
1.1390877081724073 0.0625 0 -0.082628271891010519
1.1390877081724073 0.11091229182759271 0 -0.14442847403095302
1.1390877081724073 0.13908770817240729 0 -0.1793595344871276
1.1390877081724073 0.1875 0 -0.23530540913047274
1.1390877081724073 0.23591229182759271 0 -0.28577357510644963
1.1390877081724073 0.26408770817240734 0 -0.31250865141424727
1.1390877081724073 0.31250000000000006 0 -0.35215943109238174
1.1390877081724073 0.36091229182759277 0 -0.38361224027840202
1.1390877081724073 0.38908770817240729 0 -0.39808115931928989
1.1390877081724073 0.4375 0 -0.41540037222677156
1.1390877081724073 0.48591229182759271 0 -0.42304941976128352
1.1390877081724073 0.51408770817240723 0 -0.42304941998454881
1.1390877081724073 0.5625 0 -0.41540037301754829
1.1390877081724073 0.61091229182759266 0 -0.39808116036814489
1.1390877081724073 0.63908770817240734 0 -0.38361224135685412
1.1390877081724073 0.6875 0 -0.35215943234752756
1.1390877081724073 0.73591229182759277 0 -0.31250865305263031
1.1390877081724073 0.76408770817240734 0 -0.28577357704582129
1.1390877081724073 0.8125 0 -0.23530541145973405
1.1390877081724073 0.86091229182759277 0 -0.17935953700814458
1.1390877081724073 0.88908770817240734 0 -0.14442847657143185
1.1390877081724073 0.9375 0 -0.08262827429248111
1.1390877081724073 0.98591229182759277 0 -0.018904555956761163
1.1390877081724073 1.0140877081724071 0 0.018904552164461356
1.1390877081724073 1.0625 0 0.082628270517992888
1.1390877081724073 1.1109122918275927 0 0.14442847283727356
1.1390877081724073 1.1390877081724071 0 0.17935953331047377
1.1390877081724073 1.1875 0 0.23530540788751744
1.1390877081724073 1.2359122918275929 0 0.28577357368415796
1.1390877081724073 1.2640877081724073 0 0.31250864984747351
1.1390877081724073 1.3125000000000004 0 0.35215942939024641
1.1390877081724073 1.3609122918275931 0 0.38361223860953464
1.1390877081724073 1.3890877081724078 0 0.39808115772666758
1.1390877081724073 1.4375000000000004 0 0.4154003705466206
1.1390877081724073 1.4859122918275931 0 0.42304941767225951
1.1390877081724073 1.5140877081724078 0 0.4230494175300028
1.1390877081724073 1.5625000000000004 0 0.41540037002629893
1.1390877081724073 1.6109122918275929 0 0.39808115699992913
1.1390877081724073 1.6390877081724073 0 0.38361223784035176
1.1390877081724073 1.6875 0 0.35215942866134131
1.1390877081724073 1.7359122918275924 0 0.31250864929907685
1.1390877081724073 1.7640877081724073 0 0.28577357329506614
1.1390877081724073 1.8125000000000002 0 0.23530540770827341
1.1390877081724073 1.8609122918275927 0 0.17935953323793843
1.1390877081724073 1.8890877081724071 0 0.14442847280776752
1.1390877081724073 1.9375 0 0.082628270962725819
1.1390877081724073 1.9859122918275927 0 0.018904553651215589
1.1875 0.014087708172407285 0 -0.024801267441724135
1.1875 0.0625 0 -0.10840170474386775
1.1875 0.11091229182759271 0 -0.18947864282360241
1.1875 0.13908770817240729 0 -0.23530540927955937
1.1875 0.18749999999999997 0 -0.3087019364589445
1.1875 0.23591229182759271 0 -0.37491214642318355
1.1875 0.26408770817240734 0 -0.40998643489612419
1.1875 0.31250000000000006 0 -0.46200509641469145
1.1875 0.36091229182759271 0 -0.5032686743353485
1.1875 0.38908770817240729 0 -0.52225074253630166
1.1875 0.43749999999999994 0 -0.54497216904331447
1.1875 0.48591229182759266 0 -0.5550071095603869
1.1875 0.51408770817240734 0 -0.5550071098468019
1.1875 0.5625 0 -0.54497217002177623
1.1875 0.61091229182759277 0 -0.52225074375410985
1.1875 0.63908770817240734 0 -0.50326867550886822
1.1875 0.6875 0 -0.46200509757499669
1.1875 0.73591229182759288 0 -0.40998643617661912
1.1875 0.76408770817240745 0 -0.37491214783517107
1.1875 0.8125 0 -0.308701938204613
1.1875 0.86091229182759288 0 -0.23530541149540651
1.1875 0.88908770817240734 0 -0.18947864534466499
1.1875 0.9375 0 -0.10840170736703125
1.1875 0.98591229182759288 0 -0.024801269565155142
1.1875 1.0140877081724071 0 0.02480126584144559
1.1875 1.0625 0 0.10840170375955875
1.1875 1.1109122918275927 0 0.1894786420003805
1.1875 1.1390877081724073 0 0.23530540835955802
1.1875 1.1875 0 0.30870193533303675
1.1875 1.2359122918275927 0 0.37491214508228732
1.1875 1.2640877081724076 0 0.40998643343758534
1.1875 1.3125000000000004 0 0.46200509494461361
1.1875 1.3609122918275931 0 0.50326867312002066
1.1875 1.3890877081724078 0 0.52225074155624474
1.1875 1.4375000000000004 0 0.54497216807460225
1.1875 1.4859122918275931 0 0.55500710802900932
1.1875 1.5140877081724078 0 0.55500710776491624
1.1875 1.5625000000000004 0 0.54497216723890674
1.1875 1.6109122918275927 0 0.52225074066940014
1.1875 1.6390877081724076 0 0.50326867241403761
1.1875 1.6875 0 0.46200509446977012
1.1875 1.7359122918275927 0 0.40998643303030613
1.1875 1.7640877081724073 0 0.37491214464846206
1.1875 1.8125 0 0.30870193488425496
1.1875 1.8609122918275927 0 0.23530540795506971
1.1875 1.8890877081724073 0 0.18947864167196882
1.1875 1.9375 0 0.10840170399929125
1.1875 1.9859122918275927 0 0.024801267252340827
1.2359122918275927 0.014087708172407284 0 -0.030120628619078275
1.2359122918275927 0.0625 0 -0.13165163842684965
1.2359122918275927 0.11091229182759271 0 -0.23011791060964112
1.2359122918275927 0.13908770817240729 0 -0.28577357513493878
1.2359122918275927 0.1875 0 -0.37491214648508436
1.2359122918275927 0.23591229182759274 0 -0.4553230834055717
1.2359122918275927 0.26408770817240734 0 -0.49792008462932269
1.2359122918275927 0.31250000000000011 0 -0.56109567809072058
1.2359122918275927 0.36091229182759277 0 -0.611209444011929
1.2359122918275927 0.38908770817240734 0 -0.63426277510098894
1.2359122918275927 0.4375 0 -0.66185747981006127
1.2359122918275927 0.48591229182759266 0 -0.67404470832637475
1.2359122918275927 0.51408770817240734 0 -0.6740447085347242
1.2359122918275927 0.5625 0 -0.66185748054970406
1.2359122918275927 0.61091229182759277 0 -0.63426277608578996
1.2359122918275927 0.63908770817240734 0 -0.61120944501705443
1.2359122918275927 0.6875 0 -0.56109567906334223
1.2359122918275927 0.73591229182759288 0 -0.49792008550454558
1.2359122918275927 0.76408770817240734 0 -0.45532308421285972
1.2359122918275927 0.8125 0 -0.37491214744025819
1.2359122918275927 0.86091229182759288 0 -0.28577357661298886
1.2359122918275927 0.88908770817240734 0 -0.23011791251972788
1.2359122918275927 0.9375 0 -0.1316516406142271
1.2359122918275927 0.98591229182759277 0 -0.03012063039827818
1.2359122918275927 1.0140877081724071 0 0.030120627342336545
1.2359122918275927 1.0625 0 0.13165163769638824
1.2359122918275927 1.1109122918275927 0 0.23011790991458608
1.2359122918275927 1.1390877081724073 0 0.28577357425518518
1.2359122918275927 1.1875 0 0.37491214539069662
1.2359122918275927 1.2359122918275927 0 0.45532308229131468
1.2359122918275927 1.2640877081724076 0 0.49792008358763895
1.2359122918275927 1.3125000000000004 0 0.56109567723410292
1.2359122918275927 1.3609122918275931 0 0.61120944340469796
1.2359122918275927 1.3890877081724078 0 0.63426277464984882
1.2359122918275927 1.4375000000000004 0 0.66185747936146289
1.2359122918275927 1.4859122918275931 0 0.67404470750392731
1.2359122918275927 1.5140877081724078 0 0.67404470733908539
1.2359122918275927 1.5625000000000004 0 0.66185747871462086
1.2359122918275927 1.6109122918275929 0 0.634262773651879
1.2359122918275927 1.6390877081724076 0 0.61120944226908502
1.2359122918275927 1.6875000000000002 0 0.56109567607514521
1.2359122918275927 1.7359122918275927 0 0.49792008268885812
1.2359122918275927 1.7640877081724073 0 0.4553230816536219
1.2359122918275927 1.8125 0 0.37491214507215792
1.2359122918275927 1.8609122918275927 0 0.28577357404683995
1.2359122918275927 1.8890877081724073 0 0.23011790970702331
1.2359122918275927 1.9375 0 0.13165163788209475
1.2359122918275927 1.9859122918275924 0 0.030120628488146742
1.2640877081724076 0.014087708172407284 0 -0.032938514371277532
1.2640877081724076 0.0625 0 -0.14396809049307643
1.2640877081724076 0.11091229182759271 0 -0.25164621263825798
1.2640877081724076 0.13908770817240729 0 -0.31250865126993987
1.2640877081724076 0.1875 0 -0.40998643495806358
1.2640877081724076 0.23591229182759271 0 -0.49792008470387483
1.2640877081724076 0.26408770817240734 0 -0.54450217823510683
1.2640877081724076 0.31250000000000006 0 -0.61358806033650004
1.2640877081724076 0.36091229182759277 0 -0.66839013716452444
1.2640877081724076 0.38908770817240729 0 -0.69360018472455609
1.2640877081724076 0.43749999999999994 0 -0.72377646658194772
1.2640877081724076 0.48591229182759271 0 -0.73710385106227783
1.2640877081724076 0.51408770817240723 0 -0.73710385116860033
1.2640877081724076 0.5625 0 -0.72377646700868881
1.2640877081724076 0.61091229182759277 0 -0.69360018540206669
1.2640877081724076 0.63908770817240734 0 -0.66839013794965008
1.2640877081724076 0.6875 0 -0.61358806114512732
1.2640877081724076 0.73591229182759277 0 -0.54450217884956531
1.2640877081724076 0.76408770817240745 0 -0.49792008513374325
1.2640877081724076 0.81250000000000011 0 -0.40998643538407842
1.2640877081724076 0.86091229182759288 0 -0.31250865215037321
1.2640877081724076 0.88908770817240734 0 -0.25164621394939118
1.2640877081724076 0.9375 0 -0.14396809214789932
1.2640877081724076 0.98591229182759277 0 -0.032938515771530501
1.2640877081724076 1.0140877081724071 0 0.032938513350304878
1.2640877081724076 1.0625 0 0.1439680898457569
1.2640877081724073 1.1109122918275927 0 0.25164621191688119
1.2640877081724076 1.1390877081724076 0 0.31250865033267083
1.2640877081724076 1.1875 0 0.4099864338608058
1.2640877081724073 1.2359122918275929 0 0.49792008378570146
1.2640877081724076 1.2640877081724073 0 0.54450217755605168
1.2640877081724076 1.3125000000000004 0 0.61358805997688382
1.2640877081724073 1.3609122918275931 0 0.66839013696271421
1.2640877081724076 1.3890877081724078 0 0.69360018454323547
1.2640877081724076 1.4375000000000004 0 0.72377646635982085
1.2640877081724073 1.4859122918275931 0 0.7371038507098856
1.2640877081724076 1.5140877081724078 0 0.73710385068636519
1.2640877081724076 1.5625000000000004 0 0.72377646601464074
1.2640877081724073 1.6109122918275931 0 0.69360018350330022
1.2640877081724076 1.6390877081724073 0 0.66839013539732139
1.2640877081724076 1.6875 0 0.61358805807252426
1.2640877081724073 1.7359122918275924 0 0.54450217613561902
1.2640877081724076 1.7640877081724073 0 0.49792008296881374
1.2640877081724076 1.8125 0 0.40998643376636229
1.2640877081724073 1.8609122918275927 0 0.3125086504393188
1.2640877081724073 1.8890877081724071 0 0.25164621194412379
1.2640877081724076 1.9375 0 0.14396809006324288
1.2640877081724076 1.9859122918275927 0 0.032938514265672424
1.3125000000000002 0.014087708172407285 0 -0.03711771955019718
1.3125000000000002 0.0625 0 -0.16223461527238761
1.3125000000000004 0.11091229182759271 0 -0.28357482792820521
1.3125000000000002 0.13908770817240729 0 -0.35215943080324041
1.3125000000000002 0.1875 0 -0.46200509647811383
1.3125000000000002 0.23591229182759271 0 -0.56109567827799245
1.3125000000000002 0.26408770817240734 0 -0.6135880604948255
1.3125000000000002 0.31250000000000011 0 -0.69143948910304842
1.3125000000000002 0.36091229182759277 0 -0.75319479773066289
1.3125000000000002 0.38908770817240734 0 -0.78160347048769463
1.3125000000000002 0.4375 0 -0.81560848821580156
1.3125000000000002 0.48591229182759277 0 -0.83062683748793731
1.3125000000000002 0.51408770817240734 0 -0.83062683744999632
1.3125000000000002 0.5625 0 -0.81560848814803566
1.3125000000000002 0.61091229182759288 0 -0.78160347054588852
1.3125000000000002 0.63908770817240734 0 -0.75319479791730581
1.3125000000000002 0.68750000000000011 0 -0.69143948935247013
1.3125000000000002 0.73591229182759288 0 -0.61358806057136506
1.3125000000000002 0.76408770817240756 0 -0.56109567816956141
1.3125000000000002 0.81250000000000011 0 -0.46200509627481545
1.3125000000000002 0.86091229182759288 0 -0.35215943083936319
1.3125000000000002 0.88908770817240734 0 -0.28357482823341468
1.3125000000000002 0.9375 0 -0.16223461589479343
1.3125000000000002 0.98591229182759288 0 -0.037117720253836042
1.3125000000000002 1.0140877081724071 0 0.037117718892487037
1.3125000000000002 1.0625 0 0.16223461461864933
1.3125 1.1109122918275927 0 0.28357482715019466
1.3125000000000002 1.1390877081724076 0 0.35215942991290639
1.3125000000000002 1.1875000000000002 0 0.46200509561631403
1.3125 1.2359122918275927 0 0.56109567776615421
1.3125000000000002 1.2640877081724076 0 0.61358806030891089
1.3125000000000002 1.3125000000000004 0 0.6914394892950908
1.3125 1.3609122918275931 0 0.75319479801462796
1.3125000000000002 1.3890877081724078 0 0.78160347071235459
1.3125000000000002 1.4375000000000004 0 0.81560848843245892
1.3125 1.4859122918275931 0 0.83062683785629687
1.3125000000000002 1.5140877081724078 0 0.83062683794140224
1.3125000000000002 1.5625000000000004 0 0.81560848831960375
1.3125 1.6109122918275931 0 0.78160346964177674
1.3125000000000002 1.6390877081724076 0 0.7531947961205322
1.3125000000000002 1.6875000000000002 0 0.69143948680360723
1.3125 1.7359122918275927 0 0.61358805843534803
1.3125000000000002 1.7640877081724073 0 0.56109567673112293
1.3125000000000002 1.8125 0 0.46200509561677405
1.3125 1.8609122918275927 0 0.35215943026145446
1.3125 1.8890877081724073 0 0.28357482742500123
1.3125000000000002 1.9375 0 0.16223461490364094
1.3125000000000002 1.9859122918275927 0 0.037117719447879144
1.3609122918275929 0.014087708172407284 0 -0.040432856092884675
1.3609122918275929 0.0625 0 -0.17672445732821779
1.3609122918275931 0.11091229182759271 0 -0.30890206403744569
1.3609122918275929 0.13908770817240729 0 -0.38361224008347089
1.3609122918275929 0.1875 0 -0.50326867441105749
1.3609122918275929 0.23591229182759271 0 -0.61120944428085489
1.3609122918275929 0.26408770817240734 0 -0.66839013750364717
1.3609122918275929 0.31250000000000011 0 -0.75319479801700884
1.3609122918275929 0.36091229182759277 0 -0.82046572763094494
1.3609122918275929 0.38908770817240734 0 -0.85141169590832766
1.3609122918275929 0.4375 0 -0.88845384171621578
1.3609122918275929 0.48591229182759277 0 -0.90481354149035353
1.3609122918275929 0.51408770817240734 0 -0.90481354136567416
1.3609122918275929 0.5625 0 -0.88845384125719751
1.3609122918275929 0.61091229182759288 0 -0.85141169526077976
1.3609122918275929 0.63908770817240734 0 -0.82046572693883624
1.3609122918275929 0.68750000000000011 0 -0.75319479733037853
1.3609122918275929 0.73591229182759288 0 -0.66839013692195548
1.3609122918275929 0.76408770817240756 0 -0.61120944379538444
1.3609122918275929 0.81250000000000011 0 -0.50326867398911823
1.3609122918275929 0.86091229182759288 0 -0.38361223957325224
1.3609122918275929 0.88908770817240734 0 -0.3089020634289848
1.3609122918275929 0.9375 0 -0.17672445682140589
1.3609122918275929 0.98591229182759277 0 -0.040432856079644336
1.3609122918275929 1.0140877081724071 0 0.040432855674710284
1.3609122918275929 1.0625 0 0.17672445647388491
1.3609122918275927 1.1109122918275927 0 0.30890206321146108
1.3609122918275929 1.1390877081724076 0 0.38361223946493039
1.3609122918275929 1.1875000000000002 0 0.50326867412806808
1.3609122918275927 1.2359122918275929 0 0.61120944425728529
1.3609122918275929 1.2640877081724076 0 0.66839013759869392
1.3609122918275929 1.3125000000000004 0 0.75319479830117508
1.3609122918275927 1.3609122918275931 0 0.82046572809148621
1.3609122918275929 1.3890877081724078 0 0.85141169646719506
1.3609122918275929 1.4375000000000004 0 0.88845384246016212
1.3609122918275927 1.4859122918275931 0 0.90481354244312717
1.3609122918275929 1.5140877081724078 0 0.90481354242762191
1.3609122918275929 1.5625000000000004 0 0.88845384213036271
1.3609122918275927 1.6109122918275931 0 0.85141169541874384
1.3609122918275929 1.6390877081724076 0 0.82046572648911131
1.3609122918275929 1.6875000000000002 0 0.75319479628336183
1.3609122918275927 1.7359122918275927 0 0.66839013595313135
1.3609122918275929 1.7640877081724073 0 0.6112094431451961
1.3609122918275929 1.8125 0 0.50326867377897289
1.3609122918275927 1.8609122918275927 0 0.38361223958513002
1.3609122918275927 1.8890877081724073 0 0.30890206347427424
1.3609122918275929 1.9375 0 0.17672445682905197
1.3609122918275929 1.9859122918275924 0 0.040432855939389688
1.3890877081724073 0.014087708172407284 0 -0.041957885036789759
1.3890877081724073 0.0625 0 -0.18339007363789953
1.3890877081724078 0.11091229182759271 0 -0.32055309756269562
1.3890877081724073 0.13908770817240729 0 -0.39808115926665566
1.3890877081724073 0.1875 0 -0.52225074261857596
1.3890877081724073 0.23591229182759274 0 -0.63426277539786924
1.3890877081724073 0.26408770817240734 0 -0.69360018516737454
1.3890877081724073 0.31250000000000006 0 -0.78160347097883864
1.3890877081724073 0.36091229182759277 0 -0.85141169615788104
1.3890877081724073 0.38908770817240734 0 -0.88352487091111798
1.3890877081724073 0.4375 0 -0.92196415613119664
1.3890877081724073 0.48591229182759271 0 -0.9389409038689448
1.3890877081724073 0.51408770817240723 0 -0.93894090371611028
1.3890877081724073 0.5625 0 -0.92196415548820887
1.3890877081724073 0.61091229182759288 0 -0.88352486983229495
1.3890877081724073 0.63908770817240734 0 -0.85141169486572588
1.3890877081724073 0.6875 0 -0.78160346962288763
1.3890877081724073 0.73591229182759288 0 -0.69360018416365465
1.3890877081724073 0.76408770817240756 0 -0.63426277474961612
1.3890877081724073 0.81250000000000011 0 -0.52225074221387235
1.3890877081724073 0.86091229182759288 0 -0.39808115855207604
1.3890877081724073 0.88908770817240734 0 -0.32055309647181901
1.3890877081724073 0.9375 0 -0.18339007246047723
1.3890877081724073 0.98591229182759277 0 -0.041957884608587424
1.3890877081724073 1.0140877081724071 0 0.041957884717495626
1.3890877081724073 1.0625 0 0.1833900726156299
1.3890877081724073 1.1109122918275927 0 0.3205530967316807
1.3890877081724073 1.1390877081724076 0 0.39808115890201956
1.3890877081724073 1.1875 0 0.52225074280264516
1.3890877081724073 1.2359122918275929 0 0.63426277568831346
1.3890877081724073 1.2640877081724073 0 0.69360018534726542
1.3890877081724073 1.3125000000000004 0 0.78160347114756379
1.3890877081724073 1.3609122918275931 0 0.85141169660917226
1.3890877081724073 1.3890877081724078 0 0.88352487164113147
1.3890877081724073 1.4375000000000002 0 0.92196415721710678
1.3890877081724073 1.4859122918275931 0 0.93894090510972694
1.3890877081724073 1.5140877081724078 0 0.93894090495590066
1.3890877081724073 1.5625000000000004 0 0.92196415659131559
1.3890877081724073 1.6109122918275931 0 0.88352487063114837
1.3890877081724073 1.6390877081724073 0 0.85141169542166262
1.3890877081724073 1.6875000000000002 0 0.78160346982052054
1.3890877081724073 1.7359122918275924 0 0.69360018410222002
1.3890877081724073 1.7640877081724073 0 0.63426277458981251
1.3890877081724073 1.8125 0 0.52225074207758193
1.3890877081724073 1.8609122918275927 0 0.39808115869730976
1.3890877081724073 1.8890877081724071 0 0.32055309686999695
1.3890877081724073 1.9375 0 0.18339007299395477
1.3890877081724073 1.9859122918275927 0 0.041957884834493163
1.4375000000000002 0.014087708172407285 0 -0.043783335846188397
1.4375000000000002 0.0625 0 -0.19136877783364062
1.4375000000000004 0.11091229182759271 0 -0.33449931752023171
1.4375000000000002 0.13908770817240729 0 -0.41540037222473214
1.4375000000000002 0.1875 0 -0.5449721690511089
1.4375000000000002 0.23591229182759271 0 -0.66185748004106626
1.4375000000000002 0.26408770817240734 0 -0.72377646701932874
1.4375000000000002 0.31250000000000006 0 -0.81560848880746617
1.4375000000000002 0.36091229182759277 0 -0.88845384216164758
1.4375000000000002 0.38908770817240734 0 -0.92196415637348506
1.4375000000000002 0.4375 0 -0.96207580944083348
1.4375000000000002 0.48591229182759277 0 -0.97979116000075084
1.4375000000000002 0.51408770817240734 0 -0.97979115977452802
1.4375000000000002 0.5625 0 -0.96207580849898311
1.4375000000000002 0.61091229182759288 0 -0.92196415481172145
1.4375000000000002 0.63908770817240734 0 -0.88845384030211449
1.4375000000000002 0.68750000000000011 0 -0.81560848683348275
1.4375000000000002 0.73591229182759288 0 -0.72377646547420049
1.4375000000000002 0.76408770817240756 0 -0.66185747894232716
1.4375000000000002 0.81250000000000011 0 -0.54497216824475125
1.4375000000000002 0.86091229182759288 0 -0.41540037099491434
1.4375000000000002 0.88908770817240734 0 -0.33449931578981346
1.4375000000000002 0.9375 0 -0.19136877595570834
1.4375000000000002 0.98591229182759288 0 -0.043783334885442365
1.4375000000000002 1.0140877081724071 0 0.043783335877661513
1.4375000000000002 1.0625 0 0.1913687770171861
1.4375000000000002 1.1109122918275927 0 0.3344993170081097
1.4375000000000002 1.1390877081724076 0 0.41540037234207344
1.4375000000000002 1.1875000000000002 0 0.54497216983658214
1.4375000000000002 1.2359122918275927 0 0.6618574808023383
1.4375000000000002 1.2640877081724076 0 0.72377646749955693
1.4375000000000002 1.3125000000000004 0 0.81560848913516215
1.4375000000000002 1.3609122918275931 0 0.88845384286690421
1.4375000000000002 1.3890877081724076 0 0.92196415750502914
1.4375000000000002 1.4375000000000002 0 0.96207581108837781
1.4375000000000002 1.4859122918275931 0 0.97979116180922188
1.4375000000000002 1.5140877081724078 0 0.97979116153306189
1.4375000000000002 1.5625000000000004 0 0.96207581022781163
1.4375000000000002 1.6109122918275931 0 0.92196415662491515
1.4375000000000002 1.6390877081724076 0 0.88845384219550949
1.4375000000000002 1.6875000000000002 0 0.8156084885917011
1.4375000000000002 1.7359122918275927 0 0.72377646670562146
1.4375000000000002 1.7640877081724073 0 0.66185747972828857
1.4375000000000002 1.8125 0 0.54497216865808984
1.4375000000000002 1.8609122918275927 0 0.4154003716221647
1.4375000000000002 1.8890877081724073 0 0.33449931676062566
1.4375000000000002 1.9375 0 0.19136877711657896
1.4375000000000002 1.9859122918275927 0 0.043783335619682347
1.4859122918275929 0.014087708172407284 0 -0.044589547848044142
1.4859122918275929 0.0625 0 -0.19489257997942283
1.4859122918275931 0.11091229182759271 0 -0.34065867895352769
1.4859122918275929 0.13908770817240729 0 -0.42304941951565506
1.4859122918275929 0.1875 0 -0.55500710937320463
1.4859122918275929 0.23591229182759271 0 -0.67404470833605834
1.4859122918275929 0.26408770817240734 0 -0.73710385123630573
1.4859122918275929 0.31250000000000006 0 -0.83062683781717594
1.4859122918275929 0.36091229182759277 0 -0.90481354178372186
1.4859122918275929 0.38908770817240734 0 -0.9389409040644896
1.4859122918275929 0.4375 0 -0.97979116006395961
1.4859122918275929 0.48591229182759277 0 -0.99783271520744588
1.4859122918275929 0.51408770817240734 0 -0.99783271486718761
1.4859122918275929 0.5625 0 -0.97979115883679213
1.4859122918275929 0.61091229182759288 0 -0.93894090238788197
1.4859122918275929 0.63908770817240734 0 -0.90481354003072845
1.4859122918275929 0.6875 0 -0.83062683600405629
1.4859122918275929 0.73591229182759288 0 -0.73710384941777329
1.4859122918275929 0.76408770817240756 0 -0.67404470653271942
1.4859122918275929 0.81250000000000011 0 -0.5550071075231493
1.4859122918275929 0.86091229182759288 0 -0.42304941751195146
1.4859122918275929 0.88908770817240734 0 -0.34065867683787582
1.4859122918275929 0.9375 0 -0.19489257803976714
1.4859122918275929 0.98591229182759277 0 -0.044589546608062226
1.4859122918275929 1.0140877081724071 0 0.044589548494633591
1.4859122918275929 1.0625 0 0.19489258007675533
1.4859122918275929 1.1109122918275927 0 0.34065867921544335
1.4859122918275929 1.1390877081724076 0 0.42304942015583535
1.4859122918275929 1.1875000000000002 0 0.55500711044529294
1.4859122918275929 1.2359122918275927 0 0.67404470946417538
1.4859122918275929 1.2640877081724076 0 0.73710385225354524
1.4859122918275929 1.3125000000000002 0 0.83062683884788702
1.4859122918275929 1.3609122918275931 0 0.90481354314998153
1.4859122918275929 1.3890877081724073 0 0.93894090575444811
1.4859122918275929 1.4375000000000002 0 0.97979116222805274
1.4859122918275929 1.4859122918275931 0 0.99783271769880066
1.4859122918275929 1.5140877081724078 0 0.99783271748207925
1.4859122918275929 1.5625000000000004 0 0.97979116155943791
1.4859122918275929 1.6109122918275931 0 0.93894090508764627
1.4859122918275929 1.6390877081724076 0 0.9048135426579621
1.4859122918275929 1.6875000000000002 0 0.83062683841901419
1.4859122918275929 1.7359122918275927 0 0.73710385151165281
1.4859122918275929 1.7640877081724073 0 0.67404470840182218
1.4859122918275929 1.8125 0 0.55500710912651008
1.4859122918275929 1.8609122918275927 0 0.42304941902833154
1.4859122918275929 1.8890877081724073 0 0.34065867836913782
1.4859122918275929 1.9375 0 0.1948925794531938
1.4859122918275929 1.9859122918275924 0 0.04458954768588589
1.5140877081724078 0.014087708172407284 0 -0.044589547723356993
1.5140877081724078 0.0625 0 -0.19489257963926424
1.5140877081724078 0.11091229182759271 0 -0.3406586787244244
1.5140877081724078 0.13908770817240729 0 -0.42304941947649582
1.5140877081724078 0.1875 0 -0.55500710949449972
1.5140877081724078 0.23591229182759271 0 -0.6740447083537332
1.5140877081724078 0.26408770817240734 0 -0.73710385109027421
1.5140877081724078 0.31250000000000006 0 -0.83062683748915622
1.5140877081724078 0.36091229182759277 0 -0.90481354143871406
1.5140877081724078 0.38908770817240734 0 -0.93894090377420436
1.5140877081724078 0.4375 0 -0.97979115980570297
1.5140877081724078 0.48591229182759271 0 -0.99783271487818681
1.5140877081724078 0.51408770817240723 0 -0.99783271446185695
1.5140877081724078 0.5625 0 -0.97979115843438724
1.5140877081724078 0.61091229182759277 0 -0.93894090218489579
1.5140877081724078 0.63908770817240734 0 -0.9048135400113736
1.5140877081724078 0.6875 0 -0.83062683606743959
1.5140877081724078 0.73591229182759277 0 -0.73710384921989003
1.5140877081724078 0.76408770817240734 0 -0.67404470605491129
1.5140877081724078 0.81250000000000011 0 -0.55500710680953158
1.5140877081724078 0.86091229182759288 0 -0.42304941693871273
1.5140877081724078 0.88908770817240734 0 -0.34065867649177178
1.5140877081724078 0.9375 0 -0.19489257791086478
1.5140877081724078 0.98591229182759277 0 -0.044589546417294776
1.5140877081724078 1.0140877081724071 0 0.044589548829738111
1.5140877081724078 1.0625 0 0.19489258053901273
1.5140877081724078 1.1109122918275927 0 0.34065867960832558
1.5140877081724078 1.1390877081724076 0 0.42304942043214566
1.5140877081724078 1.1875 0 0.55500711060802077
1.5140877081724078 1.2359122918275929 0 0.67404470965396013
1.5140877081724078 1.2640877081724073 0 0.73710385251239585
1.5140877081724078 1.3125000000000004 0 0.83062683914284474
1.5140877081724078 1.3609122918275929 0 0.90481354335184916
1.5140877081724078 1.3890877081724073 0 0.93894090585455992
1.5140877081724078 1.4375000000000002 0 0.97979116225296758
1.5140877081724078 1.4859122918275931 0 0.99783271780033722
1.5140877081724078 1.5140877081724078 0 0.99783271768574489
1.5140877081724078 1.5625000000000004 0 0.97979116184909498
1.5140877081724078 1.6109122918275931 0 0.93894090532332075
1.5140877081724078 1.6390877081724073 0 0.90481354280858994
1.5140877081724078 1.6875000000000002 0 0.83062683849613461
1.5140877081724078 1.7359122918275924 0 0.73710385163055514
1.5140877081724078 1.7640877081724073 0 0.67404470858730037
1.5140877081724078 1.8125 0 0.55500710933412178
1.5140877081724078 1.8609122918275927 0 0.42304941911794791
1.5140877081724078 1.8890877081724071 0 0.34065867833864361
1.5140877081724078 1.9375 0 0.19489257932719939
1.5140877081724078 1.9859122918275927 0 0.044589547632960032
1.5625000000000002 0.014087708172407285 0 -0.043783335493576464
1.5625000000000002 0.0625 0 -0.19136877686508028
1.5625000000000004 0.11091229182759271 0 -0.33449931684820811
1.5625000000000002 0.13908770817240729 0 -0.41540037207643421
1.5625000000000002 0.1875 0 -0.54497216935533344
1.5625000000000002 0.23591229182759271 0 -0.66185748008253087
1.5625000000000002 0.26408770817240734 0 -0.72377646662602635
1.5625000000000002 0.31250000000000006 0 -0.81560848790607554
1.5625000000000002 0.36091229182759277 0 -0.88845384115729931
1.5625000000000002 0.38908770817240734 0 -0.92196415546845911
1.5625000000000002 0.4375 0 -0.96207580856449126
1.5625000000000002 0.48591229182759277 0 -0.97979115891438584
1.5625000000000002 0.51408770817240734 0 -0.97979115848800813
1.5625000000000002 0.5625 0 -0.96207580722197872
1.5625000000000002 0.61091229182759288 0 -0.92196415406048671
1.5625000000000002 0.63908770817240734 0 -0.88845384003221328
1.5625000000000002 0.6875 0 -0.81560848674184716
1.5625000000000002 0.73591229182759288 0 -0.72377646460525247
1.5625000000000002 0.76408770817240756 0 -0.66185747726686461
1.5625000000000002 0.81250000000000011 0 -0.54497216588271735
1.5625000000000002 0.86091229182759288 0 -0.41540036901660571
1.5625000000000002 0.88908770817240734 0 -0.33449931444824066
1.5625000000000002 0.9375 0 -0.19136877520955028
1.5625000000000002 0.98591229182759288 0 -0.043783333932027053
1.5625000000000002 1.0140877081724071 0 0.043783337261634185
1.5625000000000002 1.0625 0 0.19136877876524225
1.5625000000000004 1.1109122918275927 0 0.33449931851584164
1.5625000000000002 1.1390877081724076 0 0.41540037347706005
1.5625000000000002 1.1875000000000002 0 0.54497217062250858
1.5625000000000004 1.2359122918275927 0 0.661857481706145
1.5625000000000002 1.2640877081724076 0 0.72377646864933709
1.5625000000000002 1.3125000000000002 0 0.81560849043929318
1.5625000000000004 1.3609122918275927 0 0.88845384390455351
1.5625000000000002 1.3890877081724073 0 0.92196415822808564
1.5625000000000002 1.4375000000000002 0 0.96207581151864519
1.5625000000000004 1.4859122918275931 0 0.97979116233427432
1.5625000000000002 1.5140877081724078 0 0.97979116226509211
1.5625000000000002 1.5625000000000004 0 0.96207581117069707
1.5625000000000004 1.6109122918275931 0 0.92196415753782135
1.5625000000000002 1.6390877081724076 0 0.88845384299643493
1.5625000000000002 1.6875000000000002 0 0.81560848928683272
1.5625000000000004 1.7359122918275927 0 0.7237764674399475
1.5625000000000002 1.7640877081724073 0 0.66185748053306515
1.5625000000000002 1.8125 0 0.54497216937449189
1.5625000000000004 1.8609122918275927 0 0.41540037194392854
1.5625000000000002 1.8890877081724073 0 0.334499316743682
1.5625000000000002 1.9375 0 0.19136877681751624
1.5625000000000004 1.9859122918275927 0 0.043783335487015011
1.6109122918275927 0.014087708172407284 0 -0.041957884766961627
1.6109122918275927 0.0625 0 -0.1833900728783546
1.6109122918275929 0.11091229182759271 0 -0.32055309698128026
1.6109122918275927 0.13908770817240729 0 -0.39808115904861724
1.6109122918275927 0.1875 0 -0.5222507427433728
1.6109122918275927 0.23591229182759271 0 -0.63426277540588138
1.6109122918275927 0.26408770817240734 0 -0.6936001849211717
1.6109122918275927 0.31250000000000006 0 -0.78160347036212063
1.6109122918275927 0.36091229182759277 0 -0.85141169530949479
1.6109122918275927 0.38908770817240734 0 -0.88352486998441682
1.6109122918275927 0.4375 0 -0.92196415505413731
1.6109122918275927 0.48591229182759277 0 -0.93894090260547647
1.6109122918275927 0.51408770817240734 0 -0.9389409023411629
1.6109122918275927 0.5625 0 -0.92196415412400257
1.6109122918275927 0.61091229182759277 0 -0.88352486876412362
1.6109122918275927 0.63908770817240734 0 -0.85141169406017447
1.6109122918275927 0.6875 0 -0.78160346879863984
1.6109122918275927 0.73591229182759277 0 -0.69360018263752232
1.6109122918275927 0.76408770817240734 0 -0.63426277256485064
1.6109122918275927 0.8125 0 -0.52225073944885791
1.6109122918275927 0.86091229182759277 0 -0.39808115604377564
1.6109122918275927 0.88908770817240734 0 -0.32055309443518892
1.6109122918275927 0.9375 0 -0.18339007082706391
1.6109122918275927 0.98591229182759277 0 -0.041957882726641089
1.6109122918275927 1.0140877081724071 0 0.041957886991209836
1.6109122918275927 1.0625 0 0.18339007518047407
1.6109122918275929 1.1109122918275927 0 0.32055309898975731
1.6109122918275927 1.1390877081724073 0 0.39808116075491984
1.6109122918275927 1.1875 0 0.52225074431089735
1.6109122918275929 1.2359122918275927 0 0.63426277740192583
1.6109122918275927 1.2640877081724076 0 0.69360018739013229
1.6109122918275927 1.3125 0 0.78160347345397863
1.6109122918275929 1.3609122918275929 0 0.8514116987026894
1.6109122918275927 1.3890877081724073 0 0.88352487341921915
1.6109122918275927 1.4375000000000002 0 0.92196415854805414
1.6109122918275929 1.4859122918275931 0 0.93894090617384229
1.6109122918275927 1.5140877081724078 0 0.93894090595056134
1.6109122918275927 1.5625000000000004 0 0.9219641576573343
1.6109122918275929 1.6109122918275931 0 0.88352487201576713
1.6109122918275927 1.6390877081724076 0 0.85141169707841025
1.6109122918275927 1.6875000000000002 0 0.78160347168050992
1.6109122918275929 1.7359122918275927 0 0.69360018577236948
1.6109122918275927 1.7640877081724073 0 0.63426277598585235
1.6109122918275927 1.8125 0 0.52225074298570595
1.6109122918275929 1.8609122918275927 0 0.39808115913376313
1.6109122918275927 1.8890877081724073 0 0.32055309704994206
1.6109122918275927 1.9375 0 0.18339007292447562
1.6109122918275929 1.9859122918275924 0 0.04195788478031548
1.6390877081724073 0.014087708172407284 0 -0.040432855992005017
1.6390877081724076 0.0625 0 -0.17672445701551737
1.6390877081724076 0.11091229182759271 0 -0.30890206371520712
1.6390877081724073 0.13908770817240729 0 -0.38361223983872828
1.6390877081724076 0.1875 0 -0.50326867428858602
1.6390877081724076 0.23591229182759271 0 -0.61120944424500967
1.6390877081724073 0.26408770817240734 0 -0.66839013749441312
1.6390877081724076 0.31250000000000006 0 -0.75319479789985333
1.6390877081724076 0.36091229182759277 0 -0.82046572719555921
1.6390877081724073 0.38908770817240734 0 -0.85141169520867743
1.6390877081724076 0.4375 0 -0.88845384069738653
1.6390877081724076 0.48591229182759271 0 -0.90481354036145312
1.6390877081724076 0.51408770817240723 0 -0.90481354025738803
1.6390877081724076 0.5625 0 -0.88845384015314099
1.6390877081724076 0.61091229182759266 0 -0.85141169409634709
1.6390877081724076 0.63908770817240734 0 -0.82046572570493781
1.6390877081724076 0.6875 0 -0.75319479584821569
1.6390877081724076 0.73591229182759277 0 -0.66839013501860023
1.6390877081724076 0.76408770817240734 0 -0.61120944158860468
1.6390877081724076 0.81250000000000011 0 -0.50326867148573962
1.6390877081724076 0.86091229182759266 0 -0.38361223710371911
1.6390877081724076 0.88908770817240734 0 -0.308902061105093
1.6390877081724076 0.9375 0 -0.1767244545650806
1.6390877081724076 0.98591229182759277 0 -0.040432853603072777
1.6390877081724076 1.0140877081724071 0 0.040432858382055112
1.6390877081724076 1.0625 0 0.1767244592981454
1.6390877081724076 1.1109122918275927 0 0.30890206573419066
1.6390877081724076 1.1390877081724073 0 0.38361224165821667
1.6390877081724076 1.1875 0 0.50326867608040926
1.6390877081724076 1.2359122918275927 0 0.61120944646372211
1.6390877081724076 1.2640877081724073 0 0.66839014014252585
1.6390877081724076 1.3125000000000002 0 0.75319480116526294
1.6390877081724076 1.3609122918275929 0 0.8204657308644302
1.6390877081724076 1.3890877081724073 0 0.85141169901044988
1.6390877081724076 1.4375000000000002 0 0.88845384449951714
1.6390877081724076 1.4859122918275931 0 0.9048135438681616
1.6390877081724076 1.5140877081724078 0 0.90481354348058296
1.6390877081724076 1.5625000000000004 0 0.88845384307223541
1.6390877081724076 1.6109122918275931 0 0.8514116969961496
1.6390877081724076 1.6390877081724073 0 0.82046572870988066
1.6390877081724076 1.6875000000000002 0 0.75319479900898567
1.6390877081724076 1.7359122918275924 0 0.66839013827177907
1.6390877081724076 1.7640877081724073 0 0.61120944486219653
1.6390877081724076 1.8125 0 0.50326867467345171
1.6390877081724076 1.8609122918275927 0 0.38361224004357208
1.6390877081724073 1.8890877081724071 0 0.3089020638396433
1.6390877081724076 1.9375 0 0.17672445704803952
1.6390877081724076 1.9859122918275927 0 0.040432855991702779
1.6874999999999998 0.014087708172407285 0 -0.037117719607664731
1.6875 0.0625 0 -0.16223461536684028
1.6875 0.11091229182759271 0 -0.28357482780889015
1.6874999999999998 0.13908770817240729 0 -0.35215943047163067
1.6875 0.1875 0 -0.4620050960507463
1.6875 0.23591229182759271 0 -0.56109567815481187
1.6874999999999998 0.26408770817240734 0 -0.6135880606925691
1.6875 0.31250000000000006 0 -0.69143948948620848
1.6875 0.36091229182759277 0 -0.75319479774914055
1.6874999999999998 0.38908770817240734 0 -0.78160347008150965
1.6875 0.4375 0 -0.81560848733722524
1.6875 0.48591229182759277 0 -0.83062683655089919
1.6875 0.51408770817240734 0 -0.83062683663264858
1.6875 0.5625 0 -0.81560848723884127
1.6875 0.61091229182759288 0 -0.7816034690887117
1.6875 0.63908770817240734 0 -0.75319479597029426
1.6875 0.6875 0 -0.6914394868657423
1.6875 0.73591229182759288 0 -0.61358805801150729
1.6875 0.76408770817240734 0 -0.56109567574864705
1.6875 0.8125 0 -0.46200509389699407
1.6875 0.86091229182759288 0 -0.35215942818498169
1.6875 0.88908770817240734 0 -0.28357482529661987
1.6875 0.9375 0 -0.1622346126557811
1.6875 0.98591229182759288 0 -0.037117716999822414
1.6875 1.0140877081724071 0 0.037117722033540808
1.6875 1.0625 0 0.16223461751705018
1.6875 1.1109122918275927 0 0.28357482976742443
1.6875 1.1390877081724073 0 0.3521594323654319
1.6875 1.1875 0 0.46200509803809536
1.6875 1.2359122918275927 0 0.56109568051230685
1.6875 1.2640877081724076 0 0.61358806337943084
1.6875 1.3125000000000002 0 0.69143949273070204
1.6875 1.3609122918275927 0 0.75319480151169438
1.6875 1.3890877081724073 0 0.78160347410190956
1.6875 1.4375000000000002 0 0.81560849133775615
1.6875 1.4859122918275927 0 0.83062683989106623
1.6875 1.5140877081724078 0 0.83062683935565862
1.6875 1.5625000000000004 0 0.8156084894468979
1.6875 1.6109122918275931 0 0.78160347160614274
1.6875 1.6390877081724076 0 0.753194798986624
1.6875 1.6875000000000002 0 0.69143949036275598
1.6875 1.7359122918275927 0 0.61358806138145205
1.6875 1.7640877081724073 0 0.56109567880368239
1.6875 1.8125 0 0.46200509658879818
1.6875 1.8609122918275927 0 0.35215943082274409
1.6874999999999998 1.8890877081724073 0 0.28357482802391143
1.6875 1.9375 0 0.16223461541921794
1.6875 1.9859122918275927 0 0.037117719604233115
1.7359122918275924 0.014087708172407284 0 -0.032938514371913349
1.7359122918275927 0.0625 0 -0.14396809040775704
1.7359122918275927 0.11091229182759271 0 -0.25164621233033041
1.7359122918275924 0.13908770817240729 0 -0.31250865079041262
1.7359122918275927 0.1875 0 -0.40998643442953592
1.7359122918275927 0.23591229182759271 0 -0.49792008448248026
1.7359122918275924 0.26408770817240734 0 -0.54450217832115799
1.7359122918275927 0.3125 0 -0.61358806063455329
1.7359122918275927 0.36091229182759277 0 -0.66839013719817852
1.7359122918275924 0.38908770817240734 0 -0.69360018441718063
1.7359122918275927 0.4375 0 -0.72377646585731992
1.7359122918275927 0.48591229182759277 0 -0.73710385020355695
1.7359122918275927 0.51408770817240734 0 -0.73710385032903547
1.7359122918275927 0.5625 0 -0.72377646586355471
1.7359122918275927 0.61091229182759277 0 -0.69360018345141838
1.7359122918275927 0.63908770817240734 0 -0.66839013535027447
1.7359122918275927 0.6875 0 -0.61358805788761661
1.7359122918275927 0.73591229182759277 0 -0.54450217562018588
1.7359122918275927 0.76408770817240734 0 -0.49792008218350364
1.7359122918275927 0.8125 0 -0.40998643255457273
1.7359122918275927 0.86091229182759277 0 -0.31250864887240648
1.7359122918275927 0.88908770817240734 0 -0.25164621020314387
1.7359122918275927 0.9375 0 -0.14396808807555164
1.7359122918275927 0.98591229182759277 0 -0.032938512096969443
1.7359122918275927 1.0140877081724071 0 0.032938516507663489
1.7359122918275927 1.0625 0 0.14396809234843022
1.7359122918275927 1.1109122918275927 0 0.25164621416397698
1.7359122918275927 1.1390877081724073 0 0.31250865260532801
1.7359122918275927 1.1875 0 0.40998643633319459
1.7359122918275927 1.2359122918275927 0 0.49792008663433041
1.7359122918275927 1.2640877081724076 0 0.54450218068788969
1.7359122918275927 1.3125 0 0.61358806344632777
1.7359122918275927 1.3609122918275929 0 0.66839014054441315
1.7359122918275927 1.3890877081724073 0 0.69360018808311885
1.7359122918275927 1.4375000000000002 0 0.72377646959181696
1.7359122918275927 1.4859122918275931 0 0.73710385332818806
1.7359122918275927 1.5140877081724078 0 0.73710385285238533
1.7359122918275927 1.5625000000000004 0 0.7237764679361991
1.7359122918275927 1.6109122918275931 0 0.69360018595299833
1.7359122918275927 1.6390877081724076 0 0.66839013843709016
1.7359122918275927 1.6875 0 0.61358806149947009
1.7359122918275927 1.7359122918275927 0 0.54450217899893238
1.7359122918275927 1.7640877081724073 0 0.49792008512698138
1.7359122918275927 1.8125 0 0.40998643498865406
1.7359122918275927 1.8609122918275927 0 0.3125086512059429
1.7359122918275924 1.8890877081724073 0 0.25164621263957454
1.7359122918275927 1.9375 0 0.14396809055746851
1.7359122918275927 1.9859122918275924 0 0.032938514400138799
1.7640877081724073 0.014087708172407284 0 -0.030120628504196008
1.7640877081724073 0.0625 0 -0.13165163801332222
1.7640877081724073 0.11091229182759271 0 -0.23011791004641852
1.7640877081724073 0.13908770817240729 0 -0.28577357455277314
1.7640877081724073 0.1875 0 -0.37491214598155276
1.7640877081724073 0.23591229182759271 0 -0.4553230831203855
1.7640877081724073 0.26408770817240729 0 -0.49792008451830788
1.7640877081724073 0.31250000000000006 0 -0.56109567809737959
1.7640877081724073 0.36091229182759277 0 -0.61120944386927867
1.7640877081724073 0.38908770817240729 0 -0.63426277476295567
1.7640877081724073 0.4375 0 -0.6618574791697408
1.7640877081724073 0.48591229182759271 0 -0.67404470745735023
1.7640877081724073 0.51408770817240723 0 -0.67404470754725976
1.7640877081724073 0.5625 0 -0.66185747909103609
1.7640877081724073 0.61091229182759266 0 -0.63426277377576046
1.7640877081724073 0.63908770817240734 0 -0.6112094420794606
1.7640877081724073 0.6875 0 -0.56109567547491934
1.7640877081724073 0.73591229182759277 0 -0.49792008189897113
1.7640877081724073 0.76408770817240734 0 -0.45532308083932166
1.7640877081724073 0.8125 0 -0.37491214412360863
1.7640877081724073 0.86091229182759266 0 -0.28577357281315396
1.7640877081724073 0.88908770817240734 0 -0.23011790825116671
1.7640877081724073 0.9375 0 -0.13165163614968786
1.7640877081724073 0.98591229182759277 0 -0.030120626640931299
1.7640877081724073 1.0140877081724071 0 0.030120630338530359
1.7640877081724073 1.0625 0 0.13165163979335517
1.7640877081724073 1.1109122918275927 0 0.2301179117727207
1.7640877081724073 1.1390877081724071 0 0.28577357625296518
1.7640877081724073 1.1875 0 0.37491214772041964
1.7640877081724073 1.2359122918275927 0 0.45532308501417806
1.7640877081724073 1.2640877081724073 0 0.49792008655685449
1.7640877081724073 1.3125000000000002 0 0.56109568049480107
1.7640877081724073 1.3609122918275929 0 0.61120944676716238
1.7640877081724073 1.3890877081724073 0 0.6342627779871326
1.7640877081724073 1.4375000000000002 0 0.66185748255509746
1.7640877081724073 1.4859122918275929 0 0.67404471043336767
1.7640877081724073 1.5140877081724078 0 0.67404471007649991
1.7640877081724073 1.5625000000000002 0 0.66185748131895339
1.7640877081724073 1.6109122918275929 0 0.6342627764094303
1.7640877081724073 1.6390877081724073 0 0.61120944521622667
1.7640877081724073 1.6875000000000002 0 0.5610956790421685
1.7640877081724073 1.7359122918275924 0 0.49792008522089232
1.7640877081724073 1.7640877081724073 0 0.45532308374918051
1.7640877081724073 1.8125 0 0.37491214650042137
1.7640877081724073 1.8609122918275927 0 0.28577357496898992
1.7640877081724073 1.8890877081724071 0 0.23011791040418692
1.7640877081724073 1.9375 0 0.13165163824155901
1.7640877081724073 1.9859122918275927 0 0.030120628561644224
1.8125 0.014087708172407285 0 -0.024801267240008557
1.8125 0.0625 0 -0.10840170409281602
1.8125 0.11091229182759271 0 -0.18947864210099735
1.8125 0.13908770817240729 0 -0.23530540866872446
1.8125 0.1875 0 -0.30870193599123613
1.8125 0.23591229182759271 0 -0.37491214599222394
1.8125 0.26408770817240729 0 -0.40998643444275373
1.8125 0.3125 0 -0.46200509592642219
1.8125 0.36091229182759271 0 -0.5032686738279788
1.8125 0.38908770817240729 0 -0.5222507420161473
1.8125 0.4375 0 -0.54497216836200968
1.8125 0.48591229182759277 0 -0.5550071085225492
1.8125 0.51408770817240734 0 -0.55500710851343493
1.8125 0.5625 0 -0.54497216805852911
1.8125 0.61091229182759288 0 -0.52225074101079128
1.8125 0.63908770817240734 0 -0.50326867226693406
1.8125 0.6875 0 -0.46200509377344534
1.8125 0.73591229182759288 0 -0.409986432244347
1.8125 0.76408770817240734 0 -0.37491214399155698
1.8125 0.8125 0 -0.30870193429775122
1.8125 0.86091229182759288 0 -0.23530540718170226
1.8125 0.88908770817240734 0 -0.18947864068918868
1.8125 0.9375 0 -0.10840170275467349
1.8125 0.98591229182759288 0 -0.024801265908365473
1.8125 1.0140877081724071 0 0.024801268595250392
1.8125 1.0625 0 0.10840170548170336
1.8125 1.1109122918275927 0 0.18947864350711638
1.8125 1.1390877081724073 0 0.23530541007966568
1.8125 1.1875 0 0.30870193743733404
1.8125 1.2359122918275927 0 0.37491214751255392
1.8125 1.2640877081724076 0 0.40998643602941537
1.8125 1.3125000000000002 0 0.46200509774517451
1.8125 1.3609122918275927 0 0.50326867603931646
1.8125 1.3890877081724073 0 0.5222507445089446
1.8125 1.4375000000000002 0 0.54497217111073903
1.8125 1.4859122918275927 0 0.55500711119395485
1.8125 1.5140877081724078 0 0.55500711101473643
1.8125 1.5625000000000002 0 0.54497217048422641
1.8125 1.6109122918275927 0 0.52225074369631452
1.8125 1.6390877081724076 0 0.50326867522620244
1.8125 1.6875 0 0.46200509692748398
1.8125 1.7359122918275927 0 0.40998643517548089
1.8125 1.7640877081724073 0 0.37491214662376338
1.8125 1.8125 0 0.30870193647743865
1.8125 1.8609122918275927 0 0.23530540903626057
1.8125 1.8890877081724073 0 0.18947864240952578
1.8125 1.9375 0 0.10840170428334535
1.8125 1.9859122918275927 0 0.024801267286712298
1.8609122918275927 0.014087708172407284 0 -0.01890455380302869
1.8609122918275927 0.0625 0 -0.082628271516347412
1.8609122918275927 0.11091229182759271 0 -0.14442847357745514
1.8609122918275927 0.13908770817240729 0 -0.17935953405943128
1.8609122918275927 0.1875 0 -0.23530540866802993
1.8609122918275927 0.23591229182759271 0 -0.28577357448046897
1.8609122918275927 0.26408770817240729 0 -0.31250865064557959
1.8609122918275927 0.3125 0 -0.35215943017649637
1.8609122918275927 0.36091229182759271 0 -0.38361223936472322
1.8609122918275927 0.38908770817240729 0 -0.39808115845650777
1.8609122918275927 0.4375 0 -0.41540037124434709
1.8609122918275927 0.48591229182759277 0 -0.42304941835574733
1.8609122918275927 0.51408770817240734 0 -0.42304941820922232
1.8609122918275927 0.5625 0 -0.41540037064090113
1.8609122918275927 0.61091229182759277 0 -0.39808115746834893
1.8609122918275927 0.63908770817240734 0 -0.38361223818981238
1.8609122918275927 0.6875 0 -0.35215942880406964
1.8609122918275927 0.73591229182759277 0 -0.31250864924008814
1.8609122918275927 0.76408770817240734 0 -0.28577357312222695
1.8609122918275927 0.8125 0 -0.23530540736477035
1.8609122918275927 0.86091229182759277 0 -0.17935953275801417
1.8609122918275927 0.88908770817240734 0 -0.14442847225977515
1.8609122918275927 0.9375 0 -0.082628270249605049
1.8609122918275927 0.98591229182759277 0 -0.018904552702430816
1.8609122918275927 1.0140877081724071 0 0.018904554766232415
1.8609122918275927 1.0625 0 0.082628272361612007
1.8609122918275927 1.1109122918275927 0 0.1444284744809306
1.8609122918275927 1.1390877081724073 0 0.17935953506836955
1.8609122918275927 1.1875 0 0.23530540983625195
1.8609122918275927 1.2359122918275927 0 0.28577357575960383
1.8609122918275927 1.2640877081724076 0 0.31250865197266514
1.8609122918275927 1.3125 0 0.35215943164386881
1.8609122918275927 1.3609122918275929 0 0.38361224105788877
1.8609122918275927 1.3890877081724073 0 0.3980811603145018
1.8609122918275927 1.4375000000000002 0 0.41540037335236746
1.8609122918275927 1.4859122918275931 0 0.42304942065892376
1.8609122918275927 1.5140877081724078 0 0.42304942059915512
1.8609122918275927 1.5625000000000004 0 0.41540037310998579
1.8609122918275927 1.6109122918275927 0 0.39808115992479942
1.8609122918275927 1.6390877081724076 0 0.38361224059897531
1.8609122918275927 1.6875 0 0.35215943109872339
1.8609122918275927 1.7359122918275927 0 0.31250865138322609
1.8609122918275927 1.7640877081724073 0 0.28577357515979873
1.8609122918275927 1.8125 0 0.23530540918575626
1.8609122918275927 1.8609122918275927 0 0.17935953431715773
1.8609122918275927 1.8890877081724073 0 0.14442847365173536
1.8609122918275927 1.9375 0 0.082628271420967819
1.8609122918275927 1.9859122918275924 0 0.018904553750596173
1.8890877081724073 0.014087708172407285 0 -0.015222808673756822
1.8890877081724073 0.0625 0 -0.066536051458574511
1.8890877081724073 0.11091229182759271 0 -0.11630039143474327
1.8890877081724073 0.13908770817240726 0 -0.14442847360471059
1.8890877081724073 0.1875 0 -0.18947864209550355
1.8890877081724073 0.23591229182759271 0 -0.23011790989327729
1.8890877081724073 0.26408770817240729 0 -0.25164621204834126
1.8890877081724073 0.3125 0 -0.28357482738383744
1.8890877081724073 0.36091229182759266 0 -0.30890206326778397
1.8890877081724073 0.38908770817240723 0 -0.32055309655592479
1.8890877081724073 0.43750000000000006 0 -0.33449931620891166
1.8890877081724073 0.48591229182759271 0 -0.3406586775083042
1.8890877081724073 0.51408770817240734 0 -0.34065867727376364
1.8890877081724073 0.5625 0 -0.33449931542031874
1.8890877081724071 0.61091229182759277 0 -0.32055309560358947
1.8890877081724073 0.63908770817240734 0 -0.30890206237982698
1.8890877081724073 0.6875 0 -0.28357482657587196
1.8890877081724071 0.73591229182759277 0 -0.25164621123819314
1.8890877081724073 0.76408770817240734 0 -0.23011790904380472
1.8890877081724073 0.8125 0 -0.18947864110964177
1.8890877081724071 0.86091229182759277 0 -0.1444284723949652
1.8890877081724073 0.88908770817240734 0 -0.11630039007240577
1.8890877081724073 0.93749999999999989 0 -0.06653605006991814
1.8890877081724071 0.98591229182759277 0 -0.015222807596043031
1.8890877081724073 1.0140877081724073 0 0.015222809444794287
1.8890877081724073 1.0625 0 0.066536051937140253
1.8890877081724073 1.1109122918275927 0 0.11630039198145048
1.8890877081724073 1.1390877081724073 0 0.14442847433760478
1.8890877081724073 1.1875 0 0.18947864310311005
1.8890877081724073 1.2359122918275924 0 0.23011791107613597
1.8890877081724073 1.2640877081724076 0 0.25164621329190934
1.8890877081724073 1.3125 0 0.28357482872940099
1.8890877081724073 1.3609122918275929 0 0.30890206472218917
1.8890877081724073 1.3890877081724073 0 0.32055309808135574
1.8890877081724073 1.4375000000000002 0 0.33449931793863352
1.8890877081724073 1.4859122918275929 0 0.3406586795561401
1.8890877081724073 1.5140877081724078 0 0.34065867953969775
1.8890877081724073 1.5625000000000002 0 0.33449931782126163
1.8890877081724073 1.6109122918275927 0 0.3205530977942298
1.8890877081724073 1.6390877081724076 0 0.3089020643129945
1.8890877081724073 1.6874999999999998 0 0.28357482819868451
1.8890877081724073 1.7359122918275927 0 0.2516462127694723
1.8890877081724073 1.7640877081724071 0 0.23011791060760164
1.8890877081724073 1.8125 0 0.18947864264886377
1.8890877081724073 1.8609122918275927 0 0.1444284737754418
1.8890877081724073 1.8890877081724073 0 0.11630039130820355
1.8890877081724073 1.9375 0 0.066536051111723657
1.8890877081724076 1.9859122918275927 0 0.015222808533466848
1.9375 0.014087708172407285 0 -0.0087090471514675964
1.9375 0.0625 0 -0.038065617109290545
1.9375 0.1109122918275927 0 -0.066536051484697684
1.9375 0.13908770817240729 0 -0.082628271561945812
1.9375 0.1875 0 -0.10840170408429078
1.9375 0.23591229182759271 0 -0.1316516378264177
1.9375 0.26408770817240729 0 -0.14396809007438682
1.9375 0.3125 0 -0.16223461493035321
1.9375 0.36091229182759271 0 -0.17672445669531825
1.9375 0.38908770817240729 0 -0.18339007269441687
1.9375 0.4375 0 -0.19136877653884563
1.9375 0.48591229182759277 0 -0.19489257862441667
1.9375 0.51408770817240734 0 -0.19489257837159821
1.9375 0.5625 0 -0.19136877578051839
1.9374999999999998 0.61091229182759277 0 -0.18339007199340224
1.9375 0.63908770817240734 0 -0.17672445625163932
1.9375 0.6875 0 -0.1622346147783422
1.9374999999999998 0.73591229182759277 0 -0.14396808994750146
1.9375 0.76408770817240734 0 -0.13165163759847362
1.9375 0.8125 0 -0.10840170359097845
1.9374999999999998 0.86091229182759277 0 -0.082628270702555712
1.9375 0.88908770817240745 0 -0.066536050389263551
1.9375 0.9375 0 -0.038065615925081772
1.9374999999999998 0.98591229182759277 0 -0.0087090463297688457
1.9375 1.0140877081724071 0 0.0087090475919628287
1.9375 1.0625 0 0.03806561717435563
1.9375 1.1109122918275927 0 0.066536051609283414
1.9375 1.1390877081724073 0 0.082628271897969091
1.9375 1.1875 0 0.10840170473014588
1.9375 1.2359122918275927 0 0.13165163866360505
1.9375 1.2640877081724076 0 0.14396809097071123
1.9375 1.3125000000000002 0 0.16223461587416807
1.9375 1.3609122918275929 0 0.17672445762327366
1.9375 1.3890877081724073 0 0.18339007359632781
1.9375 1.4375000000000002 0 0.19136877755538029
1.9375 1.4859122918275929 0 0.19489257998388571
1.9375 1.5140877081724078 0 0.19489258000602458
1.9375 1.5625000000000002 0 0.19136877756364576
1.9375 1.6109122918275927 0 0.18339007345136421
1.9375 1.6390877081724076 0 0.17672445733836628
1.9375 1.6875 0 0.16223461546566337
1.9375 1.7359122918275927 0 0.14396809061542631
1.9375 1.7640877081724073 0 0.13165163840653935
1.9375 1.8125 0 0.10840170454163116
1.9375 1.8609122918275927 0 0.082628271620570432
1.9375 1.8890877081724073 0 0.06653605121755192
1.9375 1.9375 0 0.038065616629110156
1.9375000000000002 1.9859122918275927 0 0.0087090469689310758
1.9859122918275927 0.014087708172407287 0 -0.0019925462522822407
1.9859122918275927 0.0625 0 -0.0087090471547857061
1.9859122918275927 0.11091229182759271 0 -0.015222808685533377
1.9859122918275927 0.13908770817240729 0 -0.018904553820122936
1.9859122918275927 0.18750000000000003 0 -0.024801267236863218
1.9859122918275927 0.23591229182759271 0 -0.030120628439389806
1.9859122918275927 0.26408770817240729 0 -0.032938514257458855
1.9859122918275927 0.3125 0 -0.037117719465149697
1.9859122918275927 0.36091229182759271 0 -0.040432855905329343
1.9859122918275927 0.38908770817240729 0 -0.041957884739416022
1.9859122918275927 0.4375 0 -0.043783335430575263
1.9859122918275927 0.48591229182759277 0 -0.044589547425582417
1.9859122918275927 0.51408770817240734 0 -0.044589547343484165
1.9859122918275927 0.5625 0 -0.043783335195191134
1.9859122918275927 0.61091229182759277 0 -0.041957884550350273
1.9859122918275927 0.63908770817240734 0 -0.0404328558220758
1.9859122918275927 0.6875 0 -0.037117719500509273
1.9859122918275927 0.73591229182759277 0 -0.032938514303224503
1.9859122918275927 0.76408770817240745 0 -0.030120628444528261
1.9859122918275927 0.8125 0 -0.024801267139695587
1.9859122918275927 0.86091229182759277 0 -0.018904553586361946
1.9859122918275927 0.88908770817240734 0 -0.015222808364743922
1.9859122918275927 0.9375 0 -0.0087090467973189919
1.9859122918275927 0.98591229182759288 0 -0.00199254601874257
1.9859122918275927 1.0140877081724073 0 0.0019925463529258266
1.9859122918275927 1.0625 0 0.0087090471233316636
1.9859122918275927 1.1109122918275927 0 0.015222808672256531
1.9859122918275927 1.1390877081724073 0 0.018904553878514689
1.9859122918275927 1.1875 0 0.024801267400036183
1.9859122918275927 1.2359122918275927 0 0.030120628666556685
1.9859122918275927 1.2640877081724076 0 0.032938514503397687
1.9859122918275927 1.3125000000000002 0 0.037117719716248776
1.9859122918275927 1.3609122918275929 0 0.040432856127996582
1.9859122918275927 1.3890877081724073 0 0.041957884935494121
1.9859122918275927 1.4375000000000002 0 0.043783335646375245
1.9859122918275927 1.4859122918275931 0 0.04458954775557384
1.9859122918275927 1.5140877081724078 0 0.0445895477722561
1.9859122918275927 1.5625000000000004 0 0.04378333567898287
1.9859122918275927 1.6109122918275929 0 0.041957884919885689
1.9859122918275927 1.6390877081724076 0 0.040432856060333908
1.9859122918275927 1.6875 0 0.037117719602296616
1.9859122918275927 1.7359122918275927 0 0.032938514409733083
1.9859122918275927 1.7640877081724073 0 0.030120628610181416
1.9859122918275927 1.8125 0 0.024801267372749344
1.9859122918275927 1.8609122918275927 0 0.01890455382486558
1.9859122918275927 1.8890877081724073 0 0.015222808581174935
1.9859122918275927 1.9375000000000002 0 0.0087090469823730282
1.9859122918275929 1.9859122918275927 0 0.0019925461878127241
