This is pdfTeX, Version 3.141592653-2.6-1.40.27 (MiKTeX 25.4) (preloaded format=pdflatex 2025.11.29)  11 FEB 2026 12:17
entering extended mode
 \write18 enabled.
 %&-line parsing enabled.
**c:/Users/carlo/OneDrive/Escritorio/Uni/TFG/Memorias/Presentacion.tex
(c:/Users/carlo/OneDrive/Escritorio/Uni/TFG/Memorias/Presentacion.tex
LaTeX2e <2025-11-01>
L3 programming layer <2025-11-06>
(C:\Users\carlo\AppData\Local\Programs\MiKTeX\tex/latex/beamer\beamer.cls
Document Class: beamer 2026/01/22 v3.77 A class for typesetting presentations
(C:\Users\carlo\AppData\Local\Programs\MiKTeX\tex/latex/beamer\beamerbasemodes.sty (C:\Users\carlo\AppData\Local\Programs\MiKTeX\tex/latex/etoolbox\etoolbox.sty
Package: etoolbox 2025/10/02 v2.5m e-TeX tools for LaTeX (JAW)
\etb@tempcnta=\count275
)
\beamer@tempbox=\box53
\beamer@tempcount=\count276
\c@beamerpauses=\count277
 (C:\Users\carlo\AppData\Local\Programs\MiKTeX\tex/latex/beamer\beamerbasedecode.sty
\beamer@slideinframe=\count278
\beamer@minimum=\count279
\beamer@decode@box=\box54
)
\beamer@commentbox=\box55
\beamer@modecount=\count280
) (C:\Users\carlo\AppData\Local\Programs\MiKTeX\tex/generic/iftex\iftex.sty
Package: iftex 2024/12/12 v1.0g TeX engine tests
)
\headdp=\dimen148
\footheight=\dimen149
\sidebarheight=\dimen150
\beamer@tempdim=\dimen151
\beamer@finalheight=\dimen152
\beamer@animht=\dimen153
\beamer@animdp=\dimen154
\beamer@animwd=\dimen155
\beamer@leftmargin=\dimen156
\beamer@rightmargin=\dimen157
\beamer@leftsidebar=\dimen158
\beamer@rightsidebar=\dimen159
\beamer@boxsize=\dimen160
\beamer@vboxoffset=\dimen161
\beamer@descdefault=\dimen162
\beamer@descriptionwidth=\dimen163
\beamer@lastskip=\skip49
\beamer@areabox=\box56
\beamer@animcurrent=\box57
\beamer@animshowbox=\box58
\beamer@sectionbox=\box59
\beamer@logobox=\box60
\beamer@linebox=\box61
\beamer@sectioncount=\count281
\beamer@subsubsectionmax=\count282
\beamer@subsectionmax=\count283
\beamer@sectionmax=\count284
\beamer@totalheads=\count285
\beamer@headcounter=\count286
\beamer@partstartpage=\count287
\beamer@sectionstartpage=\count288
\beamer@subsectionstartpage=\count289
\beamer@animationtempa=\count290
\beamer@animationtempb=\count291
\beamer@xpos=\count292
\beamer@ypos=\count293
\beamer@ypos@offset=\count294
\beamer@showpartnumber=\count295
\beamer@currentsubsection=\count296
\beamer@coveringdepth=\count297
\beamer@sectionadjust=\count298
\beamer@toclastsection=\count299
\beamer@tocsectionnumber=\count300
 (C:\Users\carlo\AppData\Local\Programs\MiKTeX\tex/latex/beamer\beamerbaseoptions.sty (C:\Users\carlo\AppData\Local\Programs\MiKTeX\tex/latex/graphics\keyval.sty
Package: keyval 2022/05/29 v1.15 key=value parser (DPC)
\KV@toks@=\toks17
))
\beamer@paperwidth=\skip50
\beamer@paperheight=\skip51
 (C:\Users\carlo\AppData\Local\Programs\MiKTeX\tex/latex/geometry\geometry.sty
Package: geometry 2020/01/02 v5.9 Page Geometry
 (C:\Users\carlo\AppData\Local\Programs\MiKTeX\tex/generic/iftex\ifvtex.sty
Package: ifvtex 2019/10/25 v1.7 ifvtex legacy package. Use iftex instead.
)
\Gm@cnth=\count301
\Gm@cntv=\count302
\c@Gm@tempcnt=\count303
\Gm@bindingoffset=\dimen164
\Gm@wd@mp=\dimen165
\Gm@odd@mp=\dimen166
\Gm@even@mp=\dimen167
\Gm@layoutwidth=\dimen168
\Gm@layoutheight=\dimen169
\Gm@layouthoffset=\dimen170
\Gm@layoutvoffset=\dimen171
\Gm@dimlist=\toks18
 (C:\Users\carlo\AppData\Local\Programs\MiKTeX\tex/latex/geometry\geometry.cfg)) (C:\Users\carlo\AppData\Local\Programs\MiKTeX\tex/latex/pgf/math\pgfmath.sty (C:\Users\carlo\AppData\Local\Programs\MiKTeX\tex/latex/pgf/utilities\pgfrcs.sty (C:\Users\carlo\AppData\Local\Programs\MiKTeX\tex/generic/pgf/utilities\pgfutil-common.tex
\pgfutil@everybye=\toks19
\pgfutil@tempdima=\dimen172
\pgfutil@tempdimb=\dimen173
) (C:\Users\carlo\AppData\Local\Programs\MiKTeX\tex/generic/pgf/utilities\pgfutil-latex.def
\pgfutil@abb=\box62
) (C:\Users\carlo\AppData\Local\Programs\MiKTeX\tex/generic/pgf/utilities\pgfrcs.code.tex (C:\Users\carlo\AppData\Local\Programs\MiKTeX\tex/generic/pgf\pgf.revision.tex)
Package: pgfrcs 2025-08-29 v3.1.11a (3.1.11a)
)) (C:\Users\carlo\AppData\Local\Programs\MiKTeX\tex/latex/pgf/utilities\pgfkeys.sty (C:\Users\carlo\AppData\Local\Programs\MiKTeX\tex/generic/pgf/utilities\pgfkeys.code.tex
\pgfkeys@pathtoks=\toks20
\pgfkeys@temptoks=\toks21
 (C:\Users\carlo\AppData\Local\Programs\MiKTeX\tex/generic/pgf/utilities\pgfkeyslibraryfiltered.code.tex
\pgfkeys@tmptoks=\toks22
))) (C:\Users\carlo\AppData\Local\Programs\MiKTeX\tex/generic/pgf/math\pgfmath.code.tex (C:\Users\carlo\AppData\Local\Programs\MiKTeX\tex/generic/pgf/math\pgfmathutil.code.tex
\pgf@x=\dimen174
\pgf@xa=\dimen175
\pgf@xb=\dimen176
\pgf@xc=\dimen177
\pgf@y=\dimen178
\pgf@ya=\dimen179
\pgf@yb=\dimen180
\pgf@yc=\dimen181
\c@pgf@counta=\count304
\c@pgf@countb=\count305
\c@pgf@countc=\count306
\c@pgf@countd=\count307
) (C:\Users\carlo\AppData\Local\Programs\MiKTeX\tex/generic/pgf/math\pgfmathparser.code.tex
\pgfmath@dimen=\dimen182
\pgfmath@count=\count308
\pgfmath@box=\box63
\pgfmath@toks=\toks23
\pgfmath@stack@operand=\toks24
\pgfmath@stack@operation=\toks25
) (C:\Users\carlo\AppData\Local\Programs\MiKTeX\tex/generic/pgf/math\pgfmathfunctions.code.tex) (C:\Users\carlo\AppData\Local\Programs\MiKTeX\tex/generic/pgf/math\pgfmathfunctions.basic.code.tex) (C:\Users\carlo\AppData\Local\Programs\MiKTeX\tex/generic/pgf/math\pgfmathfunctions.trigonometric.code.tex) (C:\Users\carlo\AppData\Local\Programs\MiKTeX\tex/generic/pgf/math\pgfmathfunctions.random.code.tex) (C:\Users\carlo\AppData\Local\Programs\MiKTeX\tex/generic/pgf/math\pgfmathfunctions.comparison.code.tex) (C:\Users\carlo\AppData\Local\Programs\MiKTeX\tex/generic/pgf/math\pgfmathfunctions.base.code.tex) (C:\Users\carlo\AppData\Local\Programs\MiKTeX\tex/generic/pgf/math\pgfmathfunctions.round.code.tex) (C:\Users\carlo\AppData\Local\Programs\MiKTeX\tex/generic/pgf/math\pgfmathfunctions.misc.code.tex) (C:\Users\carlo\AppData\Local\Programs\MiKTeX\tex/generic/pgf/math\pgfmathfunctions.integerarithmetics.code.tex) (C:\Users\carlo\AppData\Local\Programs\MiKTeX\tex/generic/pgf/math\pgfmathcalc.code.tex) (C:\Users\carlo\AppData\Local\Programs\MiKTeX\tex/generic/pgf/math\pgfmathfloat.code.tex
\c@pgfmathroundto@lastzeros=\count309
))) (C:\Users\carlo\AppData\Local\Programs\MiKTeX\tex/latex/base\size10.clo
File: size10.clo 2025/01/22 v1.4n Standard LaTeX file (size option)
) (C:\Users\carlo\AppData\Local\Programs\MiKTeX\tex/latex/pgf/basiclayer\pgfcore.sty (C:\Users\carlo\AppData\Local\Programs\MiKTeX\tex/latex/graphics\graphicx.sty
Package: graphicx 2024/12/31 v1.2e Enhanced LaTeX Graphics (DPC,SPQR)
 (C:\Users\carlo\AppData\Local\Programs\MiKTeX\tex/latex/graphics\graphics.sty
Package: graphics 2024/08/06 v1.4g Standard LaTeX Graphics (DPC,SPQR)
 (C:\Users\carlo\AppData\Local\Programs\MiKTeX\tex/latex/graphics\trig.sty
Package: trig 2023/12/02 v1.11 sin cos tan (DPC)
) (C:\Users\carlo\AppData\Local\Programs\MiKTeX\tex/latex/graphics-cfg\graphics.cfg
File: graphics.cfg 2016/06/04 v1.11 sample graphics configuration
)
Package graphics Info: Driver file: pdftex.def on input line 106.
 (C:\Users\carlo\AppData\Local\Programs\MiKTeX\tex/latex/graphics-def\pdftex.def
File: pdftex.def 2025/09/29 v1.2d Graphics/color driver for pdftex
))
\Gin@req@height=\dimen183
\Gin@req@width=\dimen184
) (C:\Users\carlo\AppData\Local\Programs\MiKTeX\tex/latex/pgf/systemlayer\pgfsys.sty (C:\Users\carlo\AppData\Local\Programs\MiKTeX\tex/generic/pgf/systemlayer\pgfsys.code.tex
Package: pgfsys 2025-08-29 v3.1.11a (3.1.11a)
\pgf@x=\dimen185
\pgf@y=\dimen186
\pgf@xa=\dimen187
\pgf@ya=\dimen188
\pgf@xb=\dimen189
\pgf@yb=\dimen190
\pgf@xc=\dimen191
\pgf@yc=\dimen192
\pgf@xd=\dimen193
\pgf@yd=\dimen194
\w@pgf@writea=\write3
\r@pgf@reada=\read2
\c@pgf@counta=\count310
\c@pgf@countb=\count311
\c@pgf@countc=\count312
\c@pgf@countd=\count313
\t@pgf@toka=\toks26
\t@pgf@tokb=\toks27
\t@pgf@tokc=\toks28
\pgf@sys@id@count=\count314
 (C:\Users\carlo\AppData\Local\Programs\MiKTeX\tex/generic/pgf/systemlayer\pgf.cfg
File: pgf.cfg 2025-08-29 v3.1.11a (3.1.11a)
)
Driver file for pgf: pgfsys-pdftex.def
 (C:\Users\carlo\AppData\Local\Programs\MiKTeX\tex/generic/pgf/systemlayer\pgfsys-pdftex.def
File: pgfsys-pdftex.def 2025-08-29 v3.1.11a (3.1.11a)
 (C:\Users\carlo\AppData\Local\Programs\MiKTeX\tex/generic/pgf/systemlayer\pgfsys-common-pdf.def
File: pgfsys-common-pdf.def 2025-08-29 v3.1.11a (3.1.11a)
))) (C:\Users\carlo\AppData\Local\Programs\MiKTeX\tex/generic/pgf/systemlayer\pgfsyssoftpath.code.tex
File: pgfsyssoftpath.code.tex 2025-08-29 v3.1.11a (3.1.11a)
\pgfsyssoftpath@smallbuffer@items=\count315
\pgfsyssoftpath@bigbuffer@items=\count316
) (C:\Users\carlo\AppData\Local\Programs\MiKTeX\tex/generic/pgf/systemlayer\pgfsysprotocol.code.tex
File: pgfsysprotocol.code.tex 2025-08-29 v3.1.11a (3.1.11a)
)) (C:\Users\carlo\AppData\Local\Programs\MiKTeX\tex/latex/xcolor\xcolor.sty
Package: xcolor 2024/09/29 v3.02 LaTeX color extensions (UK)
 (C:\Users\carlo\AppData\Local\Programs\MiKTeX\tex/latex/graphics-cfg\color.cfg
File: color.cfg 2016/01/02 v1.6 sample color configuration
)
Package xcolor Info: Driver file: pdftex.def on input line 274.
 (C:\Users\carlo\AppData\Local\Programs\MiKTeX\tex/latex/graphics\mathcolor.ltx)
Package xcolor Info: Model `cmy' substituted by `cmy0' on input line 1349.
Package xcolor Info: Model `hsb' substituted by `rgb' on input line 1353.
Package xcolor Info: Model `RGB' extended on input line 1365.
Package xcolor Info: Model `HTML' substituted by `rgb' on input line 1367.
Package xcolor Info: Model `Hsb' substituted by `hsb' on input line 1368.
Package xcolor Info: Model `tHsb' substituted by `hsb' on input line 1369.
Package xcolor Info: Model `HSB' substituted by `hsb' on input line 1370.
Package xcolor Info: Model `Gray' substituted by `gray' on input line 1371.
Package xcolor Info: Model `wave' substituted by `hsb' on input line 1372.
) (C:\Users\carlo\AppData\Local\Programs\MiKTeX\tex/generic/pgf/basiclayer\pgfcore.code.tex
Package: pgfcore 2025-08-29 v3.1.11a (3.1.11a)
 (C:\Users\carlo\AppData\Local\Programs\MiKTeX\tex/generic/pgf/math\pgfint.code.tex) (C:\Users\carlo\AppData\Local\Programs\MiKTeX\tex/generic/pgf/basiclayer\pgfcorepoints.code.tex
File: pgfcorepoints.code.tex 2025-08-29 v3.1.11a (3.1.11a)
\pgf@picminx=\dimen195
\pgf@picmaxx=\dimen196
\pgf@picminy=\dimen197
\pgf@picmaxy=\dimen198
\pgf@pathminx=\dimen199
\pgf@pathmaxx=\dimen256
\pgf@pathminy=\dimen257
\pgf@pathmaxy=\dimen258
\pgf@xx=\dimen259
\pgf@xy=\dimen260
\pgf@yx=\dimen261
\pgf@yy=\dimen262
\pgf@zx=\dimen263
\pgf@zy=\dimen264
) (C:\Users\carlo\AppData\Local\Programs\MiKTeX\tex/generic/pgf/basiclayer\pgfcorepathconstruct.code.tex
File: pgfcorepathconstruct.code.tex 2025-08-29 v3.1.11a (3.1.11a)
\pgf@path@lastx=\dimen265
\pgf@path@lasty=\dimen266
) (C:\Users\carlo\AppData\Local\Programs\MiKTeX\tex/generic/pgf/basiclayer\pgfcorepathusage.code.tex
File: pgfcorepathusage.code.tex 2025-08-29 v3.1.11a (3.1.11a)
\pgf@shorten@end@additional=\dimen267
\pgf@shorten@start@additional=\dimen268
) (C:\Users\carlo\AppData\Local\Programs\MiKTeX\tex/generic/pgf/basiclayer\pgfcorescopes.code.tex
File: pgfcorescopes.code.tex 2025-08-29 v3.1.11a (3.1.11a)
\pgfpic=\box64
\pgf@hbox=\box65
\pgf@layerbox@main=\box66
\pgf@picture@serial@count=\count317
) (C:\Users\carlo\AppData\Local\Programs\MiKTeX\tex/generic/pgf/basiclayer\pgfcoregraphicstate.code.tex
File: pgfcoregraphicstate.code.tex 2025-08-29 v3.1.11a (3.1.11a)
\pgflinewidth=\dimen269
) (C:\Users\carlo\AppData\Local\Programs\MiKTeX\tex/generic/pgf/basiclayer\pgfcoretransformations.code.tex
File: pgfcoretransformations.code.tex 2025-08-29 v3.1.11a (3.1.11a)
\pgf@pt@x=\dimen270
\pgf@pt@y=\dimen271
\pgf@pt@temp=\dimen272
) (C:\Users\carlo\AppData\Local\Programs\MiKTeX\tex/generic/pgf/basiclayer\pgfcorequick.code.tex
File: pgfcorequick.code.tex 2025-08-29 v3.1.11a (3.1.11a)
) (C:\Users\carlo\AppData\Local\Programs\MiKTeX\tex/generic/pgf/basiclayer\pgfcoreobjects.code.tex
File: pgfcoreobjects.code.tex 2025-08-29 v3.1.11a (3.1.11a)
) (C:\Users\carlo\AppData\Local\Programs\MiKTeX\tex/generic/pgf/basiclayer\pgfcorepathprocessing.code.tex
File: pgfcorepathprocessing.code.tex 2025-08-29 v3.1.11a (3.1.11a)
) (C:\Users\carlo\AppData\Local\Programs\MiKTeX\tex/generic/pgf/basiclayer\pgfcorearrows.code.tex
File: pgfcorearrows.code.tex 2025-08-29 v3.1.11a (3.1.11a)
\pgfarrowsep=\dimen273
) (C:\Users\carlo\AppData\Local\Programs\MiKTeX\tex/generic/pgf/basiclayer\pgfcoreshade.code.tex
File: pgfcoreshade.code.tex 2025-08-29 v3.1.11a (3.1.11a)
\pgf@max=\dimen274
\pgf@sys@shading@range@num=\count318
\pgf@shadingcount=\count319
) (C:\Users\carlo\AppData\Local\Programs\MiKTeX\tex/generic/pgf/basiclayer\pgfcoreimage.code.tex
File: pgfcoreimage.code.tex 2025-08-29 v3.1.11a (3.1.11a)
) (C:\Users\carlo\AppData\Local\Programs\MiKTeX\tex/generic/pgf/basiclayer\pgfcoreexternal.code.tex
File: pgfcoreexternal.code.tex 2025-08-29 v3.1.11a (3.1.11a)
\pgfexternal@startupbox=\box67
) (C:\Users\carlo\AppData\Local\Programs\MiKTeX\tex/generic/pgf/basiclayer\pgfcorelayers.code.tex
File: pgfcorelayers.code.tex 2025-08-29 v3.1.11a (3.1.11a)
) (C:\Users\carlo\AppData\Local\Programs\MiKTeX\tex/generic/pgf/basiclayer\pgfcoretransparency.code.tex
File: pgfcoretransparency.code.tex 2025-08-29 v3.1.11a (3.1.11a)
) (C:\Users\carlo\AppData\Local\Programs\MiKTeX\tex/generic/pgf/basiclayer\pgfcorepatterns.code.tex
File: pgfcorepatterns.code.tex 2025-08-29 v3.1.11a (3.1.11a)
) (C:\Users\carlo\AppData\Local\Programs\MiKTeX\tex/generic/pgf/basiclayer\pgfcorerdf.code.tex
File: pgfcorerdf.code.tex 2025-08-29 v3.1.11a (3.1.11a)
))) (C:\Users\carlo\AppData\Local\Programs\MiKTeX\tex/latex/pgf/utilities\xxcolor.sty
Package: xxcolor 2003/10/24 ver 0.1
\XC@nummixins=\count320
\XC@countmixins=\count321
) (C:\Users\carlo\AppData\Local\Programs\MiKTeX\tex/latex/base\atbegshi-ltx.sty
Package: atbegshi-ltx 2021/01/10 v1.0c Emulation of the original atbegshi
package with kernel methods
) (C:\Users\carlo\AppData\Local\Programs\MiKTeX\tex/latex/hyperref\hyperref.sty
Package: hyperref 2025-07-12 v7.01o Hypertext links for LaTeX
 (C:\Users\carlo\AppData\Local\Programs\MiKTeX\tex/latex/kvsetkeys\kvsetkeys.sty
Package: kvsetkeys 2022-10-05 v1.19 Key value parser (HO)
) (C:\Users\carlo\AppData\Local\Programs\MiKTeX\tex/generic/kvdefinekeys\kvdefinekeys.sty
Package: kvdefinekeys 2019-12-19 v1.6 Define keys (HO)
) (C:\Users\carlo\AppData\Local\Programs\MiKTeX\tex/generic/pdfescape\pdfescape.sty
Package: pdfescape 2019/12/09 v1.15 Implements pdfTeX's escape features (HO)
 (C:\Users\carlo\AppData\Local\Programs\MiKTeX\tex/generic/ltxcmds\ltxcmds.sty
Package: ltxcmds 2023-12-04 v1.26 LaTeX kernel commands for general use (HO)
) (C:\Users\carlo\AppData\Local\Programs\MiKTeX\tex/generic/pdftexcmds\pdftexcmds.sty
Package: pdftexcmds 2020-06-27 v0.33 Utility functions of pdfTeX for LuaTeX (HO)
 (C:\Users\carlo\AppData\Local\Programs\MiKTeX\tex/generic/infwarerr\infwarerr.sty
Package: infwarerr 2019/12/03 v1.5 Providing info/warning/error messages (HO)
)
Package pdftexcmds Info: \pdf@primitive is available.
Package pdftexcmds Info: \pdf@ifprimitive is available.
Package pdftexcmds Info: \pdfdraftmode found.
)) (C:\Users\carlo\AppData\Local\Programs\MiKTeX\tex/latex/hycolor\hycolor.sty
Package: hycolor 2020-01-27 v1.10 Color options for hyperref/bookmark (HO)
) (C:\Users\carlo\AppData\Local\Programs\MiKTeX\tex/latex/hyperref\nameref.sty
Package: nameref 2025-06-21 v2.57 Cross-referencing by name of section
 (C:\Users\carlo\AppData\Local\Programs\MiKTeX\tex/latex/refcount\refcount.sty
Package: refcount 2019/12/15 v3.6 Data extraction from label references (HO)
) (C:\Users\carlo\AppData\Local\Programs\MiKTeX\tex/generic/gettitlestring\gettitlestring.sty
Package: gettitlestring 2019/12/15 v1.6 Cleanup title references (HO)
 (C:\Users\carlo\AppData\Local\Programs\MiKTeX\tex/latex/kvoptions\kvoptions.sty
Package: kvoptions 2022-06-15 v3.15 Key value format for package options (HO)
))
\c@section@level=\count322
) (C:\Users\carlo\AppData\Local\Programs\MiKTeX\tex/generic/stringenc\stringenc.sty
Package: stringenc 2019/11/29 v1.12 Convert strings between diff. encodings (HO)
)
\@linkdim=\dimen275
\Hy@linkcounter=\count323
\Hy@pagecounter=\count324
 (C:\Users\carlo\AppData\Local\Programs\MiKTeX\tex/latex/hyperref\pd1enc.def
File: pd1enc.def 2025-07-12 v7.01o Hyperref: PDFDocEncoding definition (HO)
Now handling font encoding PD1 ...
... no UTF-8 mapping file for font encoding PD1
) (C:\Users\carlo\AppData\Local\Programs\MiKTeX\tex/generic/intcalc\intcalc.sty
Package: intcalc 2019/12/15 v1.3 Expandable calculations with integers (HO)
)
\Hy@SavedSpaceFactor=\count325
 (C:\Users\carlo\AppData\Local\Programs\MiKTeX\tex/latex/hyperref\puenc.def
File: puenc.def 2025-07-12 v7.01o Hyperref: PDF Unicode definition (HO)
Now handling font encoding PU ...
... no UTF-8 mapping file for font encoding PU
)
Package hyperref Info: Option `bookmarks' set `true' on input line 4066.
Package hyperref Info: Option `bookmarksopen' set `true' on input line 4066.
Package hyperref Info: Option `implicit' set `false' on input line 4066.
Package hyperref Info: Hyper figures OFF on input line 4195.
Package hyperref Info: Link nesting OFF on input line 4200.
Package hyperref Info: Hyper index ON on input line 4203.
Package hyperref Info: Plain pages OFF on input line 4210.
Package hyperref Info: Backreferencing OFF on input line 4215.
Package hyperref Info: Implicit mode OFF; no redefinition of LaTeX internals.
Package hyperref Info: Bookmarks ON on input line 4462.
\c@Hy@tempcnt=\count326
 (C:\Users\carlo\AppData\Local\Programs\MiKTeX\tex/latex/url\url.sty
\Urlmuskip=\muskip17
Package: url 2013/09/16  ver 3.4  Verb mode for urls, etc.
)
LaTeX Info: Redefining \url on input line 4801.
\XeTeXLinkMargin=\dimen276
 (C:\Users\carlo\AppData\Local\Programs\MiKTeX\tex/generic/bitset\bitset.sty
Package: bitset 2019/12/09 v1.3 Handle bit-vector datatype (HO)
 (C:\Users\carlo\AppData\Local\Programs\MiKTeX\tex/generic/bigintcalc\bigintcalc.sty
Package: bigintcalc 2019/12/15 v1.5 Expandable calculations on big integers (HO)
))
\Fld@menulength=\count327
\Field@Width=\dimen277
\Fld@charsize=\dimen278
Package hyperref Info: Hyper figures OFF on input line 6078.
Package hyperref Info: Link nesting OFF on input line 6083.
Package hyperref Info: Hyper index ON on input line 6086.
Package hyperref Info: backreferencing OFF on input line 6093.
Package hyperref Info: Link coloring OFF on input line 6098.
Package hyperref Info: Link coloring with OCG OFF on input line 6103.
Package hyperref Info: PDF/A mode OFF on input line 6108.
\Hy@abspage=\count328


Package hyperref Message: Stopped early.

)
Package hyperref Info: Driver (autodetected): hpdftex.
 (C:\Users\carlo\AppData\Local\Programs\MiKTeX\tex/latex/hyperref\hpdftex.def
File: hpdftex.def 2025-07-12 v7.01o Hyperref driver for pdfTeX
\Fld@listcount=\count329
\c@bookmark@seq@number=\count330
 (C:\Users\carlo\AppData\Local\Programs\MiKTeX\tex/latex/rerunfilecheck\rerunfilecheck.sty
Package: rerunfilecheck 2025-06-21 v1.11 Rerun checks for auxiliary files (HO)
 (C:\Users\carlo\AppData\Local\Programs\MiKTeX\tex/generic/uniquecounter\uniquecounter.sty
Package: uniquecounter 2019/12/15 v1.4 Provide unlimited unique counter (HO)
)
Package uniquecounter Info: New unique counter `rerunfilecheck' on input line 284.
)) (C:\Users\carlo\AppData\Local\Programs\MiKTeX\tex/latex/beamer\beamerbaserequires.sty (C:\Users\carlo\AppData\Local\Programs\MiKTeX\tex/latex/beamer\beamerbasecompatibility.sty) (C:\Users\carlo\AppData\Local\Programs\MiKTeX\tex/latex/beamer\beamerbasefont.sty (C:\Users\carlo\AppData\Local\Programs\MiKTeX\tex/latex/amsfonts\amssymb.sty
Package: amssymb 2013/01/14 v3.01 AMS font symbols
 (C:\Users\carlo\AppData\Local\Programs\MiKTeX\tex/latex/amsfonts\amsfonts.sty
Package: amsfonts 2013/01/14 v3.01 Basic AMSFonts support
\@emptytoks=\toks29
\symAMSa=\mathgroup4
\symAMSb=\mathgroup5
LaTeX Font Info:    Redeclaring math symbol \hbar on input line 98.
LaTeX Font Info:    Overwriting math alphabet `\mathfrak' in version `bold'
(Font)                  U/euf/m/n --> U/euf/b/n on input line 106.
)) (C:\Users\carlo\AppData\Local\Programs\MiKTeX\tex/latex/sansmathaccent\sansmathaccent.sty
Package: sansmathaccent 2020/01/31
 (C:\Users\carlo\AppData\Local\Programs\MiKTeX\tex/latex/koma-script\scrlfile.sty
Package: scrlfile 2025/09/09 v3.48 KOMA-Script package (file load hooks)
 (C:\Users\carlo\AppData\Local\Programs\MiKTeX\tex/latex/koma-script\scrlfile-hook.sty
Package: scrlfile-hook 2025/09/09 v3.48 KOMA-Script package (using LaTeX hooks)
 (C:\Users\carlo\AppData\Local\Programs\MiKTeX\tex/latex/koma-script\scrlogo.sty
Package: scrlogo 2025/09/09 v3.48 KOMA-Script package (logo)
))))) (C:\Users\carlo\AppData\Local\Programs\MiKTeX\tex/latex/beamer\beamerbasetranslator.sty (C:\Users\carlo\AppData\Local\Programs\MiKTeX\tex/latex/translator\translator.sty
Package: translator 2021-05-31 v1.12d Easy translation of strings in LaTeX
)) (C:\Users\carlo\AppData\Local\Programs\MiKTeX\tex/latex/beamer\beamerbasemisc.sty) (C:\Users\carlo\AppData\Local\Programs\MiKTeX\tex/latex/beamer\beamerbasetwoscreens.sty) (C:\Users\carlo\AppData\Local\Programs\MiKTeX\tex/latex/beamer\beamerbaseoverlay.sty
\beamer@argscount=\count331
\beamer@lastskipcover=\skip52
\beamer@trivlistdepth=\count332
) (C:\Users\carlo\AppData\Local\Programs\MiKTeX\tex/latex/beamer\beamerbasetitle.sty) (C:\Users\carlo\AppData\Local\Programs\MiKTeX\tex/latex/beamer\beamerbasesection.sty
\c@lecture=\count333
\c@part=\count334
\c@section=\count335
\c@subsection=\count336
\c@subsubsection=\count337
) (C:\Users\carlo\AppData\Local\Programs\MiKTeX\tex/latex/beamer\beamerbaseframe.sty
\beamer@framebox=\box68
\beamer@frametitlebox=\box69
\beamer@zoombox=\box70
\beamer@zoomcount=\count338
\beamer@zoomframecount=\count339
\beamer@frametextheight=\dimen279
\c@subsectionslide=\count340
\beamer@frametopskip=\skip53
\beamer@framebottomskip=\skip54
\beamer@frametopskipautobreak=\skip55
\beamer@framebottomskipautobreak=\skip56
\beamer@envbody=\toks30
\framewidth=\dimen280
\c@framenumber=\count341
) (C:\Users\carlo\AppData\Local\Programs\MiKTeX\tex/latex/beamer\beamerbaseverbatim.sty
\beamer@verbatimfileout=\write4
) (C:\Users\carlo\AppData\Local\Programs\MiKTeX\tex/latex/beamer\beamerbaseframesize.sty
\beamer@splitbox=\box71
\beamer@autobreakcount=\count342
\beamer@autobreaklastheight=\dimen281
\beamer@frametitletoks=\toks31
\beamer@framesubtitletoks=\toks32
) (C:\Users\carlo\AppData\Local\Programs\MiKTeX\tex/latex/beamer\beamerbaseframecomponents.sty
\beamer@colheight=\skip57
\beamer@footins=\box72
) (C:\Users\carlo\AppData\Local\Programs\MiKTeX\tex/latex/beamer\beamerbasecolor.sty) (C:\Users\carlo\AppData\Local\Programs\MiKTeX\tex/latex/beamer\beamerbasenotes.sty
\beamer@frameboxcopy=\box73
) (C:\Users\carlo\AppData\Local\Programs\MiKTeX\tex/latex/beamer\beamerbasetoc.sty) (C:\Users\carlo\AppData\Local\Programs\MiKTeX\tex/latex/beamer\beamerbasetemplates.sty
\beamer@sbttoks=\toks33
 (C:\Users\carlo\AppData\Local\Programs\MiKTeX\tex/latex/beamer\beamerbaseauxtemplates.sty (C:\Users\carlo\AppData\Local\Programs\MiKTeX\tex/latex/beamer\beamerbaseboxes.sty
\bmb@box=\box74
\bmb@colorbox=\box75
\bmb@boxwidth=\dimen282
\bmb@boxheight=\dimen283
\bmb@prevheight=\dimen284
\bmb@temp=\dimen285
\bmb@dima=\dimen286
\bmb@dimb=\dimen287
\bmb@prevheight=\dimen288
)
\beamer@blockheadheight=\dimen289
)) (C:\Users\carlo\AppData\Local\Programs\MiKTeX\tex/latex/beamer\beamerbaselocalstructure.sty (C:\Users\carlo\AppData\Local\Programs\MiKTeX\tex/latex/tools\enumerate.sty
Package: enumerate 2023/07/04 v3.00 enumerate extensions (DPC)
\@enLab=\toks34
)
\beamer@bibiconwidth=\skip58
\c@figure=\count343
\c@table=\count344
\abovecaptionskip=\skip59
\belowcaptionskip=\skip60
) (C:\Users\carlo\AppData\Local\Programs\MiKTeX\tex/latex/beamer\beamerbasenavigation.sty (C:\Users\carlo\AppData\Local\Programs\MiKTeX\tex/latex/beamer\beamerbasenavigationsymbols.tex)
\beamer@section@min@dim=\dimen290
) (C:\Users\carlo\AppData\Local\Programs\MiKTeX\tex/latex/beamer\beamerbasetheorems.sty (C:\Users\carlo\AppData\Local\Programs\MiKTeX\tex/latex/amsmath\amsmath.sty
Package: amsmath 2025/07/09 v2.17z AMS math features
\@mathmargin=\skip61

For additional information on amsmath, use the `?' option.
(C:\Users\carlo\AppData\Local\Programs\MiKTeX\tex/latex/amsmath\amstext.sty
Package: amstext 2024/11/17 v2.01 AMS text
 (C:\Users\carlo\AppData\Local\Programs\MiKTeX\tex/latex/amsmath\amsgen.sty
File: amsgen.sty 1999/11/30 v2.0 generic functions
\@emptytoks=\toks35
\ex@=\dimen291
)) (C:\Users\carlo\AppData\Local\Programs\MiKTeX\tex/latex/amsmath\amsbsy.sty
Package: amsbsy 1999/11/29 v1.2d Bold Symbols
\pmbraise@=\dimen292
) (C:\Users\carlo\AppData\Local\Programs\MiKTeX\tex/latex/amsmath\amsopn.sty
Package: amsopn 2022/04/08 v2.04 operator names
)
\inf@bad=\count345
LaTeX Info: Redefining \frac on input line 233.
\uproot@=\count346
\leftroot@=\count347
LaTeX Info: Redefining \overline on input line 398.
LaTeX Info: Redefining \colon on input line 409.
\classnum@=\count348
\DOTSCASE@=\count349
LaTeX Info: Redefining \ldots on input line 495.
LaTeX Info: Redefining \dots on input line 498.
LaTeX Info: Redefining \cdots on input line 619.
\Mathstrutbox@=\box76
\strutbox@=\box77
LaTeX Info: Redefining \big on input line 721.
LaTeX Info: Redefining \Big on input line 722.
LaTeX Info: Redefining \bigg on input line 723.
LaTeX Info: Redefining \Bigg on input line 724.
\big@size=\dimen293
LaTeX Font Info:    Redeclaring font encoding OML on input line 742.
LaTeX Font Info:    Redeclaring font encoding OMS on input line 743.
\macc@depth=\count350
LaTeX Info: Redefining \bmod on input line 904.
LaTeX Info: Redefining \pmod on input line 909.
LaTeX Info: Redefining \smash on input line 939.
LaTeX Info: Redefining \relbar on input line 969.
LaTeX Info: Redefining \Relbar on input line 970.
\c@MaxMatrixCols=\count351
\dotsspace@=\muskip18
\c@parentequation=\count352
\dspbrk@lvl=\count353
\tag@help=\toks36
\row@=\count354
\column@=\count355
\maxfields@=\count356
\andhelp@=\toks37
\eqnshift@=\dimen294
\alignsep@=\dimen295
\tagshift@=\dimen296
\tagwidth@=\dimen297
\totwidth@=\dimen298
\lineht@=\dimen299
\@envbody=\toks38
\multlinegap=\skip62
\multlinetaggap=\skip63
\mathdisplay@stack=\toks39
LaTeX Info: Redefining \[ on input line 2950.
LaTeX Info: Redefining \] on input line 2951.
) (C:\Users\carlo\AppData\Local\Programs\MiKTeX\tex/latex/amscls\amsthm.sty
Package: amsthm 2020/05/29 v2.20.6
\thm@style=\toks40
\thm@bodyfont=\toks41
\thm@headfont=\toks42
\thm@notefont=\toks43
\thm@headpunct=\toks44
\thm@preskip=\skip64
\thm@postskip=\skip65
\thm@headsep=\skip66
\dth@everypar=\toks45
)
\c@theorem=\count357
) (C:\Users\carlo\AppData\Local\Programs\MiKTeX\tex/latex/beamer\beamerbasethemes.sty)) (C:\Users\carlo\AppData\Local\Programs\MiKTeX\tex/latex/beamer\beamerthemedefault.sty (C:\Users\carlo\AppData\Local\Programs\MiKTeX\tex/latex/beamer\beamerfontthemedefault.sty) (C:\Users\carlo\AppData\Local\Programs\MiKTeX\tex/latex/beamer\beamercolorthemedefault.sty) (C:\Users\carlo\AppData\Local\Programs\MiKTeX\tex/latex/beamer\beamerinnerthemedefault.sty
\beamer@dima=\dimen300
\beamer@dimb=\dimen301
) (C:\Users\carlo\AppData\Local\Programs\MiKTeX\tex/latex/beamer\beamerouterthemedefault.sty))) (C:\Users\carlo\AppData\Local\Programs\MiKTeX\tex/latex/beamer\beamerthemeMadrid.sty (C:\Users\carlo\AppData\Local\Programs\MiKTeX\tex/latex/beamer\beamercolorthemewhale.sty) (C:\Users\carlo\AppData\Local\Programs\MiKTeX\tex/latex/beamer\beamercolorthemeorchid.sty) (C:\Users\carlo\AppData\Local\Programs\MiKTeX\tex/latex/beamer\beamerinnerthemerounded.sty) (C:\Users\carlo\AppData\Local\Programs\MiKTeX\tex/latex/beamer\beamerouterthemeinfolines.sty)) (C:\Users\carlo\AppData\Local\Programs\MiKTeX\tex/latex/paralist\paralist.sty
Package: paralist 2017/01/22 v2.7 Extended list environments
\pltopsep=\skip67
\plpartopsep=\skip68
\plitemsep=\skip69
\plparsep=\skip70
\pl@lab=\toks46
) (C:\Users\carlo\AppData\Local\Programs\MiKTeX\tex/latex/enumitem\enumitem.sty
Package: enumitem 2025/02/06 v3.11 Customized lists
\labelindent=\skip71
\enit@outerparindent=\dimen302
\enit@toks=\toks47
\enit@inbox=\box78
\enit@count@id=\count358
\enitdp@description=\count359
) (C:\Users\carlo\AppData\Local\Programs\MiKTeX\tex/latex/csquotes\csquotes.sty
Package: csquotes 2024-04-04 v5.2o context-sensitive quotations (JAW)
\csq@reset=\count360
\csq@gtype=\count361
\csq@glevel=\count362
\csq@qlevel=\count363
\csq@maxlvl=\count364
\csq@tshold=\count365
\csq@ltx@everypar=\toks48
 (C:\Users\carlo\AppData\Local\Programs\MiKTeX\tex/latex/csquotes\csquotes.def
File: csquotes.def 2024-04-04 v5.2o csquotes generic definitions (JAW)
)
Package csquotes Info: Trying to load configuration file 'csquotes.cfg'...
Package csquotes Info: ... configuration file loaded successfully.
 (C:\Users\carlo\AppData\Local\Programs\MiKTeX\tex/latex/csquotes\csquotes.cfg
File: csquotes.cfg 
)) (C:\Users\carlo\AppData\Local\Programs\MiKTeX\tex/latex/tools\multicol.sty
Package: multicol 2025/10/21 v2.0b multicolumn formatting (FMi)
\c@tracingmulticols=\count366
\mult@box=\box79
\multicol@leftmargin=\dimen303
\c@unbalance=\count367
\c@collectmore=\count368
\doublecol@number=\count369
\multicoltolerance=\count370
\multicolpretolerance=\count371
\full@width=\dimen304
\page@free=\dimen305
\premulticols=\dimen306
\postmulticols=\dimen307
\multicolsep=\skip72
\multicolbaselineskip=\skip73
\partial@page=\box80
\last@line=\box81
\mc@boxedresult=\box82
\maxbalancingoverflow=\dimen308
\mult@rightbox=\box83
\mult@grightbox=\box84
\mult@firstbox=\box85
\mult@gfirstbox=\box86
\@tempa=\box87
\@tempa=\box88
\@tempa=\box89
\@tempa=\box90
\@tempa=\box91
\@tempa=\box92
\@tempa=\box93
\@tempa=\box94
\@tempa=\box95
\@tempa=\box96
\@tempa=\box97
\@tempa=\box98
\@tempa=\box99
\@tempa=\box100
\@tempa=\box101
\@tempa=\box102
\@tempa=\box103
\@tempa=\box104
\@tempa=\box105
\@tempa=\box106
\@tempa=\box107
\@tempa=\box108
\@tempa=\box109
\@tempa=\box110
\@tempa=\box111
\@tempa=\box112
\@tempa=\box113
\@tempa=\box114
\@tempa=\box115
\@tempa=\box116
\@tempa=\box117
\@tempa=\box118
\@tempa=\box119
\@tempa=\box120
\@tempa=\box121
\@tempa=\box122
\c@minrows=\count372
\c@columnbadness=\count373
\c@finalcolumnbadness=\count374
\last@try=\dimen309
\multicolovershoot=\dimen310
\multicolundershoot=\dimen311
\mult@nat@firstbox=\box123
\colbreak@box=\box124
\mc@col@check@num=\count375
\g__mc_curr_col_int=\count376
) (C:\Users\carlo\AppData\Local\Programs\MiKTeX\tex/latex/tikz-cd\tikz-cd.sty
Package: tikz-cd 2021/05/04 v1.0 Commutative diagrams with TikZ
 (C:\Users\carlo\AppData\Local\Programs\MiKTeX\tex/latex/pgf/frontendlayer\tikz.sty (C:\Users\carlo\AppData\Local\Programs\MiKTeX\tex/latex/pgf/basiclayer\pgf.sty
Package: pgf 2025-08-29 v3.1.11a (3.1.11a)
 (C:\Users\carlo\AppData\Local\Programs\MiKTeX\tex/generic/pgf/modules\pgfmoduleshapes.code.tex
File: pgfmoduleshapes.code.tex 2025-08-29 v3.1.11a (3.1.11a)
\pgfnodeparttextbox=\box125
) (C:\Users\carlo\AppData\Local\Programs\MiKTeX\tex/generic/pgf/modules\pgfmoduleplot.code.tex
File: pgfmoduleplot.code.tex 2025-08-29 v3.1.11a (3.1.11a)
) (C:\Users\carlo\AppData\Local\Programs\MiKTeX\tex/latex/pgf/compatibility\pgfcomp-version-0-65.sty
Package: pgfcomp-version-0-65 2025-08-29 v3.1.11a (3.1.11a)
\pgf@nodesepstart=\dimen312
\pgf@nodesepend=\dimen313
) (C:\Users\carlo\AppData\Local\Programs\MiKTeX\tex/latex/pgf/compatibility\pgfcomp-version-1-18.sty
Package: pgfcomp-version-1-18 2025-08-29 v3.1.11a (3.1.11a)
)) (C:\Users\carlo\AppData\Local\Programs\MiKTeX\tex/latex/pgf/utilities\pgffor.sty (C:\Users\carlo\AppData\Local\Programs\MiKTeX\tex/generic/pgf/utilities\pgffor.code.tex
Package: pgffor 2025-08-29 v3.1.11a (3.1.11a)
\pgffor@iter=\dimen314
\pgffor@skip=\dimen315
\pgffor@stack=\toks49
\pgffor@toks=\toks50
)) (C:\Users\carlo\AppData\Local\Programs\MiKTeX\tex/generic/pgf/frontendlayer/tikz\tikz.code.tex
Package: tikz 2025-08-29 v3.1.11a (3.1.11a)
 (C:\Users\carlo\AppData\Local\Programs\MiKTeX\tex/generic/pgf/libraries\pgflibraryplothandlers.code.tex
File: pgflibraryplothandlers.code.tex 2025-08-29 v3.1.11a (3.1.11a)
\pgf@plot@mark@count=\count377
\pgfplotmarksize=\dimen316
)
\tikz@lastx=\dimen317
\tikz@lasty=\dimen318
\tikz@lastxsaved=\dimen319
\tikz@lastysaved=\dimen320
\tikz@lastmovetox=\dimen321
\tikz@lastmovetoy=\dimen322
\tikzleveldistance=\dimen323
\tikzsiblingdistance=\dimen324
\tikz@figbox=\box126
\tikz@figbox@bg=\box127
\tikz@tempbox=\box128
\tikz@tempbox@bg=\box129
\tikztreelevel=\count378
\tikznumberofchildren=\count379
\tikznumberofcurrentchild=\count380
\tikz@fig@count=\count381
 (C:\Users\carlo\AppData\Local\Programs\MiKTeX\tex/generic/pgf/modules\pgfmodulematrix.code.tex
File: pgfmodulematrix.code.tex 2025-08-29 v3.1.11a (3.1.11a)
\pgfmatrixcurrentrow=\count382
\pgfmatrixcurrentcolumn=\count383
\pgf@matrix@numberofcolumns=\count384
)
\tikz@expandcount=\count385
 (C:\Users\carlo\AppData\Local\Programs\MiKTeX\tex/generic/pgf/frontendlayer/tikz/libraries\tikzlibrarytopaths.code.tex
File: tikzlibrarytopaths.code.tex 2025-08-29 v3.1.11a (3.1.11a)
))) (C:\Users\carlo\AppData\Local\Programs\MiKTeX\tex/latex/tikz-cd\tikzlibrarycd.code.tex (C:\Users\carlo\AppData\Local\Programs\MiKTeX\tex/generic/pgf/frontendlayer/tikz/libraries\tikzlibrarymatrix.code.tex
File: tikzlibrarymatrix.code.tex 2025-08-29 v3.1.11a (3.1.11a)
) (C:\Users\carlo\AppData\Local\Programs\MiKTeX\tex/generic/pgf/frontendlayer/tikz/libraries\tikzlibraryquotes.code.tex
File: tikzlibraryquotes.code.tex 2025-08-29 v3.1.11a (3.1.11a)
) (C:\Users\carlo\AppData\Local\Programs\MiKTeX\tex/generic/pgf/libraries\pgflibraryarrows.meta.code.tex
File: pgflibraryarrows.meta.code.tex 2025-08-29 v3.1.11a (3.1.11a)
\pgfarrowinset=\dimen325
\pgfarrowlength=\dimen326
\pgfarrowwidth=\dimen327
\pgfarrowlinewidth=\dimen328
))) (C:\Users\carlo\AppData\Local\Programs\MiKTeX\tex/generic/babel\babel.sty
Package: babel 2025/11/09 v25.15 The multilingual framework for LuaLaTeX, pdfLaTeX and XeLaTeX
\babel@savecnt=\count386
LaTeX Encoding Info:    Redeclaring text command \ij (encoding OT1) on input line 2050.
LaTeX Encoding Info:    Redeclaring text command \IJ (encoding OT1) on input line 2052.
LaTeX Encoding Info:    Redeclaring text command \ij (encoding T1) on input line 2054.
LaTeX Encoding Info:    Redeclaring text command \IJ (encoding T1) on input line 2055.
LaTeX Encoding Info:    Ignoring declaration for text command \ij (encoding ?) on input line 2056.
LaTeX Encoding Info:    Ignoring declaration for text command \IJ (encoding ?) on input line 2058.
LaTeX Encoding Info:    Ignoring declaration for text command \SS (encoding ?) on input line 2083.
\U@D=\dimen329
\l@unhyphenated=\language79
 (C:\Users\carlo\AppData\Local\Programs\MiKTeX\tex/generic/babel\txtbabel.def)
\bbl@readstream=\read3
LaTeX Info: Redefining \textlatin on input line 3942.
\bbl@dirlevel=\count387
Package babel Info: Configuration files are deprecated, as
(babel)             they can break document portability.
(babel)             Reported on input line 4175.

*************************************
* Local config file bblopts.cfg used
*
(C:\Users\carlo\AppData\Local\Programs\MiKTeX\tex/latex/arabi\bblopts.cfg
File: bblopts.cfg 2005/09/08 v0.1 add Arabic and Farsi to "declared" options of babel
) (C:\Users\carlo\AppData\Local\Programs\MiKTeX\tex/generic/babel/locale/en\babel-english.tex)
Package babel Info: Importing font and identification data for english
(babel)             from babel-en.ini. Reported on input line 4298.
 (C:\Users\carlo\AppData\Local\Programs\MiKTeX\tex/latex/babel-english\english.ldf
Language: english 2017/06/06 v3.3r English support from the babel system
Package babel Info: Hyphen rules for 'canadian' set to \l@english
(babel)             (\language0). Reported on input line 102.
Package babel Info: Hyphen rules for 'australian' set to \l@ukenglish
(babel)             (\language73). Reported on input line 105.
Package babel Info: Hyphen rules for 'newzealand' set to \l@ukenglish
(babel)             (\language73). Reported on input line 108.
)) (C:\Users\carlo\AppData\Local\Programs\MiKTeX\tex/latex/mathtools\mathtools.sty
Package: mathtools 2024/10/04 v1.31 mathematical typesetting tools
 (C:\Users\carlo\AppData\Local\Programs\MiKTeX\tex/latex/tools\calc.sty
Package: calc 2025/03/01 v4.3b Infix arithmetic (KKT,FJ)
\calc@Acount=\count388
\calc@Bcount=\count389
\calc@Adimen=\dimen330
\calc@Bdimen=\dimen331
\calc@Askip=\skip74
\calc@Bskip=\skip75
LaTeX Info: Redefining \setlength on input line 86.
LaTeX Info: Redefining \addtolength on input line 87.
\calc@Ccount=\count390
\calc@Cskip=\skip76
) (C:\Users\carlo\AppData\Local\Programs\MiKTeX\tex/latex/mathtools\mhsetup.sty
Package: mhsetup 2021/03/18 v1.4 programming setup (MH)
)
\g_MT_multlinerow_int=\count391
\l_MT_multwidth_dim=\dimen332
\origjot=\skip77
\l_MT_shortvdotswithinadjustabove_dim=\dimen333
\l_MT_shortvdotswithinadjustbelow_dim=\dimen334
\l_MT_above_intertext_sep=\dimen335
\l_MT_below_intertext_sep=\dimen336
\l_MT_above_shortintertext_sep=\dimen337
\l_MT_below_shortintertext_sep=\dimen338
\xmathstrut@box=\box130
\xmathstrut@dim=\dimen339
) (C:\Users\carlo\AppData\Local\Programs\MiKTeX\tex/latex/wrapfig\wrapfig.sty
\wrapoverhang=\dimen340
\WF@size=\dimen341
\c@WF@wrappedlines=\count392
\WF@box=\box131
\WF@everypar=\toks51
Package: wrapfig 2003/01/31  v 3.6
) (C:\Users\carlo\AppData\Local\Programs\MiKTeX\tex/latex/aeguill\aeguill.sty
Package: aeguill 2003/08/02 1.02 AE fonts with french guillemets (D. Roegel)
 (C:\Users\carlo\AppData\Local\Programs\MiKTeX\tex/latex/ae\ae.sty
Package: ae 2001/02/12 1.3 Almost European Computer Modern
 (C:\Users\carlo\AppData\Local\Programs\MiKTeX\tex/latex/base\fontenc.sty
Package: fontenc 2025/07/18 v2.1d Standard LaTeX package
))) (C:\Users\carlo\AppData\Local\Programs\MiKTeX\tex/latex/caption\caption.sty
Package: caption 2023/08/05 v3.6o Customizing captions (AR)
 (C:\Users\carlo\AppData\Local\Programs\MiKTeX\tex/latex/caption\caption3.sty
Package: caption3 2023/07/31 v2.4d caption3 kernel (AR)
\caption@tempdima=\dimen342
\captionmargin=\dimen343
\caption@leftmargin=\dimen344
\caption@rightmargin=\dimen345
\caption@width=\dimen346
\caption@indent=\dimen347
\caption@parindent=\dimen348
\caption@hangindent=\dimen349
Package caption Info: beamer document class detected.
 (C:\Users\carlo\AppData\Local\Programs\MiKTeX\tex/latex/caption\caption-beamer.sto
File: caption-beamer.sto 2022/01/06 v2.0c Adaption of the caption package to the beamer document classes (AR)
))
\c@caption@flags=\count393
\c@continuedfloat=\count394
Package caption Info: hyperref package is loaded.
Package caption Info: Hyperref support is turned off
(caption)             because hyperref has stopped early.
Package caption Info: wrapfig package is loaded.
) (C:\Users\carlo\AppData\Local\Programs\MiKTeX\tex/latex/caption\subcaption.sty
Package: subcaption 2023/07/28 v1.6b Sub-captions (AR)
Package caption Info: New subtype `subfigure' on input line 238.
\c@subfigure=\count395
Package caption Info: New subtype `subtable' on input line 238.
\c@subtable=\count396
) (C:\Users\carlo\AppData\Local\Programs\MiKTeX\tex/latex/biblatex\biblatex.sty
Package: biblatex 2025/07/10 v3.21 programmable bibliographies (PK/MW)
 (C:\Users\carlo\AppData\Local\Programs\MiKTeX\tex/latex/logreq\logreq.sty
Package: logreq 2010/08/04 v1.0 xml request logger
\lrq@indent=\count397
 (C:\Users\carlo\AppData\Local\Programs\MiKTeX\tex/latex/logreq\logreq.def
File: logreq.def 2010/08/04 v1.0 logreq spec v1.0
)) (C:\Users\carlo\AppData\Local\Programs\MiKTeX\tex/latex/base\ifthen.sty
Package: ifthen 2024/03/16 v1.1e Standard LaTeX ifthen package (DPC)
)
\c@tabx@nest=\count398
\c@listtotal=\count399
\c@listcount=\count400
\c@liststart=\count401
\c@liststop=\count402
\c@citecount=\count403
\c@citetotal=\count404
\c@multicitecount=\count405
\c@multicitetotal=\count406
\c@instcount=\count407
\c@maxnames=\count408
\c@minnames=\count409
\c@maxitems=\count410
\c@minitems=\count411
\c@citecounter=\count412
\c@maxcitecounter=\count413
\c@savedcitecounter=\count414
\c@uniquelist=\count415
\c@uniquename=\count416
\c@refsection=\count417
\c@refsegment=\count418
\c@maxextratitle=\count419
\c@maxextratitleyear=\count420
\c@maxextraname=\count421
\c@maxextradate=\count422
\c@maxextraalpha=\count423
\c@abbrvpenalty=\count424
\c@highnamepenalty=\count425
\c@lownamepenalty=\count426
\c@maxparens=\count427
\c@parenlevel=\count428
\blx@tempcnta=\count429
\blx@tempcntb=\count430
\blx@tempcntc=\count431
\c@blx@maxsection=\count432
\blx@maxsegment@0=\count433
\blx@notetype=\count434
\blx@parenlevel@text=\count435
\blx@parenlevel@foot=\count436
\blx@sectionciteorder@0=\count437
\blx@sectionciteorderinternal@0=\count438
\blx@entrysetcounter=\count439
\blx@biblioinstance=\count440
\labelnumberwidth=\skip78
\labelalphawidth=\skip79
\biblabelsep=\skip80
\bibitemsep=\skip81
\bibnamesep=\skip82
\bibinitsep=\skip83
\bibparsep=\skip84
\bibhang=\skip85
\blx@bcfin=\read4
\blx@bcfout=\write5
\blx@langwohyphens=\language80
\c@mincomprange=\count441
\c@maxcomprange=\count442
\c@mincompwidth=\count443
Package biblatex Info: Trying to load biblatex default data model...
Package biblatex Info: ... file 'blx-dm.def' found.
 (C:\Users\carlo\AppData\Local\Programs\MiKTeX\tex/latex/biblatex\blx-dm.def
File: blx-dm.def 2025/07/10 v3.21 biblatex datamodel (PK/MW)
)
Package biblatex Info: Trying to load biblatex style data model...
Package biblatex Info: ... file 'alphabetic.dbx' not found.
Package biblatex Info: Trying to load biblatex custom data model...
Package biblatex Info: ... file 'biblatex-dm.cfg' not found.
\c@afterword=\count444
\c@savedafterword=\count445
\c@annotator=\count446
\c@savedannotator=\count447
\c@author=\count448
\c@savedauthor=\count449
\c@bookauthor=\count450
\c@savedbookauthor=\count451
\c@commentator=\count452
\c@savedcommentator=\count453
\c@editor=\count454
\c@savededitor=\count455
\c@editora=\count456
\c@savededitora=\count457
\c@editorb=\count458
\c@savededitorb=\count459
\c@editorc=\count460
\c@savededitorc=\count461
\c@foreword=\count462
\c@savedforeword=\count463
\c@holder=\count464
\c@savedholder=\count465
\c@introduction=\count466
\c@savedintroduction=\count467
\c@namea=\count468
\c@savednamea=\count469
\c@nameb=\count470
\c@savednameb=\count471
\c@namec=\count472
\c@savednamec=\count473
\c@translator=\count474
\c@savedtranslator=\count475
\c@shortauthor=\count476
\c@savedshortauthor=\count477
\c@shorteditor=\count478
\c@savedshorteditor=\count479
\c@labelname=\count480
\c@savedlabelname=\count481
\c@institution=\count482
\c@savedinstitution=\count483
\c@lista=\count484
\c@savedlista=\count485
\c@listb=\count486
\c@savedlistb=\count487
\c@listc=\count488
\c@savedlistc=\count489
\c@listd=\count490
\c@savedlistd=\count491
\c@liste=\count492
\c@savedliste=\count493
\c@listf=\count494
\c@savedlistf=\count495
\c@location=\count496
\c@savedlocation=\count497
\c@organization=\count498
\c@savedorganization=\count499
\c@origlocation=\count500
\c@savedoriglocation=\count501
\c@origpublisher=\count502
\c@savedorigpublisher=\count503
\c@publisher=\count504
\c@savedpublisher=\count505
\c@language=\count506
\c@savedlanguage=\count507
\c@origlanguage=\count508
\c@savedoriglanguage=\count509
\c@pageref=\count510
\c@savedpageref=\count511
\shorthandwidth=\skip86
\shortjournalwidth=\skip87
\shortserieswidth=\skip88
\shorttitlewidth=\skip89
\shortauthorwidth=\skip90
\shorteditorwidth=\skip91
\locallabelnumberwidth=\skip92
\locallabelalphawidth=\skip93
\localshorthandwidth=\skip94
\localshortjournalwidth=\skip95
\localshortserieswidth=\skip96
\localshorttitlewidth=\skip97
\localshortauthorwidth=\skip98
\localshorteditorwidth=\skip99
Package biblatex Info: Trying to load compatibility code...
Package biblatex Info: ... file 'blx-compat.def' found.
 (C:\Users\carlo\AppData\Local\Programs\MiKTeX\tex/latex/biblatex\blx-compat.def
File: blx-compat.def 2025/07/10 v3.21 biblatex compatibility (PK/MW)
)
Package biblatex Info: Trying to load generic definitions...
Package biblatex Info: ... file 'biblatex.def' found.
 (C:\Users\carlo\AppData\Local\Programs\MiKTeX\tex/latex/biblatex\biblatex.def
File: biblatex.def 2025/07/10 v3.21 biblatex compatibility (PK/MW)
\c@textcitecount=\count512
\c@textcitetotal=\count513
\c@textcitemaxnames=\count514
\c@biburlbigbreakpenalty=\count515
\c@biburlbreakpenalty=\count516
\c@biburlnumpenalty=\count517
\c@biburlucpenalty=\count518
\c@biburllcpenalty=\count519
\biburlbigskip=\muskip19
\biburlnumskip=\muskip20
\biburlucskip=\muskip21
\biburllcskip=\muskip22
\c@smartand=\count520
)
Package biblatex Info: Trying to load bibliography style 'alphabetic'...
Package biblatex Info: ... file 'alphabetic.bbx' found.
 (C:\Users\carlo\AppData\Local\Programs\MiKTeX\tex/latex/biblatex/bbx\alphabetic.bbx
File: alphabetic.bbx 2025/07/10 v3.21 biblatex bibliography style (PK/MW)
Package biblatex Info: Trying to load bibliography style 'standard'...
Package biblatex Info: ... file 'standard.bbx' found.
 (C:\Users\carlo\AppData\Local\Programs\MiKTeX\tex/latex/biblatex/bbx\standard.bbx
File: standard.bbx 2025/07/10 v3.21 biblatex bibliography style (PK/MW)
\c@bbx:relatedcount=\count521
\c@bbx:relatedtotal=\count522
))
Package biblatex Info: Trying to load citation style 'alphabetic'...
Package biblatex Info: ... file 'alphabetic.cbx' found.
 (C:\Users\carlo\AppData\Local\Programs\MiKTeX\tex/latex/biblatex/cbx\alphabetic.cbx
File: alphabetic.cbx 2025/07/10 v3.21 biblatex citation style (PK/MW)
Package biblatex Info: Redefining '\cite'.
Package biblatex Info: Redefining '\parencite'.
Package biblatex Info: Redefining '\footcite'.
Package biblatex Info: Redefining '\footcitetext'.
Package biblatex Info: Redefining '\smartcite'.
Package biblatex Info: Redefining '\textcite'.
Package biblatex Info: Redefining '\textcites'.
Package biblatex Info: Redefining '\cites'.
Package biblatex Info: Redefining '\parencites'.
Package biblatex Info: Redefining '\smartcites'.
)
Package biblatex Info: Trying to load configuration file...
Package biblatex Info: ... file 'biblatex.cfg' found.
 (C:\Users\carlo\AppData\Local\Programs\MiKTeX\tex/latex/biblatex\biblatex.cfg
File: biblatex.cfg 
)
Package biblatex Info: Input encoding 'utf8' detected.
Package biblatex Info: Document encoding is UTF8 ....
 (C:\Users\carlo\AppData\Local\Programs\MiKTeX\tex/latex/l3kernel\expl3.sty
Package: expl3 2025-11-06 L3 programming layer (loader) 
 (C:\Users\carlo\AppData\Local\Programs\MiKTeX\tex/latex/l3backend\l3backend-pdftex.def
File: l3backend-pdftex.def 2025-10-09 L3 backend support: PDF output (pdfTeX)
\l__color_backend_stack_int=\count523
))
Package biblatex Info: ... and expl3
(biblatex)             2025-11-06 L3 programming layer (loader) 
(biblatex)             is new enough (at least 2020/04/06),
(biblatex)             setting 'casechanger=expl3'.
 (C:\Users\carlo\AppData\Local\Programs\MiKTeX\tex/latex/biblatex\blx-case-expl3.sty (C:\Users\carlo\AppData\Local\Programs\MiKTeX\tex/latex/l3packages/xparse\xparse.sty
Package: xparse 2025-10-09 L3 Experimental document command parser
)
Package: blx-case-expl3 2025/07/10 v3.21 expl3 case changing code for biblatex
))
\c@teorema=\count524
 (C:\Users\carlo\AppData\Local\Programs\MiKTeX\tex/latex/beamer\beamerpatchparalist.sty)
Package csquotes Info: Checking for multilingual support...
Package csquotes Info: ... found 'babel' package.
Package csquotes Info: Adjusting default style.
Package csquotes Info: Redefining alias 'default' -> 'english'.
LaTeX Font Info:    Trying to load font information for T1+aess on input line 170.
 (C:\Users\carlo\AppData\Local\Programs\MiKTeX\tex/latex/ae\t1aess.fd
File: t1aess.fd 1997/11/16 Font definitions for T1/aess.
)
No file Presentacion.aux.
\openout1 = `Presentacion.aux'.

LaTeX Font Info:    Checking defaults for OML/cmm/m/it on input line 170.
LaTeX Font Info:    ... okay on input line 170.
LaTeX Font Info:    Checking defaults for OMS/cmsy/m/n on input line 170.
LaTeX Font Info:    ... okay on input line 170.
LaTeX Font Info:    Checking defaults for OT1/cmr/m/n on input line 170.
LaTeX Font Info:    ... okay on input line 170.
LaTeX Font Info:    Checking defaults for T1/cmr/m/n on input line 170.
LaTeX Font Info:    ... okay on input line 170.
LaTeX Font Info:    Checking defaults for TS1/cmr/m/n on input line 170.
LaTeX Font Info:    ... okay on input line 170.
LaTeX Font Info:    Checking defaults for OMX/cmex/m/n on input line 170.
LaTeX Font Info:    ... okay on input line 170.
LaTeX Font Info:    Checking defaults for U/cmr/m/n on input line 170.
LaTeX Font Info:    ... okay on input line 170.
LaTeX Font Info:    Checking defaults for PD1/pdf/m/n on input line 170.
LaTeX Font Info:    ... okay on input line 170.
LaTeX Font Info:    Checking defaults for PU/pdf/m/n on input line 170.
LaTeX Font Info:    ... okay on input line 170.
*geometry* driver: auto-detecting
*geometry* detected driver: pdftex
*geometry* verbose mode - [ preamble ] result:
* driver: pdftex
* paper: custom
* layout: <same size as paper>
* layoutoffset:(h,v)=(0.0pt,0.0pt)
* modes: includehead includefoot 
* h-part:(L,W,R)=(10.00002pt, 344.19533pt, 10.00002pt)
* v-part:(T,H,B)=(0.0pt, 273.14662pt, 0.0pt)
* \paperwidth=364.19536pt
* \paperheight=273.14662pt
* \textwidth=344.19533pt
* \textheight=244.6939pt
* \oddsidemargin=-62.26997pt
* \evensidemargin=-62.26997pt
* \topmargin=-72.26999pt
* \headheight=14.22636pt
* \headsep=0.0pt
* \topskip=10.0pt
* \footskip=14.22636pt
* \marginparwidth=3.0pt
* \marginparsep=11.0pt
* \columnsep=10.0pt
* \skip\footins=9.0pt plus 4.0pt minus 2.0pt
* \hoffset=0.0pt
* \voffset=0.0pt
* \mag=1000
* \@twocolumnfalse
* \@twosidefalse
* \@mparswitchfalse
* \@reversemarginfalse
* (1in=72.27pt=25.4mm, 1cm=28.453pt)

(C:\Users\carlo\AppData\Local\Programs\MiKTeX\tex/context/base/mkii\supp-pdf.mkii
[Loading MPS to PDF converter (version 2006.09.02).]
\scratchcounter=\count525
\scratchdimen=\dimen350
\scratchbox=\box132
\nofMPsegments=\count526
\nofMParguments=\count527
\everyMPshowfont=\toks52
\MPscratchCnt=\count528
\MPscratchDim=\dimen351
\MPnumerator=\count529
\makeMPintoPDFobject=\count530
\everyMPtoPDFconversion=\toks53
) (C:\Users\carlo\AppData\Local\Programs\MiKTeX\tex/latex/epstopdf-pkg\epstopdf-base.sty
Package: epstopdf-base 2020-01-24 v2.11 Base part for package epstopdf
Package epstopdf-base Info: Redefining graphics rule for `.eps' on input line 485.
 (C:\Users\carlo\AppData\Local\Programs\MiKTeX\tex/latex/00miktex\epstopdf-sys.cfg
File: epstopdf-sys.cfg 2021/03/18 v2.0 Configuration of epstopdf for MiKTeX
))
Package hyperref Info: Link coloring OFF on input line 170.
\@outlinefile=\write6
\openout6 = `Presentacion.out'.

LaTeX Font Info:    Overwriting symbol font `operators' in version `normal'
(Font)                  OT1/cmr/m/n --> OT1/cmss/m/n on input line 170.
LaTeX Font Info:    Overwriting symbol font `operators' in version `bold'
(Font)                  OT1/cmr/bx/n --> OT1/cmss/b/n on input line 170.
\symnumbers=\mathgroup6
\sympureletters=\mathgroup7
LaTeX Font Info:    Overwriting math alphabet `\mathrm' in version `normal'
(Font)                  OT1/cmss/m/n --> T1/aer/m/n on input line 170.
LaTeX Font Info:    Redeclaring math alphabet \mathbf on input line 170.
LaTeX Font Info:    Overwriting math alphabet `\mathbf' in version `normal'
(Font)                  OT1/cmr/bx/n --> T1/aess/b/n on input line 170.
LaTeX Font Info:    Overwriting math alphabet `\mathbf' in version `bold'
(Font)                  OT1/cmr/bx/n --> T1/aess/b/n on input line 170.
LaTeX Font Info:    Redeclaring math alphabet \mathsf on input line 170.
LaTeX Font Info:    Overwriting math alphabet `\mathsf' in version `normal'
(Font)                  OT1/cmss/m/n --> T1/aess/m/n on input line 170.
LaTeX Font Info:    Overwriting math alphabet `\mathsf' in version `bold'
(Font)                  OT1/cmss/bx/n --> T1/aess/m/n on input line 170.
LaTeX Font Info:    Redeclaring math alphabet \mathit on input line 170.
LaTeX Font Info:    Overwriting math alphabet `\mathit' in version `normal'
(Font)                  OT1/cmr/m/it --> T1/aess/m/it on input line 170.
LaTeX Font Info:    Overwriting math alphabet `\mathit' in version `bold'
(Font)                  OT1/cmr/bx/it --> T1/aess/m/it on input line 170.
LaTeX Font Info:    Redeclaring math alphabet \mathtt on input line 170.
LaTeX Font Info:    Overwriting math alphabet `\mathtt' in version `normal'
(Font)                  OT1/cmtt/m/n --> T1/aett/m/n on input line 170.
LaTeX Font Info:    Overwriting math alphabet `\mathtt' in version `bold'
(Font)                  OT1/cmtt/m/n --> T1/aett/m/n on input line 170.
LaTeX Font Info:    Overwriting symbol font `numbers' in version `bold'
(Font)                  T1/aess/m/n --> T1/aess/b/n on input line 170.
LaTeX Font Info:    Overwriting symbol font `pureletters' in version `bold'
(Font)                  T1/aess/m/it --> T1/aess/b/it on input line 170.
LaTeX Font Info:    Overwriting math alphabet `\mathrm' in version `bold'
(Font)                  OT1/cmss/b/n --> T1/aer/b/n on input line 170.
LaTeX Font Info:    Overwriting math alphabet `\mathbf' in version `bold'
(Font)                  T1/aess/b/n --> T1/aess/b/n on input line 170.
LaTeX Font Info:    Overwriting math alphabet `\mathsf' in version `bold'
(Font)                  T1/aess/m/n --> T1/aess/b/n on input line 170.
LaTeX Font Info:    Overwriting math alphabet `\mathit' in version `bold'
(Font)                  T1/aess/m/it --> T1/aess/b/it on input line 170.
LaTeX Font Info:    Overwriting math alphabet `\mathtt' in version `bold'
(Font)                  T1/aett/m/n --> T1/aett/b/n on input line 170.
 (C:\Users\carlo\AppData\Local\Programs\MiKTeX\tex/latex/translator\translator-basic-dictionary-English.dict
Dictionary: translator-basic-dictionary, Language: English 
) (C:\Users\carlo\AppData\Local\Programs\MiKTeX\tex/latex/translator\translator-bibliography-dictionary-English.dict
Dictionary: translator-bibliography-dictionary, Language: English 
) (C:\Users\carlo\AppData\Local\Programs\MiKTeX\tex/latex/translator\translator-environment-dictionary-English.dict
Dictionary: translator-environment-dictionary, Language: English 
) (C:\Users\carlo\AppData\Local\Programs\MiKTeX\tex/latex/translator\translator-months-dictionary-English.dict
Dictionary: translator-months-dictionary, Language: English 
) (C:\Users\carlo\AppData\Local\Programs\MiKTeX\tex/latex/translator\translator-numbers-dictionary-English.dict
Dictionary: translator-numbers-dictionary, Language: English 
) (C:\Users\carlo\AppData\Local\Programs\MiKTeX\tex/latex/translator\translator-theorem-dictionary-English.dict
Dictionary: translator-theorem-dictionary, Language: English 
)
Package caption Info: Begin \AtBeginDocument code.
Package caption Info: End \AtBeginDocument code.
Package biblatex Info: Trying to load language 'english'...
Package biblatex Info: ... file 'english.lbx' found.
 (C:\Users\carlo\AppData\Local\Programs\MiKTeX\tex/latex/biblatex/lbx\english.lbx
File: english.lbx 2025/07/10 v3.21 biblatex localization (PK/MW)
)
Package biblatex Info: Input encoding 'utf8' detected.
Package biblatex Info: Automatic encoding selection.
(biblatex)             Assuming data encoding 'utf8'.
\openout5 = `Presentacion.bcf'.

Package biblatex Info: Trying to load bibliographic data...
Package biblatex Info: ... file 'Presentacion.bbl' not found.

No file Presentacion.bbl.
Package biblatex Info: Reference section=0 on input line 170.
Package biblatex Info: Reference segment=0 on input line 170.
(Presentacion.nav)
LaTeX Font Info:    Font shape `T1/aess/m/it' in size <7> not available
(Font)              Font shape `T1/aess/m/sl' tried instead on input line 174.
<logoUZ.png, id=26, 345.9324pt x 127.1952pt>
File: logoUZ.png Graphic file (type png)
<use logoUZ.png>
Package pdftex.def Info: logoUZ.png  used on input line 174.
(pdftex.def)             Requested size: 56.9055pt x 20.92224pt.
 [1

{C:/Users/carlo/AppData/Local/MiKTeX/fonts/map/pdftex/pdftex.map} <./logoUZ.png>]
No file Presentacion.toc.
File: logoUZ.png Graphic file (type png)
<use logoUZ.png>
Package pdftex.def Info: logoUZ.png  used on input line 199.
(pdftex.def)             Requested size: 56.9055pt x 20.92224pt.
[2

]
No file Presentacion.toc.
File: logoUZ.png Graphic file (type png)
<use logoUZ.png>
Package pdftex.def Info: logoUZ.png  used on input line 201.
(pdftex.def)             Requested size: 56.9055pt x 20.92224pt.
[3

]
LaTeX Font Info:    Trying to load font information for U+msa on input line 222.
 (C:\Users\carlo\AppData\Local\Programs\MiKTeX\tex/latex/amsfonts\umsa.fd
File: umsa.fd 2013/01/14 v3.01 AMS symbols A
)
LaTeX Font Info:    Trying to load font information for U+msb on input line 222.
 (C:\Users\carlo\AppData\Local\Programs\MiKTeX\tex/latex/amsfonts\umsb.fd
File: umsb.fd 2013/01/14 v3.01 AMS symbols B
)
LaTeX Font Info:    Font shape `T1/aess/m/it' in size <10> not available
(Font)              Font shape `T1/aess/m/sl' tried instead on input line 222.
LaTeX Font Info:    Font shape `T1/aess/m/it' in size <5> not available
(Font)              Font shape `T1/aess/m/sl' tried instead on input line 222.
LaTeX Font Info:    Font shape `T1/aess/b/n' in size <10> not available
(Font)              Font shape `T1/aess/bx/n' tried instead on input line 222.

! Undefined control sequence.
\enit@endenumerate ->\enit@after 
                                 \endlist \ifx \enit@series \relax \else \if...
l.222 \end{frame}
                 
The control sequence at the end of the top line
of your error message was never \def'ed. If you have
misspelled it (e.g., `\hobx'), type `I' and the correct
spelling (e.g., `I\hbox'). Otherwise just continue,
and I'll forget about whatever was undefined.

! Undefined control sequence.
\enit@endenumerate ...\else \ifnum \enit@resuming 
                                                  =\@ne \enit@setresumekeys ...
l.222 \end{frame}
                 
The control sequence at the end of the top line
of your error message was never \def'ed. If you have
misspelled it (e.g., `\hobx'), type `I' and the correct
spelling (e.g., `I\hbox'). Otherwise just continue,
and I'll forget about whatever was undefined.

! Missing number, treated as zero.
<to be read again> 
                   =
l.222 \end{frame}
                 
A number should have been here; I inserted `0'.
(If you can't figure out why I needed to see a number,
look up `weird error' in the index to The TeXbook.)

! Undefined control sequence.
\enit@setresumekeys ...xpandafter {\enit@savekeys 
                                                  }\xdef \enit@afterlist {#2...
l.222 \end{frame}
                 
The control sequence at the end of the top line
of your error message was never \def'ed. If you have
misspelled it (e.g., `\hobx'), type `I' and the correct
spelling (e.g., `I\hbox'). Otherwise just continue,
and I'll forget about whatever was undefined.

! Undefined control sequence.
\enit@setresumekeys ...it@toks }\ifnum \enit@type 
                                                  =\z@ #3\def \enit@noexcs {...
l.222 \end{frame}
                 
The control sequence at the end of the top line
of your error message was never \def'ed. If you have
misspelled it (e.g., `\hobx'), type `I' and the correct
spelling (e.g., `I\hbox'). Otherwise just continue,
and I'll forget about whatever was undefined.

! Missing number, treated as zero.
<to be read again> 
                   =
l.222 \end{frame}
                 
A number should have been here; I inserted `0'.
(If you can't figure out why I needed to see a number,
look up `weird error' in the index to The TeXbook.)

! Undefined control sequence.
<argument> enit@resume@series@\enit@series 
                                           
l.222 \end{frame}
                 
The control sequence at the end of the top line
of your error message was never \def'ed. If you have
misspelled it (e.g., `\hobx'), type `I' and the correct
spelling (e.g., `I\hbox'). Otherwise just continue,
and I'll forget about whatever was undefined.

! Undefined control sequence.
\enit@endenumerate ...t \fi \ifnum \enit@resuming 
                                                  =\thr@@ \enit@setresumekey...
l.222 \end{frame}
                 
The control sequence at the end of the top line
of your error message was never \def'ed. If you have
misspelled it (e.g., `\hobx'), type `I' and the correct
spelling (e.g., `I\hbox'). Otherwise just continue,
and I'll forget about whatever was undefined.

! Missing number, treated as zero.
<to be read again> 
                   =
l.222 \end{frame}
                 
A number should have been here; I inserted `0'.
(If you can't figure out why I needed to see a number,
look up `weird error' in the index to The TeXbook.)

! Undefined control sequence.
\enit@setresumekeys ...xpandafter {\enit@savekeys 
                                                  }\xdef \enit@afterlist {#2...
l.222 \end{frame}
                 
The control sequence at the end of the top line
of your error message was never \def'ed. If you have
misspelled it (e.g., `\hobx'), type `I' and the correct
spelling (e.g., `I\hbox'). Otherwise just continue,
and I'll forget about whatever was undefined.

! Undefined control sequence.
\enit@setresumekeys ...it@toks }\ifnum \enit@type 
                                                  =\z@ #3\def \enit@noexcs {...
l.222 \end{frame}
                 
The control sequence at the end of the top line
of your error message was never \def'ed. If you have
misspelled it (e.g., `\hobx'), type `I' and the correct
spelling (e.g., `I\hbox'). Otherwise just continue,
and I'll forget about whatever was undefined.

! Missing number, treated as zero.
<to be read again> 
                   =
l.222 \end{frame}
                 
A number should have been here; I inserted `0'.
(If you can't figure out why I needed to see a number,
look up `weird error' in the index to The TeXbook.)

LaTeX Font Info:    Trying to load font information for U+euf on input line 222.
(C:\Users\carlo\AppData\Local\Programs\MiKTeX\tex/latex/amsfonts\ueuf.fd
File: ueuf.fd 2013/01/14 v3.01 Euler Fraktur
)
! Undefined control sequence.
\enit@enditemize ->\enit@after 
                               \endlist \ifx \enit@series \relax \else \ifnu...
l.222 \end{frame}
                 
The control sequence at the end of the top line
of your error message was never \def'ed. If you have
misspelled it (e.g., `\hobx'), type `I' and the correct
spelling (e.g., `I\hbox'). Otherwise just continue,
and I'll forget about whatever was undefined.

! Undefined control sequence.
\enit@enditemize ...x \else \ifnum \enit@resuming 
                                                  =\@ne \enit@setresumekeys ...
l.222 \end{frame}
                 
The control sequence at the end of the top line
of your error message was never \def'ed. If you have
misspelled it (e.g., `\hobx'), type `I' and the correct
spelling (e.g., `I\hbox'). Otherwise just continue,
and I'll forget about whatever was undefined.

! Missing number, treated as zero.
<to be read again> 
                   =
l.222 \end{frame}
                 
A number should have been here; I inserted `0'.
(If you can't figure out why I needed to see a number,
look up `weird error' in the index to The TeXbook.)

! Undefined control sequence.
\enit@setresumekeys ...xpandafter {\enit@savekeys 
                                                  }\xdef \enit@afterlist {#2...
l.222 \end{frame}
                 
The control sequence at the end of the top line
of your error message was never \def'ed. If you have
misspelled it (e.g., `\hobx'), type `I' and the correct
spelling (e.g., `I\hbox'). Otherwise just continue,
and I'll forget about whatever was undefined.

! Undefined control sequence.
\enit@setresumekeys ...it@toks }\ifnum \enit@type 
                                                  =\z@ #3\def \enit@noexcs {...
l.222 \end{frame}
                 
The control sequence at the end of the top line
of your error message was never \def'ed. If you have
misspelled it (e.g., `\hobx'), type `I' and the correct
spelling (e.g., `I\hbox'). Otherwise just continue,
and I'll forget about whatever was undefined.

! Missing number, treated as zero.
<to be read again> 
                   =
l.222 \end{frame}
                 
A number should have been here; I inserted `0'.
(If you can't figure out why I needed to see a number,
look up `weird error' in the index to The TeXbook.)

! Undefined control sequence.
<argument> enit@resume@series@\enit@series 
                                           
l.222 \end{frame}
                 
The control sequence at the end of the top line
of your error message was never \def'ed. If you have
misspelled it (e.g., `\hobx'), type `I' and the correct
spelling (e.g., `I\hbox'). Otherwise just continue,
and I'll forget about whatever was undefined.

! Undefined control sequence.
\enit@setresumekeys ...me@#1}{\csname c@\@listctr 
                                                  \endcsname \the \csname c@...
l.222 \end{frame}
                 
The control sequence at the end of the top line
of your error message was never \def'ed. If you have
misspelled it (e.g., `\hobx'), type `I' and the correct
spelling (e.g., `I\hbox'). Otherwise just continue,
and I'll forget about whatever was undefined.

! Undefined control sequence.
\enit@setresumekeys ...e \the \csname c@\@listctr 
                                                  \endcsname }\fi }
l.222 \end{frame}
                 
The control sequence at the end of the top line
of your error message was never \def'ed. If you have
misspelled it (e.g., `\hobx'), type `I' and the correct
spelling (e.g., `I\hbox'). Otherwise just continue,
and I'll forget about whatever was undefined.

! You can't use `\relax' after \the.
<recently read> \c@ 
                    
l.222 \end{frame}
                 
I'm forgetting what you said and using zero instead.

! Undefined control sequence.
\enit@enditemize ...ist \fi \ifnum \enit@resuming 
                                                  =\thr@@ \enit@setresumekey...
l.222 \end{frame}
                 
The control sequence at the end of the top line
of your error message was never \def'ed. If you have
misspelled it (e.g., `\hobx'), type `I' and the correct
spelling (e.g., `I\hbox'). Otherwise just continue,
and I'll forget about whatever was undefined.

! Missing number, treated as zero.
<to be read again> 
                   =
l.222 \end{frame}
                 
A number should have been here; I inserted `0'.
(If you can't figure out why I needed to see a number,
look up `weird error' in the index to The TeXbook.)

! Undefined control sequence.
\enit@setresumekeys ...xpandafter {\enit@savekeys 
                                                  }\xdef \enit@afterlist {#2...
l.222 \end{frame}
                 
The control sequence at the end of the top line
of your error message was never \def'ed. If you have
misspelled it (e.g., `\hobx'), type `I' and the correct
spelling (e.g., `I\hbox'). Otherwise just continue,
and I'll forget about whatever was undefined.

! Undefined control sequence.
\enit@setresumekeys ...it@toks }\ifnum \enit@type 
                                                  =\z@ #3\def \enit@noexcs {...
l.222 \end{frame}
                 
The control sequence at the end of the top line
of your error message was never \def'ed. If you have
misspelled it (e.g., `\hobx'), type `I' and the correct
spelling (e.g., `I\hbox'). Otherwise just continue,
and I'll forget about whatever was undefined.

! Missing number, treated as zero.
<to be read again> 
                   =
l.222 \end{frame}
                 
A number should have been here; I inserted `0'.
(If you can't figure out why I needed to see a number,
look up `weird error' in the index to The TeXbook.)

! Undefined control sequence.
\enit@setresumekeys ...me@#1}{\csname c@\@listctr 
                                                  \endcsname \the \csname c@...
l.222 \end{frame}
                 
The control sequence at the end of the top line
of your error message was never \def'ed. If you have
misspelled it (e.g., `\hobx'), type `I' and the correct
spelling (e.g., `I\hbox'). Otherwise just continue,
and I'll forget about whatever was undefined.

! Undefined control sequence.
\enit@setresumekeys ...e \the \csname c@\@listctr 
                                                  \endcsname }\fi }
l.222 \end{frame}
                 
The control sequence at the end of the top line
of your error message was never \def'ed. If you have
misspelled it (e.g., `\hobx'), type `I' and the correct
spelling (e.g., `I\hbox'). Otherwise just continue,
and I'll forget about whatever was undefined.

! You can't use `\relax' after \the.
<recently read> \c@ 
                    
l.222 \end{frame}
                 
I'm forgetting what you said and using zero instead.

File: logoUZ.png Graphic file (type png)
<use logoUZ.png>
Package pdftex.def Info: logoUZ.png  used on input line 222.
(pdftex.def)             Requested size: 56.9055pt x 20.92224pt.
[4

]
! Undefined control sequence.
\enit@endenumerate ->\enit@after 
                                 \endlist \ifx \enit@series \relax \else \if...
l.222 \end{frame}
                 
The control sequence at the end of the top line
of your error message was never \def'ed. If you have
misspelled it (e.g., `\hobx'), type `I' and the correct
spelling (e.g., `I\hbox'). Otherwise just continue,
and I'll forget about whatever was undefined.

! Undefined control sequence.
\enit@endenumerate ...\else \ifnum \enit@resuming 
                                                  =\@ne \enit@setresumekeys ...
l.222 \end{frame}
                 
The control sequence at the end of the top line
of your error message was never \def'ed. If you have
misspelled it (e.g., `\hobx'), type `I' and the correct
spelling (e.g., `I\hbox'). Otherwise just continue,
and I'll forget about whatever was undefined.

! Missing number, treated as zero.
<to be read again> 
                   =
l.222 \end{frame}
                 
A number should have been here; I inserted `0'.
(If you can't figure out why I needed to see a number,
look up `weird error' in the index to The TeXbook.)

! Undefined control sequence.
\enit@setresumekeys ...xpandafter {\enit@savekeys 
                                                  }\xdef \enit@afterlist {#2...
l.222 \end{frame}
                 
The control sequence at the end of the top line
of your error message was never \def'ed. If you have
misspelled it (e.g., `\hobx'), type `I' and the correct
spelling (e.g., `I\hbox'). Otherwise just continue,
and I'll forget about whatever was undefined.

! Undefined control sequence.
\enit@setresumekeys ...it@toks }\ifnum \enit@type 
                                                  =\z@ #3\def \enit@noexcs {...
l.222 \end{frame}
                 
The control sequence at the end of the top line
of your error message was never \def'ed. If you have
misspelled it (e.g., `\hobx'), type `I' and the correct
spelling (e.g., `I\hbox'). Otherwise just continue,
and I'll forget about whatever was undefined.

! Missing number, treated as zero.
<to be read again> 
                   =
l.222 \end{frame}
                 
A number should have been here; I inserted `0'.
(If you can't figure out why I needed to see a number,
look up `weird error' in the index to The TeXbook.)

! Undefined control sequence.
<argument> enit@resume@series@\enit@series 
                                           
l.222 \end{frame}
                 
The control sequence at the end of the top line
of your error message was never \def'ed. If you have
misspelled it (e.g., `\hobx'), type `I' and the correct
spelling (e.g., `I\hbox'). Otherwise just continue,
and I'll forget about whatever was undefined.

! Undefined control sequence.
\enit@endenumerate ...t \fi \ifnum \enit@resuming 
                                                  =\thr@@ \enit@setresumekey...
l.222 \end{frame}
                 
The control sequence at the end of the top line
of your error message was never \def'ed. If you have
misspelled it (e.g., `\hobx'), type `I' and the correct
spelling (e.g., `I\hbox'). Otherwise just continue,
and I'll forget about whatever was undefined.

! Missing number, treated as zero.
<to be read again> 
                   =
l.222 \end{frame}
                 
A number should have been here; I inserted `0'.
(If you can't figure out why I needed to see a number,
look up `weird error' in the index to The TeXbook.)

! Undefined control sequence.
\enit@setresumekeys ...xpandafter {\enit@savekeys 
                                                  }\xdef \enit@afterlist {#2...
l.222 \end{frame}
                 
The control sequence at the end of the top line
of your error message was never \def'ed. If you have
misspelled it (e.g., `\hobx'), type `I' and the correct
spelling (e.g., `I\hbox'). Otherwise just continue,
and I'll forget about whatever was undefined.

! Undefined control sequence.
\enit@setresumekeys ...it@toks }\ifnum \enit@type 
                                                  =\z@ #3\def \enit@noexcs {...
l.222 \end{frame}
                 
The control sequence at the end of the top line
of your error message was never \def'ed. If you have
misspelled it (e.g., `\hobx'), type `I' and the correct
spelling (e.g., `I\hbox'). Otherwise just continue,
and I'll forget about whatever was undefined.

! Missing number, treated as zero.
<to be read again> 
                   =
l.222 \end{frame}
                 
A number should have been here; I inserted `0'.
(If you can't figure out why I needed to see a number,
look up `weird error' in the index to The TeXbook.)

! Undefined control sequence.
\enit@enditemize ->\enit@after 
                               \endlist \ifx \enit@series \relax \else \ifnu...
l.222 \end{frame}
                 
The control sequence at the end of the top line
of your error message was never \def'ed. If you have
misspelled it (e.g., `\hobx'), type `I' and the correct
spelling (e.g., `I\hbox'). Otherwise just continue,
and I'll forget about whatever was undefined.

! Undefined control sequence.
\enit@enditemize ...x \else \ifnum \enit@resuming 
                                                  =\@ne \enit@setresumekeys ...
l.222 \end{frame}
                 
The control sequence at the end of the top line
of your error message was never \def'ed. If you have
misspelled it (e.g., `\hobx'), type `I' and the correct
spelling (e.g., `I\hbox'). Otherwise just continue,
and I'll forget about whatever was undefined.

! Missing number, treated as zero.
<to be read again> 
                   =
l.222 \end{frame}
                 
A number should have been here; I inserted `0'.
(If you can't figure out why I needed to see a number,
look up `weird error' in the index to The TeXbook.)

! Undefined control sequence.
\enit@setresumekeys ...xpandafter {\enit@savekeys 
                                                  }\xdef \enit@afterlist {#2...
l.222 \end{frame}
                 
The control sequence at the end of the top line
of your error message was never \def'ed. If you have
misspelled it (e.g., `\hobx'), type `I' and the correct
spelling (e.g., `I\hbox'). Otherwise just continue,
and I'll forget about whatever was undefined.

! Undefined control sequence.
\enit@setresumekeys ...it@toks }\ifnum \enit@type 
                                                  =\z@ #3\def \enit@noexcs {...
l.222 \end{frame}
                 
The control sequence at the end of the top line
of your error message was never \def'ed. If you have
misspelled it (e.g., `\hobx'), type `I' and the correct
spelling (e.g., `I\hbox'). Otherwise just continue,
and I'll forget about whatever was undefined.

! Missing number, treated as zero.
<to be read again> 
                   =
l.222 \end{frame}
                 
A number should have been here; I inserted `0'.
(If you can't figure out why I needed to see a number,
look up `weird error' in the index to The TeXbook.)

! Undefined control sequence.
<argument> enit@resume@series@\enit@series 
                                           
l.222 \end{frame}
                 
The control sequence at the end of the top line
of your error message was never \def'ed. If you have
misspelled it (e.g., `\hobx'), type `I' and the correct
spelling (e.g., `I\hbox'). Otherwise just continue,
and I'll forget about whatever was undefined.

! Undefined control sequence.
\enit@setresumekeys ...me@#1}{\csname c@\@listctr 
                                                  \endcsname \the \csname c@...
l.222 \end{frame}
                 
The control sequence at the end of the top line
of your error message was never \def'ed. If you have
misspelled it (e.g., `\hobx'), type `I' and the correct
spelling (e.g., `I\hbox'). Otherwise just continue,
and I'll forget about whatever was undefined.

! Undefined control sequence.
\enit@setresumekeys ...e \the \csname c@\@listctr 
                                                  \endcsname }\fi }
l.222 \end{frame}
                 
The control sequence at the end of the top line
of your error message was never \def'ed. If you have
misspelled it (e.g., `\hobx'), type `I' and the correct
spelling (e.g., `I\hbox'). Otherwise just continue,
and I'll forget about whatever was undefined.

! You can't use `\relax' after \the.
<recently read> \c@ 
                    
l.222 \end{frame}
                 
I'm forgetting what you said and using zero instead.

! Undefined control sequence.
\enit@enditemize ...ist \fi \ifnum \enit@resuming 
                                                  =\thr@@ \enit@setresumekey...
l.222 \end{frame}
                 
The control sequence at the end of the top line
of your error message was never \def'ed. If you have
misspelled it (e.g., `\hobx'), type `I' and the correct
spelling (e.g., `I\hbox'). Otherwise just continue,
and I'll forget about whatever was undefined.

! Missing number, treated as zero.
<to be read again> 
                   =
l.222 \end{frame}
                 
A number should have been here; I inserted `0'.
(If you can't figure out why I needed to see a number,
look up `weird error' in the index to The TeXbook.)

! Undefined control sequence.
\enit@setresumekeys ...xpandafter {\enit@savekeys 
                                                  }\xdef \enit@afterlist {#2...
l.222 \end{frame}
                 
The control sequence at the end of the top line
of your error message was never \def'ed. If you have
misspelled it (e.g., `\hobx'), type `I' and the correct
spelling (e.g., `I\hbox'). Otherwise just continue,
and I'll forget about whatever was undefined.

! Undefined control sequence.
\enit@setresumekeys ...it@toks }\ifnum \enit@type 
                                                  =\z@ #3\def \enit@noexcs {...
l.222 \end{frame}
                 
The control sequence at the end of the top line
of your error message was never \def'ed. If you have
misspelled it (e.g., `\hobx'), type `I' and the correct
spelling (e.g., `I\hbox'). Otherwise just continue,
and I'll forget about whatever was undefined.

! Missing number, treated as zero.
<to be read again> 
                   =
l.222 \end{frame}
                 
A number should have been here; I inserted `0'.
(If you can't figure out why I needed to see a number,
look up `weird error' in the index to The TeXbook.)

! Undefined control sequence.
\enit@setresumekeys ...me@#1}{\csname c@\@listctr 
                                                  \endcsname \the \csname c@...
l.222 \end{frame}
                 
The control sequence at the end of the top line
of your error message was never \def'ed. If you have
misspelled it (e.g., `\hobx'), type `I' and the correct
spelling (e.g., `I\hbox'). Otherwise just continue,
and I'll forget about whatever was undefined.

! Undefined control sequence.
\enit@setresumekeys ...e \the \csname c@\@listctr 
                                                  \endcsname }\fi }
l.222 \end{frame}
                 
The control sequence at the end of the top line
of your error message was never \def'ed. If you have
misspelled it (e.g., `\hobx'), type `I' and the correct
spelling (e.g., `I\hbox'). Otherwise just continue,
and I'll forget about whatever was undefined.

! You can't use `\relax' after \the.
<recently read> \c@ 
                    
l.222 \end{frame}
                 
I'm forgetting what you said and using zero instead.

File: logoUZ.png Graphic file (type png)
<use logoUZ.png>
Package pdftex.def Info: logoUZ.png  used on input line 222.
(pdftex.def)             Requested size: 56.9055pt x 20.92224pt.
[5

]
! Undefined control sequence.
\enit@endenumerate ->\enit@after 
                                 \endlist \ifx \enit@series \relax \else \if...
l.222 \end{frame}
                 
The control sequence at the end of the top line
of your error message was never \def'ed. If you have
misspelled it (e.g., `\hobx'), type `I' and the correct
spelling (e.g., `I\hbox'). Otherwise just continue,
and I'll forget about whatever was undefined.

! Undefined control sequence.
\enit@endenumerate ...\else \ifnum \enit@resuming 
                                                  =\@ne \enit@setresumekeys ...
l.222 \end{frame}
                 
The control sequence at the end of the top line
of your error message was never \def'ed. If you have
misspelled it (e.g., `\hobx'), type `I' and the correct
spelling (e.g., `I\hbox'). Otherwise just continue,
and I'll forget about whatever was undefined.

! Missing number, treated as zero.
<to be read again> 
                   =
l.222 \end{frame}
                 
A number should have been here; I inserted `0'.
(If you can't figure out why I needed to see a number,
look up `weird error' in the index to The TeXbook.)

! Undefined control sequence.
\enit@setresumekeys ...xpandafter {\enit@savekeys 
                                                  }\xdef \enit@afterlist {#2...
l.222 \end{frame}
                 
The control sequence at the end of the top line
of your error message was never \def'ed. If you have
misspelled it (e.g., `\hobx'), type `I' and the correct
spelling (e.g., `I\hbox'). Otherwise just continue,
and I'll forget about whatever was undefined.

! Undefined control sequence.
\enit@setresumekeys ...it@toks }\ifnum \enit@type 
                                                  =\z@ #3\def \enit@noexcs {...
l.222 \end{frame}
                 
The control sequence at the end of the top line
of your error message was never \def'ed. If you have
misspelled it (e.g., `\hobx'), type `I' and the correct
spelling (e.g., `I\hbox'). Otherwise just continue,
and I'll forget about whatever was undefined.

! Missing number, treated as zero.
<to be read again> 
                   =
l.222 \end{frame}
                 
A number should have been here; I inserted `0'.
(If you can't figure out why I needed to see a number,
look up `weird error' in the index to The TeXbook.)

! Undefined control sequence.
<argument> enit@resume@series@\enit@series 
                                           
l.222 \end{frame}
                 
The control sequence at the end of the top line
of your error message was never \def'ed. If you have
misspelled it (e.g., `\hobx'), type `I' and the correct
spelling (e.g., `I\hbox'). Otherwise just continue,
and I'll forget about whatever was undefined.

! Undefined control sequence.
\enit@endenumerate ...t \fi \ifnum \enit@resuming 
                                                  =\thr@@ \enit@setresumekey...
l.222 \end{frame}
                 
The control sequence at the end of the top line
of your error message was never \def'ed. If you have
misspelled it (e.g., `\hobx'), type `I' and the correct
spelling (e.g., `I\hbox'). Otherwise just continue,
and I'll forget about whatever was undefined.

! Missing number, treated as zero.
<to be read again> 
                   =
l.222 \end{frame}
                 
A number should have been here; I inserted `0'.
(If you can't figure out why I needed to see a number,
look up `weird error' in the index to The TeXbook.)

! Undefined control sequence.
\enit@setresumekeys ...xpandafter {\enit@savekeys 
                                                  }\xdef \enit@afterlist {#2...
l.222 \end{frame}
                 
The control sequence at the end of the top line
of your error message was never \def'ed. If you have
misspelled it (e.g., `\hobx'), type `I' and the correct
spelling (e.g., `I\hbox'). Otherwise just continue,
and I'll forget about whatever was undefined.

! Undefined control sequence.
\enit@setresumekeys ...it@toks }\ifnum \enit@type 
                                                  =\z@ #3\def \enit@noexcs {...
l.222 \end{frame}
                 
The control sequence at the end of the top line
of your error message was never \def'ed. If you have
misspelled it (e.g., `\hobx'), type `I' and the correct
spelling (e.g., `I\hbox'). Otherwise just continue,
and I'll forget about whatever was undefined.

! Missing number, treated as zero.
<to be read again> 
                   =
l.222 \end{frame}
                 
A number should have been here; I inserted `0'.
(If you can't figure out why I needed to see a number,
look up `weird error' in the index to The TeXbook.)

! Undefined control sequence.
\enit@enditemize ->\enit@after 
                               \endlist \ifx \enit@series \relax \else \ifnu...
l.222 \end{frame}
                 
The control sequence at the end of the top line
of your error message was never \def'ed. If you have
misspelled it (e.g., `\hobx'), type `I' and the correct
spelling (e.g., `I\hbox'). Otherwise just continue,
and I'll forget about whatever was undefined.

! Undefined control sequence.
\enit@enditemize ...x \else \ifnum \enit@resuming 
                                                  =\@ne \enit@setresumekeys ...
l.222 \end{frame}
                 
The control sequence at the end of the top line
of your error message was never \def'ed. If you have
misspelled it (e.g., `\hobx'), type `I' and the correct
spelling (e.g., `I\hbox'). Otherwise just continue,
and I'll forget about whatever was undefined.

! Missing number, treated as zero.
<to be read again> 
                   =
l.222 \end{frame}
                 
A number should have been here; I inserted `0'.
(If you can't figure out why I needed to see a number,
look up `weird error' in the index to The TeXbook.)

! Undefined control sequence.
\enit@setresumekeys ...xpandafter {\enit@savekeys 
                                                  }\xdef \enit@afterlist {#2...
l.222 \end{frame}
                 
The control sequence at the end of the top line
of your error message was never \def'ed. If you have
misspelled it (e.g., `\hobx'), type `I' and the correct
spelling (e.g., `I\hbox'). Otherwise just continue,
and I'll forget about whatever was undefined.

! Undefined control sequence.
\enit@setresumekeys ...it@toks }\ifnum \enit@type 
                                                  =\z@ #3\def \enit@noexcs {...
l.222 \end{frame}
                 
The control sequence at the end of the top line
of your error message was never \def'ed. If you have
misspelled it (e.g., `\hobx'), type `I' and the correct
spelling (e.g., `I\hbox'). Otherwise just continue,
and I'll forget about whatever was undefined.

! Missing number, treated as zero.
<to be read again> 
                   =
l.222 \end{frame}
                 
A number should have been here; I inserted `0'.
(If you can't figure out why I needed to see a number,
look up `weird error' in the index to The TeXbook.)

! Undefined control sequence.
<argument> enit@resume@series@\enit@series 
                                           
l.222 \end{frame}
                 
The control sequence at the end of the top line
of your error message was never \def'ed. If you have
misspelled it (e.g., `\hobx'), type `I' and the correct
spelling (e.g., `I\hbox'). Otherwise just continue,
and I'll forget about whatever was undefined.

! Undefined control sequence.
\enit@setresumekeys ...me@#1}{\csname c@\@listctr 
                                                  \endcsname \the \csname c@...
l.222 \end{frame}
                 
The control sequence at the end of the top line
of your error message was never \def'ed. If you have
misspelled it (e.g., `\hobx'), type `I' and the correct
spelling (e.g., `I\hbox'). Otherwise just continue,
and I'll forget about whatever was undefined.

! Undefined control sequence.
\enit@setresumekeys ...e \the \csname c@\@listctr 
                                                  \endcsname }\fi }
l.222 \end{frame}
                 
The control sequence at the end of the top line
of your error message was never \def'ed. If you have
misspelled it (e.g., `\hobx'), type `I' and the correct
spelling (e.g., `I\hbox'). Otherwise just continue,
and I'll forget about whatever was undefined.

! You can't use `\relax' after \the.
<recently read> \c@ 
                    
l.222 \end{frame}
                 
I'm forgetting what you said and using zero instead.

! Undefined control sequence.
\enit@enditemize ...ist \fi \ifnum \enit@resuming 
                                                  =\thr@@ \enit@setresumekey...
l.222 \end{frame}
                 
The control sequence at the end of the top line
of your error message was never \def'ed. If you have
misspelled it (e.g., `\hobx'), type `I' and the correct
spelling (e.g., `I\hbox'). Otherwise just continue,
and I'll forget about whatever was undefined.

! Missing number, treated as zero.
<to be read again> 
                   =
l.222 \end{frame}
                 
A number should have been here; I inserted `0'.
(If you can't figure out why I needed to see a number,
look up `weird error' in the index to The TeXbook.)

! Undefined control sequence.
\enit@setresumekeys ...xpandafter {\enit@savekeys 
                                                  }\xdef \enit@afterlist {#2...
l.222 \end{frame}
                 
The control sequence at the end of the top line
of your error message was never \def'ed. If you have
misspelled it (e.g., `\hobx'), type `I' and the correct
spelling (e.g., `I\hbox'). Otherwise just continue,
and I'll forget about whatever was undefined.

! Undefined control sequence.
\enit@setresumekeys ...it@toks }\ifnum \enit@type 
                                                  =\z@ #3\def \enit@noexcs {...
l.222 \end{frame}
                 
The control sequence at the end of the top line
of your error message was never \def'ed. If you have
misspelled it (e.g., `\hobx'), type `I' and the correct
spelling (e.g., `I\hbox'). Otherwise just continue,
and I'll forget about whatever was undefined.

! Missing number, treated as zero.
<to be read again> 
                   =
l.222 \end{frame}
                 
A number should have been here; I inserted `0'.
(If you can't figure out why I needed to see a number,
look up `weird error' in the index to The TeXbook.)

! Undefined control sequence.
\enit@setresumekeys ...me@#1}{\csname c@\@listctr 
                                                  \endcsname \the \csname c@...
l.222 \end{frame}
                 
The control sequence at the end of the top line
of your error message was never \def'ed. If you have
misspelled it (e.g., `\hobx'), type `I' and the correct
spelling (e.g., `I\hbox'). Otherwise just continue,
and I'll forget about whatever was undefined.

! Undefined control sequence.
\enit@setresumekeys ...e \the \csname c@\@listctr 
                                                  \endcsname }\fi }
l.222 \end{frame}
                 
The control sequence at the end of the top line
of your error message was never \def'ed. If you have
misspelled it (e.g., `\hobx'), type `I' and the correct
spelling (e.g., `I\hbox'). Otherwise just continue,
and I'll forget about whatever was undefined.

! You can't use `\relax' after \the.
<recently read> \c@ 
                    
l.222 \end{frame}
                 
I'm forgetting what you said and using zero instead.

File: logoUZ.png Graphic file (type png)
<use logoUZ.png>
Package pdftex.def Info: logoUZ.png  used on input line 222.
(pdftex.def)             Requested size: 56.9055pt x 20.92224pt.
[6

]
! Undefined control sequence.
\enit@endenumerate ->\enit@after 
                                 \endlist \ifx \enit@series \relax \else \if...
l.222 \end{frame}
                 
The control sequence at the end of the top line
of your error message was never \def'ed. If you have
misspelled it (e.g., `\hobx'), type `I' and the correct
spelling (e.g., `I\hbox'). Otherwise just continue,
and I'll forget about whatever was undefined.

! Undefined control sequence.
\enit@endenumerate ...\else \ifnum \enit@resuming 
                                                  =\@ne \enit@setresumekeys ...
l.222 \end{frame}
                 
The control sequence at the end of the top line
of your error message was never \def'ed. If you have
misspelled it (e.g., `\hobx'), type `I' and the correct
spelling (e.g., `I\hbox'). Otherwise just continue,
and I'll forget about whatever was undefined.

! Missing number, treated as zero.
<to be read again> 
                   =
l.222 \end{frame}
                 
A number should have been here; I inserted `0'.
(If you can't figure out why I needed to see a number,
look up `weird error' in the index to The TeXbook.)

! Undefined control sequence.
\enit@setresumekeys ...xpandafter {\enit@savekeys 
                                                  }\xdef \enit@afterlist {#2...
l.222 \end{frame}
                 
The control sequence at the end of the top line
of your error message was never \def'ed. If you have
misspelled it (e.g., `\hobx'), type `I' and the correct
spelling (e.g., `I\hbox'). Otherwise just continue,
and I'll forget about whatever was undefined.

! Undefined control sequence.
\enit@setresumekeys ...it@toks }\ifnum \enit@type 
                                                  =\z@ #3\def \enit@noexcs {...
l.222 \end{frame}
                 
The control sequence at the end of the top line
of your error message was never \def'ed. If you have
misspelled it (e.g., `\hobx'), type `I' and the correct
spelling (e.g., `I\hbox'). Otherwise just continue,
and I'll forget about whatever was undefined.

! Missing number, treated as zero.
<to be read again> 
                   =
l.222 \end{frame}
                 
A number should have been here; I inserted `0'.
(If you can't figure out why I needed to see a number,
look up `weird error' in the index to The TeXbook.)

! Undefined control sequence.
<argument> enit@resume@series@\enit@series 
                                           
l.222 \end{frame}
                 
The control sequence at the end of the top line
of your error message was never \def'ed. If you have
misspelled it (e.g., `\hobx'), type `I' and the correct
spelling (e.g., `I\hbox'). Otherwise just continue,
and I'll forget about whatever was undefined.

! Undefined control sequence.
\enit@endenumerate ...t \fi \ifnum \enit@resuming 
                                                  =\thr@@ \enit@setresumekey...
l.222 \end{frame}
                 
The control sequence at the end of the top line
of your error message was never \def'ed. If you have
misspelled it (e.g., `\hobx'), type `I' and the correct
spelling (e.g., `I\hbox'). Otherwise just continue,
and I'll forget about whatever was undefined.

! Missing number, treated as zero.
<to be read again> 
                   =
l.222 \end{frame}
                 
A number should have been here; I inserted `0'.
(If you can't figure out why I needed to see a number,
look up `weird error' in the index to The TeXbook.)

! Undefined control sequence.
\enit@setresumekeys ...xpandafter {\enit@savekeys 
                                                  }\xdef \enit@afterlist {#2...
l.222 \end{frame}
                 
The control sequence at the end of the top line
of your error message was never \def'ed. If you have
misspelled it (e.g., `\hobx'), type `I' and the correct
spelling (e.g., `I\hbox'). Otherwise just continue,
and I'll forget about whatever was undefined.

! Undefined control sequence.
\enit@setresumekeys ...it@toks }\ifnum \enit@type 
                                                  =\z@ #3\def \enit@noexcs {...
l.222 \end{frame}
                 
The control sequence at the end of the top line
of your error message was never \def'ed. If you have
misspelled it (e.g., `\hobx'), type `I' and the correct
spelling (e.g., `I\hbox'). Otherwise just continue,
and I'll forget about whatever was undefined.

! Missing number, treated as zero.
<to be read again> 
                   =
l.222 \end{frame}
                 
A number should have been here; I inserted `0'.
(If you can't figure out why I needed to see a number,
look up `weird error' in the index to The TeXbook.)

! Undefined control sequence.
\enit@enditemize ->\enit@after 
                               \endlist \ifx \enit@series \relax \else \ifnu...
l.222 \end{frame}
                 
The control sequence at the end of the top line
of your error message was never \def'ed. If you have
misspelled it (e.g., `\hobx'), type `I' and the correct
spelling (e.g., `I\hbox'). Otherwise just continue,
and I'll forget about whatever was undefined.

! Undefined control sequence.
\enit@enditemize ...x \else \ifnum \enit@resuming 
                                                  =\@ne \enit@setresumekeys ...
l.222 \end{frame}
                 
The control sequence at the end of the top line
of your error message was never \def'ed. If you have
misspelled it (e.g., `\hobx'), type `I' and the correct
spelling (e.g., `I\hbox'). Otherwise just continue,
and I'll forget about whatever was undefined.

! Missing number, treated as zero.
<to be read again> 
                   =
l.222 \end{frame}
                 
A number should have been here; I inserted `0'.
(If you can't figure out why I needed to see a number,
look up `weird error' in the index to The TeXbook.)

! Undefined control sequence.
\enit@setresumekeys ...xpandafter {\enit@savekeys 
                                                  }\xdef \enit@afterlist {#2...
l.222 \end{frame}
                 
The control sequence at the end of the top line
of your error message was never \def'ed. If you have
misspelled it (e.g., `\hobx'), type `I' and the correct
spelling (e.g., `I\hbox'). Otherwise just continue,
and I'll forget about whatever was undefined.

! Undefined control sequence.
\enit@setresumekeys ...it@toks }\ifnum \enit@type 
                                                  =\z@ #3\def \enit@noexcs {...
l.222 \end{frame}
                 
The control sequence at the end of the top line
of your error message was never \def'ed. If you have
misspelled it (e.g., `\hobx'), type `I' and the correct
spelling (e.g., `I\hbox'). Otherwise just continue,
and I'll forget about whatever was undefined.

! Missing number, treated as zero.
<to be read again> 
                   =
l.222 \end{frame}
                 
A number should have been here; I inserted `0'.
(If you can't figure out why I needed to see a number,
look up `weird error' in the index to The TeXbook.)

! Undefined control sequence.
<argument> enit@resume@series@\enit@series 
                                           
l.222 \end{frame}
                 
The control sequence at the end of the top line
of your error message was never \def'ed. If you have
misspelled it (e.g., `\hobx'), type `I' and the correct
spelling (e.g., `I\hbox'). Otherwise just continue,
and I'll forget about whatever was undefined.

! Undefined control sequence.
\enit@setresumekeys ...me@#1}{\csname c@\@listctr 
                                                  \endcsname \the \csname c@...
l.222 \end{frame}
                 
The control sequence at the end of the top line
of your error message was never \def'ed. If you have
misspelled it (e.g., `\hobx'), type `I' and the correct
spelling (e.g., `I\hbox'). Otherwise just continue,
and I'll forget about whatever was undefined.

! Undefined control sequence.
\enit@setresumekeys ...e \the \csname c@\@listctr 
                                                  \endcsname }\fi }
l.222 \end{frame}
                 
The control sequence at the end of the top line
of your error message was never \def'ed. If you have
misspelled it (e.g., `\hobx'), type `I' and the correct
spelling (e.g., `I\hbox'). Otherwise just continue,
and I'll forget about whatever was undefined.

! You can't use `\relax' after \the.
<recently read> \c@ 
                    
l.222 \end{frame}
                 
I'm forgetting what you said and using zero instead.

! Undefined control sequence.
\enit@enditemize ...ist \fi \ifnum \enit@resuming 
                                                  =\thr@@ \enit@setresumekey...
l.222 \end{frame}
                 
The control sequence at the end of the top line
of your error message was never \def'ed. If you have
misspelled it (e.g., `\hobx'), type `I' and the correct
spelling (e.g., `I\hbox'). Otherwise just continue,
and I'll forget about whatever was undefined.

! Missing number, treated as zero.
<to be read again> 
                   =
l.222 \end{frame}
                 
A number should have been here; I inserted `0'.
(If you can't figure out why I needed to see a number,
look up `weird error' in the index to The TeXbook.)

! Undefined control sequence.
\enit@setresumekeys ...xpandafter {\enit@savekeys 
                                                  }\xdef \enit@afterlist {#2...
l.222 \end{frame}
                 
The control sequence at the end of the top line
of your error message was never \def'ed. If you have
misspelled it (e.g., `\hobx'), type `I' and the correct
spelling (e.g., `I\hbox'). Otherwise just continue,
and I'll forget about whatever was undefined.

! Undefined control sequence.
\enit@setresumekeys ...it@toks }\ifnum \enit@type 
                                                  =\z@ #3\def \enit@noexcs {...
l.222 \end{frame}
                 
The control sequence at the end of the top line
of your error message was never \def'ed. If you have
misspelled it (e.g., `\hobx'), type `I' and the correct
spelling (e.g., `I\hbox'). Otherwise just continue,
and I'll forget about whatever was undefined.

! Missing number, treated as zero.
<to be read again> 
                   =
l.222 \end{frame}
                 
A number should have been here; I inserted `0'.
(If you can't figure out why I needed to see a number,
look up `weird error' in the index to The TeXbook.)

! Undefined control sequence.
\enit@setresumekeys ...me@#1}{\csname c@\@listctr 
                                                  \endcsname \the \csname c@...
l.222 \end{frame}
                 
The control sequence at the end of the top line
of your error message was never \def'ed. If you have
misspelled it (e.g., `\hobx'), type `I' and the correct
spelling (e.g., `I\hbox'). Otherwise just continue,
and I'll forget about whatever was undefined.

! Undefined control sequence.
\enit@setresumekeys ...e \the \csname c@\@listctr 
                                                  \endcsname }\fi }
l.222 \end{frame}
                 
The control sequence at the end of the top line
of your error message was never \def'ed. If you have
misspelled it (e.g., `\hobx'), type `I' and the correct
spelling (e.g., `I\hbox'). Otherwise just continue,
and I'll forget about whatever was undefined.

! You can't use `\relax' after \the.
<recently read> \c@ 
                    
l.222 \end{frame}
                 
I'm forgetting what you said and using zero instead.

File: logoUZ.png Graphic file (type png)
<use logoUZ.png>
Package pdftex.def Info: logoUZ.png  used on input line 222.
(pdftex.def)             Requested size: 56.9055pt x 20.92224pt.
[7

]
! Undefined control sequence.
\enit@endenumerate ->\enit@after 
                                 \endlist \ifx \enit@series \relax \else \if...
l.222 \end{frame}
                 
The control sequence at the end of the top line
of your error message was never \def'ed. If you have
misspelled it (e.g., `\hobx'), type `I' and the correct
spelling (e.g., `I\hbox'). Otherwise just continue,
and I'll forget about whatever was undefined.

! Undefined control sequence.
\enit@endenumerate ...\else \ifnum \enit@resuming 
                                                  =\@ne \enit@setresumekeys ...
l.222 \end{frame}
                 
The control sequence at the end of the top line
of your error message was never \def'ed. If you have
misspelled it (e.g., `\hobx'), type `I' and the correct
spelling (e.g., `I\hbox'). Otherwise just continue,
and I'll forget about whatever was undefined.

! Missing number, treated as zero.
<to be read again> 
                   =
l.222 \end{frame}
                 
A number should have been here; I inserted `0'.
(If you can't figure out why I needed to see a number,
look up `weird error' in the index to The TeXbook.)

! Undefined control sequence.
\enit@setresumekeys ...xpandafter {\enit@savekeys 
                                                  }\xdef \enit@afterlist {#2...
l.222 \end{frame}
                 
The control sequence at the end of the top line
of your error message was never \def'ed. If you have
misspelled it (e.g., `\hobx'), type `I' and the correct
spelling (e.g., `I\hbox'). Otherwise just continue,
and I'll forget about whatever was undefined.

! Undefined control sequence.
\enit@setresumekeys ...it@toks }\ifnum \enit@type 
                                                  =\z@ #3\def \enit@noexcs {...
l.222 \end{frame}
                 
The control sequence at the end of the top line
of your error message was never \def'ed. If you have
misspelled it (e.g., `\hobx'), type `I' and the correct
spelling (e.g., `I\hbox'). Otherwise just continue,
and I'll forget about whatever was undefined.

! Missing number, treated as zero.
<to be read again> 
                   =
l.222 \end{frame}
                 
A number should have been here; I inserted `0'.
(If you can't figure out why I needed to see a number,
look up `weird error' in the index to The TeXbook.)

! Undefined control sequence.
<argument> enit@resume@series@\enit@series 
                                           
l.222 \end{frame}
                 
The control sequence at the end of the top line
of your error message was never \def'ed. If you have
misspelled it (e.g., `\hobx'), type `I' and the correct
spelling (e.g., `I\hbox'). Otherwise just continue,
and I'll forget about whatever was undefined.

! Undefined control sequence.
\enit@endenumerate ...t \fi \ifnum \enit@resuming 
                                                  =\thr@@ \enit@setresumekey...
l.222 \end{frame}
                 
The control sequence at the end of the top line
of your error message was never \def'ed. If you have
misspelled it (e.g., `\hobx'), type `I' and the correct
spelling (e.g., `I\hbox'). Otherwise just continue,
and I'll forget about whatever was undefined.

! Missing number, treated as zero.
<to be read again> 
                   =
l.222 \end{frame}
                 
A number should have been here; I inserted `0'.
(If you can't figure out why I needed to see a number,
look up `weird error' in the index to The TeXbook.)

! Undefined control sequence.
\enit@setresumekeys ...xpandafter {\enit@savekeys 
                                                  }\xdef \enit@afterlist {#2...
l.222 \end{frame}
                 
The control sequence at the end of the top line
of your error message was never \def'ed. If you have
misspelled it (e.g., `\hobx'), type `I' and the correct
spelling (e.g., `I\hbox'). Otherwise just continue,
and I'll forget about whatever was undefined.

! Undefined control sequence.
\enit@setresumekeys ...it@toks }\ifnum \enit@type 
                                                  =\z@ #3\def \enit@noexcs {...
l.222 \end{frame}
                 
The control sequence at the end of the top line
of your error message was never \def'ed. If you have
misspelled it (e.g., `\hobx'), type `I' and the correct
spelling (e.g., `I\hbox'). Otherwise just continue,
and I'll forget about whatever was undefined.

! Missing number, treated as zero.
<to be read again> 
                   =
l.222 \end{frame}
                 
A number should have been here; I inserted `0'.
(If you can't figure out why I needed to see a number,
look up `weird error' in the index to The TeXbook.)

! Undefined control sequence.
\enit@enditemize ->\enit@after 
                               \endlist \ifx \enit@series \relax \else \ifnu...
l.222 \end{frame}
                 
The control sequence at the end of the top line
of your error message was never \def'ed. If you have
misspelled it (e.g., `\hobx'), type `I' and the correct
spelling (e.g., `I\hbox'). Otherwise just continue,
and I'll forget about whatever was undefined.

! Undefined control sequence.
\enit@enditemize ...x \else \ifnum \enit@resuming 
                                                  =\@ne \enit@setresumekeys ...
l.222 \end{frame}
                 
The control sequence at the end of the top line
of your error message was never \def'ed. If you have
misspelled it (e.g., `\hobx'), type `I' and the correct
spelling (e.g., `I\hbox'). Otherwise just continue,
and I'll forget about whatever was undefined.

! Missing number, treated as zero.
<to be read again> 
                   =
l.222 \end{frame}
                 
A number should have been here; I inserted `0'.
(If you can't figure out why I needed to see a number,
look up `weird error' in the index to The TeXbook.)

! Undefined control sequence.
\enit@setresumekeys ...xpandafter {\enit@savekeys 
                                                  }\xdef \enit@afterlist {#2...
l.222 \end{frame}
                 
The control sequence at the end of the top line
of your error message was never \def'ed. If you have
misspelled it (e.g., `\hobx'), type `I' and the correct
spelling (e.g., `I\hbox'). Otherwise just continue,
and I'll forget about whatever was undefined.

! Undefined control sequence.
\enit@setresumekeys ...it@toks }\ifnum \enit@type 
                                                  =\z@ #3\def \enit@noexcs {...
l.222 \end{frame}
                 
The control sequence at the end of the top line
of your error message was never \def'ed. If you have
misspelled it (e.g., `\hobx'), type `I' and the correct
spelling (e.g., `I\hbox'). Otherwise just continue,
and I'll forget about whatever was undefined.

! Missing number, treated as zero.
<to be read again> 
                   =
l.222 \end{frame}
                 
A number should have been here; I inserted `0'.
(If you can't figure out why I needed to see a number,
look up `weird error' in the index to The TeXbook.)

! Undefined control sequence.
<argument> enit@resume@series@\enit@series 
                                           
l.222 \end{frame}
                 
The control sequence at the end of the top line
of your error message was never \def'ed. If you have
misspelled it (e.g., `\hobx'), type `I' and the correct
spelling (e.g., `I\hbox'). Otherwise just continue,
and I'll forget about whatever was undefined.

! Undefined control sequence.
\enit@setresumekeys ...me@#1}{\csname c@\@listctr 
                                                  \endcsname \the \csname c@...
l.222 \end{frame}
                 
The control sequence at the end of the top line
of your error message was never \def'ed. If you have
misspelled it (e.g., `\hobx'), type `I' and the correct
spelling (e.g., `I\hbox'). Otherwise just continue,
and I'll forget about whatever was undefined.

! Undefined control sequence.
\enit@setresumekeys ...e \the \csname c@\@listctr 
                                                  \endcsname }\fi }
l.222 \end{frame}
                 
The control sequence at the end of the top line
of your error message was never \def'ed. If you have
misspelled it (e.g., `\hobx'), type `I' and the correct
spelling (e.g., `I\hbox'). Otherwise just continue,
and I'll forget about whatever was undefined.

! You can't use `\relax' after \the.
<recently read> \c@ 
                    
l.222 \end{frame}
                 
I'm forgetting what you said and using zero instead.

! Undefined control sequence.
\enit@enditemize ...ist \fi \ifnum \enit@resuming 
                                                  =\thr@@ \enit@setresumekey...
l.222 \end{frame}
                 
The control sequence at the end of the top line
of your error message was never \def'ed. If you have
misspelled it (e.g., `\hobx'), type `I' and the correct
spelling (e.g., `I\hbox'). Otherwise just continue,
and I'll forget about whatever was undefined.

! Missing number, treated as zero.
<to be read again> 
                   =
l.222 \end{frame}
                 
A number should have been here; I inserted `0'.
(If you can't figure out why I needed to see a number,
look up `weird error' in the index to The TeXbook.)

! Undefined control sequence.
\enit@setresumekeys ...xpandafter {\enit@savekeys 
                                                  }\xdef \enit@afterlist {#2...
l.222 \end{frame}
                 
The control sequence at the end of the top line
of your error message was never \def'ed. If you have
misspelled it (e.g., `\hobx'), type `I' and the correct
spelling (e.g., `I\hbox'). Otherwise just continue,
and I'll forget about whatever was undefined.

! Undefined control sequence.
\enit@setresumekeys ...it@toks }\ifnum \enit@type 
                                                  =\z@ #3\def \enit@noexcs {...
l.222 \end{frame}
                 
The control sequence at the end of the top line
of your error message was never \def'ed. If you have
misspelled it (e.g., `\hobx'), type `I' and the correct
spelling (e.g., `I\hbox'). Otherwise just continue,
and I'll forget about whatever was undefined.

! Missing number, treated as zero.
<to be read again> 
                   =
l.222 \end{frame}
                 
A number should have been here; I inserted `0'.
(If you can't figure out why I needed to see a number,
look up `weird error' in the index to The TeXbook.)

! Undefined control sequence.
\enit@setresumekeys ...me@#1}{\csname c@\@listctr 
                                                  \endcsname \the \csname c@...
l.222 \end{frame}
                 
The control sequence at the end of the top line
of your error message was never \def'ed. If you have
misspelled it (e.g., `\hobx'), type `I' and the correct
spelling (e.g., `I\hbox'). Otherwise just continue,
and I'll forget about whatever was undefined.

! Undefined control sequence.
\enit@setresumekeys ...e \the \csname c@\@listctr 
                                                  \endcsname }\fi }
l.222 \end{frame}
                 
The control sequence at the end of the top line
of your error message was never \def'ed. If you have
misspelled it (e.g., `\hobx'), type `I' and the correct
spelling (e.g., `I\hbox'). Otherwise just continue,
and I'll forget about whatever was undefined.

! You can't use `\relax' after \the.
<recently read> \c@ 
                    
l.222 \end{frame}
                 
I'm forgetting what you said and using zero instead.

File: logoUZ.png Graphic file (type png)
<use logoUZ.png>
Package pdftex.def Info: logoUZ.png  used on input line 222.
(pdftex.def)             Requested size: 56.9055pt x 20.92224pt.
[8

]
! Undefined control sequence.
\enit@endenumerate ->\enit@after 
                                 \endlist \ifx \enit@series \relax \else \if...
l.239 \end{frame}
                 
The control sequence at the end of the top line
of your error message was never \def'ed. If you have
misspelled it (e.g., `\hobx'), type `I' and the correct
spelling (e.g., `I\hbox'). Otherwise just continue,
and I'll forget about whatever was undefined.

! Undefined control sequence.
\enit@endenumerate ...\else \ifnum \enit@resuming 
                                                  =\@ne \enit@setresumekeys ...
l.239 \end{frame}
                 
The control sequence at the end of the top line
of your error message was never \def'ed. If you have
misspelled it (e.g., `\hobx'), type `I' and the correct
spelling (e.g., `I\hbox'). Otherwise just continue,
and I'll forget about whatever was undefined.

! Missing number, treated as zero.
<to be read again> 
                   =
l.239 \end{frame}
                 
A number should have been here; I inserted `0'.
(If you can't figure out why I needed to see a number,
look up `weird error' in the index to The TeXbook.)

! Undefined control sequence.
\enit@setresumekeys ...xpandafter {\enit@savekeys 
                                                  }\xdef \enit@afterlist {#2...
l.239 \end{frame}
                 
The control sequence at the end of the top line
of your error message was never \def'ed. If you have
misspelled it (e.g., `\hobx'), type `I' and the correct
spelling (e.g., `I\hbox'). Otherwise just continue,
and I'll forget about whatever was undefined.

! Undefined control sequence.
\enit@setresumekeys ...it@toks }\ifnum \enit@type 
                                                  =\z@ #3\def \enit@noexcs {...
l.239 \end{frame}
                 
The control sequence at the end of the top line
of your error message was never \def'ed. If you have
misspelled it (e.g., `\hobx'), type `I' and the correct
spelling (e.g., `I\hbox'). Otherwise just continue,
and I'll forget about whatever was undefined.

! Missing number, treated as zero.
<to be read again> 
                   =
l.239 \end{frame}
                 
A number should have been here; I inserted `0'.
(If you can't figure out why I needed to see a number,
look up `weird error' in the index to The TeXbook.)

! Undefined control sequence.
<argument> enit@resume@series@\enit@series 
                                           
l.239 \end{frame}
                 
The control sequence at the end of the top line
of your error message was never \def'ed. If you have
misspelled it (e.g., `\hobx'), type `I' and the correct
spelling (e.g., `I\hbox'). Otherwise just continue,
and I'll forget about whatever was undefined.

! Undefined control sequence.
\enit@endenumerate ...t \fi \ifnum \enit@resuming 
                                                  =\thr@@ \enit@setresumekey...
l.239 \end{frame}
                 
The control sequence at the end of the top line
of your error message was never \def'ed. If you have
misspelled it (e.g., `\hobx'), type `I' and the correct
spelling (e.g., `I\hbox'). Otherwise just continue,
and I'll forget about whatever was undefined.

! Missing number, treated as zero.
<to be read again> 
                   =
l.239 \end{frame}
                 
A number should have been here; I inserted `0'.
(If you can't figure out why I needed to see a number,
look up `weird error' in the index to The TeXbook.)

! Undefined control sequence.
\enit@setresumekeys ...xpandafter {\enit@savekeys 
                                                  }\xdef \enit@afterlist {#2...
l.239 \end{frame}
                 
The control sequence at the end of the top line
of your error message was never \def'ed. If you have
misspelled it (e.g., `\hobx'), type `I' and the correct
spelling (e.g., `I\hbox'). Otherwise just continue,
and I'll forget about whatever was undefined.

! Undefined control sequence.
\enit@setresumekeys ...it@toks }\ifnum \enit@type 
                                                  =\z@ #3\def \enit@noexcs {...
l.239 \end{frame}
                 
The control sequence at the end of the top line
of your error message was never \def'ed. If you have
misspelled it (e.g., `\hobx'), type `I' and the correct
spelling (e.g., `I\hbox'). Otherwise just continue,
and I'll forget about whatever was undefined.

! Missing number, treated as zero.
<to be read again> 
                   =
l.239 \end{frame}
                 
A number should have been here; I inserted `0'.
(If you can't figure out why I needed to see a number,
look up `weird error' in the index to The TeXbook.)

File: logoUZ.png Graphic file (type png)
<use logoUZ.png>
Package pdftex.def Info: logoUZ.png  used on input line 239.
(pdftex.def)             Requested size: 56.9055pt x 20.92224pt.
[9

]
! Undefined control sequence.
\enit@endenumerate ->\enit@after 
                                 \endlist \ifx \enit@series \relax \else \if...
l.239 \end{frame}
                 
The control sequence at the end of the top line
of your error message was never \def'ed. If you have
misspelled it (e.g., `\hobx'), type `I' and the correct
spelling (e.g., `I\hbox'). Otherwise just continue,
and I'll forget about whatever was undefined.

! Undefined control sequence.
\enit@endenumerate ...\else \ifnum \enit@resuming 
                                                  =\@ne \enit@setresumekeys ...
l.239 \end{frame}
                 
The control sequence at the end of the top line
of your error message was never \def'ed. If you have
misspelled it (e.g., `\hobx'), type `I' and the correct
spelling (e.g., `I\hbox'). Otherwise just continue,
and I'll forget about whatever was undefined.

! Missing number, treated as zero.
<to be read again> 
                   =
l.239 \end{frame}
                 
A number should have been here; I inserted `0'.
(If you can't figure out why I needed to see a number,
look up `weird error' in the index to The TeXbook.)

! Undefined control sequence.
\enit@setresumekeys ...xpandafter {\enit@savekeys 
                                                  }\xdef \enit@afterlist {#2...
l.239 \end{frame}
                 
The control sequence at the end of the top line
of your error message was never \def'ed. If you have
misspelled it (e.g., `\hobx'), type `I' and the correct
spelling (e.g., `I\hbox'). Otherwise just continue,
and I'll forget about whatever was undefined.

! Undefined control sequence.
\enit@setresumekeys ...it@toks }\ifnum \enit@type 
                                                  =\z@ #3\def \enit@noexcs {...
l.239 \end{frame}
                 
The control sequence at the end of the top line
of your error message was never \def'ed. If you have
misspelled it (e.g., `\hobx'), type `I' and the correct
spelling (e.g., `I\hbox'). Otherwise just continue,
and I'll forget about whatever was undefined.

! Missing number, treated as zero.
<to be read again> 
                   =
l.239 \end{frame}
                 
A number should have been here; I inserted `0'.
(If you can't figure out why I needed to see a number,
look up `weird error' in the index to The TeXbook.)

! Undefined control sequence.
<argument> enit@resume@series@\enit@series 
                                           
l.239 \end{frame}
                 
The control sequence at the end of the top line
of your error message was never \def'ed. If you have
misspelled it (e.g., `\hobx'), type `I' and the correct
spelling (e.g., `I\hbox'). Otherwise just continue,
and I'll forget about whatever was undefined.

! Undefined control sequence.
\enit@endenumerate ...t \fi \ifnum \enit@resuming 
                                                  =\thr@@ \enit@setresumekey...
l.239 \end{frame}
                 
The control sequence at the end of the top line
of your error message was never \def'ed. If you have
misspelled it (e.g., `\hobx'), type `I' and the correct
spelling (e.g., `I\hbox'). Otherwise just continue,
and I'll forget about whatever was undefined.

! Missing number, treated as zero.
<to be read again> 
                   =
l.239 \end{frame}
                 
A number should have been here; I inserted `0'.
(If you can't figure out why I needed to see a number,
look up `weird error' in the index to The TeXbook.)

! Undefined control sequence.
\enit@setresumekeys ...xpandafter {\enit@savekeys 
                                                  }\xdef \enit@afterlist {#2...
l.239 \end{frame}
                 
The control sequence at the end of the top line
of your error message was never \def'ed. If you have
misspelled it (e.g., `\hobx'), type `I' and the correct
spelling (e.g., `I\hbox'). Otherwise just continue,
and I'll forget about whatever was undefined.

! Undefined control sequence.
\enit@setresumekeys ...it@toks }\ifnum \enit@type 
                                                  =\z@ #3\def \enit@noexcs {...
l.239 \end{frame}
                 
The control sequence at the end of the top line
of your error message was never \def'ed. If you have
misspelled it (e.g., `\hobx'), type `I' and the correct
spelling (e.g., `I\hbox'). Otherwise just continue,
and I'll forget about whatever was undefined.

! Missing number, treated as zero.
<to be read again> 
                   =
l.239 \end{frame}
                 
A number should have been here; I inserted `0'.
(If you can't figure out why I needed to see a number,
look up `weird error' in the index to The TeXbook.)

File: logoUZ.png Graphic file (type png)
<use logoUZ.png>
Package pdftex.def Info: logoUZ.png  used on input line 239.
(pdftex.def)             Requested size: 56.9055pt x 20.92224pt.
[10

]
! Undefined control sequence.
\enit@endenumerate ->\enit@after 
                                 \endlist \ifx \enit@series \relax \else \if...
l.239 \end{frame}
                 
The control sequence at the end of the top line
of your error message was never \def'ed. If you have
misspelled it (e.g., `\hobx'), type `I' and the correct
spelling (e.g., `I\hbox'). Otherwise just continue,
and I'll forget about whatever was undefined.

! Undefined control sequence.
\enit@endenumerate ...\else \ifnum \enit@resuming 
                                                  =\@ne \enit@setresumekeys ...
l.239 \end{frame}
                 
The control sequence at the end of the top line
of your error message was never \def'ed. If you have
misspelled it (e.g., `\hobx'), type `I' and the correct
spelling (e.g., `I\hbox'). Otherwise just continue,
and I'll forget about whatever was undefined.

! Missing number, treated as zero.
<to be read again> 
                   =
l.239 \end{frame}
                 
A number should have been here; I inserted `0'.
(If you can't figure out why I needed to see a number,
look up `weird error' in the index to The TeXbook.)

! Undefined control sequence.
\enit@setresumekeys ...xpandafter {\enit@savekeys 
                                                  }\xdef \enit@afterlist {#2...
l.239 \end{frame}
                 
The control sequence at the end of the top line
of your error message was never \def'ed. If you have
misspelled it (e.g., `\hobx'), type `I' and the correct
spelling (e.g., `I\hbox'). Otherwise just continue,
and I'll forget about whatever was undefined.

! Undefined control sequence.
\enit@setresumekeys ...it@toks }\ifnum \enit@type 
                                                  =\z@ #3\def \enit@noexcs {...
l.239 \end{frame}
                 
The control sequence at the end of the top line
of your error message was never \def'ed. If you have
misspelled it (e.g., `\hobx'), type `I' and the correct
spelling (e.g., `I\hbox'). Otherwise just continue,
and I'll forget about whatever was undefined.

! Missing number, treated as zero.
<to be read again> 
                   =
l.239 \end{frame}
                 
A number should have been here; I inserted `0'.
(If you can't figure out why I needed to see a number,
look up `weird error' in the index to The TeXbook.)

! Undefined control sequence.
<argument> enit@resume@series@\enit@series 
                                           
l.239 \end{frame}
                 
The control sequence at the end of the top line
of your error message was never \def'ed. If you have
misspelled it (e.g., `\hobx'), type `I' and the correct
spelling (e.g., `I\hbox'). Otherwise just continue,
and I'll forget about whatever was undefined.

! Undefined control sequence.
\enit@endenumerate ...t \fi \ifnum \enit@resuming 
                                                  =\thr@@ \enit@setresumekey...
l.239 \end{frame}
                 
The control sequence at the end of the top line
of your error message was never \def'ed. If you have
misspelled it (e.g., `\hobx'), type `I' and the correct
spelling (e.g., `I\hbox'). Otherwise just continue,
and I'll forget about whatever was undefined.

! Missing number, treated as zero.
<to be read again> 
                   =
l.239 \end{frame}
                 
A number should have been here; I inserted `0'.
(If you can't figure out why I needed to see a number,
look up `weird error' in the index to The TeXbook.)

! Undefined control sequence.
\enit@setresumekeys ...xpandafter {\enit@savekeys 
                                                  }\xdef \enit@afterlist {#2...
l.239 \end{frame}
                 
The control sequence at the end of the top line
of your error message was never \def'ed. If you have
misspelled it (e.g., `\hobx'), type `I' and the correct
spelling (e.g., `I\hbox'). Otherwise just continue,
and I'll forget about whatever was undefined.

! Undefined control sequence.
\enit@setresumekeys ...it@toks }\ifnum \enit@type 
                                                  =\z@ #3\def \enit@noexcs {...
l.239 \end{frame}
                 
The control sequence at the end of the top line
of your error message was never \def'ed. If you have
misspelled it (e.g., `\hobx'), type `I' and the correct
spelling (e.g., `I\hbox'). Otherwise just continue,
and I'll forget about whatever was undefined.

! Missing number, treated as zero.
<to be read again> 
                   =
l.239 \end{frame}
                 
A number should have been here; I inserted `0'.
(If you can't figure out why I needed to see a number,
look up `weird error' in the index to The TeXbook.)

File: logoUZ.png Graphic file (type png)
<use logoUZ.png>
Package pdftex.def Info: logoUZ.png  used on input line 239.
(pdftex.def)             Requested size: 56.9055pt x 20.92224pt.
[11

]
! Undefined control sequence.
\enit@endenumerate ->\enit@after 
                                 \endlist \ifx \enit@series \relax \else \if...
l.239 \end{frame}
                 
The control sequence at the end of the top line
of your error message was never \def'ed. If you have
misspelled it (e.g., `\hobx'), type `I' and the correct
spelling (e.g., `I\hbox'). Otherwise just continue,
and I'll forget about whatever was undefined.

! Undefined control sequence.
\enit@endenumerate ...\else \ifnum \enit@resuming 
                                                  =\@ne \enit@setresumekeys ...
l.239 \end{frame}
                 
The control sequence at the end of the top line
of your error message was never \def'ed. If you have
misspelled it (e.g., `\hobx'), type `I' and the correct
spelling (e.g., `I\hbox'). Otherwise just continue,
and I'll forget about whatever was undefined.

! Missing number, treated as zero.
<to be read again> 
                   =
l.239 \end{frame}
                 
A number should have been here; I inserted `0'.
(If you can't figure out why I needed to see a number,
look up `weird error' in the index to The TeXbook.)

! Undefined control sequence.
\enit@setresumekeys ...xpandafter {\enit@savekeys 
                                                  }\xdef \enit@afterlist {#2...
l.239 \end{frame}
                 
The control sequence at the end of the top line
of your error message was never \def'ed. If you have
misspelled it (e.g., `\hobx'), type `I' and the correct
spelling (e.g., `I\hbox'). Otherwise just continue,
and I'll forget about whatever was undefined.

! Undefined control sequence.
\enit@setresumekeys ...it@toks }\ifnum \enit@type 
                                                  =\z@ #3\def \enit@noexcs {...
l.239 \end{frame}
                 
The control sequence at the end of the top line
of your error message was never \def'ed. If you have
misspelled it (e.g., `\hobx'), type `I' and the correct
spelling (e.g., `I\hbox'). Otherwise just continue,
and I'll forget about whatever was undefined.

! Missing number, treated as zero.
<to be read again> 
                   =
l.239 \end{frame}
                 
A number should have been here; I inserted `0'.
(If you can't figure out why I needed to see a number,
look up `weird error' in the index to The TeXbook.)

! Undefined control sequence.
<argument> enit@resume@series@\enit@series 
                                           
l.239 \end{frame}
                 
The control sequence at the end of the top line
of your error message was never \def'ed. If you have
misspelled it (e.g., `\hobx'), type `I' and the correct
spelling (e.g., `I\hbox'). Otherwise just continue,
and I'll forget about whatever was undefined.

! Undefined control sequence.
\enit@endenumerate ...t \fi \ifnum \enit@resuming 
                                                  =\thr@@ \enit@setresumekey...
l.239 \end{frame}
                 
The control sequence at the end of the top line
of your error message was never \def'ed. If you have
misspelled it (e.g., `\hobx'), type `I' and the correct
spelling (e.g., `I\hbox'). Otherwise just continue,
and I'll forget about whatever was undefined.

! Missing number, treated as zero.
<to be read again> 
                   =
l.239 \end{frame}
                 
A number should have been here; I inserted `0'.
(If you can't figure out why I needed to see a number,
look up `weird error' in the index to The TeXbook.)

! Undefined control sequence.
\enit@setresumekeys ...xpandafter {\enit@savekeys 
                                                  }\xdef \enit@afterlist {#2...
l.239 \end{frame}
                 
The control sequence at the end of the top line
of your error message was never \def'ed. If you have
misspelled it (e.g., `\hobx'), type `I' and the correct
spelling (e.g., `I\hbox'). Otherwise just continue,
and I'll forget about whatever was undefined.

! Undefined control sequence.
\enit@setresumekeys ...it@toks }\ifnum \enit@type 
                                                  =\z@ #3\def \enit@noexcs {...
l.239 \end{frame}
                 
The control sequence at the end of the top line
of your error message was never \def'ed. If you have
misspelled it (e.g., `\hobx'), type `I' and the correct
spelling (e.g., `I\hbox'). Otherwise just continue,
and I'll forget about whatever was undefined.

! Missing number, treated as zero.
<to be read again> 
                   =
l.239 \end{frame}
                 
A number should have been here; I inserted `0'.
(If you can't figure out why I needed to see a number,
look up `weird error' in the index to The TeXbook.)

File: logoUZ.png Graphic file (type png)
<use logoUZ.png>
Package pdftex.def Info: logoUZ.png  used on input line 239.
(pdftex.def)             Requested size: 56.9055pt x 20.92224pt.
[12

]
! Undefined control sequence.
\enit@endenumerate ->\enit@after 
                                 \endlist \ifx \enit@series \relax \else \if...
l.239 \end{frame}
                 
The control sequence at the end of the top line
of your error message was never \def'ed. If you have
misspelled it (e.g., `\hobx'), type `I' and the correct
spelling (e.g., `I\hbox'). Otherwise just continue,
and I'll forget about whatever was undefined.

! Undefined control sequence.
\enit@endenumerate ...\else \ifnum \enit@resuming 
                                                  =\@ne \enit@setresumekeys ...
l.239 \end{frame}
                 
The control sequence at the end of the top line
of your error message was never \def'ed. If you have
misspelled it (e.g., `\hobx'), type `I' and the correct
spelling (e.g., `I\hbox'). Otherwise just continue,
and I'll forget about whatever was undefined.

! Missing number, treated as zero.
<to be read again> 
                   =
l.239 \end{frame}
                 
A number should have been here; I inserted `0'.
(If you can't figure out why I needed to see a number,
look up `weird error' in the index to The TeXbook.)

! Undefined control sequence.
\enit@setresumekeys ...xpandafter {\enit@savekeys 
                                                  }\xdef \enit@afterlist {#2...
l.239 \end{frame}
                 
The control sequence at the end of the top line
of your error message was never \def'ed. If you have
misspelled it (e.g., `\hobx'), type `I' and the correct
spelling (e.g., `I\hbox'). Otherwise just continue,
and I'll forget about whatever was undefined.

! Undefined control sequence.
\enit@setresumekeys ...it@toks }\ifnum \enit@type 
                                                  =\z@ #3\def \enit@noexcs {...
l.239 \end{frame}
                 
The control sequence at the end of the top line
of your error message was never \def'ed. If you have
misspelled it (e.g., `\hobx'), type `I' and the correct
spelling (e.g., `I\hbox'). Otherwise just continue,
and I'll forget about whatever was undefined.

! Missing number, treated as zero.
<to be read again> 
                   =
l.239 \end{frame}
                 
A number should have been here; I inserted `0'.
(If you can't figure out why I needed to see a number,
look up `weird error' in the index to The TeXbook.)

! Undefined control sequence.
<argument> enit@resume@series@\enit@series 
                                           
l.239 \end{frame}
                 
The control sequence at the end of the top line
of your error message was never \def'ed. If you have
misspelled it (e.g., `\hobx'), type `I' and the correct
spelling (e.g., `I\hbox'). Otherwise just continue,
and I'll forget about whatever was undefined.

! Undefined control sequence.
\enit@endenumerate ...t \fi \ifnum \enit@resuming 
                                                  =\thr@@ \enit@setresumekey...
l.239 \end{frame}
                 
The control sequence at the end of the top line
of your error message was never \def'ed. If you have
misspelled it (e.g., `\hobx'), type `I' and the correct
spelling (e.g., `I\hbox'). Otherwise just continue,
and I'll forget about whatever was undefined.

! Missing number, treated as zero.
<to be read again> 
                   =
l.239 \end{frame}
                 
A number should have been here; I inserted `0'.
(If you can't figure out why I needed to see a number,
look up `weird error' in the index to The TeXbook.)

! Undefined control sequence.
\enit@setresumekeys ...xpandafter {\enit@savekeys 
                                                  }\xdef \enit@afterlist {#2...
l.239 \end{frame}
                 
The control sequence at the end of the top line
of your error message was never \def'ed. If you have
misspelled it (e.g., `\hobx'), type `I' and the correct
spelling (e.g., `I\hbox'). Otherwise just continue,
and I'll forget about whatever was undefined.

! Undefined control sequence.
\enit@setresumekeys ...it@toks }\ifnum \enit@type 
                                                  =\z@ #3\def \enit@noexcs {...
l.239 \end{frame}
                 
The control sequence at the end of the top line
of your error message was never \def'ed. If you have
misspelled it (e.g., `\hobx'), type `I' and the correct
spelling (e.g., `I\hbox'). Otherwise just continue,
and I'll forget about whatever was undefined.

! Missing number, treated as zero.
<to be read again> 
                   =
l.239 \end{frame}
                 
A number should have been here; I inserted `0'.
(If you can't figure out why I needed to see a number,
look up `weird error' in the index to The TeXbook.)

File: logoUZ.png Graphic file (type png)
<use logoUZ.png>
Package pdftex.def Info: logoUZ.png  used on input line 239.
(pdftex.def)             Requested size: 56.9055pt x 20.92224pt.
[13

]
! Undefined control sequence.
\enit@endenumerate ->\enit@after 
                                 \endlist \ifx \enit@series \relax \else \if...
l.239 \end{frame}
                 
The control sequence at the end of the top line
of your error message was never \def'ed. If you have
misspelled it (e.g., `\hobx'), type `I' and the correct
spelling (e.g., `I\hbox'). Otherwise just continue,
and I'll forget about whatever was undefined.

! Undefined control sequence.
\enit@endenumerate ...\else \ifnum \enit@resuming 
                                                  =\@ne \enit@setresumekeys ...
l.239 \end{frame}
                 
The control sequence at the end of the top line
of your error message was never \def'ed. If you have
misspelled it (e.g., `\hobx'), type `I' and the correct
spelling (e.g., `I\hbox'). Otherwise just continue,
and I'll forget about whatever was undefined.

! Missing number, treated as zero.
<to be read again> 
                   =
l.239 \end{frame}
                 
A number should have been here; I inserted `0'.
(If you can't figure out why I needed to see a number,
look up `weird error' in the index to The TeXbook.)

! Undefined control sequence.
\enit@setresumekeys ...xpandafter {\enit@savekeys 
                                                  }\xdef \enit@afterlist {#2...
l.239 \end{frame}
                 
The control sequence at the end of the top line
of your error message was never \def'ed. If you have
misspelled it (e.g., `\hobx'), type `I' and the correct
spelling (e.g., `I\hbox'). Otherwise just continue,
and I'll forget about whatever was undefined.

! Undefined control sequence.
\enit@setresumekeys ...it@toks }\ifnum \enit@type 
                                                  =\z@ #3\def \enit@noexcs {...
l.239 \end{frame}
                 
The control sequence at the end of the top line
of your error message was never \def'ed. If you have
misspelled it (e.g., `\hobx'), type `I' and the correct
spelling (e.g., `I\hbox'). Otherwise just continue,
and I'll forget about whatever was undefined.

! Missing number, treated as zero.
<to be read again> 
                   =
l.239 \end{frame}
                 
A number should have been here; I inserted `0'.
(If you can't figure out why I needed to see a number,
look up `weird error' in the index to The TeXbook.)

! Undefined control sequence.
<argument> enit@resume@series@\enit@series 
                                           
l.239 \end{frame}
                 
The control sequence at the end of the top line
of your error message was never \def'ed. If you have
misspelled it (e.g., `\hobx'), type `I' and the correct
spelling (e.g., `I\hbox'). Otherwise just continue,
and I'll forget about whatever was undefined.

! Undefined control sequence.
\enit@endenumerate ...t \fi \ifnum \enit@resuming 
                                                  =\thr@@ \enit@setresumekey...
l.239 \end{frame}
                 
The control sequence at the end of the top line
of your error message was never \def'ed. If you have
misspelled it (e.g., `\hobx'), type `I' and the correct
spelling (e.g., `I\hbox'). Otherwise just continue,
and I'll forget about whatever was undefined.

! Missing number, treated as zero.
<to be read again> 
                   =
l.239 \end{frame}
                 
A number should have been here; I inserted `0'.
(If you can't figure out why I needed to see a number,
look up `weird error' in the index to The TeXbook.)

! Undefined control sequence.
\enit@setresumekeys ...xpandafter {\enit@savekeys 
                                                  }\xdef \enit@afterlist {#2...
l.239 \end{frame}
                 
The control sequence at the end of the top line
of your error message was never \def'ed. If you have
misspelled it (e.g., `\hobx'), type `I' and the correct
spelling (e.g., `I\hbox'). Otherwise just continue,
and I'll forget about whatever was undefined.

! Undefined control sequence.
\enit@setresumekeys ...it@toks }\ifnum \enit@type 
                                                  =\z@ #3\def \enit@noexcs {...
l.239 \end{frame}
                 
The control sequence at the end of the top line
of your error message was never \def'ed. If you have
misspelled it (e.g., `\hobx'), type `I' and the correct
spelling (e.g., `I\hbox'). Otherwise just continue,
and I'll forget about whatever was undefined.

! Missing number, treated as zero.
<to be read again> 
                   =
l.239 \end{frame}
                 
A number should have been here; I inserted `0'.
(If you can't figure out why I needed to see a number,
look up `weird error' in the index to The TeXbook.)

File: logoUZ.png Graphic file (type png)
<use logoUZ.png>
Package pdftex.def Info: logoUZ.png  used on input line 239.
(pdftex.def)             Requested size: 56.9055pt x 20.92224pt.
[14

]
File: logoUZ.png Graphic file (type png)
<use logoUZ.png>
Package pdftex.def Info: logoUZ.png  used on input line 251.
(pdftex.def)             Requested size: 56.9055pt x 20.92224pt.
 [15

]
File: logoUZ.png Graphic file (type png)
<use logoUZ.png>
Package pdftex.def Info: logoUZ.png  used on input line 251.
(pdftex.def)             Requested size: 56.9055pt x 20.92224pt.
 [16

]
File: logoUZ.png Graphic file (type png)
<use logoUZ.png>
Package pdftex.def Info: logoUZ.png  used on input line 251.
(pdftex.def)             Requested size: 56.9055pt x 20.92224pt.
 [17

]
No file Presentacion.toc.
File: logoUZ.png Graphic file (type png)
<use logoUZ.png>
Package pdftex.def Info: logoUZ.png  used on input line 253.
(pdftex.def)             Requested size: 56.9055pt x 20.92224pt.
[18

]
! Undefined control sequence.
\enit@enditemize ->\enit@after 
                               \endlist \ifx \enit@series \relax \else \ifnu...
l.271 \end{frame}
                 
The control sequence at the end of the top line
of your error message was never \def'ed. If you have
misspelled it (e.g., `\hobx'), type `I' and the correct
spelling (e.g., `I\hbox'). Otherwise just continue,
and I'll forget about whatever was undefined.

! Undefined control sequence.
\enit@enditemize ...x \else \ifnum \enit@resuming 
                                                  =\@ne \enit@setresumekeys ...
l.271 \end{frame}
                 
The control sequence at the end of the top line
of your error message was never \def'ed. If you have
misspelled it (e.g., `\hobx'), type `I' and the correct
spelling (e.g., `I\hbox'). Otherwise just continue,
and I'll forget about whatever was undefined.

! Missing number, treated as zero.
<to be read again> 
                   =
l.271 \end{frame}
                 
A number should have been here; I inserted `0'.
(If you can't figure out why I needed to see a number,
look up `weird error' in the index to The TeXbook.)

! Undefined control sequence.
\enit@setresumekeys ...xpandafter {\enit@savekeys 
                                                  }\xdef \enit@afterlist {#2...
l.271 \end{frame}
                 
The control sequence at the end of the top line
of your error message was never \def'ed. If you have
misspelled it (e.g., `\hobx'), type `I' and the correct
spelling (e.g., `I\hbox'). Otherwise just continue,
and I'll forget about whatever was undefined.

! Undefined control sequence.
\enit@setresumekeys ...it@toks }\ifnum \enit@type 
                                                  =\z@ #3\def \enit@noexcs {...
l.271 \end{frame}
                 
The control sequence at the end of the top line
of your error message was never \def'ed. If you have
misspelled it (e.g., `\hobx'), type `I' and the correct
spelling (e.g., `I\hbox'). Otherwise just continue,
and I'll forget about whatever was undefined.

! Missing number, treated as zero.
<to be read again> 
                   =
l.271 \end{frame}
                 
A number should have been here; I inserted `0'.
(If you can't figure out why I needed to see a number,
look up `weird error' in the index to The TeXbook.)

! Undefined control sequence.
<argument> enit@resume@series@\enit@series 
                                           
l.271 \end{frame}
                 
The control sequence at the end of the top line
of your error message was never \def'ed. If you have
misspelled it (e.g., `\hobx'), type `I' and the correct
spelling (e.g., `I\hbox'). Otherwise just continue,
and I'll forget about whatever was undefined.

! Undefined control sequence.
\enit@setresumekeys ...me@#1}{\csname c@\@listctr 
                                                  \endcsname \the \csname c@...
l.271 \end{frame}
                 
The control sequence at the end of the top line
of your error message was never \def'ed. If you have
misspelled it (e.g., `\hobx'), type `I' and the correct
spelling (e.g., `I\hbox'). Otherwise just continue,
and I'll forget about whatever was undefined.

! Undefined control sequence.
\enit@setresumekeys ...e \the \csname c@\@listctr 
                                                  \endcsname }\fi }
l.271 \end{frame}
                 
The control sequence at the end of the top line
of your error message was never \def'ed. If you have
misspelled it (e.g., `\hobx'), type `I' and the correct
spelling (e.g., `I\hbox'). Otherwise just continue,
and I'll forget about whatever was undefined.

! You can't use `\relax' after \the.
<recently read> \c@ 
                    
l.271 \end{frame}
                 
I'm forgetting what you said and using zero instead.

! Undefined control sequence.
\enit@enditemize ...ist \fi \ifnum \enit@resuming 
                                                  =\thr@@ \enit@setresumekey...
l.271 \end{frame}
                 
The control sequence at the end of the top line
of your error message was never \def'ed. If you have
misspelled it (e.g., `\hobx'), type `I' and the correct
spelling (e.g., `I\hbox'). Otherwise just continue,
and I'll forget about whatever was undefined.

! Missing number, treated as zero.
<to be read again> 
                   =
l.271 \end{frame}
                 
A number should have been here; I inserted `0'.
(If you can't figure out why I needed to see a number,
look up `weird error' in the index to The TeXbook.)

! Undefined control sequence.
\enit@setresumekeys ...xpandafter {\enit@savekeys 
                                                  }\xdef \enit@afterlist {#2...
l.271 \end{frame}
                 
The control sequence at the end of the top line
of your error message was never \def'ed. If you have
misspelled it (e.g., `\hobx'), type `I' and the correct
spelling (e.g., `I\hbox'). Otherwise just continue,
and I'll forget about whatever was undefined.

! Undefined control sequence.
\enit@setresumekeys ...it@toks }\ifnum \enit@type 
                                                  =\z@ #3\def \enit@noexcs {...
l.271 \end{frame}
                 
The control sequence at the end of the top line
of your error message was never \def'ed. If you have
misspelled it (e.g., `\hobx'), type `I' and the correct
spelling (e.g., `I\hbox'). Otherwise just continue,
and I'll forget about whatever was undefined.

! Missing number, treated as zero.
<to be read again> 
                   =
l.271 \end{frame}
                 
A number should have been here; I inserted `0'.
(If you can't figure out why I needed to see a number,
look up `weird error' in the index to The TeXbook.)

! Undefined control sequence.
\enit@setresumekeys ...me@#1}{\csname c@\@listctr 
                                                  \endcsname \the \csname c@...
l.271 \end{frame}
                 
The control sequence at the end of the top line
of your error message was never \def'ed. If you have
misspelled it (e.g., `\hobx'), type `I' and the correct
spelling (e.g., `I\hbox'). Otherwise just continue,
and I'll forget about whatever was undefined.

! Undefined control sequence.
\enit@setresumekeys ...e \the \csname c@\@listctr 
                                                  \endcsname }\fi }
l.271 \end{frame}
                 
The control sequence at the end of the top line
of your error message was never \def'ed. If you have
misspelled it (e.g., `\hobx'), type `I' and the correct
spelling (e.g., `I\hbox'). Otherwise just continue,
and I'll forget about whatever was undefined.

! You can't use `\relax' after \the.
<recently read> \c@ 
                    
l.271 \end{frame}
                 
I'm forgetting what you said and using zero instead.

File: logoUZ.png Graphic file (type png)
<use logoUZ.png>
Package pdftex.def Info: logoUZ.png  used on input line 271.
(pdftex.def)             Requested size: 56.9055pt x 20.92224pt.
[19

]
! Undefined control sequence.
\enit@enditemize ->\enit@after 
                               \endlist \ifx \enit@series \relax \else \ifnu...
l.271 \end{frame}
                 
The control sequence at the end of the top line
of your error message was never \def'ed. If you have
misspelled it (e.g., `\hobx'), type `I' and the correct
spelling (e.g., `I\hbox'). Otherwise just continue,
and I'll forget about whatever was undefined.

! Undefined control sequence.
\enit@enditemize ...x \else \ifnum \enit@resuming 
                                                  =\@ne \enit@setresumekeys ...
l.271 \end{frame}
                 
The control sequence at the end of the top line
of your error message was never \def'ed. If you have
misspelled it (e.g., `\hobx'), type `I' and the correct
spelling (e.g., `I\hbox'). Otherwise just continue,
and I'll forget about whatever was undefined.

! Missing number, treated as zero.
<to be read again> 
                   =
l.271 \end{frame}
                 
A number should have been here; I inserted `0'.
(If you can't figure out why I needed to see a number,
look up `weird error' in the index to The TeXbook.)

! Undefined control sequence.
\enit@setresumekeys ...xpandafter {\enit@savekeys 
                                                  }\xdef \enit@afterlist {#2...
l.271 \end{frame}
                 
The control sequence at the end of the top line
of your error message was never \def'ed. If you have
misspelled it (e.g., `\hobx'), type `I' and the correct
spelling (e.g., `I\hbox'). Otherwise just continue,
and I'll forget about whatever was undefined.

! Undefined control sequence.
\enit@setresumekeys ...it@toks }\ifnum \enit@type 
                                                  =\z@ #3\def \enit@noexcs {...
l.271 \end{frame}
                 
The control sequence at the end of the top line
of your error message was never \def'ed. If you have
misspelled it (e.g., `\hobx'), type `I' and the correct
spelling (e.g., `I\hbox'). Otherwise just continue,
and I'll forget about whatever was undefined.

! Missing number, treated as zero.
<to be read again> 
                   =
l.271 \end{frame}
                 
A number should have been here; I inserted `0'.
(If you can't figure out why I needed to see a number,
look up `weird error' in the index to The TeXbook.)

! Undefined control sequence.
<argument> enit@resume@series@\enit@series 
                                           
l.271 \end{frame}
                 
The control sequence at the end of the top line
of your error message was never \def'ed. If you have
misspelled it (e.g., `\hobx'), type `I' and the correct
spelling (e.g., `I\hbox'). Otherwise just continue,
and I'll forget about whatever was undefined.

! Undefined control sequence.
\enit@setresumekeys ...me@#1}{\csname c@\@listctr 
                                                  \endcsname \the \csname c@...
l.271 \end{frame}
                 
The control sequence at the end of the top line
of your error message was never \def'ed. If you have
misspelled it (e.g., `\hobx'), type `I' and the correct
spelling (e.g., `I\hbox'). Otherwise just continue,
and I'll forget about whatever was undefined.

! Undefined control sequence.
\enit@setresumekeys ...e \the \csname c@\@listctr 
                                                  \endcsname }\fi }
l.271 \end{frame}
                 
The control sequence at the end of the top line
of your error message was never \def'ed. If you have
misspelled it (e.g., `\hobx'), type `I' and the correct
spelling (e.g., `I\hbox'). Otherwise just continue,
and I'll forget about whatever was undefined.

! You can't use `\relax' after \the.
<recently read> \c@ 
                    
l.271 \end{frame}
                 
I'm forgetting what you said and using zero instead.

! Undefined control sequence.
\enit@enditemize ...ist \fi \ifnum \enit@resuming 
                                                  =\thr@@ \enit@setresumekey...
l.271 \end{frame}
                 
The control sequence at the end of the top line
of your error message was never \def'ed. If you have
misspelled it (e.g., `\hobx'), type `I' and the correct
spelling (e.g., `I\hbox'). Otherwise just continue,
and I'll forget about whatever was undefined.

! Missing number, treated as zero.
<to be read again> 
                   =
l.271 \end{frame}
                 
A number should have been here; I inserted `0'.
(If you can't figure out why I needed to see a number,
look up `weird error' in the index to The TeXbook.)

! Undefined control sequence.
\enit@setresumekeys ...xpandafter {\enit@savekeys 
                                                  }\xdef \enit@afterlist {#2...
l.271 \end{frame}
                 
The control sequence at the end of the top line
of your error message was never \def'ed. If you have
misspelled it (e.g., `\hobx'), type `I' and the correct
spelling (e.g., `I\hbox'). Otherwise just continue,
and I'll forget about whatever was undefined.

! Undefined control sequence.
\enit@setresumekeys ...it@toks }\ifnum \enit@type 
                                                  =\z@ #3\def \enit@noexcs {...
l.271 \end{frame}
                 
The control sequence at the end of the top line
of your error message was never \def'ed. If you have
misspelled it (e.g., `\hobx'), type `I' and the correct
spelling (e.g., `I\hbox'). Otherwise just continue,
and I'll forget about whatever was undefined.

! Missing number, treated as zero.
<to be read again> 
                   =
l.271 \end{frame}
                 
A number should have been here; I inserted `0'.
(If you can't figure out why I needed to see a number,
look up `weird error' in the index to The TeXbook.)

! Undefined control sequence.
\enit@setresumekeys ...me@#1}{\csname c@\@listctr 
                                                  \endcsname \the \csname c@...
l.271 \end{frame}
                 
The control sequence at the end of the top line
of your error message was never \def'ed. If you have
misspelled it (e.g., `\hobx'), type `I' and the correct
spelling (e.g., `I\hbox'). Otherwise just continue,
and I'll forget about whatever was undefined.

! Undefined control sequence.
\enit@setresumekeys ...e \the \csname c@\@listctr 
                                                  \endcsname }\fi }
l.271 \end{frame}
                 
The control sequence at the end of the top line
of your error message was never \def'ed. If you have
misspelled it (e.g., `\hobx'), type `I' and the correct
spelling (e.g., `I\hbox'). Otherwise just continue,
and I'll forget about whatever was undefined.

! You can't use `\relax' after \the.
<recently read> \c@ 
                    
l.271 \end{frame}
                 
I'm forgetting what you said and using zero instead.

File: logoUZ.png Graphic file (type png)
<use logoUZ.png>
Package pdftex.def Info: logoUZ.png  used on input line 271.
(pdftex.def)             Requested size: 56.9055pt x 20.92224pt.
[20

]
! Undefined control sequence.
\enit@enditemize ->\enit@after 
                               \endlist \ifx \enit@series \relax \else \ifnu...
l.271 \end{frame}
                 
The control sequence at the end of the top line
of your error message was never \def'ed. If you have
misspelled it (e.g., `\hobx'), type `I' and the correct
spelling (e.g., `I\hbox'). Otherwise just continue,
and I'll forget about whatever was undefined.

! Undefined control sequence.
\enit@enditemize ...x \else \ifnum \enit@resuming 
                                                  =\@ne \enit@setresumekeys ...
l.271 \end{frame}
                 
The control sequence at the end of the top line
of your error message was never \def'ed. If you have
misspelled it (e.g., `\hobx'), type `I' and the correct
spelling (e.g., `I\hbox'). Otherwise just continue,
and I'll forget about whatever was undefined.

! Missing number, treated as zero.
<to be read again> 
                   =
l.271 \end{frame}
                 
A number should have been here; I inserted `0'.
(If you can't figure out why I needed to see a number,
look up `weird error' in the index to The TeXbook.)

! Undefined control sequence.
\enit@setresumekeys ...xpandafter {\enit@savekeys 
                                                  }\xdef \enit@afterlist {#2...
l.271 \end{frame}
                 
The control sequence at the end of the top line
of your error message was never \def'ed. If you have
misspelled it (e.g., `\hobx'), type `I' and the correct
spelling (e.g., `I\hbox'). Otherwise just continue,
and I'll forget about whatever was undefined.

! Undefined control sequence.
\enit@setresumekeys ...it@toks }\ifnum \enit@type 
                                                  =\z@ #3\def \enit@noexcs {...
l.271 \end{frame}
                 
The control sequence at the end of the top line
of your error message was never \def'ed. If you have
misspelled it (e.g., `\hobx'), type `I' and the correct
spelling (e.g., `I\hbox'). Otherwise just continue,
and I'll forget about whatever was undefined.

! Missing number, treated as zero.
<to be read again> 
                   =
l.271 \end{frame}
                 
A number should have been here; I inserted `0'.
(If you can't figure out why I needed to see a number,
look up `weird error' in the index to The TeXbook.)

! Undefined control sequence.
<argument> enit@resume@series@\enit@series 
                                           
l.271 \end{frame}
                 
The control sequence at the end of the top line
of your error message was never \def'ed. If you have
misspelled it (e.g., `\hobx'), type `I' and the correct
spelling (e.g., `I\hbox'). Otherwise just continue,
and I'll forget about whatever was undefined.

! Undefined control sequence.
\enit@setresumekeys ...me@#1}{\csname c@\@listctr 
                                                  \endcsname \the \csname c@...
l.271 \end{frame}
                 
The control sequence at the end of the top line
of your error message was never \def'ed. If you have
misspelled it (e.g., `\hobx'), type `I' and the correct
spelling (e.g., `I\hbox'). Otherwise just continue,
and I'll forget about whatever was undefined.

! Undefined control sequence.
\enit@setresumekeys ...e \the \csname c@\@listctr 
                                                  \endcsname }\fi }
l.271 \end{frame}
                 
The control sequence at the end of the top line
of your error message was never \def'ed. If you have
misspelled it (e.g., `\hobx'), type `I' and the correct
spelling (e.g., `I\hbox'). Otherwise just continue,
and I'll forget about whatever was undefined.

! You can't use `\relax' after \the.
<recently read> \c@ 
                    
l.271 \end{frame}
                 
I'm forgetting what you said and using zero instead.

! Undefined control sequence.
\enit@enditemize ...ist \fi \ifnum \enit@resuming 
                                                  =\thr@@ \enit@setresumekey...
l.271 \end{frame}
                 
The control sequence at the end of the top line
of your error message was never \def'ed. If you have
misspelled it (e.g., `\hobx'), type `I' and the correct
spelling (e.g., `I\hbox'). Otherwise just continue,
and I'll forget about whatever was undefined.

! Missing number, treated as zero.
<to be read again> 
                   =
l.271 \end{frame}
                 
A number should have been here; I inserted `0'.
(If you can't figure out why I needed to see a number,
look up `weird error' in the index to The TeXbook.)

! Undefined control sequence.
\enit@setresumekeys ...xpandafter {\enit@savekeys 
                                                  }\xdef \enit@afterlist {#2...
l.271 \end{frame}
                 
The control sequence at the end of the top line
of your error message was never \def'ed. If you have
misspelled it (e.g., `\hobx'), type `I' and the correct
spelling (e.g., `I\hbox'). Otherwise just continue,
and I'll forget about whatever was undefined.

! Undefined control sequence.
\enit@setresumekeys ...it@toks }\ifnum \enit@type 
                                                  =\z@ #3\def \enit@noexcs {...
l.271 \end{frame}
                 
The control sequence at the end of the top line
of your error message was never \def'ed. If you have
misspelled it (e.g., `\hobx'), type `I' and the correct
spelling (e.g., `I\hbox'). Otherwise just continue,
and I'll forget about whatever was undefined.

! Missing number, treated as zero.
<to be read again> 
                   =
l.271 \end{frame}
                 
A number should have been here; I inserted `0'.
(If you can't figure out why I needed to see a number,
look up `weird error' in the index to The TeXbook.)

! Undefined control sequence.
\enit@setresumekeys ...me@#1}{\csname c@\@listctr 
                                                  \endcsname \the \csname c@...
l.271 \end{frame}
                 
The control sequence at the end of the top line
of your error message was never \def'ed. If you have
misspelled it (e.g., `\hobx'), type `I' and the correct
spelling (e.g., `I\hbox'). Otherwise just continue,
and I'll forget about whatever was undefined.

! Undefined control sequence.
\enit@setresumekeys ...e \the \csname c@\@listctr 
                                                  \endcsname }\fi }
l.271 \end{frame}
                 
The control sequence at the end of the top line
of your error message was never \def'ed. If you have
misspelled it (e.g., `\hobx'), type `I' and the correct
spelling (e.g., `I\hbox'). Otherwise just continue,
and I'll forget about whatever was undefined.

! You can't use `\relax' after \the.
<recently read> \c@ 
                    
l.271 \end{frame}
                 
I'm forgetting what you said and using zero instead.

File: logoUZ.png Graphic file (type png)
<use logoUZ.png>
Package pdftex.def Info: logoUZ.png  used on input line 271.
(pdftex.def)             Requested size: 56.9055pt x 20.92224pt.
[21

]
! Undefined control sequence.
\enit@enditemize ->\enit@after 
                               \endlist \ifx \enit@series \relax \else \ifnu...
l.271 \end{frame}
                 
The control sequence at the end of the top line
of your error message was never \def'ed. If you have
misspelled it (e.g., `\hobx'), type `I' and the correct
spelling (e.g., `I\hbox'). Otherwise just continue,
and I'll forget about whatever was undefined.

! Undefined control sequence.
\enit@enditemize ...x \else \ifnum \enit@resuming 
                                                  =\@ne \enit@setresumekeys ...
l.271 \end{frame}
                 
The control sequence at the end of the top line
of your error message was never \def'ed. If you have
misspelled it (e.g., `\hobx'), type `I' and the correct
spelling (e.g., `I\hbox'). Otherwise just continue,
and I'll forget about whatever was undefined.

! Missing number, treated as zero.
<to be read again> 
                   =
l.271 \end{frame}
                 
A number should have been here; I inserted `0'.
(If you can't figure out why I needed to see a number,
look up `weird error' in the index to The TeXbook.)

! Undefined control sequence.
\enit@setresumekeys ...xpandafter {\enit@savekeys 
                                                  }\xdef \enit@afterlist {#2...
l.271 \end{frame}
                 
The control sequence at the end of the top line
of your error message was never \def'ed. If you have
misspelled it (e.g., `\hobx'), type `I' and the correct
spelling (e.g., `I\hbox'). Otherwise just continue,
and I'll forget about whatever was undefined.

! Undefined control sequence.
\enit@setresumekeys ...it@toks }\ifnum \enit@type 
                                                  =\z@ #3\def \enit@noexcs {...
l.271 \end{frame}
                 
The control sequence at the end of the top line
of your error message was never \def'ed. If you have
misspelled it (e.g., `\hobx'), type `I' and the correct
spelling (e.g., `I\hbox'). Otherwise just continue,
and I'll forget about whatever was undefined.

! Missing number, treated as zero.
<to be read again> 
                   =
l.271 \end{frame}
                 
A number should have been here; I inserted `0'.
(If you can't figure out why I needed to see a number,
look up `weird error' in the index to The TeXbook.)

! Undefined control sequence.
<argument> enit@resume@series@\enit@series 
                                           
l.271 \end{frame}
                 
The control sequence at the end of the top line
of your error message was never \def'ed. If you have
misspelled it (e.g., `\hobx'), type `I' and the correct
spelling (e.g., `I\hbox'). Otherwise just continue,
and I'll forget about whatever was undefined.

! Undefined control sequence.
\enit@setresumekeys ...me@#1}{\csname c@\@listctr 
                                                  \endcsname \the \csname c@...
l.271 \end{frame}
                 
The control sequence at the end of the top line
of your error message was never \def'ed. If you have
misspelled it (e.g., `\hobx'), type `I' and the correct
spelling (e.g., `I\hbox'). Otherwise just continue,
and I'll forget about whatever was undefined.

! Undefined control sequence.
\enit@setresumekeys ...e \the \csname c@\@listctr 
                                                  \endcsname }\fi }
l.271 \end{frame}
                 
The control sequence at the end of the top line
of your error message was never \def'ed. If you have
misspelled it (e.g., `\hobx'), type `I' and the correct
spelling (e.g., `I\hbox'). Otherwise just continue,
and I'll forget about whatever was undefined.

! You can't use `\relax' after \the.
<recently read> \c@ 
                    
l.271 \end{frame}
                 
I'm forgetting what you said and using zero instead.

! Undefined control sequence.
\enit@enditemize ...ist \fi \ifnum \enit@resuming 
                                                  =\thr@@ \enit@setresumekey...
l.271 \end{frame}
                 
The control sequence at the end of the top line
of your error message was never \def'ed. If you have
misspelled it (e.g., `\hobx'), type `I' and the correct
spelling (e.g., `I\hbox'). Otherwise just continue,
and I'll forget about whatever was undefined.

! Missing number, treated as zero.
<to be read again> 
                   =
l.271 \end{frame}
                 
A number should have been here; I inserted `0'.
(If you can't figure out why I needed to see a number,
look up `weird error' in the index to The TeXbook.)

! Undefined control sequence.
\enit@setresumekeys ...xpandafter {\enit@savekeys 
                                                  }\xdef \enit@afterlist {#2...
l.271 \end{frame}
                 
The control sequence at the end of the top line
of your error message was never \def'ed. If you have
misspelled it (e.g., `\hobx'), type `I' and the correct
spelling (e.g., `I\hbox'). Otherwise just continue,
and I'll forget about whatever was undefined.

! Undefined control sequence.
\enit@setresumekeys ...it@toks }\ifnum \enit@type 
                                                  =\z@ #3\def \enit@noexcs {...
l.271 \end{frame}
                 
The control sequence at the end of the top line
of your error message was never \def'ed. If you have
misspelled it (e.g., `\hobx'), type `I' and the correct
spelling (e.g., `I\hbox'). Otherwise just continue,
and I'll forget about whatever was undefined.

! Missing number, treated as zero.
<to be read again> 
                   =
l.271 \end{frame}
                 
A number should have been here; I inserted `0'.
(If you can't figure out why I needed to see a number,
look up `weird error' in the index to The TeXbook.)

! Undefined control sequence.
\enit@setresumekeys ...me@#1}{\csname c@\@listctr 
                                                  \endcsname \the \csname c@...
l.271 \end{frame}
                 
The control sequence at the end of the top line
of your error message was never \def'ed. If you have
misspelled it (e.g., `\hobx'), type `I' and the correct
spelling (e.g., `I\hbox'). Otherwise just continue,
and I'll forget about whatever was undefined.

! Undefined control sequence.
\enit@setresumekeys ...e \the \csname c@\@listctr 
                                                  \endcsname }\fi }
l.271 \end{frame}
                 
The control sequence at the end of the top line
of your error message was never \def'ed. If you have
misspelled it (e.g., `\hobx'), type `I' and the correct
spelling (e.g., `I\hbox'). Otherwise just continue,
and I'll forget about whatever was undefined.

! You can't use `\relax' after \the.
<recently read> \c@ 
                    
l.271 \end{frame}
                 
I'm forgetting what you said and using zero instead.

File: logoUZ.png Graphic file (type png)
<use logoUZ.png>
Package pdftex.def Info: logoUZ.png  used on input line 271.
(pdftex.def)             Requested size: 56.9055pt x 20.92224pt.
[22

]
! Undefined control sequence.
\enit@enditemize ->\enit@after 
                               \endlist \ifx \enit@series \relax \else \ifnu...
l.271 \end{frame}
                 
The control sequence at the end of the top line
of your error message was never \def'ed. If you have
misspelled it (e.g., `\hobx'), type `I' and the correct
spelling (e.g., `I\hbox'). Otherwise just continue,
and I'll forget about whatever was undefined.

! Undefined control sequence.
\enit@enditemize ...x \else \ifnum \enit@resuming 
                                                  =\@ne \enit@setresumekeys ...
l.271 \end{frame}
                 
The control sequence at the end of the top line
of your error message was never \def'ed. If you have
misspelled it (e.g., `\hobx'), type `I' and the correct
spelling (e.g., `I\hbox'). Otherwise just continue,
and I'll forget about whatever was undefined.

! Missing number, treated as zero.
<to be read again> 
                   =
l.271 \end{frame}
                 
A number should have been here; I inserted `0'.
(If you can't figure out why I needed to see a number,
look up `weird error' in the index to The TeXbook.)

! Undefined control sequence.
\enit@setresumekeys ...xpandafter {\enit@savekeys 
                                                  }\xdef \enit@afterlist {#2...
l.271 \end{frame}
                 
The control sequence at the end of the top line
of your error message was never \def'ed. If you have
misspelled it (e.g., `\hobx'), type `I' and the correct
spelling (e.g., `I\hbox'). Otherwise just continue,
and I'll forget about whatever was undefined.

! Undefined control sequence.
\enit@setresumekeys ...it@toks }\ifnum \enit@type 
                                                  =\z@ #3\def \enit@noexcs {...
l.271 \end{frame}
                 
The control sequence at the end of the top line
of your error message was never \def'ed. If you have
misspelled it (e.g., `\hobx'), type `I' and the correct
spelling (e.g., `I\hbox'). Otherwise just continue,
and I'll forget about whatever was undefined.

! Missing number, treated as zero.
<to be read again> 
                   =
l.271 \end{frame}
                 
A number should have been here; I inserted `0'.
(If you can't figure out why I needed to see a number,
look up `weird error' in the index to The TeXbook.)

! Undefined control sequence.
<argument> enit@resume@series@\enit@series 
                                           
l.271 \end{frame}
                 
The control sequence at the end of the top line
of your error message was never \def'ed. If you have
misspelled it (e.g., `\hobx'), type `I' and the correct
spelling (e.g., `I\hbox'). Otherwise just continue,
and I'll forget about whatever was undefined.

! Undefined control sequence.
\enit@setresumekeys ...me@#1}{\csname c@\@listctr 
                                                  \endcsname \the \csname c@...
l.271 \end{frame}
                 
The control sequence at the end of the top line
of your error message was never \def'ed. If you have
misspelled it (e.g., `\hobx'), type `I' and the correct
spelling (e.g., `I\hbox'). Otherwise just continue,
and I'll forget about whatever was undefined.

! Undefined control sequence.
\enit@setresumekeys ...e \the \csname c@\@listctr 
                                                  \endcsname }\fi }
l.271 \end{frame}
                 
The control sequence at the end of the top line
of your error message was never \def'ed. If you have
misspelled it (e.g., `\hobx'), type `I' and the correct
spelling (e.g., `I\hbox'). Otherwise just continue,
and I'll forget about whatever was undefined.

! You can't use `\relax' after \the.
<recently read> \c@ 
                    
l.271 \end{frame}
                 
I'm forgetting what you said and using zero instead.

! Undefined control sequence.
\enit@enditemize ...ist \fi \ifnum \enit@resuming 
                                                  =\thr@@ \enit@setresumekey...
l.271 \end{frame}
                 
The control sequence at the end of the top line
of your error message was never \def'ed. If you have
misspelled it (e.g., `\hobx'), type `I' and the correct
spelling (e.g., `I\hbox'). Otherwise just continue,
and I'll forget about whatever was undefined.

! Missing number, treated as zero.
<to be read again> 
                   =
l.271 \end{frame}
                 
A number should have been here; I inserted `0'.
(If you can't figure out why I needed to see a number,
look up `weird error' in the index to The TeXbook.)

! Undefined control sequence.
\enit@setresumekeys ...xpandafter {\enit@savekeys 
                                                  }\xdef \enit@afterlist {#2...
l.271 \end{frame}
                 
The control sequence at the end of the top line
of your error message was never \def'ed. If you have
misspelled it (e.g., `\hobx'), type `I' and the correct
spelling (e.g., `I\hbox'). Otherwise just continue,
and I'll forget about whatever was undefined.

! Undefined control sequence.
\enit@setresumekeys ...it@toks }\ifnum \enit@type 
                                                  =\z@ #3\def \enit@noexcs {...
l.271 \end{frame}
                 
The control sequence at the end of the top line
of your error message was never \def'ed. If you have
misspelled it (e.g., `\hobx'), type `I' and the correct
spelling (e.g., `I\hbox'). Otherwise just continue,
and I'll forget about whatever was undefined.

! Missing number, treated as zero.
<to be read again> 
                   =
l.271 \end{frame}
                 
A number should have been here; I inserted `0'.
(If you can't figure out why I needed to see a number,
look up `weird error' in the index to The TeXbook.)

! Undefined control sequence.
\enit@setresumekeys ...me@#1}{\csname c@\@listctr 
                                                  \endcsname \the \csname c@...
l.271 \end{frame}
                 
The control sequence at the end of the top line
of your error message was never \def'ed. If you have
misspelled it (e.g., `\hobx'), type `I' and the correct
spelling (e.g., `I\hbox'). Otherwise just continue,
and I'll forget about whatever was undefined.

! Undefined control sequence.
\enit@setresumekeys ...e \the \csname c@\@listctr 
                                                  \endcsname }\fi }
l.271 \end{frame}
                 
The control sequence at the end of the top line
of your error message was never \def'ed. If you have
misspelled it (e.g., `\hobx'), type `I' and the correct
spelling (e.g., `I\hbox'). Otherwise just continue,
and I'll forget about whatever was undefined.

! You can't use `\relax' after \the.
<recently read> \c@ 
                    
l.271 \end{frame}
                 
I'm forgetting what you said and using zero instead.

File: logoUZ.png Graphic file (type png)
<use logoUZ.png>
Package pdftex.def Info: logoUZ.png  used on input line 271.
(pdftex.def)             Requested size: 56.9055pt x 20.92224pt.
[23

]
File: logoUZ.png Graphic file (type png)
<use logoUZ.png>
Package pdftex.def Info: logoUZ.png  used on input line 284.
(pdftex.def)             Requested size: 56.9055pt x 20.92224pt.
 [24

]
File: logoUZ.png Graphic file (type png)
<use logoUZ.png>
Package pdftex.def Info: logoUZ.png  used on input line 284.
(pdftex.def)             Requested size: 56.9055pt x 20.92224pt.
 [25

]
File: logoUZ.png Graphic file (type png)
<use logoUZ.png>
Package pdftex.def Info: logoUZ.png  used on input line 284.
(pdftex.def)             Requested size: 56.9055pt x 20.92224pt.
 [26

]
No file Presentacion.toc.
File: logoUZ.png Graphic file (type png)
<use logoUZ.png>
Package pdftex.def Info: logoUZ.png  used on input line 286.
(pdftex.def)             Requested size: 56.9055pt x 20.92224pt.
[27

]
! Undefined control sequence.
\enit@endenumerate ->\enit@after 
                                 \endlist \ifx \enit@series \relax \else \if...
l.310 \end{frame}
                 
The control sequence at the end of the top line
of your error message was never \def'ed. If you have
misspelled it (e.g., `\hobx'), type `I' and the correct
spelling (e.g., `I\hbox'). Otherwise just continue,
and I'll forget about whatever was undefined.

! Undefined control sequence.
\enit@endenumerate ...\else \ifnum \enit@resuming 
                                                  =\@ne \enit@setresumekeys ...
l.310 \end{frame}
                 
The control sequence at the end of the top line
of your error message was never \def'ed. If you have
misspelled it (e.g., `\hobx'), type `I' and the correct
spelling (e.g., `I\hbox'). Otherwise just continue,
and I'll forget about whatever was undefined.

! Missing number, treated as zero.
<to be read again> 
                   =
l.310 \end{frame}
                 
A number should have been here; I inserted `0'.
(If you can't figure out why I needed to see a number,
look up `weird error' in the index to The TeXbook.)

! Undefined control sequence.
\enit@setresumekeys ...xpandafter {\enit@savekeys 
                                                  }\xdef \enit@afterlist {#2...
l.310 \end{frame}
                 
The control sequence at the end of the top line
of your error message was never \def'ed. If you have
misspelled it (e.g., `\hobx'), type `I' and the correct
spelling (e.g., `I\hbox'). Otherwise just continue,
and I'll forget about whatever was undefined.

! Undefined control sequence.
\enit@setresumekeys ...it@toks }\ifnum \enit@type 
                                                  =\z@ #3\def \enit@noexcs {...
l.310 \end{frame}
                 
The control sequence at the end of the top line
of your error message was never \def'ed. If you have
misspelled it (e.g., `\hobx'), type `I' and the correct
spelling (e.g., `I\hbox'). Otherwise just continue,
and I'll forget about whatever was undefined.

! Missing number, treated as zero.
<to be read again> 
                   =
l.310 \end{frame}
                 
A number should have been here; I inserted `0'.
(If you can't figure out why I needed to see a number,
look up `weird error' in the index to The TeXbook.)

! Undefined control sequence.
<argument> enit@resume@series@\enit@series 
                                           
l.310 \end{frame}
                 
The control sequence at the end of the top line
of your error message was never \def'ed. If you have
misspelled it (e.g., `\hobx'), type `I' and the correct
spelling (e.g., `I\hbox'). Otherwise just continue,
and I'll forget about whatever was undefined.

! Undefined control sequence.
\enit@endenumerate ...t \fi \ifnum \enit@resuming 
                                                  =\thr@@ \enit@setresumekey...
l.310 \end{frame}
                 
The control sequence at the end of the top line
of your error message was never \def'ed. If you have
misspelled it (e.g., `\hobx'), type `I' and the correct
spelling (e.g., `I\hbox'). Otherwise just continue,
and I'll forget about whatever was undefined.

! Missing number, treated as zero.
<to be read again> 
                   =
l.310 \end{frame}
                 
A number should have been here; I inserted `0'.
(If you can't figure out why I needed to see a number,
look up `weird error' in the index to The TeXbook.)

! Undefined control sequence.
\enit@setresumekeys ...xpandafter {\enit@savekeys 
                                                  }\xdef \enit@afterlist {#2...
l.310 \end{frame}
                 
The control sequence at the end of the top line
of your error message was never \def'ed. If you have
misspelled it (e.g., `\hobx'), type `I' and the correct
spelling (e.g., `I\hbox'). Otherwise just continue,
and I'll forget about whatever was undefined.

! Undefined control sequence.
\enit@setresumekeys ...it@toks }\ifnum \enit@type 
                                                  =\z@ #3\def \enit@noexcs {...
l.310 \end{frame}
                 
The control sequence at the end of the top line
of your error message was never \def'ed. If you have
misspelled it (e.g., `\hobx'), type `I' and the correct
spelling (e.g., `I\hbox'). Otherwise just continue,
and I'll forget about whatever was undefined.

! Missing number, treated as zero.
<to be read again> 
                   =
l.310 \end{frame}
                 
A number should have been here; I inserted `0'.
(If you can't figure out why I needed to see a number,
look up `weird error' in the index to The TeXbook.)

! Undefined control sequence.
\enit@endenumerate ->\enit@after 
                                 \endlist \ifx \enit@series \relax \else \if...
l.310 \end{frame}
                 
The control sequence at the end of the top line
of your error message was never \def'ed. If you have
misspelled it (e.g., `\hobx'), type `I' and the correct
spelling (e.g., `I\hbox'). Otherwise just continue,
and I'll forget about whatever was undefined.

! Undefined control sequence.
\enit@endenumerate ...\else \ifnum \enit@resuming 
                                                  =\@ne \enit@setresumekeys ...
l.310 \end{frame}
                 
The control sequence at the end of the top line
of your error message was never \def'ed. If you have
misspelled it (e.g., `\hobx'), type `I' and the correct
spelling (e.g., `I\hbox'). Otherwise just continue,
and I'll forget about whatever was undefined.

! Missing number, treated as zero.
<to be read again> 
                   =
l.310 \end{frame}
                 
A number should have been here; I inserted `0'.
(If you can't figure out why I needed to see a number,
look up `weird error' in the index to The TeXbook.)

! Undefined control sequence.
\enit@setresumekeys ...xpandafter {\enit@savekeys 
                                                  }\xdef \enit@afterlist {#2...
l.310 \end{frame}
                 
The control sequence at the end of the top line
of your error message was never \def'ed. If you have
misspelled it (e.g., `\hobx'), type `I' and the correct
spelling (e.g., `I\hbox'). Otherwise just continue,
and I'll forget about whatever was undefined.

! Undefined control sequence.
\enit@setresumekeys ...it@toks }\ifnum \enit@type 
                                                  =\z@ #3\def \enit@noexcs {...
l.310 \end{frame}
                 
The control sequence at the end of the top line
of your error message was never \def'ed. If you have
misspelled it (e.g., `\hobx'), type `I' and the correct
spelling (e.g., `I\hbox'). Otherwise just continue,
and I'll forget about whatever was undefined.

! Missing number, treated as zero.
<to be read again> 
                   =
l.310 \end{frame}
                 
A number should have been here; I inserted `0'.
(If you can't figure out why I needed to see a number,
look up `weird error' in the index to The TeXbook.)

! Undefined control sequence.
<argument> enit@resume@series@\enit@series 
                                           
l.310 \end{frame}
                 
The control sequence at the end of the top line
of your error message was never \def'ed. If you have
misspelled it (e.g., `\hobx'), type `I' and the correct
spelling (e.g., `I\hbox'). Otherwise just continue,
and I'll forget about whatever was undefined.

! Undefined control sequence.
\enit@endenumerate ...t \fi \ifnum \enit@resuming 
                                                  =\thr@@ \enit@setresumekey...
l.310 \end{frame}
                 
The control sequence at the end of the top line
of your error message was never \def'ed. If you have
misspelled it (e.g., `\hobx'), type `I' and the correct
spelling (e.g., `I\hbox'). Otherwise just continue,
and I'll forget about whatever was undefined.

! Missing number, treated as zero.
<to be read again> 
                   =
l.310 \end{frame}
                 
A number should have been here; I inserted `0'.
(If you can't figure out why I needed to see a number,
look up `weird error' in the index to The TeXbook.)

! Undefined control sequence.
\enit@setresumekeys ...xpandafter {\enit@savekeys 
                                                  }\xdef \enit@afterlist {#2...
l.310 \end{frame}
                 
The control sequence at the end of the top line
of your error message was never \def'ed. If you have
misspelled it (e.g., `\hobx'), type `I' and the correct
spelling (e.g., `I\hbox'). Otherwise just continue,
and I'll forget about whatever was undefined.

! Undefined control sequence.
\enit@setresumekeys ...it@toks }\ifnum \enit@type 
                                                  =\z@ #3\def \enit@noexcs {...
l.310 \end{frame}
                 
The control sequence at the end of the top line
of your error message was never \def'ed. If you have
misspelled it (e.g., `\hobx'), type `I' and the correct
spelling (e.g., `I\hbox'). Otherwise just continue,
and I'll forget about whatever was undefined.

! Missing number, treated as zero.
<to be read again> 
                   =
l.310 \end{frame}
                 
A number should have been here; I inserted `0'.
(If you can't figure out why I needed to see a number,
look up `weird error' in the index to The TeXbook.)

File: logoUZ.png Graphic file (type png)
<use logoUZ.png>
Package pdftex.def Info: logoUZ.png  used on input line 310.
(pdftex.def)             Requested size: 56.9055pt x 20.92224pt.
[28

]
! Undefined control sequence.
\enit@endenumerate ->\enit@after 
                                 \endlist \ifx \enit@series \relax \else \if...
l.310 \end{frame}
                 
The control sequence at the end of the top line
of your error message was never \def'ed. If you have
misspelled it (e.g., `\hobx'), type `I' and the correct
spelling (e.g., `I\hbox'). Otherwise just continue,
and I'll forget about whatever was undefined.

! Undefined control sequence.
\enit@endenumerate ...\else \ifnum \enit@resuming 
                                                  =\@ne \enit@setresumekeys ...
l.310 \end{frame}
                 
The control sequence at the end of the top line
of your error message was never \def'ed. If you have
misspelled it (e.g., `\hobx'), type `I' and the correct
spelling (e.g., `I\hbox'). Otherwise just continue,
and I'll forget about whatever was undefined.

! Missing number, treated as zero.
<to be read again> 
                   =
l.310 \end{frame}
                 
A number should have been here; I inserted `0'.
(If you can't figure out why I needed to see a number,
look up `weird error' in the index to The TeXbook.)

! Undefined control sequence.
\enit@setresumekeys ...xpandafter {\enit@savekeys 
                                                  }\xdef \enit@afterlist {#2...
l.310 \end{frame}
                 
The control sequence at the end of the top line
of your error message was never \def'ed. If you have
misspelled it (e.g., `\hobx'), type `I' and the correct
spelling (e.g., `I\hbox'). Otherwise just continue,
and I'll forget about whatever was undefined.

! Undefined control sequence.
\enit@setresumekeys ...it@toks }\ifnum \enit@type 
                                                  =\z@ #3\def \enit@noexcs {...
l.310 \end{frame}
                 
The control sequence at the end of the top line
of your error message was never \def'ed. If you have
misspelled it (e.g., `\hobx'), type `I' and the correct
spelling (e.g., `I\hbox'). Otherwise just continue,
and I'll forget about whatever was undefined.

! Missing number, treated as zero.
<to be read again> 
                   =
l.310 \end{frame}
                 
A number should have been here; I inserted `0'.
(If you can't figure out why I needed to see a number,
look up `weird error' in the index to The TeXbook.)

! Undefined control sequence.
<argument> enit@resume@series@\enit@series 
                                           
l.310 \end{frame}
                 
The control sequence at the end of the top line
of your error message was never \def'ed. If you have
misspelled it (e.g., `\hobx'), type `I' and the correct
spelling (e.g., `I\hbox'). Otherwise just continue,
and I'll forget about whatever was undefined.

! Undefined control sequence.
\enit@endenumerate ...t \fi \ifnum \enit@resuming 
                                                  =\thr@@ \enit@setresumekey...
l.310 \end{frame}
                 
The control sequence at the end of the top line
of your error message was never \def'ed. If you have
misspelled it (e.g., `\hobx'), type `I' and the correct
spelling (e.g., `I\hbox'). Otherwise just continue,
and I'll forget about whatever was undefined.

! Missing number, treated as zero.
<to be read again> 
                   =
l.310 \end{frame}
                 
A number should have been here; I inserted `0'.
(If you can't figure out why I needed to see a number,
look up `weird error' in the index to The TeXbook.)

! Undefined control sequence.
\enit@setresumekeys ...xpandafter {\enit@savekeys 
                                                  }\xdef \enit@afterlist {#2...
l.310 \end{frame}
                 
The control sequence at the end of the top line
of your error message was never \def'ed. If you have
misspelled it (e.g., `\hobx'), type `I' and the correct
spelling (e.g., `I\hbox'). Otherwise just continue,
and I'll forget about whatever was undefined.

! Undefined control sequence.
\enit@setresumekeys ...it@toks }\ifnum \enit@type 
                                                  =\z@ #3\def \enit@noexcs {...
l.310 \end{frame}
                 
The control sequence at the end of the top line
of your error message was never \def'ed. If you have
misspelled it (e.g., `\hobx'), type `I' and the correct
spelling (e.g., `I\hbox'). Otherwise just continue,
and I'll forget about whatever was undefined.

! Missing number, treated as zero.
<to be read again> 
                   =
l.310 \end{frame}
                 
A number should have been here; I inserted `0'.
(If you can't figure out why I needed to see a number,
look up `weird error' in the index to The TeXbook.)

! Undefined control sequence.
\enit@endenumerate ->\enit@after 
                                 \endlist \ifx \enit@series \relax \else \if...
l.310 \end{frame}
                 
The control sequence at the end of the top line
of your error message was never \def'ed. If you have
misspelled it (e.g., `\hobx'), type `I' and the correct
spelling (e.g., `I\hbox'). Otherwise just continue,
and I'll forget about whatever was undefined.

! Undefined control sequence.
\enit@endenumerate ...\else \ifnum \enit@resuming 
                                                  =\@ne \enit@setresumekeys ...
l.310 \end{frame}
                 
The control sequence at the end of the top line
of your error message was never \def'ed. If you have
misspelled it (e.g., `\hobx'), type `I' and the correct
spelling (e.g., `I\hbox'). Otherwise just continue,
and I'll forget about whatever was undefined.

! Missing number, treated as zero.
<to be read again> 
                   =
l.310 \end{frame}
                 
A number should have been here; I inserted `0'.
(If you can't figure out why I needed to see a number,
look up `weird error' in the index to The TeXbook.)

! Undefined control sequence.
\enit@setresumekeys ...xpandafter {\enit@savekeys 
                                                  }\xdef \enit@afterlist {#2...
l.310 \end{frame}
                 
The control sequence at the end of the top line
of your error message was never \def'ed. If you have
misspelled it (e.g., `\hobx'), type `I' and the correct
spelling (e.g., `I\hbox'). Otherwise just continue,
and I'll forget about whatever was undefined.

! Undefined control sequence.
\enit@setresumekeys ...it@toks }\ifnum \enit@type 
                                                  =\z@ #3\def \enit@noexcs {...
l.310 \end{frame}
                 
The control sequence at the end of the top line
of your error message was never \def'ed. If you have
misspelled it (e.g., `\hobx'), type `I' and the correct
spelling (e.g., `I\hbox'). Otherwise just continue,
and I'll forget about whatever was undefined.

! Missing number, treated as zero.
<to be read again> 
                   =
l.310 \end{frame}
                 
A number should have been here; I inserted `0'.
(If you can't figure out why I needed to see a number,
look up `weird error' in the index to The TeXbook.)

! Undefined control sequence.
<argument> enit@resume@series@\enit@series 
                                           
l.310 \end{frame}
                 
The control sequence at the end of the top line
of your error message was never \def'ed. If you have
misspelled it (e.g., `\hobx'), type `I' and the correct
spelling (e.g., `I\hbox'). Otherwise just continue,
and I'll forget about whatever was undefined.

! Undefined control sequence.
\enit@endenumerate ...t \fi \ifnum \enit@resuming 
                                                  =\thr@@ \enit@setresumekey...
l.310 \end{frame}
                 
The control sequence at the end of the top line
of your error message was never \def'ed. If you have
misspelled it (e.g., `\hobx'), type `I' and the correct
spelling (e.g., `I\hbox'). Otherwise just continue,
and I'll forget about whatever was undefined.

! Missing number, treated as zero.
<to be read again> 
                   =
l.310 \end{frame}
                 
A number should have been here; I inserted `0'.
(If you can't figure out why I needed to see a number,
look up `weird error' in the index to The TeXbook.)

! Undefined control sequence.
\enit@setresumekeys ...xpandafter {\enit@savekeys 
                                                  }\xdef \enit@afterlist {#2...
l.310 \end{frame}
                 
The control sequence at the end of the top line
of your error message was never \def'ed. If you have
misspelled it (e.g., `\hobx'), type `I' and the correct
spelling (e.g., `I\hbox'). Otherwise just continue,
and I'll forget about whatever was undefined.

! Undefined control sequence.
\enit@setresumekeys ...it@toks }\ifnum \enit@type 
                                                  =\z@ #3\def \enit@noexcs {...
l.310 \end{frame}
                 
The control sequence at the end of the top line
of your error message was never \def'ed. If you have
misspelled it (e.g., `\hobx'), type `I' and the correct
spelling (e.g., `I\hbox'). Otherwise just continue,
and I'll forget about whatever was undefined.

! Missing number, treated as zero.
<to be read again> 
                   =
l.310 \end{frame}
                 
A number should have been here; I inserted `0'.
(If you can't figure out why I needed to see a number,
look up `weird error' in the index to The TeXbook.)

File: logoUZ.png Graphic file (type png)
<use logoUZ.png>
Package pdftex.def Info: logoUZ.png  used on input line 310.
(pdftex.def)             Requested size: 56.9055pt x 20.92224pt.
[29

]
! Undefined control sequence.
\enit@endenumerate ->\enit@after 
                                 \endlist \ifx \enit@series \relax \else \if...
l.310 \end{frame}
                 
The control sequence at the end of the top line
of your error message was never \def'ed. If you have
misspelled it (e.g., `\hobx'), type `I' and the correct
spelling (e.g., `I\hbox'). Otherwise just continue,
and I'll forget about whatever was undefined.

! Undefined control sequence.
\enit@endenumerate ...\else \ifnum \enit@resuming 
                                                  =\@ne \enit@setresumekeys ...
l.310 \end{frame}
                 
The control sequence at the end of the top line
of your error message was never \def'ed. If you have
misspelled it (e.g., `\hobx'), type `I' and the correct
spelling (e.g., `I\hbox'). Otherwise just continue,
and I'll forget about whatever was undefined.

! Missing number, treated as zero.
<to be read again> 
                   =
l.310 \end{frame}
                 
A number should have been here; I inserted `0'.
(If you can't figure out why I needed to see a number,
look up `weird error' in the index to The TeXbook.)

! Undefined control sequence.
\enit@setresumekeys ...xpandafter {\enit@savekeys 
                                                  }\xdef \enit@afterlist {#2...
l.310 \end{frame}
                 
The control sequence at the end of the top line
of your error message was never \def'ed. If you have
misspelled it (e.g., `\hobx'), type `I' and the correct
spelling (e.g., `I\hbox'). Otherwise just continue,
and I'll forget about whatever was undefined.

! Undefined control sequence.
\enit@setresumekeys ...it@toks }\ifnum \enit@type 
                                                  =\z@ #3\def \enit@noexcs {...
l.310 \end{frame}
                 
The control sequence at the end of the top line
of your error message was never \def'ed. If you have
misspelled it (e.g., `\hobx'), type `I' and the correct
spelling (e.g., `I\hbox'). Otherwise just continue,
and I'll forget about whatever was undefined.

! Missing number, treated as zero.
<to be read again> 
                   =
l.310 \end{frame}
                 
A number should have been here; I inserted `0'.
(If you can't figure out why I needed to see a number,
look up `weird error' in the index to The TeXbook.)

! Undefined control sequence.
<argument> enit@resume@series@\enit@series 
                                           
l.310 \end{frame}
                 
The control sequence at the end of the top line
of your error message was never \def'ed. If you have
misspelled it (e.g., `\hobx'), type `I' and the correct
spelling (e.g., `I\hbox'). Otherwise just continue,
and I'll forget about whatever was undefined.

! Undefined control sequence.
\enit@endenumerate ...t \fi \ifnum \enit@resuming 
                                                  =\thr@@ \enit@setresumekey...
l.310 \end{frame}
                 
The control sequence at the end of the top line
of your error message was never \def'ed. If you have
misspelled it (e.g., `\hobx'), type `I' and the correct
spelling (e.g., `I\hbox'). Otherwise just continue,
and I'll forget about whatever was undefined.

! Missing number, treated as zero.
<to be read again> 
                   =
l.310 \end{frame}
                 
A number should have been here; I inserted `0'.
(If you can't figure out why I needed to see a number,
look up `weird error' in the index to The TeXbook.)

! Undefined control sequence.
\enit@setresumekeys ...xpandafter {\enit@savekeys 
                                                  }\xdef \enit@afterlist {#2...
l.310 \end{frame}
                 
The control sequence at the end of the top line
of your error message was never \def'ed. If you have
misspelled it (e.g., `\hobx'), type `I' and the correct
spelling (e.g., `I\hbox'). Otherwise just continue,
and I'll forget about whatever was undefined.

! Undefined control sequence.
\enit@setresumekeys ...it@toks }\ifnum \enit@type 
                                                  =\z@ #3\def \enit@noexcs {...
l.310 \end{frame}
                 
The control sequence at the end of the top line
of your error message was never \def'ed. If you have
misspelled it (e.g., `\hobx'), type `I' and the correct
spelling (e.g., `I\hbox'). Otherwise just continue,
and I'll forget about whatever was undefined.

! Missing number, treated as zero.
<to be read again> 
                   =
l.310 \end{frame}
                 
A number should have been here; I inserted `0'.
(If you can't figure out why I needed to see a number,
look up `weird error' in the index to The TeXbook.)

! Undefined control sequence.
\enit@endenumerate ->\enit@after 
                                 \endlist \ifx \enit@series \relax \else \if...
l.310 \end{frame}
                 
The control sequence at the end of the top line
of your error message was never \def'ed. If you have
misspelled it (e.g., `\hobx'), type `I' and the correct
spelling (e.g., `I\hbox'). Otherwise just continue,
and I'll forget about whatever was undefined.

! Undefined control sequence.
\enit@endenumerate ...\else \ifnum \enit@resuming 
                                                  =\@ne \enit@setresumekeys ...
l.310 \end{frame}
                 
The control sequence at the end of the top line
of your error message was never \def'ed. If you have
misspelled it (e.g., `\hobx'), type `I' and the correct
spelling (e.g., `I\hbox'). Otherwise just continue,
and I'll forget about whatever was undefined.

! Missing number, treated as zero.
<to be read again> 
                   =
l.310 \end{frame}
                 
A number should have been here; I inserted `0'.
(If you can't figure out why I needed to see a number,
look up `weird error' in the index to The TeXbook.)

! Undefined control sequence.
\enit@setresumekeys ...xpandafter {\enit@savekeys 
                                                  }\xdef \enit@afterlist {#2...
l.310 \end{frame}
                 
The control sequence at the end of the top line
of your error message was never \def'ed. If you have
misspelled it (e.g., `\hobx'), type `I' and the correct
spelling (e.g., `I\hbox'). Otherwise just continue,
and I'll forget about whatever was undefined.

! Undefined control sequence.
\enit@setresumekeys ...it@toks }\ifnum \enit@type 
                                                  =\z@ #3\def \enit@noexcs {...
l.310 \end{frame}
                 
The control sequence at the end of the top line
of your error message was never \def'ed. If you have
misspelled it (e.g., `\hobx'), type `I' and the correct
spelling (e.g., `I\hbox'). Otherwise just continue,
and I'll forget about whatever was undefined.

! Missing number, treated as zero.
<to be read again> 
                   =
l.310 \end{frame}
                 
A number should have been here; I inserted `0'.
(If you can't figure out why I needed to see a number,
look up `weird error' in the index to The TeXbook.)

! Undefined control sequence.
<argument> enit@resume@series@\enit@series 
                                           
l.310 \end{frame}
                 
The control sequence at the end of the top line
of your error message was never \def'ed. If you have
misspelled it (e.g., `\hobx'), type `I' and the correct
spelling (e.g., `I\hbox'). Otherwise just continue,
and I'll forget about whatever was undefined.

! Undefined control sequence.
\enit@endenumerate ...t \fi \ifnum \enit@resuming 
                                                  =\thr@@ \enit@setresumekey...
l.310 \end{frame}
                 
The control sequence at the end of the top line
of your error message was never \def'ed. If you have
misspelled it (e.g., `\hobx'), type `I' and the correct
spelling (e.g., `I\hbox'). Otherwise just continue,
and I'll forget about whatever was undefined.

! Missing number, treated as zero.
<to be read again> 
                   =
l.310 \end{frame}
                 
A number should have been here; I inserted `0'.
(If you can't figure out why I needed to see a number,
look up `weird error' in the index to The TeXbook.)

! Undefined control sequence.
\enit@setresumekeys ...xpandafter {\enit@savekeys 
                                                  }\xdef \enit@afterlist {#2...
l.310 \end{frame}
                 
The control sequence at the end of the top line
of your error message was never \def'ed. If you have
misspelled it (e.g., `\hobx'), type `I' and the correct
spelling (e.g., `I\hbox'). Otherwise just continue,
and I'll forget about whatever was undefined.

! Undefined control sequence.
\enit@setresumekeys ...it@toks }\ifnum \enit@type 
                                                  =\z@ #3\def \enit@noexcs {...
l.310 \end{frame}
                 
The control sequence at the end of the top line
of your error message was never \def'ed. If you have
misspelled it (e.g., `\hobx'), type `I' and the correct
spelling (e.g., `I\hbox'). Otherwise just continue,
and I'll forget about whatever was undefined.

! Missing number, treated as zero.
<to be read again> 
                   =
l.310 \end{frame}
                 
A number should have been here; I inserted `0'.
(If you can't figure out why I needed to see a number,
look up `weird error' in the index to The TeXbook.)

File: logoUZ.png Graphic file (type png)
<use logoUZ.png>
Package pdftex.def Info: logoUZ.png  used on input line 310.
(pdftex.def)             Requested size: 56.9055pt x 20.92224pt.
[30

]
File: logoUZ.png Graphic file (type png)
<use logoUZ.png>
Package pdftex.def Info: logoUZ.png  used on input line 327.
(pdftex.def)             Requested size: 56.9055pt x 20.92224pt.
 [31

]
File: logoUZ.png Graphic file (type png)
<use logoUZ.png>
Package pdftex.def Info: logoUZ.png  used on input line 327.
(pdftex.def)             Requested size: 56.9055pt x 20.92224pt.
 [32

]
File: logoUZ.png Graphic file (type png)
<use logoUZ.png>
Package pdftex.def Info: logoUZ.png  used on input line 327.
(pdftex.def)             Requested size: 56.9055pt x 20.92224pt.
 [33

]
File: logoUZ.png Graphic file (type png)
<use logoUZ.png>
Package pdftex.def Info: logoUZ.png  used on input line 327.
(pdftex.def)             Requested size: 56.9055pt x 20.92224pt.
 [34

]
! Undefined control sequence.
\enit@endenumerate ->\enit@after 
                                 \endlist \ifx \enit@series \relax \else \if...
l.339 \end{frame}
                 
The control sequence at the end of the top line
of your error message was never \def'ed. If you have
misspelled it (e.g., `\hobx'), type `I' and the correct
spelling (e.g., `I\hbox'). Otherwise just continue,
and I'll forget about whatever was undefined.

! Undefined control sequence.
\enit@endenumerate ...\else \ifnum \enit@resuming 
                                                  =\@ne \enit@setresumekeys ...
l.339 \end{frame}
                 
The control sequence at the end of the top line
of your error message was never \def'ed. If you have
misspelled it (e.g., `\hobx'), type `I' and the correct
spelling (e.g., `I\hbox'). Otherwise just continue,
and I'll forget about whatever was undefined.

! Missing number, treated as zero.
<to be read again> 
                   =
l.339 \end{frame}
                 
A number should have been here; I inserted `0'.
(If you can't figure out why I needed to see a number,
look up `weird error' in the index to The TeXbook.)

! Undefined control sequence.
\enit@setresumekeys ...xpandafter {\enit@savekeys 
                                                  }\xdef \enit@afterlist {#2...
l.339 \end{frame}
                 
The control sequence at the end of the top line
of your error message was never \def'ed. If you have
misspelled it (e.g., `\hobx'), type `I' and the correct
spelling (e.g., `I\hbox'). Otherwise just continue,
and I'll forget about whatever was undefined.

! Undefined control sequence.
\enit@setresumekeys ...it@toks }\ifnum \enit@type 
                                                  =\z@ #3\def \enit@noexcs {...
l.339 \end{frame}
                 
The control sequence at the end of the top line
of your error message was never \def'ed. If you have
misspelled it (e.g., `\hobx'), type `I' and the correct
spelling (e.g., `I\hbox'). Otherwise just continue,
and I'll forget about whatever was undefined.

! Missing number, treated as zero.
<to be read again> 
                   =
l.339 \end{frame}
                 
A number should have been here; I inserted `0'.
(If you can't figure out why I needed to see a number,
look up `weird error' in the index to The TeXbook.)

! Undefined control sequence.
<argument> enit@resume@series@\enit@series 
                                           
l.339 \end{frame}
                 
The control sequence at the end of the top line
of your error message was never \def'ed. If you have
misspelled it (e.g., `\hobx'), type `I' and the correct
spelling (e.g., `I\hbox'). Otherwise just continue,
and I'll forget about whatever was undefined.

! Undefined control sequence.
\enit@endenumerate ...t \fi \ifnum \enit@resuming 
                                                  =\thr@@ \enit@setresumekey...
l.339 \end{frame}
                 
The control sequence at the end of the top line
of your error message was never \def'ed. If you have
misspelled it (e.g., `\hobx'), type `I' and the correct
spelling (e.g., `I\hbox'). Otherwise just continue,
and I'll forget about whatever was undefined.

! Missing number, treated as zero.
<to be read again> 
                   =
l.339 \end{frame}
                 
A number should have been here; I inserted `0'.
(If you can't figure out why I needed to see a number,
look up `weird error' in the index to The TeXbook.)

! Undefined control sequence.
\enit@setresumekeys ...xpandafter {\enit@savekeys 
                                                  }\xdef \enit@afterlist {#2...
l.339 \end{frame}
                 
The control sequence at the end of the top line
of your error message was never \def'ed. If you have
misspelled it (e.g., `\hobx'), type `I' and the correct
spelling (e.g., `I\hbox'). Otherwise just continue,
and I'll forget about whatever was undefined.

! Undefined control sequence.
\enit@setresumekeys ...it@toks }\ifnum \enit@type 
                                                  =\z@ #3\def \enit@noexcs {...
l.339 \end{frame}
                 
The control sequence at the end of the top line
of your error message was never \def'ed. If you have
misspelled it (e.g., `\hobx'), type `I' and the correct
spelling (e.g., `I\hbox'). Otherwise just continue,
and I'll forget about whatever was undefined.

! Missing number, treated as zero.
<to be read again> 
                   =
l.339 \end{frame}
                 
A number should have been here; I inserted `0'.
(If you can't figure out why I needed to see a number,
look up `weird error' in the index to The TeXbook.)

File: logoUZ.png Graphic file (type png)
<use logoUZ.png>
Package pdftex.def Info: logoUZ.png  used on input line 339.
(pdftex.def)             Requested size: 56.9055pt x 20.92224pt.
[35

]
! Undefined control sequence.
\enit@endenumerate ->\enit@after 
                                 \endlist \ifx \enit@series \relax \else \if...
l.339 \end{frame}
                 
The control sequence at the end of the top line
of your error message was never \def'ed. If you have
misspelled it (e.g., `\hobx'), type `I' and the correct
spelling (e.g., `I\hbox'). Otherwise just continue,
and I'll forget about whatever was undefined.

! Undefined control sequence.
\enit@endenumerate ...\else \ifnum \enit@resuming 
                                                  =\@ne \enit@setresumekeys ...
l.339 \end{frame}
                 
The control sequence at the end of the top line
of your error message was never \def'ed. If you have
misspelled it (e.g., `\hobx'), type `I' and the correct
spelling (e.g., `I\hbox'). Otherwise just continue,
and I'll forget about whatever was undefined.

! Missing number, treated as zero.
<to be read again> 
                   =
l.339 \end{frame}
                 
A number should have been here; I inserted `0'.
(If you can't figure out why I needed to see a number,
look up `weird error' in the index to The TeXbook.)

! Undefined control sequence.
\enit@setresumekeys ...xpandafter {\enit@savekeys 
                                                  }\xdef \enit@afterlist {#2...
l.339 \end{frame}
                 
The control sequence at the end of the top line
of your error message was never \def'ed. If you have
misspelled it (e.g., `\hobx'), type `I' and the correct
spelling (e.g., `I\hbox'). Otherwise just continue,
and I'll forget about whatever was undefined.

! Undefined control sequence.
\enit@setresumekeys ...it@toks }\ifnum \enit@type 
                                                  =\z@ #3\def \enit@noexcs {...
l.339 \end{frame}
                 
The control sequence at the end of the top line
of your error message was never \def'ed. If you have
misspelled it (e.g., `\hobx'), type `I' and the correct
spelling (e.g., `I\hbox'). Otherwise just continue,
and I'll forget about whatever was undefined.

! Missing number, treated as zero.
<to be read again> 
                   =
l.339 \end{frame}
                 
A number should have been here; I inserted `0'.
(If you can't figure out why I needed to see a number,
look up `weird error' in the index to The TeXbook.)

! Undefined control sequence.
<argument> enit@resume@series@\enit@series 
                                           
l.339 \end{frame}
                 
The control sequence at the end of the top line
of your error message was never \def'ed. If you have
misspelled it (e.g., `\hobx'), type `I' and the correct
spelling (e.g., `I\hbox'). Otherwise just continue,
and I'll forget about whatever was undefined.

! Undefined control sequence.
\enit@endenumerate ...t \fi \ifnum \enit@resuming 
                                                  =\thr@@ \enit@setresumekey...
l.339 \end{frame}
                 
The control sequence at the end of the top line
of your error message was never \def'ed. If you have
misspelled it (e.g., `\hobx'), type `I' and the correct
spelling (e.g., `I\hbox'). Otherwise just continue,
and I'll forget about whatever was undefined.

! Missing number, treated as zero.
<to be read again> 
                   =
l.339 \end{frame}
                 
A number should have been here; I inserted `0'.
(If you can't figure out why I needed to see a number,
look up `weird error' in the index to The TeXbook.)

! Undefined control sequence.
\enit@setresumekeys ...xpandafter {\enit@savekeys 
                                                  }\xdef \enit@afterlist {#2...
l.339 \end{frame}
                 
The control sequence at the end of the top line
of your error message was never \def'ed. If you have
misspelled it (e.g., `\hobx'), type `I' and the correct
spelling (e.g., `I\hbox'). Otherwise just continue,
and I'll forget about whatever was undefined.

! Undefined control sequence.
\enit@setresumekeys ...it@toks }\ifnum \enit@type 
                                                  =\z@ #3\def \enit@noexcs {...
l.339 \end{frame}
                 
The control sequence at the end of the top line
of your error message was never \def'ed. If you have
misspelled it (e.g., `\hobx'), type `I' and the correct
spelling (e.g., `I\hbox'). Otherwise just continue,
and I'll forget about whatever was undefined.

! Missing number, treated as zero.
<to be read again> 
                   =
l.339 \end{frame}
                 
A number should have been here; I inserted `0'.
(If you can't figure out why I needed to see a number,
look up `weird error' in the index to The TeXbook.)

File: logoUZ.png Graphic file (type png)
<use logoUZ.png>
Package pdftex.def Info: logoUZ.png  used on input line 339.
(pdftex.def)             Requested size: 56.9055pt x 20.92224pt.
[36

]
No file Presentacion.toc.
File: logoUZ.png Graphic file (type png)
<use logoUZ.png>
Package pdftex.def Info: logoUZ.png  used on input line 341.
(pdftex.def)             Requested size: 56.9055pt x 20.92224pt.
[37

]
! Undefined control sequence.
\enit@enditemize ->\enit@after 
                               \endlist \ifx \enit@series \relax \else \ifnu...
l.358 \end{frame}
                 
The control sequence at the end of the top line
of your error message was never \def'ed. If you have
misspelled it (e.g., `\hobx'), type `I' and the correct
spelling (e.g., `I\hbox'). Otherwise just continue,
and I'll forget about whatever was undefined.

! Undefined control sequence.
\enit@enditemize ...x \else \ifnum \enit@resuming 
                                                  =\@ne \enit@setresumekeys ...
l.358 \end{frame}
                 
The control sequence at the end of the top line
of your error message was never \def'ed. If you have
misspelled it (e.g., `\hobx'), type `I' and the correct
spelling (e.g., `I\hbox'). Otherwise just continue,
and I'll forget about whatever was undefined.

! Missing number, treated as zero.
<to be read again> 
                   =
l.358 \end{frame}
                 
A number should have been here; I inserted `0'.
(If you can't figure out why I needed to see a number,
look up `weird error' in the index to The TeXbook.)

! Undefined control sequence.
\enit@setresumekeys ...xpandafter {\enit@savekeys 
                                                  }\xdef \enit@afterlist {#2...
l.358 \end{frame}
                 
The control sequence at the end of the top line
of your error message was never \def'ed. If you have
misspelled it (e.g., `\hobx'), type `I' and the correct
spelling (e.g., `I\hbox'). Otherwise just continue,
and I'll forget about whatever was undefined.

! Undefined control sequence.
\enit@setresumekeys ...it@toks }\ifnum \enit@type 
                                                  =\z@ #3\def \enit@noexcs {...
l.358 \end{frame}
                 
The control sequence at the end of the top line
of your error message was never \def'ed. If you have
misspelled it (e.g., `\hobx'), type `I' and the correct
spelling (e.g., `I\hbox'). Otherwise just continue,
and I'll forget about whatever was undefined.

! Missing number, treated as zero.
<to be read again> 
                   =
l.358 \end{frame}
                 
A number should have been here; I inserted `0'.
(If you can't figure out why I needed to see a number,
look up `weird error' in the index to The TeXbook.)

! Undefined control sequence.
<argument> enit@resume@series@\enit@series 
                                           
l.358 \end{frame}
                 
The control sequence at the end of the top line
of your error message was never \def'ed. If you have
misspelled it (e.g., `\hobx'), type `I' and the correct
spelling (e.g., `I\hbox'). Otherwise just continue,
and I'll forget about whatever was undefined.

! Undefined control sequence.
\enit@setresumekeys ...me@#1}{\csname c@\@listctr 
                                                  \endcsname \the \csname c@...
l.358 \end{frame}
                 
The control sequence at the end of the top line
of your error message was never \def'ed. If you have
misspelled it (e.g., `\hobx'), type `I' and the correct
spelling (e.g., `I\hbox'). Otherwise just continue,
and I'll forget about whatever was undefined.

! Undefined control sequence.
\enit@setresumekeys ...e \the \csname c@\@listctr 
                                                  \endcsname }\fi }
l.358 \end{frame}
                 
The control sequence at the end of the top line
of your error message was never \def'ed. If you have
misspelled it (e.g., `\hobx'), type `I' and the correct
spelling (e.g., `I\hbox'). Otherwise just continue,
and I'll forget about whatever was undefined.

! You can't use `\relax' after \the.
<recently read> \c@ 
                    
l.358 \end{frame}
                 
I'm forgetting what you said and using zero instead.

! Undefined control sequence.
\enit@enditemize ...ist \fi \ifnum \enit@resuming 
                                                  =\thr@@ \enit@setresumekey...
l.358 \end{frame}
                 
The control sequence at the end of the top line
of your error message was never \def'ed. If you have
misspelled it (e.g., `\hobx'), type `I' and the correct
spelling (e.g., `I\hbox'). Otherwise just continue,
and I'll forget about whatever was undefined.

! Missing number, treated as zero.
<to be read again> 
                   =
l.358 \end{frame}
                 
A number should have been here; I inserted `0'.
(If you can't figure out why I needed to see a number,
look up `weird error' in the index to The TeXbook.)

! Undefined control sequence.
\enit@setresumekeys ...xpandafter {\enit@savekeys 
                                                  }\xdef \enit@afterlist {#2...
l.358 \end{frame}
                 
The control sequence at the end of the top line
of your error message was never \def'ed. If you have
misspelled it (e.g., `\hobx'), type `I' and the correct
spelling (e.g., `I\hbox'). Otherwise just continue,
and I'll forget about whatever was undefined.

! Undefined control sequence.
\enit@setresumekeys ...it@toks }\ifnum \enit@type 
                                                  =\z@ #3\def \enit@noexcs {...
l.358 \end{frame}
                 
The control sequence at the end of the top line
of your error message was never \def'ed. If you have
misspelled it (e.g., `\hobx'), type `I' and the correct
spelling (e.g., `I\hbox'). Otherwise just continue,
and I'll forget about whatever was undefined.

! Missing number, treated as zero.
<to be read again> 
                   =
l.358 \end{frame}
                 
A number should have been here; I inserted `0'.
(If you can't figure out why I needed to see a number,
look up `weird error' in the index to The TeXbook.)

! Undefined control sequence.
\enit@setresumekeys ...me@#1}{\csname c@\@listctr 
                                                  \endcsname \the \csname c@...
l.358 \end{frame}
                 
The control sequence at the end of the top line
of your error message was never \def'ed. If you have
misspelled it (e.g., `\hobx'), type `I' and the correct
spelling (e.g., `I\hbox'). Otherwise just continue,
and I'll forget about whatever was undefined.

! Undefined control sequence.
\enit@setresumekeys ...e \the \csname c@\@listctr 
                                                  \endcsname }\fi }
l.358 \end{frame}
                 
The control sequence at the end of the top line
of your error message was never \def'ed. If you have
misspelled it (e.g., `\hobx'), type `I' and the correct
spelling (e.g., `I\hbox'). Otherwise just continue,
and I'll forget about whatever was undefined.

! You can't use `\relax' after \the.
<recently read> \c@ 
                    
l.358 \end{frame}
                 
I'm forgetting what you said and using zero instead.

File: logoUZ.png Graphic file (type png)
<use logoUZ.png>
Package pdftex.def Info: logoUZ.png  used on input line 358.
(pdftex.def)             Requested size: 56.9055pt x 20.92224pt.
[38

]
! Undefined control sequence.
\enit@enditemize ->\enit@after 
                               \endlist \ifx \enit@series \relax \else \ifnu...
l.358 \end{frame}
                 
The control sequence at the end of the top line
of your error message was never \def'ed. If you have
misspelled it (e.g., `\hobx'), type `I' and the correct
spelling (e.g., `I\hbox'). Otherwise just continue,
and I'll forget about whatever was undefined.

! Undefined control sequence.
\enit@enditemize ...x \else \ifnum \enit@resuming 
                                                  =\@ne \enit@setresumekeys ...
l.358 \end{frame}
                 
The control sequence at the end of the top line
of your error message was never \def'ed. If you have
misspelled it (e.g., `\hobx'), type `I' and the correct
spelling (e.g., `I\hbox'). Otherwise just continue,
and I'll forget about whatever was undefined.

! Missing number, treated as zero.
<to be read again> 
                   =
l.358 \end{frame}
                 
A number should have been here; I inserted `0'.
(If you can't figure out why I needed to see a number,
look up `weird error' in the index to The TeXbook.)

! Undefined control sequence.
\enit@setresumekeys ...xpandafter {\enit@savekeys 
                                                  }\xdef \enit@afterlist {#2...
l.358 \end{frame}
                 
The control sequence at the end of the top line
of your error message was never \def'ed. If you have
misspelled it (e.g., `\hobx'), type `I' and the correct
spelling (e.g., `I\hbox'). Otherwise just continue,
and I'll forget about whatever was undefined.

! Undefined control sequence.
\enit@setresumekeys ...it@toks }\ifnum \enit@type 
                                                  =\z@ #3\def \enit@noexcs {...
l.358 \end{frame}
                 
The control sequence at the end of the top line
of your error message was never \def'ed. If you have
misspelled it (e.g., `\hobx'), type `I' and the correct
spelling (e.g., `I\hbox'). Otherwise just continue,
and I'll forget about whatever was undefined.

! Missing number, treated as zero.
<to be read again> 
                   =
l.358 \end{frame}
                 
A number should have been here; I inserted `0'.
(If you can't figure out why I needed to see a number,
look up `weird error' in the index to The TeXbook.)

! Undefined control sequence.
<argument> enit@resume@series@\enit@series 
                                           
l.358 \end{frame}
                 
The control sequence at the end of the top line
of your error message was never \def'ed. If you have
misspelled it (e.g., `\hobx'), type `I' and the correct
spelling (e.g., `I\hbox'). Otherwise just continue,
and I'll forget about whatever was undefined.

! Undefined control sequence.
\enit@setresumekeys ...me@#1}{\csname c@\@listctr 
                                                  \endcsname \the \csname c@...
l.358 \end{frame}
                 
The control sequence at the end of the top line
of your error message was never \def'ed. If you have
misspelled it (e.g., `\hobx'), type `I' and the correct
spelling (e.g., `I\hbox'). Otherwise just continue,
and I'll forget about whatever was undefined.

! Undefined control sequence.
\enit@setresumekeys ...e \the \csname c@\@listctr 
                                                  \endcsname }\fi }
l.358 \end{frame}
                 
The control sequence at the end of the top line
of your error message was never \def'ed. If you have
misspelled it (e.g., `\hobx'), type `I' and the correct
spelling (e.g., `I\hbox'). Otherwise just continue,
and I'll forget about whatever was undefined.

! You can't use `\relax' after \the.
<recently read> \c@ 
                    
l.358 \end{frame}
                 
I'm forgetting what you said and using zero instead.

! Undefined control sequence.
\enit@enditemize ...ist \fi \ifnum \enit@resuming 
                                                  =\thr@@ \enit@setresumekey...
l.358 \end{frame}
                 
The control sequence at the end of the top line
of your error message was never \def'ed. If you have
misspelled it (e.g., `\hobx'), type `I' and the correct
spelling (e.g., `I\hbox'). Otherwise just continue,
and I'll forget about whatever was undefined.

! Missing number, treated as zero.
<to be read again> 
                   =
l.358 \end{frame}
                 
A number should have been here; I inserted `0'.
(If you can't figure out why I needed to see a number,
look up `weird error' in the index to The TeXbook.)

! Undefined control sequence.
\enit@setresumekeys ...xpandafter {\enit@savekeys 
                                                  }\xdef \enit@afterlist {#2...
l.358 \end{frame}
                 
The control sequence at the end of the top line
of your error message was never \def'ed. If you have
misspelled it (e.g., `\hobx'), type `I' and the correct
spelling (e.g., `I\hbox'). Otherwise just continue,
and I'll forget about whatever was undefined.

! Undefined control sequence.
\enit@setresumekeys ...it@toks }\ifnum \enit@type 
                                                  =\z@ #3\def \enit@noexcs {...
l.358 \end{frame}
                 
The control sequence at the end of the top line
of your error message was never \def'ed. If you have
misspelled it (e.g., `\hobx'), type `I' and the correct
spelling (e.g., `I\hbox'). Otherwise just continue,
and I'll forget about whatever was undefined.

! Missing number, treated as zero.
<to be read again> 
                   =
l.358 \end{frame}
                 
A number should have been here; I inserted `0'.
(If you can't figure out why I needed to see a number,
look up `weird error' in the index to The TeXbook.)

! Undefined control sequence.
\enit@setresumekeys ...me@#1}{\csname c@\@listctr 
                                                  \endcsname \the \csname c@...
l.358 \end{frame}
                 
The control sequence at the end of the top line
of your error message was never \def'ed. If you have
misspelled it (e.g., `\hobx'), type `I' and the correct
spelling (e.g., `I\hbox'). Otherwise just continue,
and I'll forget about whatever was undefined.

! Undefined control sequence.
\enit@setresumekeys ...e \the \csname c@\@listctr 
                                                  \endcsname }\fi }
l.358 \end{frame}
                 
The control sequence at the end of the top line
of your error message was never \def'ed. If you have
misspelled it (e.g., `\hobx'), type `I' and the correct
spelling (e.g., `I\hbox'). Otherwise just continue,
and I'll forget about whatever was undefined.

! You can't use `\relax' after \the.
<recently read> \c@ 
                    
l.358 \end{frame}
                 
I'm forgetting what you said and using zero instead.

File: logoUZ.png Graphic file (type png)
<use logoUZ.png>
Package pdftex.def Info: logoUZ.png  used on input line 358.
(pdftex.def)             Requested size: 56.9055pt x 20.92224pt.
[39

]
! Undefined control sequence.
\enit@enditemize ->\enit@after 
                               \endlist \ifx \enit@series \relax \else \ifnu...
l.358 \end{frame}
                 
The control sequence at the end of the top line
of your error message was never \def'ed. If you have
misspelled it (e.g., `\hobx'), type `I' and the correct
spelling (e.g., `I\hbox'). Otherwise just continue,
and I'll forget about whatever was undefined.

! Undefined control sequence.
\enit@enditemize ...x \else \ifnum \enit@resuming 
                                                  =\@ne \enit@setresumekeys ...
l.358 \end{frame}
                 
The control sequence at the end of the top line
of your error message was never \def'ed. If you have
misspelled it (e.g., `\hobx'), type `I' and the correct
spelling (e.g., `I\hbox'). Otherwise just continue,
and I'll forget about whatever was undefined.

! Missing number, treated as zero.
<to be read again> 
                   =
l.358 \end{frame}
                 
A number should have been here; I inserted `0'.
(If you can't figure out why I needed to see a number,
look up `weird error' in the index to The TeXbook.)

! Undefined control sequence.
\enit@setresumekeys ...xpandafter {\enit@savekeys 
                                                  }\xdef \enit@afterlist {#2...
l.358 \end{frame}
                 
The control sequence at the end of the top line
of your error message was never \def'ed. If you have
misspelled it (e.g., `\hobx'), type `I' and the correct
spelling (e.g., `I\hbox'). Otherwise just continue,
and I'll forget about whatever was undefined.

! Undefined control sequence.
\enit@setresumekeys ...it@toks }\ifnum \enit@type 
                                                  =\z@ #3\def \enit@noexcs {...
l.358 \end{frame}
                 
The control sequence at the end of the top line
of your error message was never \def'ed. If you have
misspelled it (e.g., `\hobx'), type `I' and the correct
spelling (e.g., `I\hbox'). Otherwise just continue,
and I'll forget about whatever was undefined.

! Missing number, treated as zero.
<to be read again> 
                   =
l.358 \end{frame}
                 
A number should have been here; I inserted `0'.
(If you can't figure out why I needed to see a number,
look up `weird error' in the index to The TeXbook.)

! Undefined control sequence.
<argument> enit@resume@series@\enit@series 
                                           
l.358 \end{frame}
                 
The control sequence at the end of the top line
of your error message was never \def'ed. If you have
misspelled it (e.g., `\hobx'), type `I' and the correct
spelling (e.g., `I\hbox'). Otherwise just continue,
and I'll forget about whatever was undefined.

! Undefined control sequence.
\enit@setresumekeys ...me@#1}{\csname c@\@listctr 
                                                  \endcsname \the \csname c@...
l.358 \end{frame}
                 
The control sequence at the end of the top line
of your error message was never \def'ed. If you have
misspelled it (e.g., `\hobx'), type `I' and the correct
spelling (e.g., `I\hbox'). Otherwise just continue,
and I'll forget about whatever was undefined.

! Undefined control sequence.
\enit@setresumekeys ...e \the \csname c@\@listctr 
                                                  \endcsname }\fi }
l.358 \end{frame}
                 
The control sequence at the end of the top line
of your error message was never \def'ed. If you have
misspelled it (e.g., `\hobx'), type `I' and the correct
spelling (e.g., `I\hbox'). Otherwise just continue,
and I'll forget about whatever was undefined.

! You can't use `\relax' after \the.
<recently read> \c@ 
                    
l.358 \end{frame}
                 
I'm forgetting what you said and using zero instead.

! Undefined control sequence.
\enit@enditemize ...ist \fi \ifnum \enit@resuming 
                                                  =\thr@@ \enit@setresumekey...
l.358 \end{frame}
                 
The control sequence at the end of the top line
of your error message was never \def'ed. If you have
misspelled it (e.g., `\hobx'), type `I' and the correct
spelling (e.g., `I\hbox'). Otherwise just continue,
and I'll forget about whatever was undefined.

! Missing number, treated as zero.
<to be read again> 
                   =
l.358 \end{frame}
                 
A number should have been here; I inserted `0'.
(If you can't figure out why I needed to see a number,
look up `weird error' in the index to The TeXbook.)

! Undefined control sequence.
\enit@setresumekeys ...xpandafter {\enit@savekeys 
                                                  }\xdef \enit@afterlist {#2...
l.358 \end{frame}
                 
The control sequence at the end of the top line
of your error message was never \def'ed. If you have
misspelled it (e.g., `\hobx'), type `I' and the correct
spelling (e.g., `I\hbox'). Otherwise just continue,
and I'll forget about whatever was undefined.

! Undefined control sequence.
\enit@setresumekeys ...it@toks }\ifnum \enit@type 
                                                  =\z@ #3\def \enit@noexcs {...
l.358 \end{frame}
                 
The control sequence at the end of the top line
of your error message was never \def'ed. If you have
misspelled it (e.g., `\hobx'), type `I' and the correct
spelling (e.g., `I\hbox'). Otherwise just continue,
and I'll forget about whatever was undefined.

! Missing number, treated as zero.
<to be read again> 
                   =
l.358 \end{frame}
                 
A number should have been here; I inserted `0'.
(If you can't figure out why I needed to see a number,
look up `weird error' in the index to The TeXbook.)

! Undefined control sequence.
\enit@setresumekeys ...me@#1}{\csname c@\@listctr 
                                                  \endcsname \the \csname c@...
l.358 \end{frame}
                 
The control sequence at the end of the top line
of your error message was never \def'ed. If you have
misspelled it (e.g., `\hobx'), type `I' and the correct
spelling (e.g., `I\hbox'). Otherwise just continue,
and I'll forget about whatever was undefined.

! Undefined control sequence.
\enit@setresumekeys ...e \the \csname c@\@listctr 
                                                  \endcsname }\fi }
l.358 \end{frame}
                 
The control sequence at the end of the top line
of your error message was never \def'ed. If you have
misspelled it (e.g., `\hobx'), type `I' and the correct
spelling (e.g., `I\hbox'). Otherwise just continue,
and I'll forget about whatever was undefined.

! You can't use `\relax' after \the.
<recently read> \c@ 
                    
l.358 \end{frame}
                 
I'm forgetting what you said and using zero instead.

File: logoUZ.png Graphic file (type png)
<use logoUZ.png>
Package pdftex.def Info: logoUZ.png  used on input line 358.
(pdftex.def)             Requested size: 56.9055pt x 20.92224pt.
[40

]
File: logoUZ.png Graphic file (type png)
<use logoUZ.png>
Package pdftex.def Info: logoUZ.png  used on input line 374.
(pdftex.def)             Requested size: 56.9055pt x 20.92224pt.
 [41

]
File: logoUZ.png Graphic file (type png)
<use logoUZ.png>
Package pdftex.def Info: logoUZ.png  used on input line 374.
(pdftex.def)             Requested size: 56.9055pt x 20.92224pt.
 [42

]
File: logoUZ.png Graphic file (type png)
<use logoUZ.png>
Package pdftex.def Info: logoUZ.png  used on input line 374.
(pdftex.def)             Requested size: 56.9055pt x 20.92224pt.
 [43

]
File: logoUZ.png Graphic file (type png)
<use logoUZ.png>
Package pdftex.def Info: logoUZ.png  used on input line 386.
(pdftex.def)             Requested size: 56.9055pt x 20.92224pt.
 [44

]
File: logoUZ.png Graphic file (type png)
<use logoUZ.png>
Package pdftex.def Info: logoUZ.png  used on input line 386.
(pdftex.def)             Requested size: 56.9055pt x 20.92224pt.
 [45

]
No file Presentacion.toc.
File: logoUZ.png Graphic file (type png)
<use logoUZ.png>
Package pdftex.def Info: logoUZ.png  used on input line 388.
(pdftex.def)             Requested size: 56.9055pt x 20.92224pt.
[46

]
File: logoUZ.png Graphic file (type png)
<use logoUZ.png>
Package pdftex.def Info: logoUZ.png  used on input line 395.
(pdftex.def)             Requested size: 56.9055pt x 20.92224pt.
 [47

]
File: logoUZ.png Graphic file (type png)
<use logoUZ.png>
Package pdftex.def Info: logoUZ.png  used on input line 395.
(pdftex.def)             Requested size: 56.9055pt x 20.92224pt.
 [48

]
! Undefined control sequence.
\enit@enditemize ->\enit@after 
                               \endlist \ifx \enit@series \relax \else \ifnu...
l.408 \end{frame}
                 
The control sequence at the end of the top line
of your error message was never \def'ed. If you have
misspelled it (e.g., `\hobx'), type `I' and the correct
spelling (e.g., `I\hbox'). Otherwise just continue,
and I'll forget about whatever was undefined.

! Undefined control sequence.
\enit@enditemize ...x \else \ifnum \enit@resuming 
                                                  =\@ne \enit@setresumekeys ...
l.408 \end{frame}
                 
The control sequence at the end of the top line
of your error message was never \def'ed. If you have
misspelled it (e.g., `\hobx'), type `I' and the correct
spelling (e.g., `I\hbox'). Otherwise just continue,
and I'll forget about whatever was undefined.

! Missing number, treated as zero.
<to be read again> 
                   =
l.408 \end{frame}
                 
A number should have been here; I inserted `0'.
(If you can't figure out why I needed to see a number,
look up `weird error' in the index to The TeXbook.)

! Undefined control sequence.
\enit@setresumekeys ...xpandafter {\enit@savekeys 
                                                  }\xdef \enit@afterlist {#2...
l.408 \end{frame}
                 
The control sequence at the end of the top line
of your error message was never \def'ed. If you have
misspelled it (e.g., `\hobx'), type `I' and the correct
spelling (e.g., `I\hbox'). Otherwise just continue,
and I'll forget about whatever was undefined.

! Undefined control sequence.
\enit@setresumekeys ...it@toks }\ifnum \enit@type 
                                                  =\z@ #3\def \enit@noexcs {...
l.408 \end{frame}
                 
The control sequence at the end of the top line
of your error message was never \def'ed. If you have
misspelled it (e.g., `\hobx'), type `I' and the correct
spelling (e.g., `I\hbox'). Otherwise just continue,
and I'll forget about whatever was undefined.

! Missing number, treated as zero.
<to be read again> 
                   =
l.408 \end{frame}
                 
A number should have been here; I inserted `0'.
(If you can't figure out why I needed to see a number,
look up `weird error' in the index to The TeXbook.)

! Undefined control sequence.
<argument> enit@resume@series@\enit@series 
                                           
l.408 \end{frame}
                 
The control sequence at the end of the top line
of your error message was never \def'ed. If you have
misspelled it (e.g., `\hobx'), type `I' and the correct
spelling (e.g., `I\hbox'). Otherwise just continue,
and I'll forget about whatever was undefined.

! Undefined control sequence.
\enit@setresumekeys ...me@#1}{\csname c@\@listctr 
                                                  \endcsname \the \csname c@...
l.408 \end{frame}
                 
The control sequence at the end of the top line
of your error message was never \def'ed. If you have
misspelled it (e.g., `\hobx'), type `I' and the correct
spelling (e.g., `I\hbox'). Otherwise just continue,
and I'll forget about whatever was undefined.

! Undefined control sequence.
\enit@setresumekeys ...e \the \csname c@\@listctr 
                                                  \endcsname }\fi }
l.408 \end{frame}
                 
The control sequence at the end of the top line
of your error message was never \def'ed. If you have
misspelled it (e.g., `\hobx'), type `I' and the correct
spelling (e.g., `I\hbox'). Otherwise just continue,
and I'll forget about whatever was undefined.

! You can't use `\relax' after \the.
<recently read> \c@ 
                    
l.408 \end{frame}
                 
I'm forgetting what you said and using zero instead.

! Undefined control sequence.
\enit@enditemize ...ist \fi \ifnum \enit@resuming 
                                                  =\thr@@ \enit@setresumekey...
l.408 \end{frame}
                 
The control sequence at the end of the top line
of your error message was never \def'ed. If you have
misspelled it (e.g., `\hobx'), type `I' and the correct
spelling (e.g., `I\hbox'). Otherwise just continue,
and I'll forget about whatever was undefined.

! Missing number, treated as zero.
<to be read again> 
                   =
l.408 \end{frame}
                 
A number should have been here; I inserted `0'.
(If you can't figure out why I needed to see a number,
look up `weird error' in the index to The TeXbook.)

! Undefined control sequence.
\enit@setresumekeys ...xpandafter {\enit@savekeys 
                                                  }\xdef \enit@afterlist {#2...
l.408 \end{frame}
                 
The control sequence at the end of the top line
of your error message was never \def'ed. If you have
misspelled it (e.g., `\hobx'), type `I' and the correct
spelling (e.g., `I\hbox'). Otherwise just continue,
and I'll forget about whatever was undefined.

! Undefined control sequence.
\enit@setresumekeys ...it@toks }\ifnum \enit@type 
                                                  =\z@ #3\def \enit@noexcs {...
l.408 \end{frame}
                 
The control sequence at the end of the top line
of your error message was never \def'ed. If you have
misspelled it (e.g., `\hobx'), type `I' and the correct
spelling (e.g., `I\hbox'). Otherwise just continue,
and I'll forget about whatever was undefined.

! Missing number, treated as zero.
<to be read again> 
                   =
l.408 \end{frame}
                 
A number should have been here; I inserted `0'.
(If you can't figure out why I needed to see a number,
look up `weird error' in the index to The TeXbook.)

! Undefined control sequence.
\enit@setresumekeys ...me@#1}{\csname c@\@listctr 
                                                  \endcsname \the \csname c@...
l.408 \end{frame}
                 
The control sequence at the end of the top line
of your error message was never \def'ed. If you have
misspelled it (e.g., `\hobx'), type `I' and the correct
spelling (e.g., `I\hbox'). Otherwise just continue,
and I'll forget about whatever was undefined.

! Undefined control sequence.
\enit@setresumekeys ...e \the \csname c@\@listctr 
                                                  \endcsname }\fi }
l.408 \end{frame}
                 
The control sequence at the end of the top line
of your error message was never \def'ed. If you have
misspelled it (e.g., `\hobx'), type `I' and the correct
spelling (e.g., `I\hbox'). Otherwise just continue,
and I'll forget about whatever was undefined.

! You can't use `\relax' after \the.
<recently read> \c@ 
                    
l.408 \end{frame}
                 
I'm forgetting what you said and using zero instead.

File: logoUZ.png Graphic file (type png)
<use logoUZ.png>
Package pdftex.def Info: logoUZ.png  used on input line 408.
(pdftex.def)             Requested size: 56.9055pt x 20.92224pt.
[49

]
! Undefined control sequence.
\enit@enditemize ->\enit@after 
                               \endlist \ifx \enit@series \relax \else \ifnu...
l.408 \end{frame}
                 
The control sequence at the end of the top line
of your error message was never \def'ed. If you have
misspelled it (e.g., `\hobx'), type `I' and the correct
spelling (e.g., `I\hbox'). Otherwise just continue,
and I'll forget about whatever was undefined.

! Undefined control sequence.
\enit@enditemize ...x \else \ifnum \enit@resuming 
                                                  =\@ne \enit@setresumekeys ...
l.408 \end{frame}
                 
The control sequence at the end of the top line
of your error message was never \def'ed. If you have
misspelled it (e.g., `\hobx'), type `I' and the correct
spelling (e.g., `I\hbox'). Otherwise just continue,
and I'll forget about whatever was undefined.

! Missing number, treated as zero.
<to be read again> 
                   =
l.408 \end{frame}
                 
A number should have been here; I inserted `0'.
(If you can't figure out why I needed to see a number,
look up `weird error' in the index to The TeXbook.)

! Undefined control sequence.
\enit@setresumekeys ...xpandafter {\enit@savekeys 
                                                  }\xdef \enit@afterlist {#2...
l.408 \end{frame}
                 
The control sequence at the end of the top line
of your error message was never \def'ed. If you have
misspelled it (e.g., `\hobx'), type `I' and the correct
spelling (e.g., `I\hbox'). Otherwise just continue,
and I'll forget about whatever was undefined.

! Undefined control sequence.
\enit@setresumekeys ...it@toks }\ifnum \enit@type 
                                                  =\z@ #3\def \enit@noexcs {...
l.408 \end{frame}
                 
The control sequence at the end of the top line
of your error message was never \def'ed. If you have
misspelled it (e.g., `\hobx'), type `I' and the correct
spelling (e.g., `I\hbox'). Otherwise just continue,
and I'll forget about whatever was undefined.

! Missing number, treated as zero.
<to be read again> 
                   =
l.408 \end{frame}
                 
A number should have been here; I inserted `0'.
(If you can't figure out why I needed to see a number,
look up `weird error' in the index to The TeXbook.)

! Undefined control sequence.
<argument> enit@resume@series@\enit@series 
                                           
l.408 \end{frame}
                 
The control sequence at the end of the top line
of your error message was never \def'ed. If you have
misspelled it (e.g., `\hobx'), type `I' and the correct
spelling (e.g., `I\hbox'). Otherwise just continue,
and I'll forget about whatever was undefined.

! Undefined control sequence.
\enit@setresumekeys ...me@#1}{\csname c@\@listctr 
                                                  \endcsname \the \csname c@...
l.408 \end{frame}
                 
The control sequence at the end of the top line
of your error message was never \def'ed. If you have
misspelled it (e.g., `\hobx'), type `I' and the correct
spelling (e.g., `I\hbox'). Otherwise just continue,
and I'll forget about whatever was undefined.

! Undefined control sequence.
\enit@setresumekeys ...e \the \csname c@\@listctr 
                                                  \endcsname }\fi }
l.408 \end{frame}
                 
The control sequence at the end of the top line
of your error message was never \def'ed. If you have
misspelled it (e.g., `\hobx'), type `I' and the correct
spelling (e.g., `I\hbox'). Otherwise just continue,
and I'll forget about whatever was undefined.

! You can't use `\relax' after \the.
<recently read> \c@ 
                    
l.408 \end{frame}
                 
I'm forgetting what you said and using zero instead.

! Undefined control sequence.
\enit@enditemize ...ist \fi \ifnum \enit@resuming 
                                                  =\thr@@ \enit@setresumekey...
l.408 \end{frame}
                 
The control sequence at the end of the top line
of your error message was never \def'ed. If you have
misspelled it (e.g., `\hobx'), type `I' and the correct
spelling (e.g., `I\hbox'). Otherwise just continue,
and I'll forget about whatever was undefined.

! Missing number, treated as zero.
<to be read again> 
                   =
l.408 \end{frame}
                 
A number should have been here; I inserted `0'.
(If you can't figure out why I needed to see a number,
look up `weird error' in the index to The TeXbook.)

! Undefined control sequence.
\enit@setresumekeys ...xpandafter {\enit@savekeys 
                                                  }\xdef \enit@afterlist {#2...
l.408 \end{frame}
                 
The control sequence at the end of the top line
of your error message was never \def'ed. If you have
misspelled it (e.g., `\hobx'), type `I' and the correct
spelling (e.g., `I\hbox'). Otherwise just continue,
and I'll forget about whatever was undefined.

! Undefined control sequence.
\enit@setresumekeys ...it@toks }\ifnum \enit@type 
                                                  =\z@ #3\def \enit@noexcs {...
l.408 \end{frame}
                 
The control sequence at the end of the top line
of your error message was never \def'ed. If you have
misspelled it (e.g., `\hobx'), type `I' and the correct
spelling (e.g., `I\hbox'). Otherwise just continue,
and I'll forget about whatever was undefined.

! Missing number, treated as zero.
<to be read again> 
                   =
l.408 \end{frame}
                 
A number should have been here; I inserted `0'.
(If you can't figure out why I needed to see a number,
look up `weird error' in the index to The TeXbook.)

! Undefined control sequence.
\enit@setresumekeys ...me@#1}{\csname c@\@listctr 
                                                  \endcsname \the \csname c@...
l.408 \end{frame}
                 
The control sequence at the end of the top line
of your error message was never \def'ed. If you have
misspelled it (e.g., `\hobx'), type `I' and the correct
spelling (e.g., `I\hbox'). Otherwise just continue,
and I'll forget about whatever was undefined.

! Undefined control sequence.
\enit@setresumekeys ...e \the \csname c@\@listctr 
                                                  \endcsname }\fi }
l.408 \end{frame}
                 
The control sequence at the end of the top line
of your error message was never \def'ed. If you have
misspelled it (e.g., `\hobx'), type `I' and the correct
spelling (e.g., `I\hbox'). Otherwise just continue,
and I'll forget about whatever was undefined.

! You can't use `\relax' after \the.
<recently read> \c@ 
                    
l.408 \end{frame}
                 
I'm forgetting what you said and using zero instead.

File: logoUZ.png Graphic file (type png)
<use logoUZ.png>
Package pdftex.def Info: logoUZ.png  used on input line 408.
(pdftex.def)             Requested size: 56.9055pt x 20.92224pt.
[50

]
! Undefined control sequence.
\enit@enditemize ->\enit@after 
                               \endlist \ifx \enit@series \relax \else \ifnu...
l.408 \end{frame}
                 
The control sequence at the end of the top line
of your error message was never \def'ed. If you have
misspelled it (e.g., `\hobx'), type `I' and the correct
spelling (e.g., `I\hbox'). Otherwise just continue,
and I'll forget about whatever was undefined.

! Undefined control sequence.
\enit@enditemize ...x \else \ifnum \enit@resuming 
                                                  =\@ne \enit@setresumekeys ...
l.408 \end{frame}
                 
The control sequence at the end of the top line
of your error message was never \def'ed. If you have
misspelled it (e.g., `\hobx'), type `I' and the correct
spelling (e.g., `I\hbox'). Otherwise just continue,
and I'll forget about whatever was undefined.

! Missing number, treated as zero.
<to be read again> 
                   =
l.408 \end{frame}
                 
A number should have been here; I inserted `0'.
(If you can't figure out why I needed to see a number,
look up `weird error' in the index to The TeXbook.)

! Undefined control sequence.
\enit@setresumekeys ...xpandafter {\enit@savekeys 
                                                  }\xdef \enit@afterlist {#2...
l.408 \end{frame}
                 
The control sequence at the end of the top line
of your error message was never \def'ed. If you have
misspelled it (e.g., `\hobx'), type `I' and the correct
spelling (e.g., `I\hbox'). Otherwise just continue,
and I'll forget about whatever was undefined.

! Undefined control sequence.
\enit@setresumekeys ...it@toks }\ifnum \enit@type 
                                                  =\z@ #3\def \enit@noexcs {...
l.408 \end{frame}
                 
The control sequence at the end of the top line
of your error message was never \def'ed. If you have
misspelled it (e.g., `\hobx'), type `I' and the correct
spelling (e.g., `I\hbox'). Otherwise just continue,
and I'll forget about whatever was undefined.

! Missing number, treated as zero.
<to be read again> 
                   =
l.408 \end{frame}
                 
A number should have been here; I inserted `0'.
(If you can't figure out why I needed to see a number,
look up `weird error' in the index to The TeXbook.)

! Undefined control sequence.
<argument> enit@resume@series@\enit@series 
                                           
l.408 \end{frame}
                 
The control sequence at the end of the top line
of your error message was never \def'ed. If you have
misspelled it (e.g., `\hobx'), type `I' and the correct
spelling (e.g., `I\hbox'). Otherwise just continue,
and I'll forget about whatever was undefined.

! Undefined control sequence.
\enit@setresumekeys ...me@#1}{\csname c@\@listctr 
                                                  \endcsname \the \csname c@...
l.408 \end{frame}
                 
The control sequence at the end of the top line
of your error message was never \def'ed. If you have
misspelled it (e.g., `\hobx'), type `I' and the correct
spelling (e.g., `I\hbox'). Otherwise just continue,
and I'll forget about whatever was undefined.

! Undefined control sequence.
\enit@setresumekeys ...e \the \csname c@\@listctr 
                                                  \endcsname }\fi }
l.408 \end{frame}
                 
The control sequence at the end of the top line
of your error message was never \def'ed. If you have
misspelled it (e.g., `\hobx'), type `I' and the correct
spelling (e.g., `I\hbox'). Otherwise just continue,
and I'll forget about whatever was undefined.

! You can't use `\relax' after \the.
<recently read> \c@ 
                    
l.408 \end{frame}
                 
I'm forgetting what you said and using zero instead.

! Undefined control sequence.
\enit@enditemize ...ist \fi \ifnum \enit@resuming 
                                                  =\thr@@ \enit@setresumekey...
l.408 \end{frame}
                 
The control sequence at the end of the top line
of your error message was never \def'ed. If you have
misspelled it (e.g., `\hobx'), type `I' and the correct
spelling (e.g., `I\hbox'). Otherwise just continue,
and I'll forget about whatever was undefined.

! Missing number, treated as zero.
<to be read again> 
                   =
l.408 \end{frame}
                 
A number should have been here; I inserted `0'.
(If you can't figure out why I needed to see a number,
look up `weird error' in the index to The TeXbook.)

! Undefined control sequence.
\enit@setresumekeys ...xpandafter {\enit@savekeys 
                                                  }\xdef \enit@afterlist {#2...
l.408 \end{frame}
                 
The control sequence at the end of the top line
of your error message was never \def'ed. If you have
misspelled it (e.g., `\hobx'), type `I' and the correct
spelling (e.g., `I\hbox'). Otherwise just continue,
and I'll forget about whatever was undefined.

! Undefined control sequence.
\enit@setresumekeys ...it@toks }\ifnum \enit@type 
                                                  =\z@ #3\def \enit@noexcs {...
l.408 \end{frame}
                 
The control sequence at the end of the top line
of your error message was never \def'ed. If you have
misspelled it (e.g., `\hobx'), type `I' and the correct
spelling (e.g., `I\hbox'). Otherwise just continue,
and I'll forget about whatever was undefined.

! Missing number, treated as zero.
<to be read again> 
                   =
l.408 \end{frame}
                 
A number should have been here; I inserted `0'.
(If you can't figure out why I needed to see a number,
look up `weird error' in the index to The TeXbook.)

! Undefined control sequence.
\enit@setresumekeys ...me@#1}{\csname c@\@listctr 
                                                  \endcsname \the \csname c@...
l.408 \end{frame}
                 
The control sequence at the end of the top line
of your error message was never \def'ed. If you have
misspelled it (e.g., `\hobx'), type `I' and the correct
spelling (e.g., `I\hbox'). Otherwise just continue,
and I'll forget about whatever was undefined.

! Undefined control sequence.
\enit@setresumekeys ...e \the \csname c@\@listctr 
                                                  \endcsname }\fi }
l.408 \end{frame}
                 
The control sequence at the end of the top line
of your error message was never \def'ed. If you have
misspelled it (e.g., `\hobx'), type `I' and the correct
spelling (e.g., `I\hbox'). Otherwise just continue,
and I'll forget about whatever was undefined.

! You can't use `\relax' after \the.
<recently read> \c@ 
                    
l.408 \end{frame}
                 
I'm forgetting what you said and using zero instead.

File: logoUZ.png Graphic file (type png)
<use logoUZ.png>
Package pdftex.def Info: logoUZ.png  used on input line 408.
(pdftex.def)             Requested size: 56.9055pt x 20.92224pt.
[51

]
! Undefined control sequence.
\enit@enditemize ->\enit@after 
                               \endlist \ifx \enit@series \relax \else \ifnu...
l.408 \end{frame}
                 
The control sequence at the end of the top line
of your error message was never \def'ed. If you have
misspelled it (e.g., `\hobx'), type `I' and the correct
spelling (e.g., `I\hbox'). Otherwise just continue,
and I'll forget about whatever was undefined.

! Undefined control sequence.
\enit@enditemize ...x \else \ifnum \enit@resuming 
                                                  =\@ne \enit@setresumekeys ...
l.408 \end{frame}
                 
The control sequence at the end of the top line
of your error message was never \def'ed. If you have
misspelled it (e.g., `\hobx'), type `I' and the correct
spelling (e.g., `I\hbox'). Otherwise just continue,
and I'll forget about whatever was undefined.

! Missing number, treated as zero.
<to be read again> 
                   =
l.408 \end{frame}
                 
A number should have been here; I inserted `0'.
(If you can't figure out why I needed to see a number,
look up `weird error' in the index to The TeXbook.)

! Undefined control sequence.
\enit@setresumekeys ...xpandafter {\enit@savekeys 
                                                  }\xdef \enit@afterlist {#2...
l.408 \end{frame}
                 
The control sequence at the end of the top line
of your error message was never \def'ed. If you have
misspelled it (e.g., `\hobx'), type `I' and the correct
spelling (e.g., `I\hbox'). Otherwise just continue,
and I'll forget about whatever was undefined.

! Undefined control sequence.
\enit@setresumekeys ...it@toks }\ifnum \enit@type 
                                                  =\z@ #3\def \enit@noexcs {...
l.408 \end{frame}
                 
The control sequence at the end of the top line
of your error message was never \def'ed. If you have
misspelled it (e.g., `\hobx'), type `I' and the correct
spelling (e.g., `I\hbox'). Otherwise just continue,
and I'll forget about whatever was undefined.

! Missing number, treated as zero.
<to be read again> 
                   =
l.408 \end{frame}
                 
A number should have been here; I inserted `0'.
(If you can't figure out why I needed to see a number,
look up `weird error' in the index to The TeXbook.)

! Undefined control sequence.
<argument> enit@resume@series@\enit@series 
                                           
l.408 \end{frame}
                 
The control sequence at the end of the top line
of your error message was never \def'ed. If you have
misspelled it (e.g., `\hobx'), type `I' and the correct
spelling (e.g., `I\hbox'). Otherwise just continue,
and I'll forget about whatever was undefined.

! Undefined control sequence.
\enit@setresumekeys ...me@#1}{\csname c@\@listctr 
                                                  \endcsname \the \csname c@...
l.408 \end{frame}
                 
The control sequence at the end of the top line
of your error message was never \def'ed. If you have
misspelled it (e.g., `\hobx'), type `I' and the correct
spelling (e.g., `I\hbox'). Otherwise just continue,
and I'll forget about whatever was undefined.

! Undefined control sequence.
\enit@setresumekeys ...e \the \csname c@\@listctr 
                                                  \endcsname }\fi }
l.408 \end{frame}
                 
The control sequence at the end of the top line
of your error message was never \def'ed. If you have
misspelled it (e.g., `\hobx'), type `I' and the correct
spelling (e.g., `I\hbox'). Otherwise just continue,
and I'll forget about whatever was undefined.

! You can't use `\relax' after \the.
<recently read> \c@ 
                    
l.408 \end{frame}
                 
I'm forgetting what you said and using zero instead.

! Undefined control sequence.
\enit@enditemize ...ist \fi \ifnum \enit@resuming 
                                                  =\thr@@ \enit@setresumekey...
l.408 \end{frame}
                 
The control sequence at the end of the top line
of your error message was never \def'ed. If you have
misspelled it (e.g., `\hobx'), type `I' and the correct
spelling (e.g., `I\hbox'). Otherwise just continue,
and I'll forget about whatever was undefined.

! Missing number, treated as zero.
<to be read again> 
                   =
l.408 \end{frame}
                 
A number should have been here; I inserted `0'.
(If you can't figure out why I needed to see a number,
look up `weird error' in the index to The TeXbook.)

! Undefined control sequence.
\enit@setresumekeys ...xpandafter {\enit@savekeys 
                                                  }\xdef \enit@afterlist {#2...
l.408 \end{frame}
                 
The control sequence at the end of the top line
of your error message was never \def'ed. If you have
misspelled it (e.g., `\hobx'), type `I' and the correct
spelling (e.g., `I\hbox'). Otherwise just continue,
and I'll forget about whatever was undefined.

! Undefined control sequence.
\enit@setresumekeys ...it@toks }\ifnum \enit@type 
                                                  =\z@ #3\def \enit@noexcs {...
l.408 \end{frame}
                 
The control sequence at the end of the top line
of your error message was never \def'ed. If you have
misspelled it (e.g., `\hobx'), type `I' and the correct
spelling (e.g., `I\hbox'). Otherwise just continue,
and I'll forget about whatever was undefined.

! Missing number, treated as zero.
<to be read again> 
                   =
l.408 \end{frame}
                 
A number should have been here; I inserted `0'.
(If you can't figure out why I needed to see a number,
look up `weird error' in the index to The TeXbook.)

! Undefined control sequence.
\enit@setresumekeys ...me@#1}{\csname c@\@listctr 
                                                  \endcsname \the \csname c@...
l.408 \end{frame}
                 
The control sequence at the end of the top line
of your error message was never \def'ed. If you have
misspelled it (e.g., `\hobx'), type `I' and the correct
spelling (e.g., `I\hbox'). Otherwise just continue,
and I'll forget about whatever was undefined.

! Undefined control sequence.
\enit@setresumekeys ...e \the \csname c@\@listctr 
                                                  \endcsname }\fi }
l.408 \end{frame}
                 
The control sequence at the end of the top line
of your error message was never \def'ed. If you have
misspelled it (e.g., `\hobx'), type `I' and the correct
spelling (e.g., `I\hbox'). Otherwise just continue,
and I'll forget about whatever was undefined.

! You can't use `\relax' after \the.
<recently read> \c@ 
                    
l.408 \end{frame}
                 
I'm forgetting what you said and using zero instead.

File: logoUZ.png Graphic file (type png)
<use logoUZ.png>
Package pdftex.def Info: logoUZ.png  used on input line 408.
(pdftex.def)             Requested size: 56.9055pt x 20.92224pt.
[52

]
! Undefined control sequence.
\enit@enditemize ->\enit@after 
                               \endlist \ifx \enit@series \relax \else \ifnu...
l.424 \end{frame}
                 
The control sequence at the end of the top line
of your error message was never \def'ed. If you have
misspelled it (e.g., `\hobx'), type `I' and the correct
spelling (e.g., `I\hbox'). Otherwise just continue,
and I'll forget about whatever was undefined.

! Undefined control sequence.
\enit@enditemize ...x \else \ifnum \enit@resuming 
                                                  =\@ne \enit@setresumekeys ...
l.424 \end{frame}
                 
The control sequence at the end of the top line
of your error message was never \def'ed. If you have
misspelled it (e.g., `\hobx'), type `I' and the correct
spelling (e.g., `I\hbox'). Otherwise just continue,
and I'll forget about whatever was undefined.

! Missing number, treated as zero.
<to be read again> 
                   =
l.424 \end{frame}
                 
A number should have been here; I inserted `0'.
(If you can't figure out why I needed to see a number,
look up `weird error' in the index to The TeXbook.)

! Undefined control sequence.
\enit@setresumekeys ...xpandafter {\enit@savekeys 
                                                  }\xdef \enit@afterlist {#2...
l.424 \end{frame}
                 
The control sequence at the end of the top line
of your error message was never \def'ed. If you have
misspelled it (e.g., `\hobx'), type `I' and the correct
spelling (e.g., `I\hbox'). Otherwise just continue,
and I'll forget about whatever was undefined.

! Undefined control sequence.
\enit@setresumekeys ...it@toks }\ifnum \enit@type 
                                                  =\z@ #3\def \enit@noexcs {...
l.424 \end{frame}
                 
The control sequence at the end of the top line
of your error message was never \def'ed. If you have
misspelled it (e.g., `\hobx'), type `I' and the correct
spelling (e.g., `I\hbox'). Otherwise just continue,
and I'll forget about whatever was undefined.

! Missing number, treated as zero.
<to be read again> 
                   =
l.424 \end{frame}
                 
A number should have been here; I inserted `0'.
(If you can't figure out why I needed to see a number,
look up `weird error' in the index to The TeXbook.)

! Undefined control sequence.
<argument> enit@resume@series@\enit@series 
                                           
l.424 \end{frame}
                 
The control sequence at the end of the top line
of your error message was never \def'ed. If you have
misspelled it (e.g., `\hobx'), type `I' and the correct
spelling (e.g., `I\hbox'). Otherwise just continue,
and I'll forget about whatever was undefined.

! Undefined control sequence.
\enit@setresumekeys ...me@#1}{\csname c@\@listctr 
                                                  \endcsname \the \csname c@...
l.424 \end{frame}
                 
The control sequence at the end of the top line
of your error message was never \def'ed. If you have
misspelled it (e.g., `\hobx'), type `I' and the correct
spelling (e.g., `I\hbox'). Otherwise just continue,
and I'll forget about whatever was undefined.

! Undefined control sequence.
\enit@setresumekeys ...e \the \csname c@\@listctr 
                                                  \endcsname }\fi }
l.424 \end{frame}
                 
The control sequence at the end of the top line
of your error message was never \def'ed. If you have
misspelled it (e.g., `\hobx'), type `I' and the correct
spelling (e.g., `I\hbox'). Otherwise just continue,
and I'll forget about whatever was undefined.

! You can't use `\relax' after \the.
<recently read> \c@ 
                    
l.424 \end{frame}
                 
I'm forgetting what you said and using zero instead.

! Undefined control sequence.
\enit@enditemize ...ist \fi \ifnum \enit@resuming 
                                                  =\thr@@ \enit@setresumekey...
l.424 \end{frame}
                 
The control sequence at the end of the top line
of your error message was never \def'ed. If you have
misspelled it (e.g., `\hobx'), type `I' and the correct
spelling (e.g., `I\hbox'). Otherwise just continue,
and I'll forget about whatever was undefined.

! Missing number, treated as zero.
<to be read again> 
                   =
l.424 \end{frame}
                 
A number should have been here; I inserted `0'.
(If you can't figure out why I needed to see a number,
look up `weird error' in the index to The TeXbook.)

! Undefined control sequence.
\enit@setresumekeys ...xpandafter {\enit@savekeys 
                                                  }\xdef \enit@afterlist {#2...
l.424 \end{frame}
                 
The control sequence at the end of the top line
of your error message was never \def'ed. If you have
misspelled it (e.g., `\hobx'), type `I' and the correct
spelling (e.g., `I\hbox'). Otherwise just continue,
and I'll forget about whatever was undefined.

! Undefined control sequence.
\enit@setresumekeys ...it@toks }\ifnum \enit@type 
                                                  =\z@ #3\def \enit@noexcs {...
l.424 \end{frame}
                 
The control sequence at the end of the top line
of your error message was never \def'ed. If you have
misspelled it (e.g., `\hobx'), type `I' and the correct
spelling (e.g., `I\hbox'). Otherwise just continue,
and I'll forget about whatever was undefined.

! Missing number, treated as zero.
<to be read again> 
                   =
l.424 \end{frame}
                 
A number should have been here; I inserted `0'.
(If you can't figure out why I needed to see a number,
look up `weird error' in the index to The TeXbook.)

! Undefined control sequence.
\enit@setresumekeys ...me@#1}{\csname c@\@listctr 
                                                  \endcsname \the \csname c@...
l.424 \end{frame}
                 
The control sequence at the end of the top line
of your error message was never \def'ed. If you have
misspelled it (e.g., `\hobx'), type `I' and the correct
spelling (e.g., `I\hbox'). Otherwise just continue,
and I'll forget about whatever was undefined.

! Undefined control sequence.
\enit@setresumekeys ...e \the \csname c@\@listctr 
                                                  \endcsname }\fi }
l.424 \end{frame}
                 
The control sequence at the end of the top line
of your error message was never \def'ed. If you have
misspelled it (e.g., `\hobx'), type `I' and the correct
spelling (e.g., `I\hbox'). Otherwise just continue,
and I'll forget about whatever was undefined.

! You can't use `\relax' after \the.
<recently read> \c@ 
                    
l.424 \end{frame}
                 
I'm forgetting what you said and using zero instead.

File: logoUZ.png Graphic file (type png)
<use logoUZ.png>
Package pdftex.def Info: logoUZ.png  used on input line 424.
(pdftex.def)             Requested size: 56.9055pt x 20.92224pt.
[53

]
! Undefined control sequence.
\enit@enditemize ->\enit@after 
                               \endlist \ifx \enit@series \relax \else \ifnu...
l.424 \end{frame}
                 
The control sequence at the end of the top line
of your error message was never \def'ed. If you have
misspelled it (e.g., `\hobx'), type `I' and the correct
spelling (e.g., `I\hbox'). Otherwise just continue,
and I'll forget about whatever was undefined.

! Undefined control sequence.
\enit@enditemize ...x \else \ifnum \enit@resuming 
                                                  =\@ne \enit@setresumekeys ...
l.424 \end{frame}
                 
The control sequence at the end of the top line
of your error message was never \def'ed. If you have
misspelled it (e.g., `\hobx'), type `I' and the correct
spelling (e.g., `I\hbox'). Otherwise just continue,
and I'll forget about whatever was undefined.

! Missing number, treated as zero.
<to be read again> 
                   =
l.424 \end{frame}
                 
A number should have been here; I inserted `0'.
(If you can't figure out why I needed to see a number,
look up `weird error' in the index to The TeXbook.)

! Undefined control sequence.
\enit@setresumekeys ...xpandafter {\enit@savekeys 
                                                  }\xdef \enit@afterlist {#2...
l.424 \end{frame}
                 
The control sequence at the end of the top line
of your error message was never \def'ed. If you have
misspelled it (e.g., `\hobx'), type `I' and the correct
spelling (e.g., `I\hbox'). Otherwise just continue,
and I'll forget about whatever was undefined.

! Undefined control sequence.
\enit@setresumekeys ...it@toks }\ifnum \enit@type 
                                                  =\z@ #3\def \enit@noexcs {...
l.424 \end{frame}
                 
The control sequence at the end of the top line
of your error message was never \def'ed. If you have
misspelled it (e.g., `\hobx'), type `I' and the correct
spelling (e.g., `I\hbox'). Otherwise just continue,
and I'll forget about whatever was undefined.

! Missing number, treated as zero.
<to be read again> 
                   =
l.424 \end{frame}
                 
A number should have been here; I inserted `0'.
(If you can't figure out why I needed to see a number,
look up `weird error' in the index to The TeXbook.)

! Undefined control sequence.
<argument> enit@resume@series@\enit@series 
                                           
l.424 \end{frame}
                 
The control sequence at the end of the top line
of your error message was never \def'ed. If you have
misspelled it (e.g., `\hobx'), type `I' and the correct
spelling (e.g., `I\hbox'). Otherwise just continue,
and I'll forget about whatever was undefined.

! Undefined control sequence.
\enit@setresumekeys ...me@#1}{\csname c@\@listctr 
                                                  \endcsname \the \csname c@...
l.424 \end{frame}
                 
The control sequence at the end of the top line
of your error message was never \def'ed. If you have
misspelled it (e.g., `\hobx'), type `I' and the correct
spelling (e.g., `I\hbox'). Otherwise just continue,
and I'll forget about whatever was undefined.

! Undefined control sequence.
\enit@setresumekeys ...e \the \csname c@\@listctr 
                                                  \endcsname }\fi }
l.424 \end{frame}
                 
The control sequence at the end of the top line
of your error message was never \def'ed. If you have
misspelled it (e.g., `\hobx'), type `I' and the correct
spelling (e.g., `I\hbox'). Otherwise just continue,
and I'll forget about whatever was undefined.

! You can't use `\relax' after \the.
<recently read> \c@ 
                    
l.424 \end{frame}
                 
I'm forgetting what you said and using zero instead.

! Undefined control sequence.
\enit@enditemize ...ist \fi \ifnum \enit@resuming 
                                                  =\thr@@ \enit@setresumekey...
l.424 \end{frame}
                 
The control sequence at the end of the top line
of your error message was never \def'ed. If you have
misspelled it (e.g., `\hobx'), type `I' and the correct
spelling (e.g., `I\hbox'). Otherwise just continue,
and I'll forget about whatever was undefined.

! Missing number, treated as zero.
<to be read again> 
                   =
l.424 \end{frame}
                 
A number should have been here; I inserted `0'.
(If you can't figure out why I needed to see a number,
look up `weird error' in the index to The TeXbook.)

! Undefined control sequence.
\enit@setresumekeys ...xpandafter {\enit@savekeys 
                                                  }\xdef \enit@afterlist {#2...
l.424 \end{frame}
                 
The control sequence at the end of the top line
of your error message was never \def'ed. If you have
misspelled it (e.g., `\hobx'), type `I' and the correct
spelling (e.g., `I\hbox'). Otherwise just continue,
and I'll forget about whatever was undefined.

! Undefined control sequence.
\enit@setresumekeys ...it@toks }\ifnum \enit@type 
                                                  =\z@ #3\def \enit@noexcs {...
l.424 \end{frame}
                 
The control sequence at the end of the top line
of your error message was never \def'ed. If you have
misspelled it (e.g., `\hobx'), type `I' and the correct
spelling (e.g., `I\hbox'). Otherwise just continue,
and I'll forget about whatever was undefined.

! Missing number, treated as zero.
<to be read again> 
                   =
l.424 \end{frame}
                 
A number should have been here; I inserted `0'.
(If you can't figure out why I needed to see a number,
look up `weird error' in the index to The TeXbook.)

! Undefined control sequence.
\enit@setresumekeys ...me@#1}{\csname c@\@listctr 
                                                  \endcsname \the \csname c@...
l.424 \end{frame}
                 
The control sequence at the end of the top line
of your error message was never \def'ed. If you have
misspelled it (e.g., `\hobx'), type `I' and the correct
spelling (e.g., `I\hbox'). Otherwise just continue,
and I'll forget about whatever was undefined.

! Undefined control sequence.
\enit@setresumekeys ...e \the \csname c@\@listctr 
                                                  \endcsname }\fi }
l.424 \end{frame}
                 
The control sequence at the end of the top line
of your error message was never \def'ed. If you have
misspelled it (e.g., `\hobx'), type `I' and the correct
spelling (e.g., `I\hbox'). Otherwise just continue,
and I'll forget about whatever was undefined.

! You can't use `\relax' after \the.
<recently read> \c@ 
                    
l.424 \end{frame}
                 
I'm forgetting what you said and using zero instead.

File: logoUZ.png Graphic file (type png)
<use logoUZ.png>
Package pdftex.def Info: logoUZ.png  used on input line 424.
(pdftex.def)             Requested size: 56.9055pt x 20.92224pt.
[54

]
! Undefined control sequence.
\enit@enditemize ->\enit@after 
                               \endlist \ifx \enit@series \relax \else \ifnu...
l.424 \end{frame}
                 
The control sequence at the end of the top line
of your error message was never \def'ed. If you have
misspelled it (e.g., `\hobx'), type `I' and the correct
spelling (e.g., `I\hbox'). Otherwise just continue,
and I'll forget about whatever was undefined.

! Undefined control sequence.
\enit@enditemize ...x \else \ifnum \enit@resuming 
                                                  =\@ne \enit@setresumekeys ...
l.424 \end{frame}
                 
The control sequence at the end of the top line
of your error message was never \def'ed. If you have
misspelled it (e.g., `\hobx'), type `I' and the correct
spelling (e.g., `I\hbox'). Otherwise just continue,
and I'll forget about whatever was undefined.

! Missing number, treated as zero.
<to be read again> 
                   =
l.424 \end{frame}
                 
A number should have been here; I inserted `0'.
(If you can't figure out why I needed to see a number,
look up `weird error' in the index to The TeXbook.)

! Undefined control sequence.
\enit@setresumekeys ...xpandafter {\enit@savekeys 
                                                  }\xdef \enit@afterlist {#2...
l.424 \end{frame}
                 
The control sequence at the end of the top line
of your error message was never \def'ed. If you have
misspelled it (e.g., `\hobx'), type `I' and the correct
spelling (e.g., `I\hbox'). Otherwise just continue,
and I'll forget about whatever was undefined.

! Undefined control sequence.
\enit@setresumekeys ...it@toks }\ifnum \enit@type 
                                                  =\z@ #3\def \enit@noexcs {...
l.424 \end{frame}
                 
The control sequence at the end of the top line
of your error message was never \def'ed. If you have
misspelled it (e.g., `\hobx'), type `I' and the correct
spelling (e.g., `I\hbox'). Otherwise just continue,
and I'll forget about whatever was undefined.

! Missing number, treated as zero.
<to be read again> 
                   =
l.424 \end{frame}
                 
A number should have been here; I inserted `0'.
(If you can't figure out why I needed to see a number,
look up `weird error' in the index to The TeXbook.)

! Undefined control sequence.
<argument> enit@resume@series@\enit@series 
                                           
l.424 \end{frame}
                 
The control sequence at the end of the top line
of your error message was never \def'ed. If you have
misspelled it (e.g., `\hobx'), type `I' and the correct
spelling (e.g., `I\hbox'). Otherwise just continue,
and I'll forget about whatever was undefined.

! Undefined control sequence.
\enit@setresumekeys ...me@#1}{\csname c@\@listctr 
                                                  \endcsname \the \csname c@...
l.424 \end{frame}
                 
The control sequence at the end of the top line
of your error message was never \def'ed. If you have
misspelled it (e.g., `\hobx'), type `I' and the correct
spelling (e.g., `I\hbox'). Otherwise just continue,
and I'll forget about whatever was undefined.

! Undefined control sequence.
\enit@setresumekeys ...e \the \csname c@\@listctr 
                                                  \endcsname }\fi }
l.424 \end{frame}
                 
The control sequence at the end of the top line
of your error message was never \def'ed. If you have
misspelled it (e.g., `\hobx'), type `I' and the correct
spelling (e.g., `I\hbox'). Otherwise just continue,
and I'll forget about whatever was undefined.

! You can't use `\relax' after \the.
<recently read> \c@ 
                    
l.424 \end{frame}
                 
I'm forgetting what you said and using zero instead.

! Undefined control sequence.
\enit@enditemize ...ist \fi \ifnum \enit@resuming 
                                                  =\thr@@ \enit@setresumekey...
l.424 \end{frame}
                 
The control sequence at the end of the top line
of your error message was never \def'ed. If you have
misspelled it (e.g., `\hobx'), type `I' and the correct
spelling (e.g., `I\hbox'). Otherwise just continue,
and I'll forget about whatever was undefined.

! Missing number, treated as zero.
<to be read again> 
                   =
l.424 \end{frame}
                 
A number should have been here; I inserted `0'.
(If you can't figure out why I needed to see a number,
look up `weird error' in the index to The TeXbook.)

! Undefined control sequence.
\enit@setresumekeys ...xpandafter {\enit@savekeys 
                                                  }\xdef \enit@afterlist {#2...
l.424 \end{frame}
                 
The control sequence at the end of the top line
of your error message was never \def'ed. If you have
misspelled it (e.g., `\hobx'), type `I' and the correct
spelling (e.g., `I\hbox'). Otherwise just continue,
and I'll forget about whatever was undefined.

! Undefined control sequence.
\enit@setresumekeys ...it@toks }\ifnum \enit@type 
                                                  =\z@ #3\def \enit@noexcs {...
l.424 \end{frame}
                 
The control sequence at the end of the top line
of your error message was never \def'ed. If you have
misspelled it (e.g., `\hobx'), type `I' and the correct
spelling (e.g., `I\hbox'). Otherwise just continue,
and I'll forget about whatever was undefined.

! Missing number, treated as zero.
<to be read again> 
                   =
l.424 \end{frame}
                 
A number should have been here; I inserted `0'.
(If you can't figure out why I needed to see a number,
look up `weird error' in the index to The TeXbook.)

! Undefined control sequence.
\enit@setresumekeys ...me@#1}{\csname c@\@listctr 
                                                  \endcsname \the \csname c@...
l.424 \end{frame}
                 
The control sequence at the end of the top line
of your error message was never \def'ed. If you have
misspelled it (e.g., `\hobx'), type `I' and the correct
spelling (e.g., `I\hbox'). Otherwise just continue,
and I'll forget about whatever was undefined.

! Undefined control sequence.
\enit@setresumekeys ...e \the \csname c@\@listctr 
                                                  \endcsname }\fi }
l.424 \end{frame}
                 
The control sequence at the end of the top line
of your error message was never \def'ed. If you have
misspelled it (e.g., `\hobx'), type `I' and the correct
spelling (e.g., `I\hbox'). Otherwise just continue,
and I'll forget about whatever was undefined.

! You can't use `\relax' after \the.
<recently read> \c@ 
                    
l.424 \end{frame}
                 
I'm forgetting what you said and using zero instead.

File: logoUZ.png Graphic file (type png)
<use logoUZ.png>
Package pdftex.def Info: logoUZ.png  used on input line 424.
(pdftex.def)             Requested size: 56.9055pt x 20.92224pt.
[55

]
File: logoUZ.png Graphic file (type png)
<use logoUZ.png>
Package pdftex.def Info: logoUZ.png  used on input line 442.
(pdftex.def)             Requested size: 56.9055pt x 20.92224pt.
 [56

]
File: logoUZ.png Graphic file (type png)
<use logoUZ.png>
Package pdftex.def Info: logoUZ.png  used on input line 442.
(pdftex.def)             Requested size: 56.9055pt x 20.92224pt.
 [57

]
File: logoUZ.png Graphic file (type png)
<use logoUZ.png>
Package pdftex.def Info: logoUZ.png  used on input line 449.
(pdftex.def)             Requested size: 56.9055pt x 20.92224pt.
 [58

]
File: logoUZ.png Graphic file (type png)
<use logoUZ.png>
Package pdftex.def Info: logoUZ.png  used on input line 461.
(pdftex.def)             Requested size: 56.9055pt x 20.92224pt.
 [59

]
File: logoUZ.png Graphic file (type png)
<use logoUZ.png>
Package pdftex.def Info: logoUZ.png  used on input line 461.
(pdftex.def)             Requested size: 56.9055pt x 20.92224pt.
 [60

]
\blx@maxsegment@1=\count531
\blx@sectionciteorder@1=\count532
Package biblatex Info: Reference section=1 on input line 463.
Package biblatex Info: Setting label 'refsection:1' on input line 463.


LaTeX Warning: Citation 'miana2020spectra' on page 61 undefined on input line 468.

LaTeX Font Info:    Font shape `T1/aess/b/n' in size <5> not available
(Font)              Font shape `T1/aess/bx/n' tried instead on input line 468.

LaTeX Warning: Citation 'miana2021integral' on page 61 undefined on input line 468.


LaTeX Warning: Citation 'oliva2021lie' on page 61 undefined on input line 468.


LaTeX Warning: Citation 'oliva2022hardy' on page 61 undefined on input line 468.


LaTeX Warning: Citation 'oliva2023introducing' on page 61 undefined on input line 468.


LaTeX Warning: Citation 'oliva2022spectral' on page 61 undefined on input line 468.


LaTeX Warning: Citation 'abadias2022weighted' on page 61 undefined on input line 468.


LaTeX Warning: Citation 'abadias2023spectra' on page 61 undefined on input line 468.

File: logoUZ.png Graphic file (type png)
<use logoUZ.png>
Package pdftex.def Info: logoUZ.png  used on input line 468.
(pdftex.def)             Requested size: 56.9055pt x 20.92224pt.
[61

]
Package biblatex Info: Reference section=0 on input line 469.
\tf@nav=\write7
\openout7 = `Presentacion.nav'.

\tf@toc=\write8
\openout8 = `Presentacion.toc'.

\tf@snm=\write9
\openout9 = `Presentacion.snm'.

 (Presentacion.aux)
 ***********
LaTeX2e <2025-11-01>
L3 programming layer <2025-11-06>
 ***********


LaTeX Warning: There were undefined references.


LaTeX Warning: Label(s) may have changed. Rerun to get cross-references right.


Package rerunfilecheck Warning: File `Presentacion.out' has changed.
(rerunfilecheck)                Rerun to get outlines right
(rerunfilecheck)                or use package `bookmark'.

Package rerunfilecheck Info: Checksums for `Presentacion.out':
(rerunfilecheck)             Before: <no file>
(rerunfilecheck)             After:  463B07105E6665B52F054C0A0436D331;1151.

Package biblatex Warning: Please (re)run Biber on the file:
(biblatex)                Presentacion
(biblatex)                and rerun LaTeX afterwards.

Package logreq Info: Writing requests to 'Presentacion.run.xml'.
\openout1 = `Presentacion.run.xml'.

 ) 
Here is how much of TeX's memory you used:
 38060 strings out of 467871
 768831 string characters out of 5418375
 1603794 words of memory out of 5000000
 66142 multiletter control sequences out of 15000+600000
 657940 words of font info for 97 fonts, out of 8000000 for 9000
 1141 hyphenation exceptions out of 8191
 128i,15n,123p,753b,1754s stack positions out of 10000i,1000n,20000p,200000b,200000s
<C:/Users/carlo/AppData/Local/Programs/MiKTeX/fonts/type1/public/amsfonts/cm/cmex10.pfb><C:/Users/carlo/AppData/Local/Programs/MiKTeX/fonts/type1/public/amsfonts/cm/cmmi10.pfb><C:/Users/carlo/AppData/Local/Programs/MiKTeX/fonts/type1/public/amsfonts/cm/cmmi7.pfb><C:/Users/carlo/AppData/Local/Programs/MiKTeX/fonts/type1/public/amsfonts/cm/cmss10.pfb><C:/Users/carlo/AppData/Local/Programs/MiKTeX/fonts/type1/public/amsfonts/cm/cmss12.pfb><C:/Users/carlo/AppData/Local/Programs/MiKTeX/fonts/type1/public/amsfonts/cm/cmss17.pfb><C:/Users/carlo/AppData/Local/Programs/MiKTeX/fonts/type1/public/amsfonts/cm/cmss8.pfb><C:/Users/carlo/AppData/Local/Programs/MiKTeX/fonts/type1/public/amsfonts/cm/cmssbx10.pfb><C:/Users/carlo/AppData/Local/Programs/MiKTeX/fonts/type1/public/amsfonts/cm/cmssi10.pfb><C:/Users/carlo/AppData/Local/Programs/MiKTeX/fonts/type1/public/amsfonts/cm/cmssi8.pfb><C:/Users/carlo/AppData/Local/Programs/MiKTeX/fonts/type1/public/amsfonts/cm/cmsy10.pfb><C:/Users/carlo/AppData/Local/Programs/MiKTeX/fonts/type1/public/amsfonts/cm/cmsy7.pfb><C:/Users/carlo/AppData/Local/Programs/MiKTeX/fonts/type1/public/amsfonts/euler/eufm10.pfb><C:/Users/carlo/AppData/Local/Programs/MiKTeX/fonts/type1/public/amsfonts/symbols/msbm10.pfb><C:/Users/carlo/AppData/Local/Programs/MiKTeX/fonts/type1/public/amsfonts/symbols/msbm7.pfb>
Output written on Presentacion.pdf (61 pages, 748055 bytes).
PDF statistics:
 2451 PDF objects out of 2487 (max. 8388607)
 129 named destinations out of 1000 (max. 500000)
 2292 words of extra memory for PDF output out of 10000 (max. 10000000)

