This is pdfTeX, Version 3.141592653-2.6-1.40.29 (MiKTeX 26.2) (preloaded format=pdflatex 2026.3.25)  7 JUN 2026 21:03
entering extended mode
 \write18 enabled.
 %&-line parsing enabled.
**./template.tex
(template.tex
LaTeX2e <2025-11-01>
L3 programming layer <2026-01-19>
(C:\Users\carlo\AppData\Local\Programs\MiKTeX\tex/latex/beamer\beamer.cls
Document Class: beamer 2026/01/22 v3.77 A class for typesetting presentations

(C:\Users\carlo\AppData\Local\Programs\MiKTeX\tex/latex/beamer\beamerbasemodes.
sty
(C:\Users\carlo\AppData\Local\Programs\MiKTeX\tex/latex/etoolbox\etoolbox.sty
Package: etoolbox 2025/10/02 v2.5m e-TeX tools for LaTeX (JAW)
\etb@tempcnta=\count275
)
\beamer@tempbox=\box53
\beamer@tempcount=\count276
\c@beamerpauses=\count277

(C:\Users\carlo\AppData\Local\Programs\MiKTeX\tex/latex/beamer\beamerbasedecode
.sty
\beamer@slideinframe=\count278
\beamer@minimum=\count279
\beamer@decode@box=\box54
)
\beamer@commentbox=\box55
\beamer@modecount=\count280
)
(C:\Users\carlo\AppData\Local\Programs\MiKTeX\tex/generic/iftex\iftex.sty
Package: iftex 2024/12/12 v1.0g TeX engine tests
)
\headdp=\dimen148
\footheight=\dimen149
\sidebarheight=\dimen150
\beamer@tempdim=\dimen151
\beamer@finalheight=\dimen152
\beamer@animht=\dimen153
\beamer@animdp=\dimen154
\beamer@animwd=\dimen155
\beamer@leftmargin=\dimen156
\beamer@rightmargin=\dimen157
\beamer@leftsidebar=\dimen158
\beamer@rightsidebar=\dimen159
\beamer@boxsize=\dimen160
\beamer@vboxoffset=\dimen161
\beamer@descdefault=\dimen162
\beamer@descriptionwidth=\dimen163
\beamer@lastskip=\skip49
\beamer@areabox=\box56
\beamer@animcurrent=\box57
\beamer@animshowbox=\box58
\beamer@sectionbox=\box59
\beamer@logobox=\box60
\beamer@linebox=\box61
\beamer@sectioncount=\count281
\beamer@subsubsectionmax=\count282
\beamer@subsectionmax=\count283
\beamer@sectionmax=\count284
\beamer@totalheads=\count285
\beamer@headcounter=\count286
\beamer@partstartpage=\count287
\beamer@sectionstartpage=\count288
\beamer@subsectionstartpage=\count289
\beamer@animationtempa=\count290
\beamer@animationtempb=\count291
\beamer@xpos=\count292
\beamer@ypos=\count293
\beamer@ypos@offset=\count294
\beamer@showpartnumber=\count295
\beamer@currentsubsection=\count296
\beamer@coveringdepth=\count297
\beamer@sectionadjust=\count298
\beamer@toclastsection=\count299
\beamer@tocsectionnumber=\count300

(C:\Users\carlo\AppData\Local\Programs\MiKTeX\tex/latex/beamer\beamerbaseoption
s.sty
(C:\Users\carlo\AppData\Local\Programs\MiKTeX\tex/latex/graphics\keyval.sty
Package: keyval 2022/05/29 v1.15 key=value parser (DPC)
\KV@toks@=\toks17
))
\beamer@paperwidth=\skip50
\beamer@paperheight=\skip51

(C:\Users\carlo\AppData\Local\Programs\MiKTeX\tex/latex/geometry\geometry.sty
Package: geometry 2026/03/07 v6.0 Page Geometry

(C:\Users\carlo\AppData\Local\Programs\MiKTeX\tex/generic/iftex\ifvtex.sty
Package: ifvtex 2019/10/25 v1.7 ifvtex legacy package. Use iftex instead.
)
\Gm@cnth=\count301
\Gm@cntv=\count302
\c@Gm@tempcnt=\count303
\Gm@bindingoffset=\dimen164
\Gm@wd@mp=\dimen165
\Gm@odd@mp=\dimen166
\Gm@even@mp=\dimen167
\Gm@layoutwidth=\dimen168
\Gm@layoutheight=\dimen169
\Gm@layouthoffset=\dimen170
\Gm@layoutvoffset=\dimen171
\Gm@dimlist=\toks18

(C:\Users\carlo\AppData\Local\Programs\MiKTeX\tex/latex/geometry\geometry.cfg))
(C:\Users\carlo\AppData\Local\Programs\MiKTeX\tex/latex/pgf/math\pgfmath.sty
(C:\Users\carlo\AppData\Local\Programs\MiKTeX\tex/latex/pgf/utilities\pgfrcs.st
y
(C:\Users\carlo\AppData\Local\Programs\MiKTeX\tex/generic/pgf/utilities\pgfutil
-common.tex
\pgfutil@everybye=\toks19
\pgfutil@tempdima=\dimen172
\pgfutil@tempdimb=\dimen173
)
(C:\Users\carlo\AppData\Local\Programs\MiKTeX\tex/generic/pgf/utilities\pgfutil
-latex.def
\pgfutil@abb=\box62
)
(C:\Users\carlo\AppData\Local\Programs\MiKTeX\tex/generic/pgf/utilities\pgfrcs.
code.tex
(C:\Users\carlo\AppData\Local\Programs\MiKTeX\tex/generic/pgf\pgf.revision.tex)
Package: pgfrcs 2025-08-29 v3.1.11a (3.1.11a)
))
(C:\Users\carlo\AppData\Local\Programs\MiKTeX\tex/latex/pgf/utilities\pgfkeys.s
ty
(C:\Users\carlo\AppData\Local\Programs\MiKTeX\tex/generic/pgf/utilities\pgfkeys
.code.tex
\pgfkeys@pathtoks=\toks20
\pgfkeys@temptoks=\toks21

(C:\Users\carlo\AppData\Local\Programs\MiKTeX\tex/generic/pgf/utilities\pgfkeys
libraryfiltered.code.tex
\pgfkeys@tmptoks=\toks22
)))
(C:\Users\carlo\AppData\Local\Programs\MiKTeX\tex/generic/pgf/math\pgfmath.code
.tex
(C:\Users\carlo\AppData\Local\Programs\MiKTeX\tex/generic/pgf/math\pgfmathutil.
code.tex
\pgf@x=\dimen174
\pgf@xa=\dimen175
\pgf@xb=\dimen176
\pgf@xc=\dimen177
\pgf@y=\dimen178
\pgf@ya=\dimen179
\pgf@yb=\dimen180
\pgf@yc=\dimen181
\c@pgf@counta=\count304
\c@pgf@countb=\count305
\c@pgf@countc=\count306
\c@pgf@countd=\count307
)
(C:\Users\carlo\AppData\Local\Programs\MiKTeX\tex/generic/pgf/math\pgfmathparse
r.code.tex
\pgfmath@dimen=\dimen182
\pgfmath@count=\count308
\pgfmath@box=\box63
\pgfmath@toks=\toks23
\pgfmath@stack@operand=\toks24
\pgfmath@stack@operation=\toks25
)
(C:\Users\carlo\AppData\Local\Programs\MiKTeX\tex/generic/pgf/math\pgfmathfunct
ions.code.tex)
(C:\Users\carlo\AppData\Local\Programs\MiKTeX\tex/generic/pgf/math\pgfmathfunct
ions.basic.code.tex)
(C:\Users\carlo\AppData\Local\Programs\MiKTeX\tex/generic/pgf/math\pgfmathfunct
ions.trigonometric.code.tex)
(C:\Users\carlo\AppData\Local\Programs\MiKTeX\tex/generic/pgf/math\pgfmathfunct
ions.random.code.tex)
(C:\Users\carlo\AppData\Local\Programs\MiKTeX\tex/generic/pgf/math\pgfmathfunct
ions.comparison.code.tex)
(C:\Users\carlo\AppData\Local\Programs\MiKTeX\tex/generic/pgf/math\pgfmathfunct
ions.base.code.tex)
(C:\Users\carlo\AppData\Local\Programs\MiKTeX\tex/generic/pgf/math\pgfmathfunct
ions.round.code.tex)
(C:\Users\carlo\AppData\Local\Programs\MiKTeX\tex/generic/pgf/math\pgfmathfunct
ions.misc.code.tex)
(C:\Users\carlo\AppData\Local\Programs\MiKTeX\tex/generic/pgf/math\pgfmathfunct
ions.integerarithmetics.code.tex)
(C:\Users\carlo\AppData\Local\Programs\MiKTeX\tex/generic/pgf/math\pgfmathcalc.
code.tex)
(C:\Users\carlo\AppData\Local\Programs\MiKTeX\tex/generic/pgf/math\pgfmathfloat
.code.tex
\c@pgfmathroundto@lastzeros=\count309
)))
(C:\Users\carlo\AppData\Local\Programs\MiKTeX\tex/latex/base\size11.clo
File: size11.clo 2025/01/22 v1.4n Standard LaTeX file (size option)
)
(C:\Users\carlo\AppData\Local\Programs\MiKTeX\tex/latex/pgf/basiclayer\pgfcore.
sty
(C:\Users\carlo\AppData\Local\Programs\MiKTeX\tex/latex/graphics\graphicx.sty
Package: graphicx 2024/12/31 v1.2e Enhanced LaTeX Graphics (DPC,SPQR)

(C:\Users\carlo\AppData\Local\Programs\MiKTeX\tex/latex/graphics\graphics.sty
Package: graphics 2024/08/06 v1.4g Standard LaTeX Graphics (DPC,SPQR)

(C:\Users\carlo\AppData\Local\Programs\MiKTeX\tex/latex/graphics\trig.sty
Package: trig 2023/12/02 v1.11 sin cos tan (DPC)
)
(C:\Users\carlo\AppData\Local\Programs\MiKTeX\tex/latex/graphics-cfg\graphics.c
fg
File: graphics.cfg 2016/06/04 v1.11 sample graphics configuration
)
Package graphics Info: Driver file: pdftex.def on input line 106.

(C:\Users\carlo\AppData\Local\Programs\MiKTeX\tex/latex/graphics-def\pdftex.def
File: pdftex.def 2025/09/29 v1.2d Graphics/color driver for pdftex
))
\Gin@req@height=\dimen183
\Gin@req@width=\dimen184
)
(C:\Users\carlo\AppData\Local\Programs\MiKTeX\tex/latex/pgf/systemlayer\pgfsys.
sty
(C:\Users\carlo\AppData\Local\Programs\MiKTeX\tex/generic/pgf/systemlayer\pgfsy
s.code.tex
Package: pgfsys 2025-08-29 v3.1.11a (3.1.11a)
\pgf@x=\dimen185
\pgf@y=\dimen186
\pgf@xa=\dimen187
\pgf@ya=\dimen188
\pgf@xb=\dimen189
\pgf@yb=\dimen190
\pgf@xc=\dimen191
\pgf@yc=\dimen192
\pgf@xd=\dimen193
\pgf@yd=\dimen194
\w@pgf@writea=\write3
\r@pgf@reada=\read2
\c@pgf@counta=\count310
\c@pgf@countb=\count311
\c@pgf@countc=\count312
\c@pgf@countd=\count313
\t@pgf@toka=\toks26
\t@pgf@tokb=\toks27
\t@pgf@tokc=\toks28
\pgf@sys@id@count=\count314

(C:\Users\carlo\AppData\Local\Programs\MiKTeX\tex/generic/pgf/systemlayer\pgf.c
fg
File: pgf.cfg 2025-08-29 v3.1.11a (3.1.11a)
)
Driver file for pgf: pgfsys-pdftex.def

(C:\Users\carlo\AppData\Local\Programs\MiKTeX\tex/generic/pgf/systemlayer\pgfsy
s-pdftex.def
File: pgfsys-pdftex.def 2025-08-29 v3.1.11a (3.1.11a)

(C:\Users\carlo\AppData\Local\Programs\MiKTeX\tex/generic/pgf/systemlayer\pgfsy
s-common-pdf.def
File: pgfsys-common-pdf.def 2025-08-29 v3.1.11a (3.1.11a)
)))
(C:\Users\carlo\AppData\Local\Programs\MiKTeX\tex/generic/pgf/systemlayer\pgfsy
ssoftpath.code.tex
File: pgfsyssoftpath.code.tex 2025-08-29 v3.1.11a (3.1.11a)
\pgfsyssoftpath@smallbuffer@items=\count315
\pgfsyssoftpath@bigbuffer@items=\count316
)
(C:\Users\carlo\AppData\Local\Programs\MiKTeX\tex/generic/pgf/systemlayer\pgfsy
sprotocol.code.tex
File: pgfsysprotocol.code.tex 2025-08-29 v3.1.11a (3.1.11a)
))
(C:\Users\carlo\AppData\Local\Programs\MiKTeX\tex/latex/xcolor\xcolor.sty
Package: xcolor 2024/09/29 v3.02 LaTeX color extensions (UK)

(C:\Users\carlo\AppData\Local\Programs\MiKTeX\tex/latex/graphics-cfg\color.cfg
File: color.cfg 2016/01/02 v1.6 sample color configuration
)
Package xcolor Info: Driver file: pdftex.def on input line 274.
(C:\Users\carlo\AppData\Local\Programs\MiKTeX\tex/latex/graphics\mathcolor.ltx)
Package xcolor Info: Model `cmy' substituted by `cmy0' on input line 1349.
Package xcolor Info: Model `hsb' substituted by `rgb' on input line 1353.
Package xcolor Info: Model `RGB' extended on input line 1365.
Package xcolor Info: Model `HTML' substituted by `rgb' on input line 1367.
Package xcolor Info: Model `Hsb' substituted by `hsb' on input line 1368.
Package xcolor Info: Model `tHsb' substituted by `hsb' on input line 1369.
Package xcolor Info: Model `HSB' substituted by `hsb' on input line 1370.
Package xcolor Info: Model `Gray' substituted by `gray' on input line 1371.
Package xcolor Info: Model `wave' substituted by `hsb' on input line 1372.
)
(C:\Users\carlo\AppData\Local\Programs\MiKTeX\tex/generic/pgf/basiclayer\pgfcor
e.code.tex
Package: pgfcore 2025-08-29 v3.1.11a (3.1.11a)

(C:\Users\carlo\AppData\Local\Programs\MiKTeX\tex/generic/pgf/math\pgfint.code.
tex)
(C:\Users\carlo\AppData\Local\Programs\MiKTeX\tex/generic/pgf/basiclayer\pgfcor
epoints.code.tex
File: pgfcorepoints.code.tex 2025-08-29 v3.1.11a (3.1.11a)
\pgf@picminx=\dimen195
\pgf@picmaxx=\dimen196
\pgf@picminy=\dimen197
\pgf@picmaxy=\dimen198
\pgf@pathminx=\dimen199
\pgf@pathmaxx=\dimen256
\pgf@pathminy=\dimen257
\pgf@pathmaxy=\dimen258
\pgf@xx=\dimen259
\pgf@xy=\dimen260
\pgf@yx=\dimen261
\pgf@yy=\dimen262
\pgf@zx=\dimen263
\pgf@zy=\dimen264
)
(C:\Users\carlo\AppData\Local\Programs\MiKTeX\tex/generic/pgf/basiclayer\pgfcor
epathconstruct.code.tex
File: pgfcorepathconstruct.code.tex 2025-08-29 v3.1.11a (3.1.11a)
\pgf@path@lastx=\dimen265
\pgf@path@lasty=\dimen266
)
(C:\Users\carlo\AppData\Local\Programs\MiKTeX\tex/generic/pgf/basiclayer\pgfcor
epathusage.code.tex
File: pgfcorepathusage.code.tex 2025-08-29 v3.1.11a (3.1.11a)
\pgf@shorten@end@additional=\dimen267
\pgf@shorten@start@additional=\dimen268
)
(C:\Users\carlo\AppData\Local\Programs\MiKTeX\tex/generic/pgf/basiclayer\pgfcor
escopes.code.tex
File: pgfcorescopes.code.tex 2025-08-29 v3.1.11a (3.1.11a)
\pgfpic=\box64
\pgf@hbox=\box65
\pgf@layerbox@main=\box66
\pgf@picture@serial@count=\count317
)
(C:\Users\carlo\AppData\Local\Programs\MiKTeX\tex/generic/pgf/basiclayer\pgfcor
egraphicstate.code.tex
File: pgfcoregraphicstate.code.tex 2025-08-29 v3.1.11a (3.1.11a)
\pgflinewidth=\dimen269
)
(C:\Users\carlo\AppData\Local\Programs\MiKTeX\tex/generic/pgf/basiclayer\pgfcor
etransformations.code.tex
File: pgfcoretransformations.code.tex 2025-08-29 v3.1.11a (3.1.11a)
\pgf@pt@x=\dimen270
\pgf@pt@y=\dimen271
\pgf@pt@temp=\dimen272
)
(C:\Users\carlo\AppData\Local\Programs\MiKTeX\tex/generic/pgf/basiclayer\pgfcor
equick.code.tex
File: pgfcorequick.code.tex 2025-08-29 v3.1.11a (3.1.11a)
)
(C:\Users\carlo\AppData\Local\Programs\MiKTeX\tex/generic/pgf/basiclayer\pgfcor
eobjects.code.tex
File: pgfcoreobjects.code.tex 2025-08-29 v3.1.11a (3.1.11a)
)
(C:\Users\carlo\AppData\Local\Programs\MiKTeX\tex/generic/pgf/basiclayer\pgfcor
epathprocessing.code.tex
File: pgfcorepathprocessing.code.tex 2025-08-29 v3.1.11a (3.1.11a)
)
(C:\Users\carlo\AppData\Local\Programs\MiKTeX\tex/generic/pgf/basiclayer\pgfcor
earrows.code.tex
File: pgfcorearrows.code.tex 2025-08-29 v3.1.11a (3.1.11a)
\pgfarrowsep=\dimen273
)
(C:\Users\carlo\AppData\Local\Programs\MiKTeX\tex/generic/pgf/basiclayer\pgfcor
eshade.code.tex
File: pgfcoreshade.code.tex 2025-08-29 v3.1.11a (3.1.11a)
\pgf@max=\dimen274
\pgf@sys@shading@range@num=\count318
\pgf@shadingcount=\count319
)
(C:\Users\carlo\AppData\Local\Programs\MiKTeX\tex/generic/pgf/basiclayer\pgfcor
eimage.code.tex
File: pgfcoreimage.code.tex 2025-08-29 v3.1.11a (3.1.11a)
)
(C:\Users\carlo\AppData\Local\Programs\MiKTeX\tex/generic/pgf/basiclayer\pgfcor
eexternal.code.tex
File: pgfcoreexternal.code.tex 2025-08-29 v3.1.11a (3.1.11a)
\pgfexternal@startupbox=\box67
)
(C:\Users\carlo\AppData\Local\Programs\MiKTeX\tex/generic/pgf/basiclayer\pgfcor
elayers.code.tex
File: pgfcorelayers.code.tex 2025-08-29 v3.1.11a (3.1.11a)
)
(C:\Users\carlo\AppData\Local\Programs\MiKTeX\tex/generic/pgf/basiclayer\pgfcor
etransparency.code.tex
File: pgfcoretransparency.code.tex 2025-08-29 v3.1.11a (3.1.11a)
)
(C:\Users\carlo\AppData\Local\Programs\MiKTeX\tex/generic/pgf/basiclayer\pgfcor
epatterns.code.tex
File: pgfcorepatterns.code.tex 2025-08-29 v3.1.11a (3.1.11a)
)
(C:\Users\carlo\AppData\Local\Programs\MiKTeX\tex/generic/pgf/basiclayer\pgfcor
erdf.code.tex
File: pgfcorerdf.code.tex 2025-08-29 v3.1.11a (3.1.11a)
)))
(C:\Users\carlo\AppData\Local\Programs\MiKTeX\tex/latex/pgf/utilities\xxcolor.s
ty
Package: xxcolor 2003/10/24 ver 0.1
\XC@nummixins=\count320
\XC@countmixins=\count321
)
(C:\Users\carlo\AppData\Local\Programs\MiKTeX\tex/latex/base\atbegshi-ltx.sty
Package: atbegshi-ltx 2021/01/10 v1.0c Emulation of the original atbegshi
package with kernel methods
)
(C:\Users\carlo\AppData\Local\Programs\MiKTeX\tex/latex/hyperref\hyperref.sty
Package: hyperref 2026-01-29 v7.01p Hypertext links for LaTeX

(C:\Users\carlo\AppData\Local\Programs\MiKTeX\tex/latex/kvsetkeys\kvsetkeys.sty
Package: kvsetkeys 2022-10-05 v1.19 Key value parser (HO)
)
(C:\Users\carlo\AppData\Local\Programs\MiKTeX\tex/generic/kvdefinekeys\kvdefine
keys.sty
Package: kvdefinekeys 2019-12-19 v1.6 Define keys (HO)
)
(C:\Users\carlo\AppData\Local\Programs\MiKTeX\tex/generic/pdfescape\pdfescape.s
ty
Package: pdfescape 2019/12/09 v1.15 Implements pdfTeX's escape features (HO)

(C:\Users\carlo\AppData\Local\Programs\MiKTeX\tex/generic/ltxcmds\ltxcmds.sty
Package: ltxcmds 2023-12-04 v1.26 LaTeX kernel commands for general use (HO)
)
(C:\Users\carlo\AppData\Local\Programs\MiKTeX\tex/generic/pdftexcmds\pdftexcmds
.sty
Package: pdftexcmds 2020-06-27 v0.33 Utility functions of pdfTeX for LuaTeX (HO
)

(C:\Users\carlo\AppData\Local\Programs\MiKTeX\tex/generic/infwarerr\infwarerr.s
ty
Package: infwarerr 2019/12/03 v1.5 Providing info/warning/error messages (HO)
)
Package pdftexcmds Info: \pdf@primitive is available.
Package pdftexcmds Info: \pdf@ifprimitive is available.
Package pdftexcmds Info: \pdfdraftmode found.
))
(C:\Users\carlo\AppData\Local\Programs\MiKTeX\tex/latex/hycolor\hycolor.sty
Package: hycolor 2020-01-27 v1.10 Color options for hyperref/bookmark (HO)
)
(C:\Users\carlo\AppData\Local\Programs\MiKTeX\tex/latex/hyperref\nameref.sty
Package: nameref 2026-01-29 v2.58 Cross-referencing by name of section

(C:\Users\carlo\AppData\Local\Programs\MiKTeX\tex/latex/refcount\refcount.sty
Package: refcount 2019/12/15 v3.6 Data extraction from label references (HO)
)
(C:\Users\carlo\AppData\Local\Programs\MiKTeX\tex/generic/gettitlestring\gettit
lestring.sty
Package: gettitlestring 2019/12/15 v1.6 Cleanup title references (HO)

(C:\Users\carlo\AppData\Local\Programs\MiKTeX\tex/latex/kvoptions\kvoptions.sty
Package: kvoptions 2022-06-15 v3.15 Key value format for package options (HO)
))
\c@section@level=\count322
)
(C:\Users\carlo\AppData\Local\Programs\MiKTeX\tex/generic/stringenc\stringenc.s
ty
Package: stringenc 2019/11/29 v1.12 Convert strings between diff. encodings (HO
)
)
\@linkdim=\dimen275
\Hy@linkcounter=\count323
\Hy@pagecounter=\count324
 (C:\Users\carlo\AppData\Local\Programs\MiKTeX\tex/latex/hyperref\pd1enc.def
File: pd1enc.def 2026-01-29 v7.01p Hyperref: PDFDocEncoding definition (HO)
Now handling font encoding PD1 ...
... no UTF-8 mapping file for font encoding PD1
) (C:\Users\carlo\AppData\Local\Programs\MiKTeX\tex/generic/intcalc\intcalc.sty
Package: intcalc 2019/12/15 v1.3 Expandable calculations with integers (HO)
)
\Hy@SavedSpaceFactor=\count325
 (C:\Users\carlo\AppData\Local\Programs\MiKTeX\tex/latex/hyperref\puenc.def
File: puenc.def 2026-01-29 v7.01p Hyperref: PDF Unicode definition (HO)
Now handling font encoding PU ...
... no UTF-8 mapping file for font encoding PU
)
Package hyperref Info: Option `bookmarks' set `true' on input line 4072.
Package hyperref Info: Option `bookmarksopen' set `true' on input line 4072.
Package hyperref Info: Option `implicit' set `false' on input line 4072.
Package hyperref Info: Hyper figures OFF on input line 4201.
Package hyperref Info: Link nesting OFF on input line 4206.
Package hyperref Info: Hyper index ON on input line 4209.
Package hyperref Info: Plain pages OFF on input line 4216.
Package hyperref Info: Backreferencing OFF on input line 4221.
Package hyperref Info: Implicit mode OFF; no redefinition of LaTeX internals.
Package hyperref Info: Bookmarks ON on input line 4468.
\c@Hy@tempcnt=\count326

(C:\Users\carlo\AppData\Local\Programs\MiKTeX\tex/latex/url\url.sty
\Urlmuskip=\muskip17
Package: url 2013/09/16  ver 3.4  Verb mode for urls, etc.
)
LaTeX Info: Redefining \url on input line 4807.
\XeTeXLinkMargin=\dimen276

(C:\Users\carlo\AppData\Local\Programs\MiKTeX\tex/generic/bitset\bitset.sty
Package: bitset 2019/12/09 v1.3 Handle bit-vector datatype (HO)

(C:\Users\carlo\AppData\Local\Programs\MiKTeX\tex/generic/bigintcalc\bigintcalc
.sty
Package: bigintcalc 2019/12/15 v1.5 Expandable calculations on big integers (HO
)
))
\Fld@menulength=\count327
\Field@Width=\dimen277
\Fld@charsize=\dimen278
Package hyperref Info: Hyper figures OFF on input line 6084.
Package hyperref Info: Link nesting OFF on input line 6089.
Package hyperref Info: Hyper index ON on input line 6092.
Package hyperref Info: backreferencing OFF on input line 6099.
Package hyperref Info: Link coloring OFF on input line 6104.
Package hyperref Info: Link coloring with OCG OFF on input line 6109.
Package hyperref Info: PDF/A mode OFF on input line 6114.
\Hy@abspage=\count328


Package hyperref Message: Stopped early.

)
Package hyperref Info: Driver (autodetected): hpdftex.
 (C:\Users\carlo\AppData\Local\Programs\MiKTeX\tex/latex/hyperref\hpdftex.def
File: hpdftex.def 2026-01-29 v7.01p Hyperref driver for pdfTeX
\Fld@listcount=\count329
\c@bookmark@seq@number=\count330

(C:\Users\carlo\AppData\Local\Programs\MiKTeX\tex/latex/rerunfilecheck\rerunfil
echeck.sty
Package: rerunfilecheck 2025-06-21 v1.11 Rerun checks for auxiliary files (HO)

(C:\Users\carlo\AppData\Local\Programs\MiKTeX\tex/generic/uniquecounter\uniquec
ounter.sty
Package: uniquecounter 2019/12/15 v1.4 Provide unlimited unique counter (HO)
)
Package uniquecounter Info: New unique counter `rerunfilecheck' on input line 2
84.
))
(C:\Users\carlo\AppData\Local\Programs\MiKTeX\tex/latex/beamer\beamerbaserequir
es.sty
(C:\Users\carlo\AppData\Local\Programs\MiKTeX\tex/latex/beamer\beamerbasecompat
ibility.sty)
(C:\Users\carlo\AppData\Local\Programs\MiKTeX\tex/latex/beamer\beamerbasefont.s
ty (C:\Users\carlo\AppData\Local\Programs\MiKTeX\tex/latex/amsfonts\amssymb.sty
Package: amssymb 2013/01/14 v3.01 AMS font symbols
(C:\Users\carlo\AppData\Local\Programs\MiKTeX\tex/latex/amsfonts\amsfonts.sty
Package: amsfonts 2013/01/14 v3.01 Basic AMSFonts support
\@emptytoks=\toks29
\symAMSa=\mathgroup4
\symAMSb=\mathgroup5
LaTeX Font Info:    Redeclaring math symbol \hbar on input line 98.
LaTeX Font Info:    Overwriting math alphabet `\mathfrak' in version `bold'
(Font)                  U/euf/m/n --> U/euf/b/n on input line 106.
))
(C:\Users\carlo\AppData\Local\Programs\MiKTeX\tex/latex/sansmathaccent\sansmath
accent.sty
Package: sansmathaccent 2020/01/31

(C:\Users\carlo\AppData\Local\Programs\MiKTeX\tex/latex/koma-script\scrlfile.st
y
Package: scrlfile 2026/02/02 v3.49.2 KOMA-Script package (file load hooks)

(C:\Users\carlo\AppData\Local\Programs\MiKTeX\tex/latex/koma-script\scrlfile-ho
ok.sty
Package: scrlfile-hook 2026/02/02 v3.49.2 KOMA-Script package (using LaTeX hook
s)

(C:\Users\carlo\AppData\Local\Programs\MiKTeX\tex/latex/koma-script\scrlogo.sty
Package: scrlogo 2026/02/02 v3.49.2 KOMA-Script package (logo)
)))))
(C:\Users\carlo\AppData\Local\Programs\MiKTeX\tex/latex/beamer\beamerbasetransl
ator.sty
(C:\Users\carlo\AppData\Local\Programs\MiKTeX\tex/latex/translator\translator.s
ty
Package: translator 2021-05-31 v1.12d Easy translation of strings in LaTeX
))
(C:\Users\carlo\AppData\Local\Programs\MiKTeX\tex/latex/beamer\beamerbasemisc.s
ty)
(C:\Users\carlo\AppData\Local\Programs\MiKTeX\tex/latex/beamer\beamerbasetwoscr
eens.sty)
(C:\Users\carlo\AppData\Local\Programs\MiKTeX\tex/latex/beamer\beamerbaseoverla
y.sty
\beamer@argscount=\count331
\beamer@lastskipcover=\skip52
\beamer@trivlistdepth=\count332
)
(C:\Users\carlo\AppData\Local\Programs\MiKTeX\tex/latex/beamer\beamerbasetitle.
sty)
(C:\Users\carlo\AppData\Local\Programs\MiKTeX\tex/latex/beamer\beamerbasesectio
n.sty
\c@lecture=\count333
\c@part=\count334
\c@section=\count335
\c@subsection=\count336
\c@subsubsection=\count337
)
(C:\Users\carlo\AppData\Local\Programs\MiKTeX\tex/latex/beamer\beamerbaseframe.
sty
\beamer@framebox=\box68
\beamer@frametitlebox=\box69
\beamer@zoombox=\box70
\beamer@zoomcount=\count338
\beamer@zoomframecount=\count339
\beamer@frametextheight=\dimen279
\c@subsectionslide=\count340
\beamer@frametopskip=\skip53
\beamer@framebottomskip=\skip54
\beamer@frametopskipautobreak=\skip55
\beamer@framebottomskipautobreak=\skip56
\beamer@envbody=\toks30
\framewidth=\dimen280
\c@framenumber=\count341
)
(C:\Users\carlo\AppData\Local\Programs\MiKTeX\tex/latex/beamer\beamerbaseverbat
im.sty
\beamer@verbatimfileout=\write4
)
(C:\Users\carlo\AppData\Local\Programs\MiKTeX\tex/latex/beamer\beamerbaseframes
ize.sty
\beamer@splitbox=\box71
\beamer@autobreakcount=\count342
\beamer@autobreaklastheight=\dimen281
\beamer@frametitletoks=\toks31
\beamer@framesubtitletoks=\toks32
)
(C:\Users\carlo\AppData\Local\Programs\MiKTeX\tex/latex/beamer\beamerbaseframec
omponents.sty
\beamer@colheight=\skip57
\beamer@footins=\box72
)
(C:\Users\carlo\AppData\Local\Programs\MiKTeX\tex/latex/beamer\beamerbasecolor.
sty)
(C:\Users\carlo\AppData\Local\Programs\MiKTeX\tex/latex/beamer\beamerbasenotes.
sty
\beamer@frameboxcopy=\box73
)
(C:\Users\carlo\AppData\Local\Programs\MiKTeX\tex/latex/beamer\beamerbasetoc.st
y)
(C:\Users\carlo\AppData\Local\Programs\MiKTeX\tex/latex/beamer\beamerbasetempla
tes.sty
\beamer@sbttoks=\toks33

(C:\Users\carlo\AppData\Local\Programs\MiKTeX\tex/latex/beamer\beamerbaseauxtem
plates.sty
(C:\Users\carlo\AppData\Local\Programs\MiKTeX\tex/latex/beamer\beamerbaseboxes.
sty
\bmb@box=\box74
\bmb@colorbox=\box75
\bmb@boxwidth=\dimen282
\bmb@boxheight=\dimen283
\bmb@prevheight=\dimen284
\bmb@temp=\dimen285
\bmb@dima=\dimen286
\bmb@dimb=\dimen287
\bmb@prevheight=\dimen288
)
\beamer@blockheadheight=\dimen289
))
(C:\Users\carlo\AppData\Local\Programs\MiKTeX\tex/latex/beamer\beamerbaselocals
tructure.sty
(C:\Users\carlo\AppData\Local\Programs\MiKTeX\tex/latex/tools\enumerate.sty
Package: enumerate 2023/07/04 v3.00 enumerate extensions (DPC)
\@enLab=\toks34
)
\beamer@bibiconwidth=\skip58
\c@figure=\count343
\c@table=\count344
\abovecaptionskip=\skip59
\belowcaptionskip=\skip60
)
(C:\Users\carlo\AppData\Local\Programs\MiKTeX\tex/latex/beamer\beamerbasenaviga
tion.sty
(C:\Users\carlo\AppData\Local\Programs\MiKTeX\tex/latex/beamer\beamerbasenaviga
tionsymbols.tex)
\beamer@section@min@dim=\dimen290
)
(C:\Users\carlo\AppData\Local\Programs\MiKTeX\tex/latex/beamer\beamerbasetheore
ms.sty
(C:\Users\carlo\AppData\Local\Programs\MiKTeX\tex/latex/amsmath\amsmath.sty
Package: amsmath 2025/07/09 v2.17z AMS math features
\@mathmargin=\skip61

For additional information on amsmath, use the `?' option.
(C:\Users\carlo\AppData\Local\Programs\MiKTeX\tex/latex/amsmath\amstext.sty
Package: amstext 2024/11/17 v2.01 AMS text

(C:\Users\carlo\AppData\Local\Programs\MiKTeX\tex/latex/amsmath\amsgen.sty
File: amsgen.sty 1999/11/30 v2.0 generic functions
\@emptytoks=\toks35
\ex@=\dimen291
))
(C:\Users\carlo\AppData\Local\Programs\MiKTeX\tex/latex/amsmath\amsbsy.sty
Package: amsbsy 1999/11/29 v1.2d Bold Symbols
\pmbraise@=\dimen292
)
(C:\Users\carlo\AppData\Local\Programs\MiKTeX\tex/latex/amsmath\amsopn.sty
Package: amsopn 2022/04/08 v2.04 operator names
)
\inf@bad=\count345
LaTeX Info: Redefining \frac on input line 233.
\uproot@=\count346
\leftroot@=\count347
LaTeX Info: Redefining \overline on input line 398.
LaTeX Info: Redefining \colon on input line 409.
\classnum@=\count348
\DOTSCASE@=\count349
LaTeX Info: Redefining \ldots on input line 495.
LaTeX Info: Redefining \dots on input line 498.
LaTeX Info: Redefining \cdots on input line 619.
\Mathstrutbox@=\box76
\strutbox@=\box77
LaTeX Info: Redefining \big on input line 721.
LaTeX Info: Redefining \Big on input line 722.
LaTeX Info: Redefining \bigg on input line 723.
LaTeX Info: Redefining \Bigg on input line 724.
\big@size=\dimen293
LaTeX Font Info:    Redeclaring font encoding OML on input line 742.
LaTeX Font Info:    Redeclaring font encoding OMS on input line 743.
\macc@depth=\count350
LaTeX Info: Redefining \bmod on input line 904.
LaTeX Info: Redefining \pmod on input line 909.
LaTeX Info: Redefining \smash on input line 939.
LaTeX Info: Redefining \relbar on input line 969.
LaTeX Info: Redefining \Relbar on input line 970.
\c@MaxMatrixCols=\count351
\dotsspace@=\muskip18
\c@parentequation=\count352
\dspbrk@lvl=\count353
\tag@help=\toks36
\row@=\count354
\column@=\count355
\maxfields@=\count356
\andhelp@=\toks37
\eqnshift@=\dimen294
\alignsep@=\dimen295
\tagshift@=\dimen296
\tagwidth@=\dimen297
\totwidth@=\dimen298
\lineht@=\dimen299
\@envbody=\toks38
\multlinegap=\skip62
\multlinetaggap=\skip63
\mathdisplay@stack=\toks39
LaTeX Info: Redefining \[ on input line 2950.
LaTeX Info: Redefining \] on input line 2951.
)
(C:\Users\carlo\AppData\Local\Programs\MiKTeX\tex/latex/amscls\amsthm.sty
Package: amsthm 2020/05/29 v2.20.6
\thm@style=\toks40
\thm@bodyfont=\toks41
\thm@headfont=\toks42
\thm@notefont=\toks43
\thm@headpunct=\toks44
\thm@preskip=\skip64
\thm@postskip=\skip65
\thm@headsep=\skip66
\dth@everypar=\toks45
)
\c@theorem=\count357
)
(C:\Users\carlo\AppData\Local\Programs\MiKTeX\tex/latex/beamer\beamerbasethemes
.sty))
(C:\Users\carlo\AppData\Local\Programs\MiKTeX\tex/latex/beamer\beamerthemedefau
lt.sty
(C:\Users\carlo\AppData\Local\Programs\MiKTeX\tex/latex/beamer\beamerfontthemed
efault.sty)
(C:\Users\carlo\AppData\Local\Programs\MiKTeX\tex/latex/beamer\beamercolortheme
default.sty)
(C:\Users\carlo\AppData\Local\Programs\MiKTeX\tex/latex/beamer\beamerinnertheme
default.sty
\beamer@dima=\dimen300
\beamer@dimb=\dimen301
)
(C:\Users\carlo\AppData\Local\Programs\MiKTeX\tex/latex/beamer\beameroutertheme
default.sty)))
(C:\Users\carlo\AppData\Local\Programs\MiKTeX\tex/generic/babel\babel.sty
Package: babel 2026/03/08 v26.4 The multilingual framework for LuaLaTeX, pdfLaT
eX and XeLaTeX
\babel@savecnt=\count358
LaTeX Encoding Info:    Redeclaring text command \ij (encoding OT1) on input li
ne 2078.
LaTeX Encoding Info:    Redeclaring text command \IJ (encoding OT1) on input li
ne 2080.
LaTeX Encoding Info:    Redeclaring text command \ij (encoding T1) on input lin
e 2082.
LaTeX Encoding Info:    Redeclaring text command \IJ (encoding T1) on input lin
e 2083.
LaTeX Encoding Info:    Ignoring declaration for text command \ij (encoding ?) 
on input line 2084.
LaTeX Encoding Info:    Ignoring declaration for text command \IJ (encoding ?) 
on input line 2086.
LaTeX Encoding Info:    Ignoring declaration for text command \SS (encoding ?) 
on input line 2111.
\U@D=\dimen302
\l@unhyphenated=\language79

(C:\Users\carlo\AppData\Local\Programs\MiKTeX\tex/generic/babel\txtbabel.def)
\bbl@readstream=\read3
LaTeX Info: Redefining \textlatin on input line 3974.
\bbl@dirlevel=\count359
Package babel Info: Configuration files are deprecated, as
(babel)             they can break document portability.
(babel)             Reported on input line 4206.

*************************************
* Local config file bblopts.cfg used
*
(C:\Users\carlo\AppData\Local\Programs\MiKTeX\tex/latex/arabi\bblopts.cfg
File: bblopts.cfg 2005/09/08 v0.1 add Arabic and Farsi to "declared" options of
 babel
)
(C:\Users\carlo\AppData\Local\Programs\MiKTeX\tex/generic/babel/locale/en\babel
-english.tex)
(C:\Users\carlo\AppData\Local\Programs\MiKTeX\tex/generic/babel/locale/es\babel
-spanish.tex)
Package babel Info: Importing font and identification data for english
(babel)             from babel-en.ini. Reported on input line 4330.

(C:\Users\carlo\AppData\Local\Programs\MiKTeX\tex/latex/babel-english\english.l
df
Language: english 2017/06/06 v3.3r English support from the babel system
Package babel Info: Hyphen rules for 'canadian' set to \l@english
(babel)             (\language0). Reported on input line 102.
Package babel Info: Hyphen rules for 'australian' set to \l@ukenglish
(babel)             (\language73). Reported on input line 105.
Package babel Info: Hyphen rules for 'newzealand' set to \l@ukenglish
(babel)             (\language73). Reported on input line 108.
)
Package babel Info: Importing font and identification data for spanish
(babel)             from babel-es.ini. Reported on input line 4330.

(C:\Users\carlo\AppData\Local\Programs\MiKTeX\tex/latex/babel-spanish\spanish.l
df
Language: spanish.ldf 2021/05/27 v5.0q Spanish support from the babel system
\es@quottoks=\toks46
\es@quotdepth=\count360
Package babel Info: Making " an active character on input line 570.
Package babel Info: Making . an active character on input line 675.
Package babel Info: Making < an active character on input line 722.
Package babel Info: Making > an active character on input line 722.
Package babel Info: Making ' an active character on input line 740.
))
LaTeX Encoding Info:    Redeclaring text command \guillemotleft (encoding OT1) 
on input line 29.
LaTeX Encoding Info:    Redeclaring text command \guillemotright (encoding OT1)
 on input line 29.

(C:\Users\carlo\AppData\Local\Programs\MiKTeX\tex/latex/comment\comment.sty
\CommentStream=\write5

Excluding comment 'comment')
(C:\Users\carlo\AppData\Local\Programs\MiKTeX\tex/latex/graphics\epsfig.sty
Package: epsfig 2024/01/14 v1.7b (e)psfig emulation (SPQR)
\epsfxsize=\dimen303
\epsfysize=\dimen304
)
(C:\Users\carlo\AppData\Local\Programs\MiKTeX\tex/latex/base\inputenc.sty
Package: inputenc 2024/02/08 v1.3d Input encoding file
\inpenc@prehook=\toks47
\inpenc@posthook=\toks48
)
(C:\Users\carlo\AppData\Local\Programs\MiKTeX\tex/latex/booktabs\booktabs.sty
Package: booktabs 2020/01/12 v1.61803398 Publication quality tables
\heavyrulewidth=\dimen305
\lightrulewidth=\dimen306
\cmidrulewidth=\dimen307
\belowrulesep=\dimen308
\belowbottomsep=\dimen309
\aboverulesep=\dimen310
\abovetopsep=\dimen311
\cmidrulesep=\dimen312
\cmidrulekern=\dimen313
\defaultaddspace=\dimen314
\@cmidla=\count361
\@cmidlb=\count362
\@aboverulesep=\dimen315
\@belowrulesep=\dimen316
\@thisruleclass=\count363
\@lastruleclass=\count364
\@thisrulewidth=\dimen317
)
(C:\Users\carlo\AppData\Local\Programs\MiKTeX\tex/latex/graphics\dvipsnam.def
File: dvipsnam.def 2016/06/17 v3.0m Driver-dependent file (DPC,SPQR)
)
(C:\Users\carlo\AppData\Local\Programs\MiKTeX\tex/latex/colortbl\colortbl.sty
Package: colortbl 2024/10/29 v1.0k Color table columns (DPC)

(C:\Users\carlo\AppData\Local\Programs\MiKTeX\tex/latex/tools\array.sty
Package: array 2025/09/25 v2.6n Tabular extension package (FMi)
\col@sep=\dimen318
\ar@mcellbox=\box78
\extrarowheight=\dimen319
\NC@list=\toks49
\extratabsurround=\skip67
\backup@length=\skip68
\ar@cellbox=\box79
)
\everycr=\toks50
\minrowclearance=\skip69
\rownum=\count365
)

LaTeX Warning: Package "xcolor" has already been loaded: ignoring load-time
(LaTeX)        option "xcdraw".

(C:\Users\carlo\AppData\Local\Programs\MiKTeX\tex/latex/natbib\natbib.sty
Package: natbib 2010/09/13 8.31b (PWD, AO)
\bibhang=\skip70
\bibsep=\skip71
LaTeX Info: Redefining \cite on input line 694.
\c@NAT@ctr=\count366
)
(C:\Users\carlo\AppData\Local\Programs\MiKTeX\tex/latex/svg\svg.sty
Package: svg 2020/11/26 v2.02k (include SVG pictures)

(C:\Users\carlo\AppData\Local\Programs\MiKTeX\tex/latex/koma-script\scrbase.sty
Package: scrbase 2026/02/02 v3.49.2 KOMA-Script package (KOMA-Script-independen
t basics and keyval usage)
Applying: [2021/05/01] Usage of raw or classic option list on input line 254.
Already applied: [0000/00/00] Usage of raw or classic option list on input line
 370.
)
(C:\Users\carlo\AppData\Local\Programs\MiKTeX\tex/latex/trimspaces\trimspaces.s
ty
Package: trimspaces 2009/09/17 v1.1 Trim spaces around a token list
) (C:\Users\carlo\AppData\Local\Programs\MiKTeX\tex/latex/tools\shellesc.sty
Package: shellesc 2023/07/08 v1.0d unified shell escape interface for LaTeX
Package shellesc Info: Unrestricted shell escape enabled on input line 75.
)
(C:\Users\carlo\AppData\Local\Programs\MiKTeX\tex/latex/ifplatform\ifplatform.s
ty
Package: ifplatform 2017/10/13 v0.4a Testing for the operating system

(C:\Users\carlo\AppData\Local\Programs\MiKTeX\tex/generic/catchfile\catchfile.s
ty
Package: catchfile 2019/12/09 v1.8 Catch the contents of a file (HO)

(C:\Users\carlo\AppData\Local\Programs\MiKTeX\tex/generic/etexcmds\etexcmds.sty
Package: etexcmds 2019/12/15 v1.7 Avoid name clashes with e-TeX commands (HO)
)) (C:\Users\carlo\AppData\Local\Programs\MiKTeX\tex/generic/iftex\ifluatex.sty
Package: ifluatex 2019/10/25 v1.5 ifluatex legacy package. Use iftex instead.
))
\c@svg@param@lastpage=\count367
\svg@box=\box80
\c@svg@param@currpage=\count368
)
(C:\Users\carlo\AppData\Local\Programs\MiKTeX\tex/latex/transparent\transparent
.sty
Package: transparent 2025-06-23 v1.6 Transparency with color stacks

(C:\Users\carlo\AppData\Local\Programs\MiKTeX\tex/latex/transparent\transparent
-nometadata.sty
Package: transparent-nometadata 2025-06-23 v1.6 Transparency via pdfTeX's color
 stack (HO)

(C:\Users\carlo\AppData\Local\Programs\MiKTeX\tex/latex/auxhook\auxhook.sty
Package: auxhook 2019-12-17 v1.6 Hooks for auxiliary files (HO)
)))
(C:\Users\carlo\AppData\Local\Programs\MiKTeX\tex/latex/caption\subcaption.sty
Package: subcaption 2023/07/28 v1.6b Sub-captions (AR)

(C:\Users\carlo\AppData\Local\Programs\MiKTeX\tex/latex/caption\caption.sty
Package: caption 2023/08/05 v3.6o Customizing captions (AR)

(C:\Users\carlo\AppData\Local\Programs\MiKTeX\tex/latex/caption\caption3.sty
Package: caption3 2023/07/31 v2.4d caption3 kernel (AR)
\caption@tempdima=\dimen320
\captionmargin=\dimen321
\caption@leftmargin=\dimen322
\caption@rightmargin=\dimen323
\caption@width=\dimen324
\caption@indent=\dimen325
\caption@parindent=\dimen326
\caption@hangindent=\dimen327
Package caption Info: beamer document class detected.

(C:\Users\carlo\AppData\Local\Programs\MiKTeX\tex/latex/caption\caption-beamer.
sto
File: caption-beamer.sto 2022/01/06 v2.0c Adaption of the caption package to th
e beamer document classes (AR)
))
\c@caption@flags=\count369
\c@continuedfloat=\count370
Package caption Info: hyperref package is loaded.
Package caption Info: Hyperref support is turned off
(caption)             because hyperref has stopped early.
)
Package caption Info: New subtype `subfigure' on input line 238.
\c@subfigure=\count371
Package caption Info: New subtype `subtable' on input line 238.
\c@subtable=\count372
) (C:\Users\carlo\AppData\Local\Programs\MiKTeX\tex/latex/float\float.sty
Package: float 2001/11/08 v1.3d Float enhancements (AL)
\c@float@type=\count373
\float@exts=\toks51
\float@box=\box81
\@float@everytoks=\toks52
\@floatcapt=\box82
) (C:\Users\carlo\AppData\Local\Programs\MiKTeX\tex/latex/listings\listings.sty
\lst@mode=\count374
\lst@gtempboxa=\box83
\lst@token=\toks53
\lst@length=\count375
\lst@currlwidth=\dimen328
\lst@column=\count376
\lst@pos=\count377
\lst@lostspace=\dimen329
\lst@width=\dimen330
\lst@newlines=\count378
\lst@lineno=\count379
\lst@maxwidth=\dimen331
(C:\Users\carlo\AppData\Local\Programs\MiKTeX\tex/latex/listings\lstpatch.sty
File: lstpatch.sty 2025/11/14 1.11b (Carsten Heinz)
)
(C:\Users\carlo\AppData\Local\Programs\MiKTeX\tex/latex/listings\lstmisc.sty
File: lstmisc.sty 2025/11/14 1.11b (Carsten Heinz)
\c@lstnumber=\count380
\lst@skipnumbers=\count381
\lst@framebox=\box84
)
(C:\Users\carlo\AppData\Local\Programs\MiKTeX\tex/latex/listings\listings.cfg
File: listings.cfg 2025/11/14 1.11b listings configuration
))
Package: listings 2025/11/14 1.11b (Carsten Heinz)
==> First Aid for listings.sty no longer applied!
    Expected:
        2024/09/23 1.10c (Carsten Heinz)
    but found:
        2025/11/14 1.11b (Carsten Heinz)
    so I'm assuming it got fixed.

(C:\Users\carlo\AppData\Local\Programs\MiKTeX\tex/latex/listingsutf8\listingsut
f8.sty
Package: listingsutf8 2019-12-10 v1.5 Allow UTF-8 in listings input (HO)
)
(C:\Users\carlo\AppData\Local\Programs\MiKTeX\tex/latex/pgf/frontendlayer\tikz.
sty
(C:\Users\carlo\AppData\Local\Programs\MiKTeX\tex/latex/pgf/basiclayer\pgf.sty
Package: pgf 2025-08-29 v3.1.11a (3.1.11a)

(C:\Users\carlo\AppData\Local\Programs\MiKTeX\tex/generic/pgf/modules\pgfmodule
shapes.code.tex
File: pgfmoduleshapes.code.tex 2025-08-29 v3.1.11a (3.1.11a)
\pgfnodeparttextbox=\box85
)
(C:\Users\carlo\AppData\Local\Programs\MiKTeX\tex/generic/pgf/modules\pgfmodule
plot.code.tex
File: pgfmoduleplot.code.tex 2025-08-29 v3.1.11a (3.1.11a)
)
(C:\Users\carlo\AppData\Local\Programs\MiKTeX\tex/latex/pgf/compatibility\pgfco
mp-version-0-65.sty
Package: pgfcomp-version-0-65 2025-08-29 v3.1.11a (3.1.11a)
\pgf@nodesepstart=\dimen332
\pgf@nodesepend=\dimen333
)
(C:\Users\carlo\AppData\Local\Programs\MiKTeX\tex/latex/pgf/compatibility\pgfco
mp-version-1-18.sty
Package: pgfcomp-version-1-18 2025-08-29 v3.1.11a (3.1.11a)
))
(C:\Users\carlo\AppData\Local\Programs\MiKTeX\tex/latex/pgf/utilities\pgffor.st
y
(C:\Users\carlo\AppData\Local\Programs\MiKTeX\tex/generic/pgf/utilities\pgffor.
code.tex
Package: pgffor 2025-08-29 v3.1.11a (3.1.11a)
\pgffor@iter=\dimen334
\pgffor@skip=\dimen335
\pgffor@stack=\toks54
\pgffor@toks=\toks55
))
(C:\Users\carlo\AppData\Local\Programs\MiKTeX\tex/generic/pgf/frontendlayer/tik
z\tikz.code.tex
Package: tikz 2025-08-29 v3.1.11a (3.1.11a)

(C:\Users\carlo\AppData\Local\Programs\MiKTeX\tex/generic/pgf/libraries\pgflibr
aryplothandlers.code.tex
File: pgflibraryplothandlers.code.tex 2025-08-29 v3.1.11a (3.1.11a)
\pgf@plot@mark@count=\count382
\pgfplotmarksize=\dimen336
)
\tikz@lastx=\dimen337
\tikz@lasty=\dimen338
\tikz@lastxsaved=\dimen339
\tikz@lastysaved=\dimen340
\tikz@lastmovetox=\dimen341
\tikz@lastmovetoy=\dimen342
\tikzleveldistance=\dimen343
\tikzsiblingdistance=\dimen344
\tikz@figbox=\box86
\tikz@figbox@bg=\box87
\tikz@tempbox=\box88
\tikz@tempbox@bg=\box89
\tikztreelevel=\count383
\tikznumberofchildren=\count384
\tikznumberofcurrentchild=\count385
\tikz@fig@count=\count386

(C:\Users\carlo\AppData\Local\Programs\MiKTeX\tex/generic/pgf/modules\pgfmodule
matrix.code.tex
File: pgfmodulematrix.code.tex 2025-08-29 v3.1.11a (3.1.11a)
\pgfmatrixcurrentrow=\count387
\pgfmatrixcurrentcolumn=\count388
\pgf@matrix@numberofcolumns=\count389
)
\tikz@expandcount=\count390

(C:\Users\carlo\AppData\Local\Programs\MiKTeX\tex/generic/pgf/frontendlayer/tik
z/libraries\tikzlibrarytopaths.code.tex
File: tikzlibrarytopaths.code.tex 2025-08-29 v3.1.11a (3.1.11a)
)))
(C:\Users\carlo\AppData\Local\Programs\MiKTeX\tex/generic/pgf/libraries\pgflibr
aryarrows.meta.code.tex
File: pgflibraryarrows.meta.code.tex 2025-08-29 v3.1.11a (3.1.11a)
\pgfarrowinset=\dimen345
\pgfarrowlength=\dimen346
\pgfarrowwidth=\dimen347
\pgfarrowlinewidth=\dimen348
)
(C:\Users\carlo\AppData\Local\Programs\MiKTeX\tex/latex/base\fontenc.sty
Package: fontenc 2025/07/18 v2.1d Standard LaTeX package
)
(C:\Users\carlo\AppData\Local\Programs\MiKTeX\tex/latex/minted\minted.sty
Package: minted 2026/03/03 v3.8.0 Yet another Pygments shim for LaTeX

(C:\Users\carlo\AppData\Local\Programs\MiKTeX\tex/latex/fvextra\fvextra.sty
Package: fvextra 2026/02/25 v1.14.0 fvextra - extensions and patches for fancyv
rb

(C:\Users\carlo\AppData\Local\Programs\MiKTeX\tex/latex/fancyvrb\fancyvrb.sty
Package: fancyvrb 2025/07/28 4.6 verbatim text (tvz,hv)
\FV@CodeLineNo=\count391
\FV@InFile=\read4
\FV@TabBox=\box90
\c@FancyVerbLine=\count392
\FV@StepNumber=\count393
\FV@OutFile=\write6
)
(C:\Users\carlo\AppData\Local\Programs\MiKTeX\tex/latex/upquote\upquote.sty
Package: upquote 2012/04/19 v1.3 upright-quote and grave-accent glyphs in verba
tim

(C:\Users\carlo\AppData\Local\Programs\MiKTeX\tex/latex/base\textcomp.sty
Package: textcomp 2024/04/24 v2.1b Standard LaTeX package
))
(C:\Users\carlo\AppData\Local\Programs\MiKTeX\tex/latex/lineno\lineno.sty
Package: lineno 2026/03/08 line numbers on paragraphs v5.9
\linenopenalty=\count394
\output=\toks56
\linenoprevgraf=\count395
\linenumbersep=\dimen349
\linenumberwidth=\dimen350
\c@linenumber=\count396
\c@pagewiselinenumber=\count397
\c@LN@truepage=\count398
\c@internallinenumber=\count399
\c@internallinenumbers=\count400
\quotelinenumbersep=\dimen351
\bframerule=\dimen352
\bframesep=\dimen353
\bframebox=\box91
\@LN@amsmath@ams@eqpen=\count401
)
\c@FancyVerbWriteLine=\count402
\c@FancyVerbBufferLine=\count403
\c@FV@TrueTabGroupLevel=\count404
\c@FV@TrueTabCounter=\count405
\FV@TabBox@Group=\box92
\FV@bgcolorstructbox=\box93
\FV@TmpLength=\skip72
\c@FV@HighlightLinesStart=\count406
\c@FV@HighlightLinesStop=\count407
\FV@LoopCount=\count408
\FV@NCharsBox=\box94
\FV@BreakIndent=\dimen354
\FV@BreakIndentNChars=\count409
\FV@BreakSymbolSepLeft=\dimen355
\FV@BreakSymbolSepLeftNChars=\count410
\FV@BreakSymbolSepRight=\dimen356
\FV@BreakSymbolSepRightNChars=\count411
\FV@BreakSymbolIndentLeft=\dimen357
\FV@BreakSymbolIndentLeftNChars=\count412
\FV@BreakSymbolIndentRight=\dimen358
\FV@BreakSymbolIndentRightNChars=\count413
\c@FancyVerbLineBreakLast=\count414
\FV@LineBox=\box95
\FV@LineIndentBox=\box96
\c@FV@BreakBufferDepth=\count415
\FV@LineWidth=\dimen359
)
(C:\Users\carlo\AppData\Local\Programs\MiKTeX\tex/latex/latex2pydata\latex2pyda
ta.sty
Package: latex2pydata 2026/02/25 v0.7.0 latex2pydata - write data to file in Py
thon literal format
)
(C:\Users\carlo\AppData\Local\Programs\MiKTeX\tex/latex/pgfopts\pgfopts.sty
Package: pgfopts 2014/07/10 v2.1a LaTeX package options with pgfkeys
\pgfopts@list@add@a@toks=\toks57
\pgfopts@list@add@b@toks=\toks58
)
\c@minted@FancyVerbLineTemp=\count416
\@float@every@listing=\toks59
\c@listing=\count417
)
(C:\Users\carlo\AppData\Local\Programs\MiKTeX\tex/latex/psnfss\mathptmx.sty
Package: mathptmx 2020/03/25 PSNFSS-v9.3 Times w/ Math, improved (SPQR, WaS) 
LaTeX Font Info:    Redeclaring symbol font `operators' on input line 28.
LaTeX Font Info:    Overwriting symbol font `operators' in version `normal'
(Font)                  OT1/cmr/m/n --> OT1/ztmcm/m/n on input line 28.
LaTeX Font Info:    Overwriting symbol font `operators' in version `bold'
(Font)                  OT1/cmr/bx/n --> OT1/ztmcm/m/n on input line 28.
LaTeX Font Info:    Redeclaring symbol font `letters' on input line 29.
LaTeX Font Info:    Overwriting symbol font `letters' in version `normal'
(Font)                  OML/cmm/m/it --> OML/ztmcm/m/it on input line 29.
LaTeX Font Info:    Overwriting symbol font `letters' in version `bold'
(Font)                  OML/cmm/b/it --> OML/ztmcm/m/it on input line 29.
LaTeX Font Info:    Redeclaring symbol font `symbols' on input line 30.
LaTeX Font Info:    Overwriting symbol font `symbols' in version `normal'
(Font)                  OMS/cmsy/m/n --> OMS/ztmcm/m/n on input line 30.
LaTeX Font Info:    Overwriting symbol font `symbols' in version `bold'
(Font)                  OMS/cmsy/b/n --> OMS/ztmcm/m/n on input line 30.
LaTeX Font Info:    Redeclaring symbol font `largesymbols' on input line 31.
LaTeX Font Info:    Overwriting symbol font `largesymbols' in version `normal'
(Font)                  OMX/cmex/m/n --> OMX/ztmcm/m/n on input line 31.
LaTeX Font Info:    Overwriting symbol font `largesymbols' in version `bold'
(Font)                  OMX/cmex/m/n --> OMX/ztmcm/m/n on input line 31.
\symbold=\mathgroup6
\symitalic=\mathgroup7
LaTeX Font Info:    Redeclaring math alphabet \mathbf on input line 34.
LaTeX Font Info:    Overwriting math alphabet `\mathbf' in version `normal'
(Font)                  OT1/cmr/bx/n --> OT1/ptm/bx/n on input line 34.
LaTeX Font Info:    Overwriting math alphabet `\mathbf' in version `bold'
(Font)                  OT1/cmr/bx/n --> OT1/ptm/bx/n on input line 34.
LaTeX Font Info:    Redeclaring math alphabet \mathit on input line 35.
LaTeX Font Info:    Overwriting math alphabet `\mathit' in version `normal'
(Font)                  OT1/cmr/m/it --> OT1/ptm/m/it on input line 35.
LaTeX Font Info:    Overwriting math alphabet `\mathit' in version `bold'
(Font)                  OT1/cmr/bx/it --> OT1/ptm/m/it on input line 35.
LaTeX Info: Redefining \hbar on input line 50.
)
(C:\Users\carlo\AppData\Local\Programs\MiKTeX\tex/generic/pgf/frontendlayer/tik
z/libraries\tikzlibrarybabel.code.tex
File: tikzlibrarybabel.code.tex 2025-08-29 v3.1.11a (3.1.11a)
)
(C:\Users\carlo\AppData\Local\Programs\MiKTeX\tex/latex/textpos\textpos.sty
Package: textpos 2022/07/23 v1.10.1
Package textpos Info: choosing support for LaTeX3 on input line 60.
\TP@textbox=\box97
\TP@holdbox=\box98
\TPHorizModule=\dimen360
\TPVertModule=\dimen361
\TP@margin=\dimen362
\TP@absmargin=\dimen363

Grid set 16 x 16 = 22.7622pt x 17.07166pt
\TPboxrulesize=\dimen364
\TP@ox=\dimen365
\TP@oy=\dimen366
\TP@tbargs=\toks60
TextBlockOrigin set to 0pt x 0pt
)
(C:\Users\carlo\AppData\Local\Programs\MiKTeX\tex/latex/beamer\beamerthemeFrank
furt.sty
(C:\Users\carlo\AppData\Local\Programs\MiKTeX\tex/latex/beamer\beameroutertheme
smoothbars.sty)
(C:\Users\carlo\AppData\Local\Programs\MiKTeX\tex/latex/beamer\beamerinnertheme
rounded.sty)
(C:\Users\carlo\AppData\Local\Programs\MiKTeX\tex/latex/beamer\beamercolortheme
orchid.sty)
(C:\Users\carlo\AppData\Local\Programs\MiKTeX\tex/latex/beamer\beamercolortheme
whale.sty))
(C:\Users\carlo\AppData\Local\Programs\MiKTeX\tex/latex/psnfss\palatino.sty
Package: palatino 2020/03/25 PSNFSS-v9.3 (SPQR) 
)
(C:\Users\carlo\AppData\Local\Programs\MiKTeX\tex/latex/opensans\opensans.sty
Package: opensans 2019/06/20 Style file for Open Sans.

(C:\Users\carlo\AppData\Local\Programs\MiKTeX\tex/latex/fontaxes\fontaxes.sty
Package: fontaxes 2026-01-02 v2.0.2 Font selection axes (deprecated)
Applying: [2024-11-01] Use figureversions if present on input line 74.

(C:\Users\carlo\AppData\Local\Programs\MiKTeX\tex/latex/figureversions\figureve
rsions.sty
Package: figureversions 2025-04-29 v1.0.1 Figure versions
)
Already applied: [0000-00-00] Fall back to v1 on input line 76.
)
(C:\Users\carlo\AppData\Local\Programs\MiKTeX\tex/generic/iftex\ifxetex.sty
Package: ifxetex 2019/10/25 v0.7 ifxetex legacy package. Use iftex instead.
)
(C:\Users\carlo\AppData\Local\Programs\MiKTeX\tex/latex/xkeyval\xkeyval.sty
Package: xkeyval 2022/06/16 v2.9 package option processing (HA)

(C:\Users\carlo\AppData\Local\Programs\MiKTeX\tex/generic/xkeyval\xkeyval.tex
(C:\Users\carlo\AppData\Local\Programs\MiKTeX\tex/generic/xkeyval\xkvutils.tex
\XKV@toks=\toks61
\XKV@tempa@toks=\toks62
)
\XKV@depth=\count418
File: xkeyval.tex 2014/12/03 v2.7a key=value parser (HA)
)))
(C:\Users\carlo\AppData\Local\Programs\MiKTeX\tex/latex/beamer\beamerinnertheme
circles.sty)
LaTeX Font Info:    Trying to load font information for T1+opensans-TLF on inpu
t line 217.

(C:\Users\carlo\AppData\Local\Programs\MiKTeX\tex/latex/opensans\t1opensans-tlf
.fd
File: T1opensans-TLF.fd 2019/06/24 Font definitions for T1/opensans-TLF.
)
LaTeX Font Info:    Font shape `T1/opensans-TLF/m/n' will be
(Font)              scaled to size 10.95pt on input line 217.

(C:\Users\carlo\AppData\Local\Programs\MiKTeX\tex/latex/l3backend\l3backend-pdf
tex.def
File: l3backend-pdftex.def 2025-10-09 L3 backend support: PDF output (pdfTeX)
\l__color_backend_stack_int=\count419
) (template.aux
LaTeX Info: Redefining \. on input line 14.
LaTeX Info: Redefining \% on input line 14.
Package babel Info: 'spanish' activates 'spanish' shorthands.
(babel)             Reported on input line 14.
)
\openout1 = `template.aux'.

LaTeX Font Info:    Checking defaults for OML/cmm/m/it on input line 217.
LaTeX Font Info:    ... okay on input line 217.
LaTeX Font Info:    Checking defaults for OMS/cmsy/m/n on input line 217.
LaTeX Font Info:    ... okay on input line 217.
LaTeX Font Info:    Checking defaults for OT1/cmr/m/n on input line 217.
LaTeX Font Info:    ... okay on input line 217.
LaTeX Font Info:    Checking defaults for T1/cmr/m/n on input line 217.
LaTeX Font Info:    ... okay on input line 217.
LaTeX Font Info:    Checking defaults for TS1/cmr/m/n on input line 217.
LaTeX Font Info:    ... okay on input line 217.
LaTeX Font Info:    Checking defaults for OMX/cmex/m/n on input line 217.
LaTeX Font Info:    ... okay on input line 217.
LaTeX Font Info:    Checking defaults for U/cmr/m/n on input line 217.
LaTeX Font Info:    ... okay on input line 217.
LaTeX Font Info:    Checking defaults for PD1/pdf/m/n on input line 217.
LaTeX Font Info:    ... okay on input line 217.
LaTeX Font Info:    Checking defaults for PU/pdf/m/n on input line 217.
LaTeX Font Info:    ... okay on input line 217.

*geometry* driver: auto-detecting
*geometry* detected driver: pdftex
*geometry* verbose mode - [ preamble ] result:
* driver: pdftex
* paper: custom
* layout: <same size as paper>
* layoutoffset:(h,v)=(0.0pt,0.0pt)
* modes: includehead includefoot 
* h-part:(L,W,R)=(28.45274pt, 307.28987pt, 28.45274pt)
* v-part:(T,H,B)=(0.0pt, 273.14662pt, 0.0pt)
* \paperwidth=364.19536pt
* \paperheight=273.14662pt
* \textwidth=307.28987pt
* \textheight=244.6939pt
* \oddsidemargin=-43.81725pt
* \evensidemargin=-43.81725pt
* \topmargin=-72.26999pt
* \headheight=14.22636pt
* \headsep=0.0pt
* \topskip=11.0pt
* \footskip=14.22636pt
* \marginparwidth=4.0pt
* \marginparsep=10.0pt
* \columnsep=10.0pt
* \skip\footins=10.0pt plus 4.0pt minus 2.0pt
* \hoffset=0.0pt
* \voffset=0.0pt
* \mag=1000
* \@twocolumnfalse
* \@twosidefalse
* \@mparswitchfalse
* \@reversemarginfalse
* (1in=72.27pt=25.4mm, 1cm=28.453pt)


(C:\Users\carlo\AppData\Local\Programs\MiKTeX\tex/context/base/mkii\supp-pdf.mk
ii
[Loading MPS to PDF converter (version 2006.09.02).]
\scratchcounter=\count420
\scratchdimen=\dimen367
\scratchbox=\box99
\nofMPsegments=\count421
\nofMParguments=\count422
\everyMPshowfont=\toks63
\MPscratchCnt=\count423
\MPscratchDim=\dimen368
\MPnumerator=\count424
\makeMPintoPDFobject=\count425
\everyMPtoPDFconversion=\toks64
)
(C:\Users\carlo\AppData\Local\Programs\MiKTeX\tex/latex/epstopdf-pkg\epstopdf-b
ase.sty
Package: epstopdf-base 2020-01-24 v2.11 Base part for package epstopdf
Package epstopdf-base Info: Redefining graphics rule for `.eps' on input line 4
85.

(C:\Users\carlo\AppData\Local\Programs\MiKTeX\tex/latex/00miktex\epstopdf-sys.c
fg
File: epstopdf-sys.cfg 2021/03/18 v2.0 Configuration of epstopdf for MiKTeX
))
Package hyperref Info: Link coloring OFF on input line 217.
 (template.out) (template.out)
\@outlinefile=\write7
\openout7 = `template.out'.

LaTeX Font Info:    Overwriting symbol font `operators' in version `normal'
(Font)                  OT1/ztmcm/m/n --> OT1/cmss/m/n on input line 217.
LaTeX Font Info:    Overwriting symbol font `operators' in version `bold'
(Font)                  OT1/ztmcm/m/n --> OT1/cmss/b/n on input line 217.
\symnumbers=\mathgroup8
\sympureletters=\mathgroup9
LaTeX Font Info:    Overwriting math alphabet `\mathrm' in version `normal'
(Font)                  OT1/cmss/m/n --> T1/ppl/m/n on input line 217.
LaTeX Font Info:    Redeclaring math alphabet \mathbf on input line 217.
LaTeX Font Info:    Overwriting math alphabet `\mathbf' in version `normal'
(Font)                  OT1/ptm/bx/n --> T1/phv/b/n on input line 217.
LaTeX Font Info:    Overwriting math alphabet `\mathbf' in version `bold'
(Font)                  OT1/ptm/bx/n --> T1/phv/b/n on input line 217.
LaTeX Font Info:    Redeclaring math alphabet \mathsf on input line 217.
LaTeX Font Info:    Overwriting math alphabet `\mathsf' in version `normal'
(Font)                  OT1/cmss/m/n --> T1/phv/m/n on input line 217.
LaTeX Font Info:    Overwriting math alphabet `\mathsf' in version `bold'
(Font)                  OT1/cmss/bx/n --> T1/phv/m/n on input line 217.
LaTeX Font Info:    Redeclaring math alphabet \mathit on input line 217.
LaTeX Font Info:    Overwriting math alphabet `\mathit' in version `normal'
(Font)                  OT1/ptm/m/it --> T1/phv/m/it on input line 217.
LaTeX Font Info:    Overwriting math alphabet `\mathit' in version `bold'
(Font)                  OT1/ptm/m/it --> T1/phv/m/it on input line 217.
LaTeX Font Info:    Redeclaring math alphabet \mathtt on input line 217.
LaTeX Font Info:    Overwriting math alphabet `\mathtt' in version `normal'
(Font)                  OT1/cmtt/m/n --> T1/pcr/m/n on input line 217.
LaTeX Font Info:    Overwriting math alphabet `\mathtt' in version `bold'
(Font)                  OT1/cmtt/m/n --> T1/pcr/m/n on input line 217.
LaTeX Font Info:    Overwriting symbol font `numbers' in version `bold'
(Font)                  T1/phv/m/n --> T1/phv/b/n on input line 217.
LaTeX Font Info:    Overwriting symbol font `pureletters' in version `bold'
(Font)                  T1/phv/m/it --> T1/phv/b/it on input line 217.
LaTeX Font Info:    Overwriting math alphabet `\mathrm' in version `bold'
(Font)                  OT1/cmss/b/n --> T1/ppl/b/n on input line 217.
LaTeX Font Info:    Overwriting math alphabet `\mathbf' in version `bold'
(Font)                  T1/phv/b/n --> T1/phv/b/n on input line 217.
LaTeX Font Info:    Overwriting math alphabet `\mathsf' in version `bold'
(Font)                  T1/phv/m/n --> T1/phv/b/n on input line 217.
LaTeX Font Info:    Overwriting math alphabet `\mathit' in version `bold'
(Font)                  T1/phv/m/it --> T1/phv/b/it on input line 217.
LaTeX Font Info:    Overwriting math alphabet `\mathtt' in version `bold'
(Font)                  T1/pcr/m/n --> T1/pcr/b/n on input line 217.

(C:\Users\carlo\AppData\Local\Programs\MiKTeX\tex/latex/translator\translator-b
asic-dictionary-English.dict
Dictionary: translator-basic-dictionary, Language: English 
)
(C:\Users\carlo\AppData\Local\Programs\MiKTeX\tex/latex/translator\translator-b
asic-dictionary-Spanish.dict
Dictionary: translator-basic-dictionary, Language: Spanish 
)
(C:\Users\carlo\AppData\Local\Programs\MiKTeX\tex/latex/translator\translator-b
ibliography-dictionary-English.dict
Dictionary: translator-bibliography-dictionary, Language: English 
)
(C:\Users\carlo\AppData\Local\Programs\MiKTeX\tex/latex/translator\translator-b
ibliography-dictionary-Spanish.dict
Dictionary: translator-bibliography-dictionary, Language: Spanish 
)
(C:\Users\carlo\AppData\Local\Programs\MiKTeX\tex/latex/translator\translator-e
nvironment-dictionary-English.dict
Dictionary: translator-environment-dictionary, Language: English 
)
(C:\Users\carlo\AppData\Local\Programs\MiKTeX\tex/latex/translator\translator-e
nvironment-dictionary-Spanish.dict
Dictionary: translator-environment-dictionary, Language: Spanish 
)
(C:\Users\carlo\AppData\Local\Programs\MiKTeX\tex/latex/translator\translator-m
onths-dictionary-English.dict
Dictionary: translator-months-dictionary, Language: English 
)
(C:\Users\carlo\AppData\Local\Programs\MiKTeX\tex/latex/translator\translator-m
onths-dictionary-Spanish.dict
Dictionary: translator-months-dictionary, Language: Spanish 
)
(C:\Users\carlo\AppData\Local\Programs\MiKTeX\tex/latex/translator\translator-n
umbers-dictionary-English.dict
Dictionary: translator-numbers-dictionary, Language: English 
)
(C:\Users\carlo\AppData\Local\Programs\MiKTeX\tex/latex/translator\translator-n
umbers-dictionary-Spanish.dict
Dictionary: translator-numbers-dictionary, Language: Spanish 
)
(C:\Users\carlo\AppData\Local\Programs\MiKTeX\tex/latex/translator\translator-t
heorem-dictionary-English.dict
Dictionary: translator-theorem-dictionary, Language: English 
)
(C:\Users\carlo\AppData\Local\Programs\MiKTeX\tex/latex/translator\translator-t
heorem-dictionary-Spanish.dict
Dictionary: translator-theorem-dictionary, Language: Spanish 
)
LaTeX Info: Redefining \. on input line 217.
LaTeX Info: Redefining \% on input line 217.
Package caption Info: Begin \AtBeginDocument code.
Package caption Info: float package is loaded.
Package caption Info: listings package is loaded.
Package caption Info: End \AtBeginDocument code.
\c@lstlisting=\count426
LaTeX Font Info:    Font shape `T1/opensans-TLF/m/n' will be
(Font)              scaled to size 6.0pt on input line 217.
\c@mv@tabular=\count427
\c@mv@boldtabular=\count428
 (template.nav)
LaTeX Font Info:    Font shape `T1/opensans-TLF/m/n' will be
(Font)              scaled to size 14.4pt on input line 225.
LaTeX Font Info:    Font shape `T1/opensans-TLF/m/n' will be
(Font)              scaled to size 8.0pt on input line 225.
<ciencias.png, id=208, 345.9324pt x 127.1952pt>
File: ciencias.png Graphic file (type png)
<use ciencias.png>
Package pdftex.def Info: ciencias.png  used on input line 225.
(pdftex.def)             Requested size: 121.07814pt x 44.51898pt.
<logoUZ.png, id=210, 345.9324pt x 127.1952pt>
File: logoUZ.png Graphic file (type png)
<use logoUZ.png>
Package pdftex.def Info: logoUZ.png  used on input line 225.
(pdftex.def)             Requested size: 155.66814pt x 57.2373pt.
LaTeX Font Info:    Font shape `T1/opensans-TLF/m/n' will be
(Font)              scaled to size 10.0pt on input line 225.
LaTeX Font Info:    Font shape `T1/opensans-TLF/b/n' will be
(Font)              scaled to size 10.0pt on input line 225.

Overfull \vbox (29.28284pt too high) detected at line 225
 []

LaTeX Font Info:    Font shape `T1/opensans-TLF/m/n' will be
(Font)              scaled to size 4.0pt on input line 225.
[1{C:/Users/carlo/AppData/Local/MiKTeX/fonts/map/pdftex/pdftex.map}{C:/Users/ca
rlo/AppData/Local/Programs/MiKTeX/fonts/enc/dvips/opensans/a_jg4h6q.enc}

 <./ciencias.png> <./logoUZ.png>] (template.toc
LaTeX Info: Redefining \. on input line 1.
LaTeX Info: Redefining \% on input line 1.
) [2

]
LaTeX Font Info:    Trying to load font information for OML+ztmcm on input line
 331.

(C:\Users\carlo\AppData\Local\Programs\MiKTeX\tex/latex/psnfss\omlztmcm.fd
File: omlztmcm.fd 2000/01/03 Fontinst v1.801 font definitions for OML/ztmcm.
)
LaTeX Font Info:    Trying to load font information for OMS+ztmcm on input line
 331.

(C:\Users\carlo\AppData\Local\Programs\MiKTeX\tex/latex/psnfss\omsztmcm.fd
File: omsztmcm.fd 2000/01/03 Fontinst v1.801 font definitions for OMS/ztmcm.
)
LaTeX Font Info:    Trying to load font information for OMX+ztmcm on input line
 331.

(C:\Users\carlo\AppData\Local\Programs\MiKTeX\tex/latex/psnfss\omxztmcm.fd
File: omxztmcm.fd 2000/01/03 Fontinst v1.801 font definitions for OMX/ztmcm.
)
LaTeX Font Info:    Trying to load font information for OT1+ptm on input line 3
31.

(C:\Users\carlo\AppData\Local\Programs\MiKTeX\tex/latex/psnfss\ot1ptm.fd
File: ot1ptm.fd 2001/06/04 font definitions for OT1/ptm.
)
LaTeX Font Info:    Font shape `OT1/ptm/bx/n' in size <8> not available
(Font)              Font shape `OT1/ptm/b/n' tried instead on input line 331.
LaTeX Font Info:    Font shape `OT1/ptm/bx/n' in size <6> not available
(Font)              Font shape `OT1/ptm/b/n' tried instead on input line 331.
LaTeX Font Info:    Font shape `OT1/ptm/bx/n' in size <5> not available
(Font)              Font shape `OT1/ptm/b/n' tried instead on input line 331.
LaTeX Font Info:    Trying to load font information for T1+phv on input line 33
1.

(C:\Users\carlo\AppData\Local\Programs\MiKTeX\tex/latex/psnfss\t1phv.fd
File: t1phv.fd 2020/03/25 scalable font definitions for T1/phv.
)
LaTeX Font Info:    Font shape `T1/phv/m/it' in size <8> not available
(Font)              Font shape `T1/phv/m/sl' tried instead on input line 331.
LaTeX Font Info:    Font shape `T1/phv/m/it' in size <6> not available
(Font)              Font shape `T1/phv/m/sl' tried instead on input line 331.
LaTeX Font Info:    Font shape `T1/phv/m/it' in size <5> not available
(Font)              Font shape `T1/phv/m/sl' tried instead on input line 331.
LaTeX Font Info:    Font shape `T1/opensans-TLF/b/n' will be
(Font)              scaled to size 8.0pt on input line 331.

Overfull \hbox (4.70175pt too wide) in paragraph at lines 331--331
 [] 
 []

[3

{C:/Users/carlo/AppData/Local/Programs/MiKTeX/fonts/enc/dvips/base/8r.enc}]
Package svg Info: Last page of `./svg-inkscape/bases_fem_p1_svg-tex.pdf' is 2 o
n input line 331.

(svg-inkscape/bases_fem_p1_svg-tex.pdf_tex
<./svg-inkscape/bases_fem_p1_svg-tex.pdf, id=627, page=1, 419.5675pt x 315.1775
pt>
File: ./svg-inkscape/bases_fem_p1_svg-tex.pdf Graphic file (type pdf)
<use ./svg-inkscape/bases_fem_p1_svg-tex.pdf, page 1>
Package pdftex.def Info: ./svg-inkscape/bases_fem_p1_svg-tex.pdf , page1 used o
n input line 56.
(pdftex.def)             Requested size: 98.33499pt x 73.86954pt.
<./svg-inkscape/bases_fem_p1_svg-tex.pdf, id=628, page=2, 419.5675pt x 315.1775
pt>
File: ./svg-inkscape/bases_fem_p1_svg-tex.pdf Graphic file (type pdf)
<use ./svg-inkscape/bases_fem_p1_svg-tex.pdf, page 2>
Package pdftex.def Info: ./svg-inkscape/bases_fem_p1_svg-tex.pdf , page2 used o
n input line 69.
(pdftex.def)             Requested size: 98.33499pt x 73.86954pt.
)
Package svg Info: Last page of `./svg-inkscape/bases_fem_p2_svg-tex.pdf' is 2 o
n input line 331.

(svg-inkscape/bases_fem_p2_svg-tex.pdf_tex
<./svg-inkscape/bases_fem_p2_svg-tex.pdf, id=630, page=1, 419.5675pt x 315.1775
pt>
File: ./svg-inkscape/bases_fem_p2_svg-tex.pdf Graphic file (type pdf)
<use ./svg-inkscape/bases_fem_p2_svg-tex.pdf, page 1>
Package pdftex.def Info: ./svg-inkscape/bases_fem_p2_svg-tex.pdf , page1 used o
n input line 56.
(pdftex.def)             Requested size: 98.33499pt x 73.86954pt.
<./svg-inkscape/bases_fem_p2_svg-tex.pdf, id=631, page=2, 419.5675pt x 315.1775
pt>
File: ./svg-inkscape/bases_fem_p2_svg-tex.pdf Graphic file (type pdf)
<use ./svg-inkscape/bases_fem_p2_svg-tex.pdf, page 2>
Package pdftex.def Info: ./svg-inkscape/bases_fem_p2_svg-tex.pdf , page2 used o
n input line 69.
(pdftex.def)             Requested size: 98.33499pt x 73.86954pt.
)
Package svg Info: Last page of `./svg-inkscape/funciones_base_NURBS_2_svg-tex.p
df' is 2 on input line 331.

(svg-inkscape/funciones_base_NURBS_2_svg-tex.pdf_tex
<./svg-inkscape/funciones_base_NURBS_2_svg-tex.pdf, id=633, page=1, 419.5675pt 
x 315.1775pt>
File: ./svg-inkscape/funciones_base_NURBS_2_svg-tex.pdf Graphic file (type pdf)

<use ./svg-inkscape/funciones_base_NURBS_2_svg-tex.pdf, page 1>
Package pdftex.def Info: ./svg-inkscape/funciones_base_NURBS_2_svg-tex.pdf , pa
ge1 used on input line 56.
(pdftex.def)             Requested size: 98.33499pt x 73.86954pt.
<./svg-inkscape/funciones_base_NURBS_2_svg-tex.pdf, id=634, page=2, 419.5675pt 
x 315.1775pt>
File: ./svg-inkscape/funciones_base_NURBS_2_svg-tex.pdf Graphic file (type pdf)

<use ./svg-inkscape/funciones_base_NURBS_2_svg-tex.pdf, page 2>
Package pdftex.def Info: ./svg-inkscape/funciones_base_NURBS_2_svg-tex.pdf , pa
ge2 used on input line 69.
(pdftex.def)             Requested size: 98.33499pt x 73.86954pt.
)
Overfull \hbox (4.70175pt too wide) in paragraph at lines 331--331
 [] 
 []

[4

 <./svg-inkscape/bases_fem_p1_svg-tex.pdf> <./svg-inkscape/bases_fem_p1_svg-tex
.pdf

pdfTeX warning: pdflatex.exe (file ./svg-inkscape/bases_fem_p1_svg-tex.pdf): PD
F inclusion: multiple pdfs with page group included in a single page
> <./svg-inkscape/bases_fem_p2_svg-tex.pdf

pdfTeX warning: pdflatex.exe (file ./svg-inkscape/bases_fem_p2_svg-tex.pdf): PD
F inclusion: multiple pdfs with page group included in a single page
> <./svg-inkscape/bases_fem_p2_svg-tex.pdf

pdfTeX warning: pdflatex.exe (file ./svg-inkscape/bases_fem_p2_svg-tex.pdf): PD
F inclusion: multiple pdfs with page group included in a single page
> <./svg-inkscape/funciones_base_NURBS_2_svg-tex.pdf

pdfTeX warning: pdflatex.exe (file ./svg-inkscape/funciones_base_NURBS_2_svg-te
x.pdf): PDF inclusion: multiple pdfs with page group included in a single page
> <./svg-inkscape/funciones_base_NURBS_2_svg-tex.pdf

pdfTeX warning: pdflatex.exe (file ./svg-inkscape/funciones_base_NURBS_2_svg-te
x.pdf): PDF inclusion: multiple pdfs with page group included in a single page
>]
Package svg Info: Last page of `./svg-inkscape/bases_fem_p1_svg-tex.pdf' is 2 o
n input line 331.
 (svg-inkscape/bases_fem_p1_svg-tex.pdf_tex
File: ./svg-inkscape/bases_fem_p1_svg-tex.pdf Graphic file (type pdf)
<use ./svg-inkscape/bases_fem_p1_svg-tex.pdf, page 1>
Package pdftex.def Info: ./svg-inkscape/bases_fem_p1_svg-tex.pdf , page1 used o
n input line 56.
(pdftex.def)             Requested size: 98.33499pt x 73.86954pt.
File: ./svg-inkscape/bases_fem_p1_svg-tex.pdf Graphic file (type pdf)
<use ./svg-inkscape/bases_fem_p1_svg-tex.pdf, page 2>
Package pdftex.def Info: ./svg-inkscape/bases_fem_p1_svg-tex.pdf , page2 used o
n input line 69.
(pdftex.def)             Requested size: 98.33499pt x 73.86954pt.
)
Package svg Info: Last page of `./svg-inkscape/bases_fem_p2_svg-tex.pdf' is 2 o
n input line 331.

(svg-inkscape/bases_fem_p2_svg-tex.pdf_tex
File: ./svg-inkscape/bases_fem_p2_svg-tex.pdf Graphic file (type pdf)
<use ./svg-inkscape/bases_fem_p2_svg-tex.pdf, page 1>
Package pdftex.def Info: ./svg-inkscape/bases_fem_p2_svg-tex.pdf , page1 used o
n input line 56.
(pdftex.def)             Requested size: 98.33499pt x 73.86954pt.
File: ./svg-inkscape/bases_fem_p2_svg-tex.pdf Graphic file (type pdf)
<use ./svg-inkscape/bases_fem_p2_svg-tex.pdf, page 2>
Package pdftex.def Info: ./svg-inkscape/bases_fem_p2_svg-tex.pdf , page2 used o
n input line 69.
(pdftex.def)             Requested size: 98.33499pt x 73.86954pt.
)
Package svg Info: Last page of `./svg-inkscape/funciones_base_NURBS_2_svg-tex.p
df' is 2 on input line 331.

(svg-inkscape/funciones_base_NURBS_2_svg-tex.pdf_tex
File: ./svg-inkscape/funciones_base_NURBS_2_svg-tex.pdf Graphic file (type pdf)

<use ./svg-inkscape/funciones_base_NURBS_2_svg-tex.pdf, page 1>
Package pdftex.def Info: ./svg-inkscape/funciones_base_NURBS_2_svg-tex.pdf , pa
ge1 used on input line 56.
(pdftex.def)             Requested size: 98.33499pt x 73.86954pt.
File: ./svg-inkscape/funciones_base_NURBS_2_svg-tex.pdf Graphic file (type pdf)

<use ./svg-inkscape/funciones_base_NURBS_2_svg-tex.pdf, page 2>
Package pdftex.def Info: ./svg-inkscape/funciones_base_NURBS_2_svg-tex.pdf , pa
ge2 used on input line 69.
(pdftex.def)             Requested size: 98.33499pt x 73.86954pt.
)
Overfull \hbox (4.70175pt too wide) in paragraph at lines 331--331
 [] 
 []

[5

]
Overfull \hbox (4.70175pt too wide) in paragraph at lines 331--331
 [] 
 []

[6

]
Overfull \hbox (4.70175pt too wide) in paragraph at lines 331--331
 [] 
 []

[7

]
LaTeX Font Info:    Font shape `T1/opensans-TLF/m/n' will be
(Font)              scaled to size 5.0pt on input line 366.
LaTeX Font Info:    Font shape `T1/opensans-TLF/m/n' will be
(Font)              scaled to size 9.0pt on input line 366.
 [8

]
LaTeX Font Info:    Font shape `OT1/ptm/bx/n' in size <10.95> not available
(Font)              Font shape `OT1/ptm/b/n' tried instead on input line 386.
LaTeX Font Info:    Font shape `T1/phv/m/it' in size <10.95> not available
(Font)              Font shape `T1/phv/m/sl' tried instead on input line 386.
 [9

]
LaTeX Font Info:    Font shape `T1/opensans-TLF/b/n' will be
(Font)              scaled to size 10.95pt on input line 411.
 [10

]
Package svg Info: Last page of `./svg-inkscape/curva_bezier_svg-tex.pdf' is 16 
on input line 447.
 (svg-inkscape/curva_bezier_svg-tex.pdf_tex
<./svg-inkscape/curva_bezier_svg-tex.pdf, id=1475, page=1, 406.51875pt x 305.14
pt>
File: ./svg-inkscape/curva_bezier_svg-tex.pdf Graphic file (type pdf)
<use ./svg-inkscape/curva_bezier_svg-tex.pdf, page 1>
Package pdftex.def Info: ./svg-inkscape/curva_bezier_svg-tex.pdf , page1 used o
n input line 56.
(pdftex.def)             Requested size: 98.335pt x 73.80779pt.
<./svg-inkscape/curva_bezier_svg-tex.pdf, id=1476, page=2, 406.51875pt x 305.14
pt>
File: ./svg-inkscape/curva_bezier_svg-tex.pdf Graphic file (type pdf)
<use ./svg-inkscape/curva_bezier_svg-tex.pdf, page 2>
Package pdftex.def Info: ./svg-inkscape/curva_bezier_svg-tex.pdf , page2 used o
n input line 59.
(pdftex.def)             Requested size: 98.335pt x 73.80779pt.
<./svg-inkscape/curva_bezier_svg-tex.pdf, id=1477, page=3, 406.51875pt x 305.14
pt>
File: ./svg-inkscape/curva_bezier_svg-tex.pdf Graphic file (type pdf)
<use ./svg-inkscape/curva_bezier_svg-tex.pdf, page 3>
Package pdftex.def Info: ./svg-inkscape/curva_bezier_svg-tex.pdf , page3 used o
n input line 61.
(pdftex.def)             Requested size: 98.335pt x 73.80779pt.
<./svg-inkscape/curva_bezier_svg-tex.pdf, id=1478, page=4, 406.51875pt x 305.14
pt>
File: ./svg-inkscape/curva_bezier_svg-tex.pdf Graphic file (type pdf)
<use ./svg-inkscape/curva_bezier_svg-tex.pdf, page 4>
Package pdftex.def Info: ./svg-inkscape/curva_bezier_svg-tex.pdf , page4 used o
n input line 63.
(pdftex.def)             Requested size: 98.335pt x 73.80779pt.
<./svg-inkscape/curva_bezier_svg-tex.pdf, id=1479, page=5, 406.51875pt x 305.14
pt>
File: ./svg-inkscape/curva_bezier_svg-tex.pdf Graphic file (type pdf)
<use ./svg-inkscape/curva_bezier_svg-tex.pdf, page 5>
Package pdftex.def Info: ./svg-inkscape/curva_bezier_svg-tex.pdf , page5 used o
n input line 66.
(pdftex.def)             Requested size: 98.335pt x 73.80779pt.
<./svg-inkscape/curva_bezier_svg-tex.pdf, id=1480, page=6, 406.51875pt x 305.14
pt>
File: ./svg-inkscape/curva_bezier_svg-tex.pdf Graphic file (type pdf)
<use ./svg-inkscape/curva_bezier_svg-tex.pdf, page 6>
Package pdftex.def Info: ./svg-inkscape/curva_bezier_svg-tex.pdf , page6 used o
n input line 68.
(pdftex.def)             Requested size: 98.335pt x 73.80779pt.
<./svg-inkscape/curva_bezier_svg-tex.pdf, id=1481, page=7, 406.51875pt x 305.14
pt>
File: ./svg-inkscape/curva_bezier_svg-tex.pdf Graphic file (type pdf)
<use ./svg-inkscape/curva_bezier_svg-tex.pdf, page 7>
Package pdftex.def Info: ./svg-inkscape/curva_bezier_svg-tex.pdf , page7 used o
n input line 70.
(pdftex.def)             Requested size: 98.335pt x 73.80779pt.
<./svg-inkscape/curva_bezier_svg-tex.pdf, id=1482, page=8, 406.51875pt x 305.14
pt>
File: ./svg-inkscape/curva_bezier_svg-tex.pdf Graphic file (type pdf)
<use ./svg-inkscape/curva_bezier_svg-tex.pdf, page 8>
Package pdftex.def Info: ./svg-inkscape/curva_bezier_svg-tex.pdf , page8 used o
n input line 72.
(pdftex.def)             Requested size: 98.335pt x 73.80779pt.
<./svg-inkscape/curva_bezier_svg-tex.pdf, id=1483, page=9, 406.51875pt x 305.14
pt>
File: ./svg-inkscape/curva_bezier_svg-tex.pdf Graphic file (type pdf)
<use ./svg-inkscape/curva_bezier_svg-tex.pdf, page 9>
Package pdftex.def Info: ./svg-inkscape/curva_bezier_svg-tex.pdf , page9 used o
n input line 74.
(pdftex.def)             Requested size: 98.335pt x 73.80779pt.
<./svg-inkscape/curva_bezier_svg-tex.pdf, id=1484, page=10, 406.51875pt x 305.1
4pt>
File: ./svg-inkscape/curva_bezier_svg-tex.pdf Graphic file (type pdf)
<use ./svg-inkscape/curva_bezier_svg-tex.pdf, page 10>
Package pdftex.def Info: ./svg-inkscape/curva_bezier_svg-tex.pdf , page10 used 
on input line 76.
(pdftex.def)             Requested size: 98.335pt x 73.80779pt.
<./svg-inkscape/curva_bezier_svg-tex.pdf, id=1485, page=11, 406.51875pt x 305.1
4pt>
File: ./svg-inkscape/curva_bezier_svg-tex.pdf Graphic file (type pdf)
<use ./svg-inkscape/curva_bezier_svg-tex.pdf, page 11>
Package pdftex.def Info: ./svg-inkscape/curva_bezier_svg-tex.pdf , page11 used 
on input line 78.
(pdftex.def)             Requested size: 98.335pt x 73.80779pt.
<./svg-inkscape/curva_bezier_svg-tex.pdf, id=1486, page=12, 406.51875pt x 305.1
4pt>
File: ./svg-inkscape/curva_bezier_svg-tex.pdf Graphic file (type pdf)
<use ./svg-inkscape/curva_bezier_svg-tex.pdf, page 12>
Package pdftex.def Info: ./svg-inkscape/curva_bezier_svg-tex.pdf , page12 used 
on input line 80.
(pdftex.def)             Requested size: 98.335pt x 73.80779pt.
<./svg-inkscape/curva_bezier_svg-tex.pdf, id=1487, page=13, 406.51875pt x 305.1
4pt>
File: ./svg-inkscape/curva_bezier_svg-tex.pdf Graphic file (type pdf)
<use ./svg-inkscape/curva_bezier_svg-tex.pdf, page 13>
Package pdftex.def Info: ./svg-inkscape/curva_bezier_svg-tex.pdf , page13 used 
on input line 82.
(pdftex.def)             Requested size: 98.335pt x 73.80779pt.
<./svg-inkscape/curva_bezier_svg-tex.pdf, id=1488, page=14, 406.51875pt x 305.1
4pt>
File: ./svg-inkscape/curva_bezier_svg-tex.pdf Graphic file (type pdf)
<use ./svg-inkscape/curva_bezier_svg-tex.pdf, page 14>
Package pdftex.def Info: ./svg-inkscape/curva_bezier_svg-tex.pdf , page14 used 
on input line 84.
(pdftex.def)             Requested size: 98.335pt x 73.80779pt.
<./svg-inkscape/curva_bezier_svg-tex.pdf, id=1489, page=15, 406.51875pt x 305.1
4pt>
File: ./svg-inkscape/curva_bezier_svg-tex.pdf Graphic file (type pdf)
<use ./svg-inkscape/curva_bezier_svg-tex.pdf, page 15>
Package pdftex.def Info: ./svg-inkscape/curva_bezier_svg-tex.pdf , page15 used 
on input line 86.
(pdftex.def)             Requested size: 98.335pt x 73.80779pt.
<./svg-inkscape/curva_bezier_svg-tex.pdf, id=1490, page=16, 406.51875pt x 305.1
4pt>
File: ./svg-inkscape/curva_bezier_svg-tex.pdf Graphic file (type pdf)
<use ./svg-inkscape/curva_bezier_svg-tex.pdf, page 16>
Package pdftex.def Info: ./svg-inkscape/curva_bezier_svg-tex.pdf , page16 used 
on input line 88.
(pdftex.def)             Requested size: 98.335pt x 73.80779pt.
)
Package svg Info: Last page of `./svg-inkscape/bernstein_bases_p3_svg-tex.pdf' 
is 2 on input line 447.

(svg-inkscape/bernstein_bases_p3_svg-tex.pdf_tex
<./svg-inkscape/bernstein_bases_p3_svg-tex.pdf, id=1492, page=1, 419.5675pt x 3
15.1775pt>
File: ./svg-inkscape/bernstein_bases_p3_svg-tex.pdf Graphic file (type pdf)
<use ./svg-inkscape/bernstein_bases_p3_svg-tex.pdf, page 1>
Package pdftex.def Info: ./svg-inkscape/bernstein_bases_p3_svg-tex.pdf , page1 
used on input line 56.
(pdftex.def)             Requested size: 98.335pt x 73.86954pt.
<./svg-inkscape/bernstein_bases_p3_svg-tex.pdf, id=1493, page=2, 419.5675pt x 3
15.1775pt>
File: ./svg-inkscape/bernstein_bases_p3_svg-tex.pdf Graphic file (type pdf)
<use ./svg-inkscape/bernstein_bases_p3_svg-tex.pdf, page 2>
Package pdftex.def Info: ./svg-inkscape/bernstein_bases_p3_svg-tex.pdf , page2 
used on input line 69.
(pdftex.def)             Requested size: 98.335pt x 73.86954pt.
)
Overfull \vbox (14.80167pt too high) detected at line 447
 []

[11

 <./svg-inkscape/curva_bezier_svg-tex.pdf> <./svg-inkscape/curva_bezier_svg-tex
.pdf

pdfTeX warning: pdflatex.exe (file ./svg-inkscape/curva_bezier_svg-tex.pdf): PD
F inclusion: multiple pdfs with page group included in a single page
> <./svg-inkscape/curva_bezier_svg-tex.pdf

pdfTeX warning: pdflatex.exe (file ./svg-inkscape/curva_bezier_svg-tex.pdf): PD
F inclusion: multiple pdfs with page group included in a single page
> <./svg-inkscape/curva_bezier_svg-tex.pdf

pdfTeX warning: pdflatex.exe (file ./svg-inkscape/curva_bezier_svg-tex.pdf): PD
F inclusion: multiple pdfs with page group included in a single page
> <./svg-inkscape/curva_bezier_svg-tex.pdf

pdfTeX warning: pdflatex.exe (file ./svg-inkscape/curva_bezier_svg-tex.pdf): PD
F inclusion: multiple pdfs with page group included in a single page
> <./svg-inkscape/curva_bezier_svg-tex.pdf

pdfTeX warning: pdflatex.exe (file ./svg-inkscape/curva_bezier_svg-tex.pdf): PD
F inclusion: multiple pdfs with page group included in a single page
> <./svg-inkscape/curva_bezier_svg-tex.pdf

pdfTeX warning: pdflatex.exe (file ./svg-inkscape/curva_bezier_svg-tex.pdf): PD
F inclusion: multiple pdfs with page group included in a single page
> <./svg-inkscape/curva_bezier_svg-tex.pdf

pdfTeX warning: pdflatex.exe (file ./svg-inkscape/curva_bezier_svg-tex.pdf): PD
F inclusion: multiple pdfs with page group included in a single page
> <./svg-inkscape/curva_bezier_svg-tex.pdf

pdfTeX warning: pdflatex.exe (file ./svg-inkscape/curva_bezier_svg-tex.pdf): PD
F inclusion: multiple pdfs with page group included in a single page
> <./svg-inkscape/curva_bezier_svg-tex.pdf

pdfTeX warning: pdflatex.exe (file ./svg-inkscape/curva_bezier_svg-tex.pdf): PD
F inclusion: multiple pdfs with page group included in a single page
> <./svg-inkscape/curva_bezier_svg-tex.pdf

pdfTeX warning: pdflatex.exe (file ./svg-inkscape/curva_bezier_svg-tex.pdf): PD
F inclusion: multiple pdfs with page group included in a single page
> <./svg-inkscape/curva_bezier_svg-tex.pdf

pdfTeX warning: pdflatex.exe (file ./svg-inkscape/curva_bezier_svg-tex.pdf): PD
F inclusion: multiple pdfs with page group included in a single page
> <./svg-inkscape/curva_bezier_svg-tex.pdf

pdfTeX warning: pdflatex.exe (file ./svg-inkscape/curva_bezier_svg-tex.pdf): PD
F inclusion: multiple pdfs with page group included in a single page
> <./svg-inkscape/curva_bezier_svg-tex.pdf

pdfTeX warning: pdflatex.exe (file ./svg-inkscape/curva_bezier_svg-tex.pdf): PD
F inclusion: multiple pdfs with page group included in a single page
> <./svg-inkscape/curva_bezier_svg-tex.pdf

pdfTeX warning: pdflatex.exe (file ./svg-inkscape/curva_bezier_svg-tex.pdf): PD
F inclusion: multiple pdfs with page group included in a single page
> <./svg-inkscape/curva_bezier_svg-tex.pdf

pdfTeX warning: pdflatex.exe (file ./svg-inkscape/curva_bezier_svg-tex.pdf): PD
F inclusion: multiple pdfs with page group included in a single page
> <./svg-inkscape/bernstein_bases_p3_svg-tex.pdf

pdfTeX warning: pdflatex.exe (file ./svg-inkscape/bernstein_bases_p3_svg-tex.pd
f): PDF inclusion: multiple pdfs with page group included in a single page
> <./svg-inkscape/bernstein_bases_p3_svg-tex.pdf

pdfTeX warning: pdflatex.exe (file ./svg-inkscape/bernstein_bases_p3_svg-tex.pd
f): PDF inclusion: multiple pdfs with page group included in a single page
>]
LaTeX Font Info:    Font shape `T1/opensans-TLF/m/it' will be
(Font)              scaled to size 8.0pt on input line 486.
Package svg Info: Last page of `./svg-inkscape/curva_bezier_racional_svg-tex.pd
f' is 16 on input line 486.
 (svg-inkscape/curva_bezier_racional_svg-tex.pdf_tex
<./svg-inkscape/curva_bezier_racional_svg-tex.pdf, id=1691, page=1, 406.51875pt
 x 305.14pt>
File: ./svg-inkscape/curva_bezier_racional_svg-tex.pdf Graphic file (type pdf)
<use ./svg-inkscape/curva_bezier_racional_svg-tex.pdf, page 1>
Package pdftex.def Info: ./svg-inkscape/curva_bezier_racional_svg-tex.pdf , pag
e1 used on input line 56.
(pdftex.def)             Requested size: 101.40622pt x 76.11719pt.
<./svg-inkscape/curva_bezier_racional_svg-tex.pdf, id=1692, page=2, 406.51875pt
 x 305.14pt>
File: ./svg-inkscape/curva_bezier_racional_svg-tex.pdf Graphic file (type pdf)
<use ./svg-inkscape/curva_bezier_racional_svg-tex.pdf, page 2>
Package pdftex.def Info: ./svg-inkscape/curva_bezier_racional_svg-tex.pdf , pag
e2 used on input line 59.
(pdftex.def)             Requested size: 101.40622pt x 76.11719pt.
<./svg-inkscape/curva_bezier_racional_svg-tex.pdf, id=1693, page=3, 406.51875pt
 x 305.14pt>
File: ./svg-inkscape/curva_bezier_racional_svg-tex.pdf Graphic file (type pdf)
<use ./svg-inkscape/curva_bezier_racional_svg-tex.pdf, page 3>
Package pdftex.def Info: ./svg-inkscape/curva_bezier_racional_svg-tex.pdf , pag
e3 used on input line 61.
(pdftex.def)             Requested size: 101.40622pt x 76.11719pt.
<./svg-inkscape/curva_bezier_racional_svg-tex.pdf, id=1694, page=4, 406.51875pt
 x 305.14pt>
File: ./svg-inkscape/curva_bezier_racional_svg-tex.pdf Graphic file (type pdf)
<use ./svg-inkscape/curva_bezier_racional_svg-tex.pdf, page 4>
Package pdftex.def Info: ./svg-inkscape/curva_bezier_racional_svg-tex.pdf , pag
e4 used on input line 63.
(pdftex.def)             Requested size: 101.40622pt x 76.11719pt.
<./svg-inkscape/curva_bezier_racional_svg-tex.pdf, id=1695, page=5, 406.51875pt
 x 305.14pt>
File: ./svg-inkscape/curva_bezier_racional_svg-tex.pdf Graphic file (type pdf)
<use ./svg-inkscape/curva_bezier_racional_svg-tex.pdf, page 5>
Package pdftex.def Info: ./svg-inkscape/curva_bezier_racional_svg-tex.pdf , pag
e5 used on input line 66.
(pdftex.def)             Requested size: 101.40622pt x 76.11719pt.
<./svg-inkscape/curva_bezier_racional_svg-tex.pdf, id=1696, page=6, 406.51875pt
 x 305.14pt>
File: ./svg-inkscape/curva_bezier_racional_svg-tex.pdf Graphic file (type pdf)
<use ./svg-inkscape/curva_bezier_racional_svg-tex.pdf, page 6>
Package pdftex.def Info: ./svg-inkscape/curva_bezier_racional_svg-tex.pdf , pag
e6 used on input line 68.
(pdftex.def)             Requested size: 101.40622pt x 76.11719pt.
<./svg-inkscape/curva_bezier_racional_svg-tex.pdf, id=1697, page=7, 406.51875pt
 x 305.14pt>
File: ./svg-inkscape/curva_bezier_racional_svg-tex.pdf Graphic file (type pdf)
<use ./svg-inkscape/curva_bezier_racional_svg-tex.pdf, page 7>
Package pdftex.def Info: ./svg-inkscape/curva_bezier_racional_svg-tex.pdf , pag
e7 used on input line 70.
(pdftex.def)             Requested size: 101.40622pt x 76.11719pt.
<./svg-inkscape/curva_bezier_racional_svg-tex.pdf, id=1698, page=8, 406.51875pt
 x 305.14pt>
File: ./svg-inkscape/curva_bezier_racional_svg-tex.pdf Graphic file (type pdf)
<use ./svg-inkscape/curva_bezier_racional_svg-tex.pdf, page 8>
Package pdftex.def Info: ./svg-inkscape/curva_bezier_racional_svg-tex.pdf , pag
e8 used on input line 72.
(pdftex.def)             Requested size: 101.40622pt x 76.11719pt.
<./svg-inkscape/curva_bezier_racional_svg-tex.pdf, id=1699, page=9, 406.51875pt
 x 305.14pt>
File: ./svg-inkscape/curva_bezier_racional_svg-tex.pdf Graphic file (type pdf)
<use ./svg-inkscape/curva_bezier_racional_svg-tex.pdf, page 9>
Package pdftex.def Info: ./svg-inkscape/curva_bezier_racional_svg-tex.pdf , pag
e9 used on input line 74.
(pdftex.def)             Requested size: 101.40622pt x 76.11719pt.
<./svg-inkscape/curva_bezier_racional_svg-tex.pdf, id=1700, page=10, 406.51875p
t x 305.14pt>
File: ./svg-inkscape/curva_bezier_racional_svg-tex.pdf Graphic file (type pdf)
<use ./svg-inkscape/curva_bezier_racional_svg-tex.pdf, page 10>
Package pdftex.def Info: ./svg-inkscape/curva_bezier_racional_svg-tex.pdf , pag
e10 used on input line 76.
(pdftex.def)             Requested size: 101.40622pt x 76.11719pt.
<./svg-inkscape/curva_bezier_racional_svg-tex.pdf, id=1701, page=11, 406.51875p
t x 305.14pt>
File: ./svg-inkscape/curva_bezier_racional_svg-tex.pdf Graphic file (type pdf)
<use ./svg-inkscape/curva_bezier_racional_svg-tex.pdf, page 11>
Package pdftex.def Info: ./svg-inkscape/curva_bezier_racional_svg-tex.pdf , pag
e11 used on input line 78.
(pdftex.def)             Requested size: 101.40622pt x 76.11719pt.
<./svg-inkscape/curva_bezier_racional_svg-tex.pdf, id=1702, page=12, 406.51875p
t x 305.14pt>
File: ./svg-inkscape/curva_bezier_racional_svg-tex.pdf Graphic file (type pdf)
<use ./svg-inkscape/curva_bezier_racional_svg-tex.pdf, page 12>
Package pdftex.def Info: ./svg-inkscape/curva_bezier_racional_svg-tex.pdf , pag
e12 used on input line 80.
(pdftex.def)             Requested size: 101.40622pt x 76.11719pt.
<./svg-inkscape/curva_bezier_racional_svg-tex.pdf, id=1703, page=13, 406.51875p
t x 305.14pt>
File: ./svg-inkscape/curva_bezier_racional_svg-tex.pdf Graphic file (type pdf)
<use ./svg-inkscape/curva_bezier_racional_svg-tex.pdf, page 13>
Package pdftex.def Info: ./svg-inkscape/curva_bezier_racional_svg-tex.pdf , pag
e13 used on input line 82.
(pdftex.def)             Requested size: 101.40622pt x 76.11719pt.
<./svg-inkscape/curva_bezier_racional_svg-tex.pdf, id=1704, page=14, 406.51875p
t x 305.14pt>
File: ./svg-inkscape/curva_bezier_racional_svg-tex.pdf Graphic file (type pdf)
<use ./svg-inkscape/curva_bezier_racional_svg-tex.pdf, page 14>
Package pdftex.def Info: ./svg-inkscape/curva_bezier_racional_svg-tex.pdf , pag
e14 used on input line 84.
(pdftex.def)             Requested size: 101.40622pt x 76.11719pt.
<./svg-inkscape/curva_bezier_racional_svg-tex.pdf, id=1705, page=15, 406.51875p
t x 305.14pt>
File: ./svg-inkscape/curva_bezier_racional_svg-tex.pdf Graphic file (type pdf)
<use ./svg-inkscape/curva_bezier_racional_svg-tex.pdf, page 15>
Package pdftex.def Info: ./svg-inkscape/curva_bezier_racional_svg-tex.pdf , pag
e15 used on input line 86.
(pdftex.def)             Requested size: 101.40622pt x 76.11719pt.
<./svg-inkscape/curva_bezier_racional_svg-tex.pdf, id=1706, page=16, 406.51875p
t x 305.14pt>
File: ./svg-inkscape/curva_bezier_racional_svg-tex.pdf Graphic file (type pdf)
<use ./svg-inkscape/curva_bezier_racional_svg-tex.pdf, page 16>
Package pdftex.def Info: ./svg-inkscape/curva_bezier_racional_svg-tex.pdf , pag
e16 used on input line 88.
(pdftex.def)             Requested size: 101.40622pt x 76.11719pt.
)
LaTeX Font Info:    Font shape `OT1/ptm/bx/n' in size <9> not available
(Font)              Font shape `OT1/ptm/b/n' tried instead on input line 486.
LaTeX Font Info:    Font shape `OT1/ptm/bx/n' in size <7> not available
(Font)              Font shape `OT1/ptm/b/n' tried instead on input line 486.
LaTeX Font Info:    Font shape `T1/phv/m/it' in size <9> not available
(Font)              Font shape `T1/phv/m/sl' tried instead on input line 486.
LaTeX Font Info:    Font shape `T1/phv/m/it' in size <7> not available
(Font)              Font shape `T1/phv/m/sl' tried instead on input line 486.
Package svg Info: Last page of `./svg-inkscape/rational_bernstein_bases_p3_weig
hted_svg-tex.pdf' is 2 on input line 486.

(svg-inkscape/rational_bernstein_bases_p3_weighted_svg-tex.pdf_tex
<./svg-inkscape/rational_bernstein_bases_p3_weighted_svg-tex.pdf, id=1708, page
=1, 419.5675pt x 315.1775pt>
File: ./svg-inkscape/rational_bernstein_bases_p3_weighted_svg-tex.pdf Graphic f
ile (type pdf)
<use ./svg-inkscape/rational_bernstein_bases_p3_weighted_svg-tex.pdf, page 1>
Package pdftex.def Info: ./svg-inkscape/rational_bernstein_bases_p3_weighted_sv
g-tex.pdf , page1 used on input line 56.
(pdftex.def)             Requested size: 98.335pt x 73.86954pt.
<./svg-inkscape/rational_bernstein_bases_p3_weighted_svg-tex.pdf, id=1709, page
=2, 419.5675pt x 315.1775pt>
File: ./svg-inkscape/rational_bernstein_bases_p3_weighted_svg-tex.pdf Graphic f
ile (type pdf)
<use ./svg-inkscape/rational_bernstein_bases_p3_weighted_svg-tex.pdf, page 2>
Package pdftex.def Info: ./svg-inkscape/rational_bernstein_bases_p3_weighted_sv
g-tex.pdf , page2 used on input line 69.
(pdftex.def)             Requested size: 98.335pt x 73.86954pt.
)
Overfull \vbox (4.93976pt too high) detected at line 486
 []

[12

 <./svg-inkscape/curva_bezier_racional_svg-tex.pdf> <./svg-inkscape/curva_bezie
r_racional_svg-tex.pdf

pdfTeX warning: pdflatex.exe (file ./svg-inkscape/curva_bezier_racional_svg-tex
.pdf): PDF inclusion: multiple pdfs with page group included in a single page
> <./svg-inkscape/curva_bezier_racional_svg-tex.pdf

pdfTeX warning: pdflatex.exe (file ./svg-inkscape/curva_bezier_racional_svg-tex
.pdf): PDF inclusion: multiple pdfs with page group included in a single page
> <./svg-inkscape/curva_bezier_racional_svg-tex.pdf

pdfTeX warning: pdflatex.exe (file ./svg-inkscape/curva_bezier_racional_svg-tex
.pdf): PDF inclusion: multiple pdfs with page group included in a single page
> <./svg-inkscape/curva_bezier_racional_svg-tex.pdf

pdfTeX warning: pdflatex.exe (file ./svg-inkscape/curva_bezier_racional_svg-tex
.pdf): PDF inclusion: multiple pdfs with page group included in a single page
> <./svg-inkscape/curva_bezier_racional_svg-tex.pdf

pdfTeX warning: pdflatex.exe (file ./svg-inkscape/curva_bezier_racional_svg-tex
.pdf): PDF inclusion: multiple pdfs with page group included in a single page
> <./svg-inkscape/curva_bezier_racional_svg-tex.pdf

pdfTeX warning: pdflatex.exe (file ./svg-inkscape/curva_bezier_racional_svg-tex
.pdf): PDF inclusion: multiple pdfs with page group included in a single page
> <./svg-inkscape/curva_bezier_racional_svg-tex.pdf

pdfTeX warning: pdflatex.exe (file ./svg-inkscape/curva_bezier_racional_svg-tex
.pdf): PDF inclusion: multiple pdfs with page group included in a single page
> <./svg-inkscape/curva_bezier_racional_svg-tex.pdf

pdfTeX warning: pdflatex.exe (file ./svg-inkscape/curva_bezier_racional_svg-tex
.pdf): PDF inclusion: multiple pdfs with page group included in a single page
> <./svg-inkscape/curva_bezier_racional_svg-tex.pdf

pdfTeX warning: pdflatex.exe (file ./svg-inkscape/curva_bezier_racional_svg-tex
.pdf): PDF inclusion: multiple pdfs with page group included in a single page
> <./svg-inkscape/curva_bezier_racional_svg-tex.pdf

pdfTeX warning: pdflatex.exe (file ./svg-inkscape/curva_bezier_racional_svg-tex
.pdf): PDF inclusion: multiple pdfs with page group included in a single page
> <./svg-inkscape/curva_bezier_racional_svg-tex.pdf

pdfTeX warning: pdflatex.exe (file ./svg-inkscape/curva_bezier_racional_svg-tex
.pdf): PDF inclusion: multiple pdfs with page group included in a single page
> <./svg-inkscape/curva_bezier_racional_svg-tex.pdf

pdfTeX warning: pdflatex.exe (file ./svg-inkscape/curva_bezier_racional_svg-tex
.pdf): PDF inclusion: multiple pdfs with page group included in a single page
> <./svg-inkscape/curva_bezier_racional_svg-tex.pdf

pdfTeX warning: pdflatex.exe (file ./svg-inkscape/curva_bezier_racional_svg-tex
.pdf): PDF inclusion: multiple pdfs with page group included in a single page
> <./svg-inkscape/curva_bezier_racional_svg-tex.pdf

pdfTeX warning: pdflatex.exe (file ./svg-inkscape/curva_bezier_racional_svg-tex
.pdf): PDF inclusion: multiple pdfs with page group included in a single page
> <./svg-inkscape/curva_bezier_racional_svg-tex.pdf

pdfTeX warning: pdflatex.exe (file ./svg-inkscape/curva_bezier_racional_svg-tex
.pdf): PDF inclusion: multiple pdfs with page group included in a single page
> <./svg-inkscape/rational_bernstein_bases_p3_weighted_svg-tex.pdf

pdfTeX warning: pdflatex.exe (file ./svg-inkscape/rational_bernstein_bases_p3_w
eighted_svg-tex.pdf): PDF inclusion: multiple pdfs with page group included in 
a single page
> <./svg-inkscape/rational_bernstein_bases_p3_weighted_svg-tex.pdf

pdfTeX warning: pdflatex.exe (file ./svg-inkscape/rational_bernstein_bases_p3_w
eighted_svg-tex.pdf): PDF inclusion: multiple pdfs with page group included in 
a single page
>] [13

]
LaTeX Font Info:    Font shape `T1/opensans-TLF/m/it' will be
(Font)              scaled to size 6.0pt on input line 531.
LaTeX Font Info:    Font shape `T1/opensans-TLF/m/n' will be
(Font)              scaled to size 7.0pt on input line 531.
LaTeX Font Info:    Font shape `T1/opensans-TLF/m/it' will be
(Font)              scaled to size 7.0pt on input line 531.
 [14

] Excluding 'comment' comment.
Package svg Info: Last page of `./svg-inkscape/CurvaCirculoB-SPLINE_3D_Plot_svg
-tex.pdf' is 10 on input line 603.

(svg-inkscape/CurvaCirculoB-SPLINE_3D_Plot_svg-tex.pdf_tex
<./svg-inkscape/CurvaCirculoB-SPLINE_3D_Plot_svg-tex.pdf, id=2206, page=1, 406.
51875pt x 305.14pt>
File: ./svg-inkscape/CurvaCirculoB-SPLINE_3D_Plot_svg-tex.pdf Graphic file (typ
e pdf)
<use ./svg-inkscape/CurvaCirculoB-SPLINE_3D_Plot_svg-tex.pdf, page 1>
Package pdftex.def Info: ./svg-inkscape/CurvaCirculoB-SPLINE_3D_Plot_svg-tex.pd
f , page1 used on input line 56.
(pdftex.def)             Requested size: 98.335pt x 73.80779pt.
<./svg-inkscape/CurvaCirculoB-SPLINE_3D_Plot_svg-tex.pdf, id=2207, page=2, 406.
51875pt x 305.14pt>
File: ./svg-inkscape/CurvaCirculoB-SPLINE_3D_Plot_svg-tex.pdf Graphic file (typ
e pdf)
<use ./svg-inkscape/CurvaCirculoB-SPLINE_3D_Plot_svg-tex.pdf, page 2>
Package pdftex.def Info: ./svg-inkscape/CurvaCirculoB-SPLINE_3D_Plot_svg-tex.pd
f , page2 used on input line 58.
(pdftex.def)             Requested size: 98.335pt x 73.80779pt.
<./svg-inkscape/CurvaCirculoB-SPLINE_3D_Plot_svg-tex.pdf, id=2208, page=3, 406.
51875pt x 305.14pt>
File: ./svg-inkscape/CurvaCirculoB-SPLINE_3D_Plot_svg-tex.pdf Graphic file (typ
e pdf)
<use ./svg-inkscape/CurvaCirculoB-SPLINE_3D_Plot_svg-tex.pdf, page 3>
Package pdftex.def Info: ./svg-inkscape/CurvaCirculoB-SPLINE_3D_Plot_svg-tex.pd
f , page3 used on input line 60.
(pdftex.def)             Requested size: 98.335pt x 73.80779pt.
<./svg-inkscape/CurvaCirculoB-SPLINE_3D_Plot_svg-tex.pdf, id=2209, page=4, 406.
51875pt x 305.14pt>
File: ./svg-inkscape/CurvaCirculoB-SPLINE_3D_Plot_svg-tex.pdf Graphic file (typ
e pdf)
<use ./svg-inkscape/CurvaCirculoB-SPLINE_3D_Plot_svg-tex.pdf, page 4>
Package pdftex.def Info: ./svg-inkscape/CurvaCirculoB-SPLINE_3D_Plot_svg-tex.pd
f , page4 used on input line 62.
(pdftex.def)             Requested size: 98.335pt x 73.80779pt.
<./svg-inkscape/CurvaCirculoB-SPLINE_3D_Plot_svg-tex.pdf, id=2210, page=5, 406.
51875pt x 305.14pt>
File: ./svg-inkscape/CurvaCirculoB-SPLINE_3D_Plot_svg-tex.pdf Graphic file (typ
e pdf)
<use ./svg-inkscape/CurvaCirculoB-SPLINE_3D_Plot_svg-tex.pdf, page 5>
Package pdftex.def Info: ./svg-inkscape/CurvaCirculoB-SPLINE_3D_Plot_svg-tex.pd
f , page5 used on input line 65.
(pdftex.def)             Requested size: 98.335pt x 73.80779pt.
<./svg-inkscape/CurvaCirculoB-SPLINE_3D_Plot_svg-tex.pdf, id=2211, page=6, 406.
51875pt x 305.14pt>
File: ./svg-inkscape/CurvaCirculoB-SPLINE_3D_Plot_svg-tex.pdf Graphic file (typ
e pdf)
<use ./svg-inkscape/CurvaCirculoB-SPLINE_3D_Plot_svg-tex.pdf, page 6>
Package pdftex.def Info: ./svg-inkscape/CurvaCirculoB-SPLINE_3D_Plot_svg-tex.pd
f , page6 used on input line 68.
(pdftex.def)             Requested size: 98.335pt x 73.80779pt.
<./svg-inkscape/CurvaCirculoB-SPLINE_3D_Plot_svg-tex.pdf, id=2212, page=7, 406.
51875pt x 305.14pt>
File: ./svg-inkscape/CurvaCirculoB-SPLINE_3D_Plot_svg-tex.pdf Graphic file (typ
e pdf)
<use ./svg-inkscape/CurvaCirculoB-SPLINE_3D_Plot_svg-tex.pdf, page 7>
Package pdftex.def Info: ./svg-inkscape/CurvaCirculoB-SPLINE_3D_Plot_svg-tex.pd
f , page7 used on input line 71.
(pdftex.def)             Requested size: 98.335pt x 73.80779pt.
<./svg-inkscape/CurvaCirculoB-SPLINE_3D_Plot_svg-tex.pdf, id=2213, page=8, 406.
51875pt x 305.14pt>
File: ./svg-inkscape/CurvaCirculoB-SPLINE_3D_Plot_svg-tex.pdf Graphic file (typ
e pdf)
<use ./svg-inkscape/CurvaCirculoB-SPLINE_3D_Plot_svg-tex.pdf, page 8>
Package pdftex.def Info: ./svg-inkscape/CurvaCirculoB-SPLINE_3D_Plot_svg-tex.pd
f , page8 used on input line 73.
(pdftex.def)             Requested size: 98.335pt x 73.80779pt.
<./svg-inkscape/CurvaCirculoB-SPLINE_3D_Plot_svg-tex.pdf, id=2214, page=9, 406.
51875pt x 305.14pt>
File: ./svg-inkscape/CurvaCirculoB-SPLINE_3D_Plot_svg-tex.pdf Graphic file (typ
e pdf)
<use ./svg-inkscape/CurvaCirculoB-SPLINE_3D_Plot_svg-tex.pdf, page 9>
Package pdftex.def Info: ./svg-inkscape/CurvaCirculoB-SPLINE_3D_Plot_svg-tex.pd
f , page9 used on input line 75.
(pdftex.def)             Requested size: 98.335pt x 73.80779pt.
<./svg-inkscape/CurvaCirculoB-SPLINE_3D_Plot_svg-tex.pdf, id=2215, page=10, 406
.51875pt x 305.14pt>
File: ./svg-inkscape/CurvaCirculoB-SPLINE_3D_Plot_svg-tex.pdf Graphic file (typ
e pdf)
<use ./svg-inkscape/CurvaCirculoB-SPLINE_3D_Plot_svg-tex.pdf, page 10>
Package pdftex.def Info: ./svg-inkscape/CurvaCirculoB-SPLINE_3D_Plot_svg-tex.pd
f , page10 used on input line 77.
(pdftex.def)             Requested size: 98.335pt x 73.80779pt.
)
Package svg Info: Last page of `./svg-inkscape/funciones_base_B-SPLINE_3_svg-te
x.pdf' is 2 on input line 603.

(svg-inkscape/funciones_base_B-SPLINE_3_svg-tex.pdf_tex
<./svg-inkscape/funciones_base_B-SPLINE_3_svg-tex.pdf, id=2217, page=1, 419.567
5pt x 315.1775pt>
File: ./svg-inkscape/funciones_base_B-SPLINE_3_svg-tex.pdf Graphic file (type p
df)
<use ./svg-inkscape/funciones_base_B-SPLINE_3_svg-tex.pdf, page 1>
Package pdftex.def Info: ./svg-inkscape/funciones_base_B-SPLINE_3_svg-tex.pdf ,
 page1 used on input line 56.
(pdftex.def)             Requested size: 98.335pt x 73.86954pt.
<./svg-inkscape/funciones_base_B-SPLINE_3_svg-tex.pdf, id=2218, page=2, 419.567
5pt x 315.1775pt>
File: ./svg-inkscape/funciones_base_B-SPLINE_3_svg-tex.pdf Graphic file (type p
df)
<use ./svg-inkscape/funciones_base_B-SPLINE_3_svg-tex.pdf, page 2>
Package pdftex.def Info: ./svg-inkscape/funciones_base_B-SPLINE_3_svg-tex.pdf ,
 page2 used on input line 69.
(pdftex.def)             Requested size: 98.335pt x 73.86954pt.
)
Package svg Info: Last page of `./svg-inkscape/Ders_funciones_base_B-SPLINE_Cir
cle_svg-tex.pdf' is 2 on input line 603.

(svg-inkscape/Ders_funciones_base_B-SPLINE_Circle_svg-tex.pdf_tex
<./svg-inkscape/Ders_funciones_base_B-SPLINE_Circle_svg-tex.pdf, id=2220, page=
1, 419.5675pt x 315.1775pt>
File: ./svg-inkscape/Ders_funciones_base_B-SPLINE_Circle_svg-tex.pdf Graphic fi
le (type pdf)
<use ./svg-inkscape/Ders_funciones_base_B-SPLINE_Circle_svg-tex.pdf, page 1>
Package pdftex.def Info: ./svg-inkscape/Ders_funciones_base_B-SPLINE_Circle_svg
-tex.pdf , page1 used on input line 56.
(pdftex.def)             Requested size: 98.335pt x 73.86954pt.
<./svg-inkscape/Ders_funciones_base_B-SPLINE_Circle_svg-tex.pdf, id=2221, page=
2, 419.5675pt x 315.1775pt>
File: ./svg-inkscape/Ders_funciones_base_B-SPLINE_Circle_svg-tex.pdf Graphic fi
le (type pdf)
<use ./svg-inkscape/Ders_funciones_base_B-SPLINE_Circle_svg-tex.pdf, page 2>
Package pdftex.def Info: ./svg-inkscape/Ders_funciones_base_B-SPLINE_Circle_svg
-tex.pdf , page2 used on input line 68.
(pdftex.def)             Requested size: 98.335pt x 73.86954pt.
) [15

 <./svg-inkscape/CurvaCirculoB-SPLINE_3D_Plot_svg-tex.pdf> <./svg-inkscape/Curv
aCirculoB-SPLINE_3D_Plot_svg-tex.pdf

pdfTeX warning: pdflatex.exe (file ./svg-inkscape/CurvaCirculoB-SPLINE_3D_Plot_
svg-tex.pdf): PDF inclusion: multiple pdfs with page group included in a single
 page
> <./svg-inkscape/CurvaCirculoB-SPLINE_3D_Plot_svg-tex.pdf

pdfTeX warning: pdflatex.exe (file ./svg-inkscape/CurvaCirculoB-SPLINE_3D_Plot_
svg-tex.pdf): PDF inclusion: multiple pdfs with page group included in a single
 page
> <./svg-inkscape/CurvaCirculoB-SPLINE_3D_Plot_svg-tex.pdf

pdfTeX warning: pdflatex.exe (file ./svg-inkscape/CurvaCirculoB-SPLINE_3D_Plot_
svg-tex.pdf): PDF inclusion: multiple pdfs with page group included in a single
 page
> <./svg-inkscape/CurvaCirculoB-SPLINE_3D_Plot_svg-tex.pdf

pdfTeX warning: pdflatex.exe (file ./svg-inkscape/CurvaCirculoB-SPLINE_3D_Plot_
svg-tex.pdf): PDF inclusion: multiple pdfs with page group included in a single
 page
> <./svg-inkscape/CurvaCirculoB-SPLINE_3D_Plot_svg-tex.pdf

pdfTeX warning: pdflatex.exe (file ./svg-inkscape/CurvaCirculoB-SPLINE_3D_Plot_
svg-tex.pdf): PDF inclusion: multiple pdfs with page group included in a single
 page
> <./svg-inkscape/CurvaCirculoB-SPLINE_3D_Plot_svg-tex.pdf

pdfTeX warning: pdflatex.exe (file ./svg-inkscape/CurvaCirculoB-SPLINE_3D_Plot_
svg-tex.pdf): PDF inclusion: multiple pdfs with page group included in a single
 page
> <./svg-inkscape/CurvaCirculoB-SPLINE_3D_Plot_svg-tex.pdf

pdfTeX warning: pdflatex.exe (file ./svg-inkscape/CurvaCirculoB-SPLINE_3D_Plot_
svg-tex.pdf): PDF inclusion: multiple pdfs with page group included in a single
 page
> <./svg-inkscape/CurvaCirculoB-SPLINE_3D_Plot_svg-tex.pdf

pdfTeX warning: pdflatex.exe (file ./svg-inkscape/CurvaCirculoB-SPLINE_3D_Plot_
svg-tex.pdf): PDF inclusion: multiple pdfs with page group included in a single
 page
> <./svg-inkscape/CurvaCirculoB-SPLINE_3D_Plot_svg-tex.pdf

pdfTeX warning: pdflatex.exe (file ./svg-inkscape/CurvaCirculoB-SPLINE_3D_Plot_
svg-tex.pdf): PDF inclusion: multiple pdfs with page group included in a single
 page
> <./svg-inkscape/funciones_base_B-SPLINE_3_svg-tex.pdf

pdfTeX warning: pdflatex.exe (file ./svg-inkscape/funciones_base_B-SPLINE_3_svg
-tex.pdf): PDF inclusion: multiple pdfs with page group included in a single pa
ge
> <./svg-inkscape/funciones_base_B-SPLINE_3_svg-tex.pdf

pdfTeX warning: pdflatex.exe (file ./svg-inkscape/funciones_base_B-SPLINE_3_svg
-tex.pdf): PDF inclusion: multiple pdfs with page group included in a single pa
ge
> <./svg-inkscape/Ders_funciones_base_B-SPLINE_Circle_svg-tex.pdf

pdfTeX warning: pdflatex.exe (file ./svg-inkscape/Ders_funciones_base_B-SPLINE_
Circle_svg-tex.pdf): PDF inclusion: multiple pdfs with page group included in a
 single page
> <./svg-inkscape/Ders_funciones_base_B-SPLINE_Circle_svg-tex.pdf

pdfTeX warning: pdflatex.exe (file ./svg-inkscape/Ders_funciones_base_B-SPLINE_
Circle_svg-tex.pdf): PDF inclusion: multiple pdfs with page group included in a
 single page
>] Excluding 'comment' comment.
LaTeX Font Info:    Font shape `T1/opensans-TLF/m/it' will be
(Font)              scaled to size 10.0pt on input line 641.
LaTeX Font Info:    Font shape `OT1/ptm/bx/n' in size <10> not available
(Font)              Font shape `OT1/ptm/b/n' tried instead on input line 641.
LaTeX Font Info:    Font shape `OT1/ptm/bx/n' in size <7.4> not available
(Font)              Font shape `OT1/ptm/b/n' tried instead on input line 641.
LaTeX Font Info:    Font shape `T1/phv/m/it' in size <10> not available
(Font)              Font shape `T1/phv/m/sl' tried instead on input line 641.
LaTeX Font Info:    Font shape `T1/phv/m/it' in size <7.4> not available
(Font)              Font shape `T1/phv/m/sl' tried instead on input line 641.
LaTeX Font Info:    Font shape `T1/opensans-TLF/b/it' will be
(Font)              scaled to size 10.0pt on input line 641.
 [16

] [17

]
LaTeX Font Info:    Font shape `T1/opensans-TLF/m/it' will be
(Font)              scaled to size 10.95pt on input line 681.
 [18

]
Package svg Info: Last page of `./svg-inkscape/CurvaCirculoNURBS_3D_Plot_svg-te
x.pdf' is 10 on input line 734.

(svg-inkscape/CurvaCirculoNURBS_3D_Plot_svg-tex.pdf_tex
<./svg-inkscape/CurvaCirculoNURBS_3D_Plot_svg-tex.pdf, id=2869, page=1, 406.518
75pt x 305.14pt>
File: ./svg-inkscape/CurvaCirculoNURBS_3D_Plot_svg-tex.pdf Graphic file (type p
df)
<use ./svg-inkscape/CurvaCirculoNURBS_3D_Plot_svg-tex.pdf, page 1>
Package pdftex.def Info: ./svg-inkscape/CurvaCirculoNURBS_3D_Plot_svg-tex.pdf ,
 page1 used on input line 56.
(pdftex.def)             Requested size: 98.335pt x 73.80779pt.
<./svg-inkscape/CurvaCirculoNURBS_3D_Plot_svg-tex.pdf, id=2870, page=2, 406.518
75pt x 305.14pt>
File: ./svg-inkscape/CurvaCirculoNURBS_3D_Plot_svg-tex.pdf Graphic file (type p
df)
<use ./svg-inkscape/CurvaCirculoNURBS_3D_Plot_svg-tex.pdf, page 2>
Package pdftex.def Info: ./svg-inkscape/CurvaCirculoNURBS_3D_Plot_svg-tex.pdf ,
 page2 used on input line 58.
(pdftex.def)             Requested size: 98.335pt x 73.80779pt.
<./svg-inkscape/CurvaCirculoNURBS_3D_Plot_svg-tex.pdf, id=2871, page=3, 406.518
75pt x 305.14pt>
File: ./svg-inkscape/CurvaCirculoNURBS_3D_Plot_svg-tex.pdf Graphic file (type p
df)
<use ./svg-inkscape/CurvaCirculoNURBS_3D_Plot_svg-tex.pdf, page 3>
Package pdftex.def Info: ./svg-inkscape/CurvaCirculoNURBS_3D_Plot_svg-tex.pdf ,
 page3 used on input line 60.
(pdftex.def)             Requested size: 98.335pt x 73.80779pt.
<./svg-inkscape/CurvaCirculoNURBS_3D_Plot_svg-tex.pdf, id=2872, page=4, 406.518
75pt x 305.14pt>
File: ./svg-inkscape/CurvaCirculoNURBS_3D_Plot_svg-tex.pdf Graphic file (type p
df)
<use ./svg-inkscape/CurvaCirculoNURBS_3D_Plot_svg-tex.pdf, page 4>
Package pdftex.def Info: ./svg-inkscape/CurvaCirculoNURBS_3D_Plot_svg-tex.pdf ,
 page4 used on input line 62.
(pdftex.def)             Requested size: 98.335pt x 73.80779pt.
<./svg-inkscape/CurvaCirculoNURBS_3D_Plot_svg-tex.pdf, id=2873, page=5, 406.518
75pt x 305.14pt>
File: ./svg-inkscape/CurvaCirculoNURBS_3D_Plot_svg-tex.pdf Graphic file (type p
df)
<use ./svg-inkscape/CurvaCirculoNURBS_3D_Plot_svg-tex.pdf, page 5>
Package pdftex.def Info: ./svg-inkscape/CurvaCirculoNURBS_3D_Plot_svg-tex.pdf ,
 page5 used on input line 65.
(pdftex.def)             Requested size: 98.335pt x 73.80779pt.
<./svg-inkscape/CurvaCirculoNURBS_3D_Plot_svg-tex.pdf, id=2874, page=6, 406.518
75pt x 305.14pt>
File: ./svg-inkscape/CurvaCirculoNURBS_3D_Plot_svg-tex.pdf Graphic file (type p
df)
<use ./svg-inkscape/CurvaCirculoNURBS_3D_Plot_svg-tex.pdf, page 6>
Package pdftex.def Info: ./svg-inkscape/CurvaCirculoNURBS_3D_Plot_svg-tex.pdf ,
 page6 used on input line 68.
(pdftex.def)             Requested size: 98.335pt x 73.80779pt.
<./svg-inkscape/CurvaCirculoNURBS_3D_Plot_svg-tex.pdf, id=2875, page=7, 406.518
75pt x 305.14pt>
File: ./svg-inkscape/CurvaCirculoNURBS_3D_Plot_svg-tex.pdf Graphic file (type p
df)
<use ./svg-inkscape/CurvaCirculoNURBS_3D_Plot_svg-tex.pdf, page 7>
Package pdftex.def Info: ./svg-inkscape/CurvaCirculoNURBS_3D_Plot_svg-tex.pdf ,
 page7 used on input line 71.
(pdftex.def)             Requested size: 98.335pt x 73.80779pt.
<./svg-inkscape/CurvaCirculoNURBS_3D_Plot_svg-tex.pdf, id=2876, page=8, 406.518
75pt x 305.14pt>
File: ./svg-inkscape/CurvaCirculoNURBS_3D_Plot_svg-tex.pdf Graphic file (type p
df)
<use ./svg-inkscape/CurvaCirculoNURBS_3D_Plot_svg-tex.pdf, page 8>
Package pdftex.def Info: ./svg-inkscape/CurvaCirculoNURBS_3D_Plot_svg-tex.pdf ,
 page8 used on input line 73.
(pdftex.def)             Requested size: 98.335pt x 73.80779pt.
<./svg-inkscape/CurvaCirculoNURBS_3D_Plot_svg-tex.pdf, id=2877, page=9, 406.518
75pt x 305.14pt>
File: ./svg-inkscape/CurvaCirculoNURBS_3D_Plot_svg-tex.pdf Graphic file (type p
df)
<use ./svg-inkscape/CurvaCirculoNURBS_3D_Plot_svg-tex.pdf, page 9>
Package pdftex.def Info: ./svg-inkscape/CurvaCirculoNURBS_3D_Plot_svg-tex.pdf ,
 page9 used on input line 75.
(pdftex.def)             Requested size: 98.335pt x 73.80779pt.
<./svg-inkscape/CurvaCirculoNURBS_3D_Plot_svg-tex.pdf, id=2878, page=10, 406.51
875pt x 305.14pt>
File: ./svg-inkscape/CurvaCirculoNURBS_3D_Plot_svg-tex.pdf Graphic file (type p
df)
<use ./svg-inkscape/CurvaCirculoNURBS_3D_Plot_svg-tex.pdf, page 10>
Package pdftex.def Info: ./svg-inkscape/CurvaCirculoNURBS_3D_Plot_svg-tex.pdf ,
 page10 used on input line 77.
(pdftex.def)             Requested size: 98.335pt x 73.80779pt.
)
Package svg Info: Last page of `./svg-inkscape/funciones_base_NURBSaux_svg-tex.
pdf' is 2 on input line 734.

(svg-inkscape/funciones_base_NURBSaux_svg-tex.pdf_tex
<./svg-inkscape/funciones_base_NURBSaux_svg-tex.pdf, id=2880, page=1, 285.065pt
 x 213.79875pt>
File: ./svg-inkscape/funciones_base_NURBSaux_svg-tex.pdf Graphic file (type pdf
)
<use ./svg-inkscape/funciones_base_NURBSaux_svg-tex.pdf, page 1>
Package pdftex.def Info: ./svg-inkscape/funciones_base_NURBSaux_svg-tex.pdf , p
age1 used on input line 56.
(pdftex.def)             Requested size: 101.40622pt x 76.05403pt.
<./svg-inkscape/funciones_base_NURBSaux_svg-tex.pdf, id=2881, page=2, 285.065pt
 x 213.79875pt>
File: ./svg-inkscape/funciones_base_NURBSaux_svg-tex.pdf Graphic file (type pdf
)
<use ./svg-inkscape/funciones_base_NURBSaux_svg-tex.pdf, page 2>
Package pdftex.def Info: ./svg-inkscape/funciones_base_NURBSaux_svg-tex.pdf , p
age2 used on input line 69.
(pdftex.def)             Requested size: 101.40622pt x 76.05403pt.
)
Package svg Info: Last page of `./svg-inkscape/Ders_funciones_base_NURBS_Circle
_svg-tex.pdf' is 2 on input line 734.

(svg-inkscape/Ders_funciones_base_NURBS_Circle_svg-tex.pdf_tex
<./svg-inkscape/Ders_funciones_base_NURBS_Circle_svg-tex.pdf, id=2883, page=1, 
419.5675pt x 315.1775pt>
File: ./svg-inkscape/Ders_funciones_base_NURBS_Circle_svg-tex.pdf Graphic file 
(type pdf)
<use ./svg-inkscape/Ders_funciones_base_NURBS_Circle_svg-tex.pdf, page 1>
Package pdftex.def Info: ./svg-inkscape/Ders_funciones_base_NURBS_Circle_svg-te
x.pdf , page1 used on input line 56.
(pdftex.def)             Requested size: 98.335pt x 73.86954pt.
<./svg-inkscape/Ders_funciones_base_NURBS_Circle_svg-tex.pdf, id=2884, page=2, 
419.5675pt x 315.1775pt>
File: ./svg-inkscape/Ders_funciones_base_NURBS_Circle_svg-tex.pdf Graphic file 
(type pdf)
<use ./svg-inkscape/Ders_funciones_base_NURBS_Circle_svg-tex.pdf, page 2>
Package pdftex.def Info: ./svg-inkscape/Ders_funciones_base_NURBS_Circle_svg-te
x.pdf , page2 used on input line 68.
(pdftex.def)             Requested size: 98.335pt x 73.86954pt.
)
Overfull \vbox (9.73264pt too high) detected at line 734
 []

[19

 <./svg-inkscape/CurvaCirculoNURBS_3D_Plot_svg-tex.pdf> <./svg-inkscape/CurvaCi
rculoNURBS_3D_Plot_svg-tex.pdf

pdfTeX warning: pdflatex.exe (file ./svg-inkscape/CurvaCirculoNURBS_3D_Plot_svg
-tex.pdf): PDF inclusion: multiple pdfs with page group included in a single pa
ge
> <./svg-inkscape/CurvaCirculoNURBS_3D_Plot_svg-tex.pdf

pdfTeX warning: pdflatex.exe (file ./svg-inkscape/CurvaCirculoNURBS_3D_Plot_svg
-tex.pdf): PDF inclusion: multiple pdfs with page group included in a single pa
ge
> <./svg-inkscape/CurvaCirculoNURBS_3D_Plot_svg-tex.pdf

pdfTeX warning: pdflatex.exe (file ./svg-inkscape/CurvaCirculoNURBS_3D_Plot_svg
-tex.pdf): PDF inclusion: multiple pdfs with page group included in a single pa
ge
> <./svg-inkscape/CurvaCirculoNURBS_3D_Plot_svg-tex.pdf

pdfTeX warning: pdflatex.exe (file ./svg-inkscape/CurvaCirculoNURBS_3D_Plot_svg
-tex.pdf): PDF inclusion: multiple pdfs with page group included in a single pa
ge
> <./svg-inkscape/CurvaCirculoNURBS_3D_Plot_svg-tex.pdf

pdfTeX warning: pdflatex.exe (file ./svg-inkscape/CurvaCirculoNURBS_3D_Plot_svg
-tex.pdf): PDF inclusion: multiple pdfs with page group included in a single pa
ge
> <./svg-inkscape/CurvaCirculoNURBS_3D_Plot_svg-tex.pdf

pdfTeX warning: pdflatex.exe (file ./svg-inkscape/CurvaCirculoNURBS_3D_Plot_svg
-tex.pdf): PDF inclusion: multiple pdfs with page group included in a single pa
ge
> <./svg-inkscape/CurvaCirculoNURBS_3D_Plot_svg-tex.pdf

pdfTeX warning: pdflatex.exe (file ./svg-inkscape/CurvaCirculoNURBS_3D_Plot_svg
-tex.pdf): PDF inclusion: multiple pdfs with page group included in a single pa
ge
> <./svg-inkscape/CurvaCirculoNURBS_3D_Plot_svg-tex.pdf

pdfTeX warning: pdflatex.exe (file ./svg-inkscape/CurvaCirculoNURBS_3D_Plot_svg
-tex.pdf): PDF inclusion: multiple pdfs with page group included in a single pa
ge
> <./svg-inkscape/CurvaCirculoNURBS_3D_Plot_svg-tex.pdf

pdfTeX warning: pdflatex.exe (file ./svg-inkscape/CurvaCirculoNURBS_3D_Plot_svg
-tex.pdf): PDF inclusion: multiple pdfs with page group included in a single pa
ge
> <./svg-inkscape/funciones_base_NURBSaux_svg-tex.pdf

pdfTeX warning: pdflatex.exe (file ./svg-inkscape/funciones_base_NURBSaux_svg-t
ex.pdf): PDF inclusion: multiple pdfs with page group included in a single page

> <./svg-inkscape/funciones_base_NURBSaux_svg-tex.pdf

pdfTeX warning: pdflatex.exe (file ./svg-inkscape/funciones_base_NURBSaux_svg-t
ex.pdf): PDF inclusion: multiple pdfs with page group included in a single page

> <./svg-inkscape/Ders_funciones_base_NURBS_Circle_svg-tex.pdf

pdfTeX warning: pdflatex.exe (file ./svg-inkscape/Ders_funciones_base_NURBS_Cir
cle_svg-tex.pdf): PDF inclusion: multiple pdfs with page group included in a si
ngle page
> <./svg-inkscape/Ders_funciones_base_NURBS_Circle_svg-tex.pdf

pdfTeX warning: pdflatex.exe (file ./svg-inkscape/Ders_funciones_base_NURBS_Cir
cle_svg-tex.pdf): PDF inclusion: multiple pdfs with page group included in a si
ngle page
>] [20

]
Package svg Info: Last page of `./svg-inkscape/Superficie_NURBS_Ej1_svg-tex.pdf
' is 13 on input line 792.
 (svg-inkscape/Superficie_NURBS_Ej1_svg-tex.pdf_tex
<./svg-inkscape/Superficie_NURBS_Ej1_svg-tex.pdf, id=3237, page=1, 406.51875pt 
x 305.14pt>
File: ./svg-inkscape/Superficie_NURBS_Ej1_svg-tex.pdf Graphic file (type pdf)
<use ./svg-inkscape/Superficie_NURBS_Ej1_svg-tex.pdf, page 1>
Package pdftex.def Info: ./svg-inkscape/Superficie_NURBS_Ej1_svg-tex.pdf , page
1 used on input line 56.
(pdftex.def)             Requested size: 138.2795pt x 103.79277pt.
<./svg-inkscape/Superficie_NURBS_Ej1_svg-tex.pdf, id=3238, page=2, 406.51875pt 
x 305.14pt>
File: ./svg-inkscape/Superficie_NURBS_Ej1_svg-tex.pdf Graphic file (type pdf)
<use ./svg-inkscape/Superficie_NURBS_Ej1_svg-tex.pdf, page 2>
Package pdftex.def Info: ./svg-inkscape/Superficie_NURBS_Ej1_svg-tex.pdf , page
2 used on input line 59.
(pdftex.def)             Requested size: 138.2795pt x 103.79277pt.
<./svg-inkscape/Superficie_NURBS_Ej1_svg-tex.pdf, id=3239, page=3, 406.51875pt 
x 305.14pt>
File: ./svg-inkscape/Superficie_NURBS_Ej1_svg-tex.pdf Graphic file (type pdf)
<use ./svg-inkscape/Superficie_NURBS_Ej1_svg-tex.pdf, page 3>
Package pdftex.def Info: ./svg-inkscape/Superficie_NURBS_Ej1_svg-tex.pdf , page
3 used on input line 61.
(pdftex.def)             Requested size: 138.2795pt x 103.79277pt.
<./svg-inkscape/Superficie_NURBS_Ej1_svg-tex.pdf, id=3240, page=4, 406.51875pt 
x 305.14pt>
File: ./svg-inkscape/Superficie_NURBS_Ej1_svg-tex.pdf Graphic file (type pdf)
<use ./svg-inkscape/Superficie_NURBS_Ej1_svg-tex.pdf, page 4>
Package pdftex.def Info: ./svg-inkscape/Superficie_NURBS_Ej1_svg-tex.pdf , page
4 used on input line 63.
(pdftex.def)             Requested size: 138.2795pt x 103.79277pt.
<./svg-inkscape/Superficie_NURBS_Ej1_svg-tex.pdf, id=3241, page=5, 406.51875pt 
x 305.14pt>
File: ./svg-inkscape/Superficie_NURBS_Ej1_svg-tex.pdf Graphic file (type pdf)
<use ./svg-inkscape/Superficie_NURBS_Ej1_svg-tex.pdf, page 5>
Package pdftex.def Info: ./svg-inkscape/Superficie_NURBS_Ej1_svg-tex.pdf , page
5 used on input line 66.
(pdftex.def)             Requested size: 138.2795pt x 103.79277pt.
<./svg-inkscape/Superficie_NURBS_Ej1_svg-tex.pdf, id=3242, page=6, 406.51875pt 
x 305.14pt>
File: ./svg-inkscape/Superficie_NURBS_Ej1_svg-tex.pdf Graphic file (type pdf)
<use ./svg-inkscape/Superficie_NURBS_Ej1_svg-tex.pdf, page 6>
Package pdftex.def Info: ./svg-inkscape/Superficie_NURBS_Ej1_svg-tex.pdf , page
6 used on input line 68.
(pdftex.def)             Requested size: 138.2795pt x 103.79277pt.
<./svg-inkscape/Superficie_NURBS_Ej1_svg-tex.pdf, id=3243, page=7, 406.51875pt 
x 305.14pt>
File: ./svg-inkscape/Superficie_NURBS_Ej1_svg-tex.pdf Graphic file (type pdf)
<use ./svg-inkscape/Superficie_NURBS_Ej1_svg-tex.pdf, page 7>
Package pdftex.def Info: ./svg-inkscape/Superficie_NURBS_Ej1_svg-tex.pdf , page
7 used on input line 70.
(pdftex.def)             Requested size: 138.2795pt x 103.79277pt.
<./svg-inkscape/Superficie_NURBS_Ej1_svg-tex.pdf, id=3244, page=8, 406.51875pt 
x 305.14pt>
File: ./svg-inkscape/Superficie_NURBS_Ej1_svg-tex.pdf Graphic file (type pdf)
<use ./svg-inkscape/Superficie_NURBS_Ej1_svg-tex.pdf, page 8>
Package pdftex.def Info: ./svg-inkscape/Superficie_NURBS_Ej1_svg-tex.pdf , page
8 used on input line 72.
(pdftex.def)             Requested size: 138.2795pt x 103.79277pt.
<./svg-inkscape/Superficie_NURBS_Ej1_svg-tex.pdf, id=3245, page=9, 406.51875pt 
x 305.14pt>
File: ./svg-inkscape/Superficie_NURBS_Ej1_svg-tex.pdf Graphic file (type pdf)
<use ./svg-inkscape/Superficie_NURBS_Ej1_svg-tex.pdf, page 9>
Package pdftex.def Info: ./svg-inkscape/Superficie_NURBS_Ej1_svg-tex.pdf , page
9 used on input line 74.
(pdftex.def)             Requested size: 138.2795pt x 103.79277pt.
<./svg-inkscape/Superficie_NURBS_Ej1_svg-tex.pdf, id=3246, page=10, 406.51875pt
 x 305.14pt>
File: ./svg-inkscape/Superficie_NURBS_Ej1_svg-tex.pdf Graphic file (type pdf)
<use ./svg-inkscape/Superficie_NURBS_Ej1_svg-tex.pdf, page 10>
Package pdftex.def Info: ./svg-inkscape/Superficie_NURBS_Ej1_svg-tex.pdf , page
10 used on input line 76.
(pdftex.def)             Requested size: 138.2795pt x 103.79277pt.
<./svg-inkscape/Superficie_NURBS_Ej1_svg-tex.pdf, id=3247, page=11, 406.51875pt
 x 305.14pt>
File: ./svg-inkscape/Superficie_NURBS_Ej1_svg-tex.pdf Graphic file (type pdf)
<use ./svg-inkscape/Superficie_NURBS_Ej1_svg-tex.pdf, page 11>
Package pdftex.def Info: ./svg-inkscape/Superficie_NURBS_Ej1_svg-tex.pdf , page
11 used on input line 78.
(pdftex.def)             Requested size: 138.2795pt x 103.79277pt.
<./svg-inkscape/Superficie_NURBS_Ej1_svg-tex.pdf, id=3248, page=12, 406.51875pt
 x 305.14pt>
File: ./svg-inkscape/Superficie_NURBS_Ej1_svg-tex.pdf Graphic file (type pdf)
<use ./svg-inkscape/Superficie_NURBS_Ej1_svg-tex.pdf, page 12>
Package pdftex.def Info: ./svg-inkscape/Superficie_NURBS_Ej1_svg-tex.pdf , page
12 used on input line 80.
(pdftex.def)             Requested size: 138.2795pt x 103.79277pt.
<./svg-inkscape/Superficie_NURBS_Ej1_svg-tex.pdf, id=3249, page=13, 406.51875pt
 x 305.14pt>
File: ./svg-inkscape/Superficie_NURBS_Ej1_svg-tex.pdf Graphic file (type pdf)
<use ./svg-inkscape/Superficie_NURBS_Ej1_svg-tex.pdf, page 13>
Package pdftex.def Info: ./svg-inkscape/Superficie_NURBS_Ej1_svg-tex.pdf , page
13 used on input line 82.
(pdftex.def)             Requested size: 138.2795pt x 103.79277pt.
)
Package svg Info: Last page of `./svg-inkscape/Superficie_NURBS_Ej2_svg-tex.pdf
' is 17 on input line 792.

(svg-inkscape/Superficie_NURBS_Ej2_svg-tex.pdf_tex
<./svg-inkscape/Superficie_NURBS_Ej2_svg-tex.pdf, id=3251, page=1, 406.51875pt 
x 305.14pt>
File: ./svg-inkscape/Superficie_NURBS_Ej2_svg-tex.pdf Graphic file (type pdf)
<use ./svg-inkscape/Superficie_NURBS_Ej2_svg-tex.pdf, page 1>
Package pdftex.def Info: ./svg-inkscape/Superficie_NURBS_Ej2_svg-tex.pdf , page
1 used on input line 56.
(pdftex.def)             Requested size: 138.2795pt x 103.79277pt.
<./svg-inkscape/Superficie_NURBS_Ej2_svg-tex.pdf, id=3252, page=2, 406.51875pt 
x 305.14pt>
File: ./svg-inkscape/Superficie_NURBS_Ej2_svg-tex.pdf Graphic file (type pdf)
<use ./svg-inkscape/Superficie_NURBS_Ej2_svg-tex.pdf, page 2>
Package pdftex.def Info: ./svg-inkscape/Superficie_NURBS_Ej2_svg-tex.pdf , page
2 used on input line 59.
(pdftex.def)             Requested size: 138.2795pt x 103.79277pt.
<./svg-inkscape/Superficie_NURBS_Ej2_svg-tex.pdf, id=3253, page=3, 406.51875pt 
x 305.14pt>
File: ./svg-inkscape/Superficie_NURBS_Ej2_svg-tex.pdf Graphic file (type pdf)
<use ./svg-inkscape/Superficie_NURBS_Ej2_svg-tex.pdf, page 3>
Package pdftex.def Info: ./svg-inkscape/Superficie_NURBS_Ej2_svg-tex.pdf , page
3 used on input line 61.
(pdftex.def)             Requested size: 138.2795pt x 103.79277pt.
<./svg-inkscape/Superficie_NURBS_Ej2_svg-tex.pdf, id=3254, page=4, 406.51875pt 
x 305.14pt>
File: ./svg-inkscape/Superficie_NURBS_Ej2_svg-tex.pdf Graphic file (type pdf)
<use ./svg-inkscape/Superficie_NURBS_Ej2_svg-tex.pdf, page 4>
Package pdftex.def Info: ./svg-inkscape/Superficie_NURBS_Ej2_svg-tex.pdf , page
4 used on input line 63.
(pdftex.def)             Requested size: 138.2795pt x 103.79277pt.
<./svg-inkscape/Superficie_NURBS_Ej2_svg-tex.pdf, id=3255, page=5, 406.51875pt 
x 305.14pt>
File: ./svg-inkscape/Superficie_NURBS_Ej2_svg-tex.pdf Graphic file (type pdf)
<use ./svg-inkscape/Superficie_NURBS_Ej2_svg-tex.pdf, page 5>
Package pdftex.def Info: ./svg-inkscape/Superficie_NURBS_Ej2_svg-tex.pdf , page
5 used on input line 65.
(pdftex.def)             Requested size: 138.2795pt x 103.79277pt.
<./svg-inkscape/Superficie_NURBS_Ej2_svg-tex.pdf, id=3256, page=6, 406.51875pt 
x 305.14pt>
File: ./svg-inkscape/Superficie_NURBS_Ej2_svg-tex.pdf Graphic file (type pdf)
<use ./svg-inkscape/Superficie_NURBS_Ej2_svg-tex.pdf, page 6>
Package pdftex.def Info: ./svg-inkscape/Superficie_NURBS_Ej2_svg-tex.pdf , page
6 used on input line 68.
(pdftex.def)             Requested size: 138.2795pt x 103.79277pt.
<./svg-inkscape/Superficie_NURBS_Ej2_svg-tex.pdf, id=3257, page=7, 406.51875pt 
x 305.14pt>
File: ./svg-inkscape/Superficie_NURBS_Ej2_svg-tex.pdf Graphic file (type pdf)
<use ./svg-inkscape/Superficie_NURBS_Ej2_svg-tex.pdf, page 7>
Package pdftex.def Info: ./svg-inkscape/Superficie_NURBS_Ej2_svg-tex.pdf , page
7 used on input line 70.
(pdftex.def)             Requested size: 138.2795pt x 103.79277pt.
<./svg-inkscape/Superficie_NURBS_Ej2_svg-tex.pdf, id=3258, page=8, 406.51875pt 
x 305.14pt>
File: ./svg-inkscape/Superficie_NURBS_Ej2_svg-tex.pdf Graphic file (type pdf)
<use ./svg-inkscape/Superficie_NURBS_Ej2_svg-tex.pdf, page 8>
Package pdftex.def Info: ./svg-inkscape/Superficie_NURBS_Ej2_svg-tex.pdf , page
8 used on input line 72.
(pdftex.def)             Requested size: 138.2795pt x 103.79277pt.
<./svg-inkscape/Superficie_NURBS_Ej2_svg-tex.pdf, id=3259, page=9, 406.51875pt 
x 305.14pt>
File: ./svg-inkscape/Superficie_NURBS_Ej2_svg-tex.pdf Graphic file (type pdf)
<use ./svg-inkscape/Superficie_NURBS_Ej2_svg-tex.pdf, page 9>
Package pdftex.def Info: ./svg-inkscape/Superficie_NURBS_Ej2_svg-tex.pdf , page
9 used on input line 74.
(pdftex.def)             Requested size: 138.2795pt x 103.79277pt.
<./svg-inkscape/Superficie_NURBS_Ej2_svg-tex.pdf, id=3260, page=10, 406.51875pt
 x 305.14pt>
File: ./svg-inkscape/Superficie_NURBS_Ej2_svg-tex.pdf Graphic file (type pdf)
<use ./svg-inkscape/Superficie_NURBS_Ej2_svg-tex.pdf, page 10>
Package pdftex.def Info: ./svg-inkscape/Superficie_NURBS_Ej2_svg-tex.pdf , page
10 used on input line 76.
(pdftex.def)             Requested size: 138.2795pt x 103.79277pt.
<./svg-inkscape/Superficie_NURBS_Ej2_svg-tex.pdf, id=3261, page=11, 406.51875pt
 x 305.14pt>
File: ./svg-inkscape/Superficie_NURBS_Ej2_svg-tex.pdf Graphic file (type pdf)
<use ./svg-inkscape/Superficie_NURBS_Ej2_svg-tex.pdf, page 11>
Package pdftex.def Info: ./svg-inkscape/Superficie_NURBS_Ej2_svg-tex.pdf , page
11 used on input line 78.
(pdftex.def)             Requested size: 138.2795pt x 103.79277pt.
<./svg-inkscape/Superficie_NURBS_Ej2_svg-tex.pdf, id=3262, page=12, 406.51875pt
 x 305.14pt>
File: ./svg-inkscape/Superficie_NURBS_Ej2_svg-tex.pdf Graphic file (type pdf)
<use ./svg-inkscape/Superficie_NURBS_Ej2_svg-tex.pdf, page 12>
Package pdftex.def Info: ./svg-inkscape/Superficie_NURBS_Ej2_svg-tex.pdf , page
12 used on input line 80.
(pdftex.def)             Requested size: 138.2795pt x 103.79277pt.
<./svg-inkscape/Superficie_NURBS_Ej2_svg-tex.pdf, id=3263, page=13, 406.51875pt
 x 305.14pt>
File: ./svg-inkscape/Superficie_NURBS_Ej2_svg-tex.pdf Graphic file (type pdf)
<use ./svg-inkscape/Superficie_NURBS_Ej2_svg-tex.pdf, page 13>
Package pdftex.def Info: ./svg-inkscape/Superficie_NURBS_Ej2_svg-tex.pdf , page
13 used on input line 82.
(pdftex.def)             Requested size: 138.2795pt x 103.79277pt.
<./svg-inkscape/Superficie_NURBS_Ej2_svg-tex.pdf, id=3264, page=14, 406.51875pt
 x 305.14pt>
File: ./svg-inkscape/Superficie_NURBS_Ej2_svg-tex.pdf Graphic file (type pdf)
<use ./svg-inkscape/Superficie_NURBS_Ej2_svg-tex.pdf, page 14>
Package pdftex.def Info: ./svg-inkscape/Superficie_NURBS_Ej2_svg-tex.pdf , page
14 used on input line 84.
(pdftex.def)             Requested size: 138.2795pt x 103.79277pt.
<./svg-inkscape/Superficie_NURBS_Ej2_svg-tex.pdf, id=3265, page=15, 406.51875pt
 x 305.14pt>
File: ./svg-inkscape/Superficie_NURBS_Ej2_svg-tex.pdf Graphic file (type pdf)
<use ./svg-inkscape/Superficie_NURBS_Ej2_svg-tex.pdf, page 15>
Package pdftex.def Info: ./svg-inkscape/Superficie_NURBS_Ej2_svg-tex.pdf , page
15 used on input line 86.
(pdftex.def)             Requested size: 138.2795pt x 103.79277pt.
<./svg-inkscape/Superficie_NURBS_Ej2_svg-tex.pdf, id=3266, page=16, 406.51875pt
 x 305.14pt>
File: ./svg-inkscape/Superficie_NURBS_Ej2_svg-tex.pdf Graphic file (type pdf)
<use ./svg-inkscape/Superficie_NURBS_Ej2_svg-tex.pdf, page 16>
Package pdftex.def Info: ./svg-inkscape/Superficie_NURBS_Ej2_svg-tex.pdf , page
16 used on input line 88.
(pdftex.def)             Requested size: 138.2795pt x 103.79277pt.
<./svg-inkscape/Superficie_NURBS_Ej2_svg-tex.pdf, id=3267, page=17, 406.51875pt
 x 305.14pt>
File: ./svg-inkscape/Superficie_NURBS_Ej2_svg-tex.pdf Graphic file (type pdf)
<use ./svg-inkscape/Superficie_NURBS_Ej2_svg-tex.pdf, page 17>
Package pdftex.def Info: ./svg-inkscape/Superficie_NURBS_Ej2_svg-tex.pdf , page
17 used on input line 90.
(pdftex.def)             Requested size: 138.2795pt x 103.79277pt.
) [21

 <./svg-inkscape/Superficie_NURBS_Ej1_svg-tex.pdf> <./svg-inkscape/Superficie_N
URBS_Ej1_svg-tex.pdf

pdfTeX warning: pdflatex.exe (file ./svg-inkscape/Superficie_NURBS_Ej1_svg-tex.
pdf): PDF inclusion: multiple pdfs with page group included in a single page
> <./svg-inkscape/Superficie_NURBS_Ej1_svg-tex.pdf

pdfTeX warning: pdflatex.exe (file ./svg-inkscape/Superficie_NURBS_Ej1_svg-tex.
pdf): PDF inclusion: multiple pdfs with page group included in a single page
> <./svg-inkscape/Superficie_NURBS_Ej1_svg-tex.pdf

pdfTeX warning: pdflatex.exe (file ./svg-inkscape/Superficie_NURBS_Ej1_svg-tex.
pdf): PDF inclusion: multiple pdfs with page group included in a single page
> <./svg-inkscape/Superficie_NURBS_Ej1_svg-tex.pdf

pdfTeX warning: pdflatex.exe (file ./svg-inkscape/Superficie_NURBS_Ej1_svg-tex.
pdf): PDF inclusion: multiple pdfs with page group included in a single page
> <./svg-inkscape/Superficie_NURBS_Ej1_svg-tex.pdf

pdfTeX warning: pdflatex.exe (file ./svg-inkscape/Superficie_NURBS_Ej1_svg-tex.
pdf): PDF inclusion: multiple pdfs with page group included in a single page
> <./svg-inkscape/Superficie_NURBS_Ej1_svg-tex.pdf

pdfTeX warning: pdflatex.exe (file ./svg-inkscape/Superficie_NURBS_Ej1_svg-tex.
pdf): PDF inclusion: multiple pdfs with page group included in a single page
> <./svg-inkscape/Superficie_NURBS_Ej1_svg-tex.pdf

pdfTeX warning: pdflatex.exe (file ./svg-inkscape/Superficie_NURBS_Ej1_svg-tex.
pdf): PDF inclusion: multiple pdfs with page group included in a single page
> <./svg-inkscape/Superficie_NURBS_Ej1_svg-tex.pdf

pdfTeX warning: pdflatex.exe (file ./svg-inkscape/Superficie_NURBS_Ej1_svg-tex.
pdf): PDF inclusion: multiple pdfs with page group included in a single page
> <./svg-inkscape/Superficie_NURBS_Ej1_svg-tex.pdf

pdfTeX warning: pdflatex.exe (file ./svg-inkscape/Superficie_NURBS_Ej1_svg-tex.
pdf): PDF inclusion: multiple pdfs with page group included in a single page
> <./svg-inkscape/Superficie_NURBS_Ej1_svg-tex.pdf

pdfTeX warning: pdflatex.exe (file ./svg-inkscape/Superficie_NURBS_Ej1_svg-tex.
pdf): PDF inclusion: multiple pdfs with page group included in a single page
> <./svg-inkscape/Superficie_NURBS_Ej1_svg-tex.pdf

pdfTeX warning: pdflatex.exe (file ./svg-inkscape/Superficie_NURBS_Ej1_svg-tex.
pdf): PDF inclusion: multiple pdfs with page group included in a single page
> <./svg-inkscape/Superficie_NURBS_Ej1_svg-tex.pdf

pdfTeX warning: pdflatex.exe (file ./svg-inkscape/Superficie_NURBS_Ej1_svg-tex.
pdf): PDF inclusion: multiple pdfs with page group included in a single page
> <./svg-inkscape/Superficie_NURBS_Ej2_svg-tex.pdf

pdfTeX warning: pdflatex.exe (file ./svg-inkscape/Superficie_NURBS_Ej2_svg-tex.
pdf): PDF inclusion: multiple pdfs with page group included in a single page
> <./svg-inkscape/Superficie_NURBS_Ej2_svg-tex.pdf

pdfTeX warning: pdflatex.exe (file ./svg-inkscape/Superficie_NURBS_Ej2_svg-tex.
pdf): PDF inclusion: multiple pdfs with page group included in a single page
> <./svg-inkscape/Superficie_NURBS_Ej2_svg-tex.pdf

pdfTeX warning: pdflatex.exe (file ./svg-inkscape/Superficie_NURBS_Ej2_svg-tex.
pdf): PDF inclusion: multiple pdfs with page group included in a single page
> <./svg-inkscape/Superficie_NURBS_Ej2_svg-tex.pdf

pdfTeX warning: pdflatex.exe (file ./svg-inkscape/Superficie_NURBS_Ej2_svg-tex.
pdf): PDF inclusion: multiple pdfs with page group included in a single page
> <./svg-inkscape/Superficie_NURBS_Ej2_svg-tex.pdf

pdfTeX warning: pdflatex.exe (file ./svg-inkscape/Superficie_NURBS_Ej2_svg-tex.
pdf): PDF inclusion: multiple pdfs with page group included in a single page
> <./svg-inkscape/Superficie_NURBS_Ej2_svg-tex.pdf

pdfTeX warning: pdflatex.exe (file ./svg-inkscape/Superficie_NURBS_Ej2_svg-tex.
pdf): PDF inclusion: multiple pdfs with page group included in a single page
> <./svg-inkscape/Superficie_NURBS_Ej2_svg-tex.pdf

pdfTeX warning: pdflatex.exe (file ./svg-inkscape/Superficie_NURBS_Ej2_svg-tex.
pdf): PDF inclusion: multiple pdfs with page group included in a single page
> <./svg-inkscape/Superficie_NURBS_Ej2_svg-tex.pdf

pdfTeX warning: pdflatex.exe (file ./svg-inkscape/Superficie_NURBS_Ej2_svg-tex.
pdf): PDF inclusion: multiple pdfs with page group included in a single page
> <./svg-inkscape/Superficie_NURBS_Ej2_svg-tex.pdf

pdfTeX warning: pdflatex.exe (file ./svg-inkscape/Superficie_NURBS_Ej2_svg-tex.
pdf): PDF inclusion: multiple pdfs with page group included in a single page
> <./svg-inkscape/Superficie_NURBS_Ej2_svg-tex.pdf

pdfTeX warning: pdflatex.exe (file ./svg-inkscape/Superficie_NURBS_Ej2_svg-tex.
pdf): PDF inclusion: multiple pdfs with page group included in a single page
> <./svg-inkscape/Superficie_NURBS_Ej2_svg-tex.pdf

pdfTeX warning: pdflatex.exe (file ./svg-inkscape/Superficie_NURBS_Ej2_svg-tex.
pdf): PDF inclusion: multiple pdfs with page group included in a single page
> <./svg-inkscape/Superficie_NURBS_Ej2_svg-tex.pdf

pdfTeX warning: pdflatex.exe (file ./svg-inkscape/Superficie_NURBS_Ej2_svg-tex.
pdf): PDF inclusion: multiple pdfs with page group included in a single page
> <./svg-inkscape/Superficie_NURBS_Ej2_svg-tex.pdf

pdfTeX warning: pdflatex.exe (file ./svg-inkscape/Superficie_NURBS_Ej2_svg-tex.
pdf): PDF inclusion: multiple pdfs with page group included in a single page
> <./svg-inkscape/Superficie_NURBS_Ej2_svg-tex.pdf

pdfTeX warning: pdflatex.exe (file ./svg-inkscape/Superficie_NURBS_Ej2_svg-tex.
pdf): PDF inclusion: multiple pdfs with page group included in a single page
> <./svg-inkscape/Superficie_NURBS_Ej2_svg-tex.pdf

pdfTeX warning: pdflatex.exe (file ./svg-inkscape/Superficie_NURBS_Ej2_svg-tex.
pdf): PDF inclusion: multiple pdfs with page group included in a single page
> <./svg-inkscape/Superficie_NURBS_Ej2_svg-tex.pdf

pdfTeX warning: pdflatex.exe (file ./svg-inkscape/Superficie_NURBS_Ej2_svg-tex.
pdf): PDF inclusion: multiple pdfs with page group included in a single page
> <./svg-inkscape/Superficie_NURBS_Ej2_svg-tex.pdf

pdfTeX warning: pdflatex.exe (file ./svg-inkscape/Superficie_NURBS_Ej2_svg-tex.
pdf): PDF inclusion: multiple pdfs with page group included in a single page
>] [22

]
Package svg Info: Last page of `./svg-inkscape/Superficie_NURBS_Ej2_Refined_svg
-tex.pdf' is 17 on input line 846.
 (svg-inkscape/Superficie_NURBS_Ej2_Refined_svg-tex.pdf_tex
<./svg-inkscape/Superficie_NURBS_Ej2_Refined_svg-tex.pdf, id=3660, page=1, 406.
51875pt x 305.14pt>
File: ./svg-inkscape/Superficie_NURBS_Ej2_Refined_svg-tex.pdf Graphic file (typ
e pdf)
<use ./svg-inkscape/Superficie_NURBS_Ej2_Refined_svg-tex.pdf, page 1>
Package pdftex.def Info: ./svg-inkscape/Superficie_NURBS_Ej2_Refined_svg-tex.pd
f , page1 used on input line 56.
(pdftex.def)             Requested size: 98.335pt x 73.80779pt.
<./svg-inkscape/Superficie_NURBS_Ej2_Refined_svg-tex.pdf, id=3661, page=2, 406.
51875pt x 305.14pt>
File: ./svg-inkscape/Superficie_NURBS_Ej2_Refined_svg-tex.pdf Graphic file (typ
e pdf)
<use ./svg-inkscape/Superficie_NURBS_Ej2_Refined_svg-tex.pdf, page 2>
Package pdftex.def Info: ./svg-inkscape/Superficie_NURBS_Ej2_Refined_svg-tex.pd
f , page2 used on input line 59.
(pdftex.def)             Requested size: 98.335pt x 73.80779pt.
<./svg-inkscape/Superficie_NURBS_Ej2_Refined_svg-tex.pdf, id=3662, page=3, 406.
51875pt x 305.14pt>
File: ./svg-inkscape/Superficie_NURBS_Ej2_Refined_svg-tex.pdf Graphic file (typ
e pdf)
<use ./svg-inkscape/Superficie_NURBS_Ej2_Refined_svg-tex.pdf, page 3>
Package pdftex.def Info: ./svg-inkscape/Superficie_NURBS_Ej2_Refined_svg-tex.pd
f , page3 used on input line 61.
(pdftex.def)             Requested size: 98.335pt x 73.80779pt.
<./svg-inkscape/Superficie_NURBS_Ej2_Refined_svg-tex.pdf, id=3663, page=4, 406.
51875pt x 305.14pt>
File: ./svg-inkscape/Superficie_NURBS_Ej2_Refined_svg-tex.pdf Graphic file (typ
e pdf)
<use ./svg-inkscape/Superficie_NURBS_Ej2_Refined_svg-tex.pdf, page 4>
Package pdftex.def Info: ./svg-inkscape/Superficie_NURBS_Ej2_Refined_svg-tex.pd
f , page4 used on input line 63.
(pdftex.def)             Requested size: 98.335pt x 73.80779pt.
<./svg-inkscape/Superficie_NURBS_Ej2_Refined_svg-tex.pdf, id=3664, page=5, 406.
51875pt x 305.14pt>
File: ./svg-inkscape/Superficie_NURBS_Ej2_Refined_svg-tex.pdf Graphic file (typ
e pdf)
<use ./svg-inkscape/Superficie_NURBS_Ej2_Refined_svg-tex.pdf, page 5>
Package pdftex.def Info: ./svg-inkscape/Superficie_NURBS_Ej2_Refined_svg-tex.pd
f , page5 used on input line 65.
(pdftex.def)             Requested size: 98.335pt x 73.80779pt.
<./svg-inkscape/Superficie_NURBS_Ej2_Refined_svg-tex.pdf, id=3665, page=6, 406.
51875pt x 305.14pt>
File: ./svg-inkscape/Superficie_NURBS_Ej2_Refined_svg-tex.pdf Graphic file (typ
e pdf)
<use ./svg-inkscape/Superficie_NURBS_Ej2_Refined_svg-tex.pdf, page 6>
Package pdftex.def Info: ./svg-inkscape/Superficie_NURBS_Ej2_Refined_svg-tex.pd
f , page6 used on input line 68.
(pdftex.def)             Requested size: 98.335pt x 73.80779pt.
<./svg-inkscape/Superficie_NURBS_Ej2_Refined_svg-tex.pdf, id=3666, page=7, 406.
51875pt x 305.14pt>
File: ./svg-inkscape/Superficie_NURBS_Ej2_Refined_svg-tex.pdf Graphic file (typ
e pdf)
<use ./svg-inkscape/Superficie_NURBS_Ej2_Refined_svg-tex.pdf, page 7>
Package pdftex.def Info: ./svg-inkscape/Superficie_NURBS_Ej2_Refined_svg-tex.pd
f , page7 used on input line 70.
(pdftex.def)             Requested size: 98.335pt x 73.80779pt.
<./svg-inkscape/Superficie_NURBS_Ej2_Refined_svg-tex.pdf, id=3667, page=8, 406.
51875pt x 305.14pt>
File: ./svg-inkscape/Superficie_NURBS_Ej2_Refined_svg-tex.pdf Graphic file (typ
e pdf)
<use ./svg-inkscape/Superficie_NURBS_Ej2_Refined_svg-tex.pdf, page 8>
Package pdftex.def Info: ./svg-inkscape/Superficie_NURBS_Ej2_Refined_svg-tex.pd
f , page8 used on input line 72.
(pdftex.def)             Requested size: 98.335pt x 73.80779pt.
<./svg-inkscape/Superficie_NURBS_Ej2_Refined_svg-tex.pdf, id=3668, page=9, 406.
51875pt x 305.14pt>
File: ./svg-inkscape/Superficie_NURBS_Ej2_Refined_svg-tex.pdf Graphic file (typ
e pdf)
<use ./svg-inkscape/Superficie_NURBS_Ej2_Refined_svg-tex.pdf, page 9>
Package pdftex.def Info: ./svg-inkscape/Superficie_NURBS_Ej2_Refined_svg-tex.pd
f , page9 used on input line 74.
(pdftex.def)             Requested size: 98.335pt x 73.80779pt.
<./svg-inkscape/Superficie_NURBS_Ej2_Refined_svg-tex.pdf, id=3669, page=10, 406
.51875pt x 305.14pt>
File: ./svg-inkscape/Superficie_NURBS_Ej2_Refined_svg-tex.pdf Graphic file (typ
e pdf)
<use ./svg-inkscape/Superficie_NURBS_Ej2_Refined_svg-tex.pdf, page 10>
Package pdftex.def Info: ./svg-inkscape/Superficie_NURBS_Ej2_Refined_svg-tex.pd
f , page10 used on input line 76.
(pdftex.def)             Requested size: 98.335pt x 73.80779pt.
<./svg-inkscape/Superficie_NURBS_Ej2_Refined_svg-tex.pdf, id=3670, page=11, 406
.51875pt x 305.14pt>
File: ./svg-inkscape/Superficie_NURBS_Ej2_Refined_svg-tex.pdf Graphic file (typ
e pdf)
<use ./svg-inkscape/Superficie_NURBS_Ej2_Refined_svg-tex.pdf, page 11>
Package pdftex.def Info: ./svg-inkscape/Superficie_NURBS_Ej2_Refined_svg-tex.pd
f , page11 used on input line 78.
(pdftex.def)             Requested size: 98.335pt x 73.80779pt.
<./svg-inkscape/Superficie_NURBS_Ej2_Refined_svg-tex.pdf, id=3671, page=12, 406
.51875pt x 305.14pt>
File: ./svg-inkscape/Superficie_NURBS_Ej2_Refined_svg-tex.pdf Graphic file (typ
e pdf)
<use ./svg-inkscape/Superficie_NURBS_Ej2_Refined_svg-tex.pdf, page 12>
Package pdftex.def Info: ./svg-inkscape/Superficie_NURBS_Ej2_Refined_svg-tex.pd
f , page12 used on input line 80.
(pdftex.def)             Requested size: 98.335pt x 73.80779pt.
<./svg-inkscape/Superficie_NURBS_Ej2_Refined_svg-tex.pdf, id=3672, page=13, 406
.51875pt x 305.14pt>
File: ./svg-inkscape/Superficie_NURBS_Ej2_Refined_svg-tex.pdf Graphic file (typ
e pdf)
<use ./svg-inkscape/Superficie_NURBS_Ej2_Refined_svg-tex.pdf, page 13>
Package pdftex.def Info: ./svg-inkscape/Superficie_NURBS_Ej2_Refined_svg-tex.pd
f , page13 used on input line 82.
(pdftex.def)             Requested size: 98.335pt x 73.80779pt.
<./svg-inkscape/Superficie_NURBS_Ej2_Refined_svg-tex.pdf, id=3673, page=14, 406
.51875pt x 305.14pt>
File: ./svg-inkscape/Superficie_NURBS_Ej2_Refined_svg-tex.pdf Graphic file (typ
e pdf)
<use ./svg-inkscape/Superficie_NURBS_Ej2_Refined_svg-tex.pdf, page 14>
Package pdftex.def Info: ./svg-inkscape/Superficie_NURBS_Ej2_Refined_svg-tex.pd
f , page14 used on input line 84.
(pdftex.def)             Requested size: 98.335pt x 73.80779pt.
<./svg-inkscape/Superficie_NURBS_Ej2_Refined_svg-tex.pdf, id=3674, page=15, 406
.51875pt x 305.14pt>
File: ./svg-inkscape/Superficie_NURBS_Ej2_Refined_svg-tex.pdf Graphic file (typ
e pdf)
<use ./svg-inkscape/Superficie_NURBS_Ej2_Refined_svg-tex.pdf, page 15>
Package pdftex.def Info: ./svg-inkscape/Superficie_NURBS_Ej2_Refined_svg-tex.pd
f , page15 used on input line 86.
(pdftex.def)             Requested size: 98.335pt x 73.80779pt.
<./svg-inkscape/Superficie_NURBS_Ej2_Refined_svg-tex.pdf, id=3675, page=16, 406
.51875pt x 305.14pt>
File: ./svg-inkscape/Superficie_NURBS_Ej2_Refined_svg-tex.pdf Graphic file (typ
e pdf)
<use ./svg-inkscape/Superficie_NURBS_Ej2_Refined_svg-tex.pdf, page 16>
Package pdftex.def Info: ./svg-inkscape/Superficie_NURBS_Ej2_Refined_svg-tex.pd
f , page16 used on input line 88.
(pdftex.def)             Requested size: 98.335pt x 73.80779pt.
<./svg-inkscape/Superficie_NURBS_Ej2_Refined_svg-tex.pdf, id=3676, page=17, 406
.51875pt x 305.14pt>
File: ./svg-inkscape/Superficie_NURBS_Ej2_Refined_svg-tex.pdf Graphic file (typ
e pdf)
<use ./svg-inkscape/Superficie_NURBS_Ej2_Refined_svg-tex.pdf, page 17>
Package pdftex.def Info: ./svg-inkscape/Superficie_NURBS_Ej2_Refined_svg-tex.pd
f , page17 used on input line 90.
(pdftex.def)             Requested size: 98.335pt x 73.80779pt.
)
Overfull \vbox (10.77351pt too high) detected at line 846
 []

[23

 <./svg-inkscape/Superficie_NURBS_Ej2_Refined_svg-tex.pdf> <./svg-inkscape/Supe
rficie_NURBS_Ej2_Refined_svg-tex.pdf

pdfTeX warning: pdflatex.exe (file ./svg-inkscape/Superficie_NURBS_Ej2_Refined_
svg-tex.pdf): PDF inclusion: multiple pdfs with page group included in a single
 page
> <./svg-inkscape/Superficie_NURBS_Ej2_Refined_svg-tex.pdf

pdfTeX warning: pdflatex.exe (file ./svg-inkscape/Superficie_NURBS_Ej2_Refined_
svg-tex.pdf): PDF inclusion: multiple pdfs with page group included in a single
 page
> <./svg-inkscape/Superficie_NURBS_Ej2_Refined_svg-tex.pdf

pdfTeX warning: pdflatex.exe (file ./svg-inkscape/Superficie_NURBS_Ej2_Refined_
svg-tex.pdf): PDF inclusion: multiple pdfs with page group included in a single
 page
> <./svg-inkscape/Superficie_NURBS_Ej2_Refined_svg-tex.pdf

pdfTeX warning: pdflatex.exe (file ./svg-inkscape/Superficie_NURBS_Ej2_Refined_
svg-tex.pdf): PDF inclusion: multiple pdfs with page group included in a single
 page
> <./svg-inkscape/Superficie_NURBS_Ej2_Refined_svg-tex.pdf

pdfTeX warning: pdflatex.exe (file ./svg-inkscape/Superficie_NURBS_Ej2_Refined_
svg-tex.pdf): PDF inclusion: multiple pdfs with page group included in a single
 page
> <./svg-inkscape/Superficie_NURBS_Ej2_Refined_svg-tex.pdf

pdfTeX warning: pdflatex.exe (file ./svg-inkscape/Superficie_NURBS_Ej2_Refined_
svg-tex.pdf): PDF inclusion: multiple pdfs with page group included in a single
 page
> <./svg-inkscape/Superficie_NURBS_Ej2_Refined_svg-tex.pdf

pdfTeX warning: pdflatex.exe (file ./svg-inkscape/Superficie_NURBS_Ej2_Refined_
svg-tex.pdf): PDF inclusion: multiple pdfs with page group included in a single
 page
> <./svg-inkscape/Superficie_NURBS_Ej2_Refined_svg-tex.pdf

pdfTeX warning: pdflatex.exe (file ./svg-inkscape/Superficie_NURBS_Ej2_Refined_
svg-tex.pdf): PDF inclusion: multiple pdfs with page group included in a single
 page
> <./svg-inkscape/Superficie_NURBS_Ej2_Refined_svg-tex.pdf

pdfTeX warning: pdflatex.exe (file ./svg-inkscape/Superficie_NURBS_Ej2_Refined_
svg-tex.pdf): PDF inclusion: multiple pdfs with page group included in a single
 page
> <./svg-inkscape/Superficie_NURBS_Ej2_Refined_svg-tex.pdf

pdfTeX warning: pdflatex.exe (file ./svg-inkscape/Superficie_NURBS_Ej2_Refined_
svg-tex.pdf): PDF inclusion: multiple pdfs with page group included in a single
 page
> <./svg-inkscape/Superficie_NURBS_Ej2_Refined_svg-tex.pdf

pdfTeX warning: pdflatex.exe (file ./svg-inkscape/Superficie_NURBS_Ej2_Refined_
svg-tex.pdf): PDF inclusion: multiple pdfs with page group included in a single
 page
> <./svg-inkscape/Superficie_NURBS_Ej2_Refined_svg-tex.pdf

pdfTeX warning: pdflatex.exe (file ./svg-inkscape/Superficie_NURBS_Ej2_Refined_
svg-tex.pdf): PDF inclusion: multiple pdfs with page group included in a single
 page
> <./svg-inkscape/Superficie_NURBS_Ej2_Refined_svg-tex.pdf

pdfTeX warning: pdflatex.exe (file ./svg-inkscape/Superficie_NURBS_Ej2_Refined_
svg-tex.pdf): PDF inclusion: multiple pdfs with page group included in a single
 page
> <./svg-inkscape/Superficie_NURBS_Ej2_Refined_svg-tex.pdf

pdfTeX warning: pdflatex.exe (file ./svg-inkscape/Superficie_NURBS_Ej2_Refined_
svg-tex.pdf): PDF inclusion: multiple pdfs with page group included in a single
 page
> <./svg-inkscape/Superficie_NURBS_Ej2_Refined_svg-tex.pdf

pdfTeX warning: pdflatex.exe (file ./svg-inkscape/Superficie_NURBS_Ej2_Refined_
svg-tex.pdf): PDF inclusion: multiple pdfs with page group included in a single
 page
> <./svg-inkscape/Superficie_NURBS_Ej2_Refined_svg-tex.pdf

pdfTeX warning: pdflatex.exe (file ./svg-inkscape/Superficie_NURBS_Ej2_Refined_
svg-tex.pdf): PDF inclusion: multiple pdfs with page group included in a single
 page
>]
LaTeX Font Info:    Font shape `T1/opensans-TLF/b/it' will be
(Font)              scaled to size 8.0pt on input line 859.
 [24

] [25

] [26

]

LaTeX Warning: Reference `eq:NURBS_Surf_Basis' on page 27 undefined on input li
ne 917.

[27

]
<nurbs_bases_parametrico.png, id=4490, 1696.3375pt x 1272.755pt>
File: nurbs_bases_parametrico.png Graphic file (type png)
<use nurbs_bases_parametrico.png>
Package pdftex.def Info: nurbs_bases_parametrico.png  used on input line 1000.
(pdftex.def)             Requested size: 184.9429pt x 138.76056pt.
<nurbs_bases_completas.png, id=4491, 1696.3375pt x 1272.755pt>
File: nurbs_bases_completas.png Graphic file (type png)
<use nurbs_bases_completas.png>
Package pdftex.def Info: nurbs_bases_completas.png  used on input line 1000.
(pdftex.def)             Requested size: 184.9429pt x 138.76056pt.
LaTeX Font Info:    Font shape `T1/opensans-TLF/m/n' will be
(Font)              scaled to size 12.0pt on input line 1000.
LaTeX Font Info:    Font shape `OT1/ptm/bx/n' in size <12> not available
(Font)              Font shape `OT1/ptm/b/n' tried instead on input line 1000.
LaTeX Font Info:    Font shape `T1/phv/m/it' in size <12> not available
(Font)              Font shape `T1/phv/m/sl' tried instead on input line 1000.

Overfull \vbox (46.29376pt too high) detected at line 1000
 []

[28

 <./nurbs_bases_parametrico.png (PNG copy)> <./nurbs_bases_completas.png (PNG c
opy)>] [29

] [30

]
LaTeX Font Info:    Font shape `T1/opensans-TLF/b/it' will be
(Font)              scaled to size 10.95pt on input line 1049.
 [31

] [32

]
LaTeX Font Info:    Font shape `OT1/cmss/b/n' in size <6> not available
(Font)              Font shape `OT1/cmss/bx/n' tried instead on input line 1112
.
LaTeX Font Info:    Font shape `OT1/cmss/b/n' in size <5> not available
(Font)              Font shape `OT1/cmss/bx/n' tried instead on input line 1112
.
LaTeX Font Info:    Font shape `T1/phv/b/it' in size <6> not available
(Font)              Font shape `T1/phv/b/sl' tried instead on input line 1112.
LaTeX Font Info:    Font shape `T1/phv/b/it' in size <5> not available
(Font)              Font shape `T1/phv/b/sl' tried instead on input line 1112.
LaTeX Font Info:    Font shape `T1/opensans-TLF/b/n' will be
(Font)              scaled to size 6.0pt on input line 1112.
 [33

]
Overfull \vbox (1.39294pt too high) detected at line 1153
 []

[34

] [35

] [36

]
Overfull \vbox (4.11885pt too high) detected at line 1270
 []

[37

]
LaTeX Font Info:    Font shape `T1/opensans-TLF/b/it' will be
(Font)              scaled to size 6.0pt on input line 1328.

Overfull \vbox (1.69551pt too high) detected at line 1328
 []

[38

]
Overfull \vbox (2.56598pt too high) detected at line 1351
 []

[39

] [40

] [41

] [42

] Excluding 'comment' comment. [43

] [44

]
<densidad_matriz_final.png, id=7034, 2120.92375pt x 593.21625pt>
File: densidad_matriz_final.png Graphic file (type png)
<use densidad_matriz_final.png>
Package pdftex.def Info: densidad_matriz_final.png  used on input line 1541.
(pdftex.def)             Requested size: 248.90141pt x 69.61693pt.

Overfull \vbox (16.23952pt too high) detected at line 1541
 []

[45

 <./densidad_matriz_final.png (PNG copy)>]
Package svg Info: Last page of `./svg-inkscape/EvaluacionCurva_Plana_Colormap_s
vg-tex.pdf' is 11 on input line 1563.

(svg-inkscape/EvaluacionCurva_Plana_Colormap_svg-tex.pdf_tex
<./svg-inkscape/EvaluacionCurva_Plana_Colormap_svg-tex.pdf, id=7168, page=1, 45
7.71pt x 356.33125pt>
File: ./svg-inkscape/EvaluacionCurva_Plana_Colormap_svg-tex.pdf Graphic file (t
ype pdf)
<use ./svg-inkscape/EvaluacionCurva_Plana_Colormap_svg-tex.pdf, page 1>
Package pdftex.def Info: ./svg-inkscape/EvaluacionCurva_Plana_Colormap_svg-tex.
pdf , page1 used on input line 56.
(pdftex.def)             Requested size: 138.2795pt x 107.65051pt.
<./svg-inkscape/EvaluacionCurva_Plana_Colormap_svg-tex.pdf, id=7169, page=2, 45
7.71pt x 356.33125pt>
File: ./svg-inkscape/EvaluacionCurva_Plana_Colormap_svg-tex.pdf Graphic file (t
ype pdf)
<use ./svg-inkscape/EvaluacionCurva_Plana_Colormap_svg-tex.pdf, page 2>
Package pdftex.def Info: ./svg-inkscape/EvaluacionCurva_Plana_Colormap_svg-tex.
pdf , page2 used on input line 59.
(pdftex.def)             Requested size: 138.2795pt x 107.65051pt.
<./svg-inkscape/EvaluacionCurva_Plana_Colormap_svg-tex.pdf, id=7170, page=3, 45
7.71pt x 356.33125pt>
File: ./svg-inkscape/EvaluacionCurva_Plana_Colormap_svg-tex.pdf Graphic file (t
ype pdf)
<use ./svg-inkscape/EvaluacionCurva_Plana_Colormap_svg-tex.pdf, page 3>
Package pdftex.def Info: ./svg-inkscape/EvaluacionCurva_Plana_Colormap_svg-tex.
pdf , page3 used on input line 61.
(pdftex.def)             Requested size: 138.2795pt x 107.65051pt.
<./svg-inkscape/EvaluacionCurva_Plana_Colormap_svg-tex.pdf, id=7171, page=4, 45
7.71pt x 356.33125pt>
File: ./svg-inkscape/EvaluacionCurva_Plana_Colormap_svg-tex.pdf Graphic file (t
ype pdf)
<use ./svg-inkscape/EvaluacionCurva_Plana_Colormap_svg-tex.pdf, page 4>
Package pdftex.def Info: ./svg-inkscape/EvaluacionCurva_Plana_Colormap_svg-tex.
pdf , page4 used on input line 64.
(pdftex.def)             Requested size: 138.2795pt x 107.65051pt.
<./svg-inkscape/EvaluacionCurva_Plana_Colormap_svg-tex.pdf, id=7172, page=5, 45
7.71pt x 356.33125pt>
File: ./svg-inkscape/EvaluacionCurva_Plana_Colormap_svg-tex.pdf Graphic file (t
ype pdf)
<use ./svg-inkscape/EvaluacionCurva_Plana_Colormap_svg-tex.pdf, page 5>
Package pdftex.def Info: ./svg-inkscape/EvaluacionCurva_Plana_Colormap_svg-tex.
pdf , page5 used on input line 66.
(pdftex.def)             Requested size: 138.2795pt x 107.65051pt.
<./svg-inkscape/EvaluacionCurva_Plana_Colormap_svg-tex.pdf, id=7173, page=6, 45
7.71pt x 356.33125pt>
File: ./svg-inkscape/EvaluacionCurva_Plana_Colormap_svg-tex.pdf Graphic file (t
ype pdf)
<use ./svg-inkscape/EvaluacionCurva_Plana_Colormap_svg-tex.pdf, page 6>
Package pdftex.def Info: ./svg-inkscape/EvaluacionCurva_Plana_Colormap_svg-tex.
pdf , page6 used on input line 68.
(pdftex.def)             Requested size: 138.2795pt x 107.65051pt.
<./svg-inkscape/EvaluacionCurva_Plana_Colormap_svg-tex.pdf, id=7174, page=7, 45
7.71pt x 356.33125pt>
File: ./svg-inkscape/EvaluacionCurva_Plana_Colormap_svg-tex.pdf Graphic file (t
ype pdf)
<use ./svg-inkscape/EvaluacionCurva_Plana_Colormap_svg-tex.pdf, page 7>
Package pdftex.def Info: ./svg-inkscape/EvaluacionCurva_Plana_Colormap_svg-tex.
pdf , page7 used on input line 70.
(pdftex.def)             Requested size: 138.2795pt x 107.65051pt.
<./svg-inkscape/EvaluacionCurva_Plana_Colormap_svg-tex.pdf, id=7175, page=8, 45
7.71pt x 356.33125pt>
File: ./svg-inkscape/EvaluacionCurva_Plana_Colormap_svg-tex.pdf Graphic file (t
ype pdf)
<use ./svg-inkscape/EvaluacionCurva_Plana_Colormap_svg-tex.pdf, page 8>
Package pdftex.def Info: ./svg-inkscape/EvaluacionCurva_Plana_Colormap_svg-tex.
pdf , page8 used on input line 72.
(pdftex.def)             Requested size: 138.2795pt x 107.65051pt.
<./svg-inkscape/EvaluacionCurva_Plana_Colormap_svg-tex.pdf, id=7176, page=9, 45
7.71pt x 356.33125pt>
File: ./svg-inkscape/EvaluacionCurva_Plana_Colormap_svg-tex.pdf Graphic file (t
ype pdf)
<use ./svg-inkscape/EvaluacionCurva_Plana_Colormap_svg-tex.pdf, page 9>
Package pdftex.def Info: ./svg-inkscape/EvaluacionCurva_Plana_Colormap_svg-tex.
pdf , page9 used on input line 74.
(pdftex.def)             Requested size: 138.2795pt x 107.65051pt.
<./svg-inkscape/EvaluacionCurva_Plana_Colormap_svg-tex.pdf, id=7177, page=10, 4
57.71pt x 356.33125pt>
File: ./svg-inkscape/EvaluacionCurva_Plana_Colormap_svg-tex.pdf Graphic file (t
ype pdf)
<use ./svg-inkscape/EvaluacionCurva_Plana_Colormap_svg-tex.pdf, page 10>
Package pdftex.def Info: ./svg-inkscape/EvaluacionCurva_Plana_Colormap_svg-tex.
pdf , page10 used on input line 76.
(pdftex.def)             Requested size: 138.2795pt x 107.65051pt.
<./svg-inkscape/EvaluacionCurva_Plana_Colormap_svg-tex.pdf, id=7178, page=11, 4
57.71pt x 356.33125pt>
File: ./svg-inkscape/EvaluacionCurva_Plana_Colormap_svg-tex.pdf Graphic file (t
ype pdf)
<use ./svg-inkscape/EvaluacionCurva_Plana_Colormap_svg-tex.pdf, page 11>
Package pdftex.def Info: ./svg-inkscape/EvaluacionCurva_Plana_Colormap_svg-tex.
pdf , page11 used on input line 80.
(pdftex.def)             Requested size: 138.2795pt x 107.65051pt.
)
Package svg Info: Last page of `./svg-inkscape/EvaluacionCurva_Colormap_Plot_sv
g-tex.pdf' is 11 on input line 1563.

(svg-inkscape/EvaluacionCurva_Colormap_Plot_svg-tex.pdf_tex
<./svg-inkscape/EvaluacionCurva_Colormap_Plot_svg-tex.pdf, id=7180, page=1, 457
.71pt x 356.33125pt>
File: ./svg-inkscape/EvaluacionCurva_Colormap_Plot_svg-tex.pdf Graphic file (ty
pe pdf)
<use ./svg-inkscape/EvaluacionCurva_Colormap_Plot_svg-tex.pdf, page 1>
Package pdftex.def Info: ./svg-inkscape/EvaluacionCurva_Colormap_Plot_svg-tex.p
df , page1 used on input line 56.
(pdftex.def)             Requested size: 138.2795pt x 107.65051pt.
<./svg-inkscape/EvaluacionCurva_Colormap_Plot_svg-tex.pdf, id=7181, page=2, 457
.71pt x 356.33125pt>
File: ./svg-inkscape/EvaluacionCurva_Colormap_Plot_svg-tex.pdf Graphic file (ty
pe pdf)
<use ./svg-inkscape/EvaluacionCurva_Colormap_Plot_svg-tex.pdf, page 2>
Package pdftex.def Info: ./svg-inkscape/EvaluacionCurva_Colormap_Plot_svg-tex.p
df , page2 used on input line 59.
(pdftex.def)             Requested size: 138.2795pt x 107.65051pt.
<./svg-inkscape/EvaluacionCurva_Colormap_Plot_svg-tex.pdf, id=7182, page=3, 457
.71pt x 356.33125pt>
File: ./svg-inkscape/EvaluacionCurva_Colormap_Plot_svg-tex.pdf Graphic file (ty
pe pdf)
<use ./svg-inkscape/EvaluacionCurva_Colormap_Plot_svg-tex.pdf, page 3>
Package pdftex.def Info: ./svg-inkscape/EvaluacionCurva_Colormap_Plot_svg-tex.p
df , page3 used on input line 61.
(pdftex.def)             Requested size: 138.2795pt x 107.65051pt.
<./svg-inkscape/EvaluacionCurva_Colormap_Plot_svg-tex.pdf, id=7183, page=4, 457
.71pt x 356.33125pt>
File: ./svg-inkscape/EvaluacionCurva_Colormap_Plot_svg-tex.pdf Graphic file (ty
pe pdf)
<use ./svg-inkscape/EvaluacionCurva_Colormap_Plot_svg-tex.pdf, page 4>
Package pdftex.def Info: ./svg-inkscape/EvaluacionCurva_Colormap_Plot_svg-tex.p
df , page4 used on input line 64.
(pdftex.def)             Requested size: 138.2795pt x 107.65051pt.
<./svg-inkscape/EvaluacionCurva_Colormap_Plot_svg-tex.pdf, id=7184, page=5, 457
.71pt x 356.33125pt>
File: ./svg-inkscape/EvaluacionCurva_Colormap_Plot_svg-tex.pdf Graphic file (ty
pe pdf)
<use ./svg-inkscape/EvaluacionCurva_Colormap_Plot_svg-tex.pdf, page 5>
Package pdftex.def Info: ./svg-inkscape/EvaluacionCurva_Colormap_Plot_svg-tex.p
df , page5 used on input line 66.
(pdftex.def)             Requested size: 138.2795pt x 107.65051pt.
<./svg-inkscape/EvaluacionCurva_Colormap_Plot_svg-tex.pdf, id=7185, page=6, 457
.71pt x 356.33125pt>
File: ./svg-inkscape/EvaluacionCurva_Colormap_Plot_svg-tex.pdf Graphic file (ty
pe pdf)
<use ./svg-inkscape/EvaluacionCurva_Colormap_Plot_svg-tex.pdf, page 6>
Package pdftex.def Info: ./svg-inkscape/EvaluacionCurva_Colormap_Plot_svg-tex.p
df , page6 used on input line 68.
(pdftex.def)             Requested size: 138.2795pt x 107.65051pt.
<./svg-inkscape/EvaluacionCurva_Colormap_Plot_svg-tex.pdf, id=7186, page=7, 457
.71pt x 356.33125pt>
File: ./svg-inkscape/EvaluacionCurva_Colormap_Plot_svg-tex.pdf Graphic file (ty
pe pdf)
<use ./svg-inkscape/EvaluacionCurva_Colormap_Plot_svg-tex.pdf, page 7>
Package pdftex.def Info: ./svg-inkscape/EvaluacionCurva_Colormap_Plot_svg-tex.p
df , page7 used on input line 70.
(pdftex.def)             Requested size: 138.2795pt x 107.65051pt.
<./svg-inkscape/EvaluacionCurva_Colormap_Plot_svg-tex.pdf, id=7187, page=8, 457
.71pt x 356.33125pt>
File: ./svg-inkscape/EvaluacionCurva_Colormap_Plot_svg-tex.pdf Graphic file (ty
pe pdf)
<use ./svg-inkscape/EvaluacionCurva_Colormap_Plot_svg-tex.pdf, page 8>
Package pdftex.def Info: ./svg-inkscape/EvaluacionCurva_Colormap_Plot_svg-tex.p
df , page8 used on input line 72.
(pdftex.def)             Requested size: 138.2795pt x 107.65051pt.
<./svg-inkscape/EvaluacionCurva_Colormap_Plot_svg-tex.pdf, id=7188, page=9, 457
.71pt x 356.33125pt>
File: ./svg-inkscape/EvaluacionCurva_Colormap_Plot_svg-tex.pdf Graphic file (ty
pe pdf)
<use ./svg-inkscape/EvaluacionCurva_Colormap_Plot_svg-tex.pdf, page 9>
Package pdftex.def Info: ./svg-inkscape/EvaluacionCurva_Colormap_Plot_svg-tex.p
df , page9 used on input line 74.
(pdftex.def)             Requested size: 138.2795pt x 107.65051pt.
<./svg-inkscape/EvaluacionCurva_Colormap_Plot_svg-tex.pdf, id=7189, page=10, 45
7.71pt x 356.33125pt>
File: ./svg-inkscape/EvaluacionCurva_Colormap_Plot_svg-tex.pdf Graphic file (ty
pe pdf)
<use ./svg-inkscape/EvaluacionCurva_Colormap_Plot_svg-tex.pdf, page 10>
Package pdftex.def Info: ./svg-inkscape/EvaluacionCurva_Colormap_Plot_svg-tex.p
df , page10 used on input line 76.
(pdftex.def)             Requested size: 138.2795pt x 107.65051pt.
<./svg-inkscape/EvaluacionCurva_Colormap_Plot_svg-tex.pdf, id=7190, page=11, 45
7.71pt x 356.33125pt>
File: ./svg-inkscape/EvaluacionCurva_Colormap_Plot_svg-tex.pdf Graphic file (ty
pe pdf)
<use ./svg-inkscape/EvaluacionCurva_Colormap_Plot_svg-tex.pdf, page 11>
Package pdftex.def Info: ./svg-inkscape/EvaluacionCurva_Colormap_Plot_svg-tex.p
df , page11 used on input line 80.
(pdftex.def)             Requested size: 138.2795pt x 107.65051pt.
) [46

 <./svg-inkscape/EvaluacionCurva_Plana_Colormap_svg-tex.pdf> <./svg-inkscape/Ev
aluacionCurva_Plana_Colormap_svg-tex.pdf

pdfTeX warning: pdflatex.exe (file ./svg-inkscape/EvaluacionCurva_Plana_Colorma
p_svg-tex.pdf): PDF inclusion: multiple pdfs with page group included in a sing
le page
> <./svg-inkscape/EvaluacionCurva_Plana_Colormap_svg-tex.pdf

pdfTeX warning: pdflatex.exe (file ./svg-inkscape/EvaluacionCurva_Plana_Colorma
p_svg-tex.pdf): PDF inclusion: multiple pdfs with page group included in a sing
le page
> <./svg-inkscape/EvaluacionCurva_Plana_Colormap_svg-tex.pdf

pdfTeX warning: pdflatex.exe (file ./svg-inkscape/EvaluacionCurva_Plana_Colorma
p_svg-tex.pdf): PDF inclusion: multiple pdfs with page group included in a sing
le page
> <./svg-inkscape/EvaluacionCurva_Plana_Colormap_svg-tex.pdf

pdfTeX warning: pdflatex.exe (file ./svg-inkscape/EvaluacionCurva_Plana_Colorma
p_svg-tex.pdf): PDF inclusion: multiple pdfs with page group included in a sing
le page
> <./svg-inkscape/EvaluacionCurva_Plana_Colormap_svg-tex.pdf

pdfTeX warning: pdflatex.exe (file ./svg-inkscape/EvaluacionCurva_Plana_Colorma
p_svg-tex.pdf): PDF inclusion: multiple pdfs with page group included in a sing
le page
> <./svg-inkscape/EvaluacionCurva_Plana_Colormap_svg-tex.pdf

pdfTeX warning: pdflatex.exe (file ./svg-inkscape/EvaluacionCurva_Plana_Colorma
p_svg-tex.pdf): PDF inclusion: multiple pdfs with page group included in a sing
le page
> <./svg-inkscape/EvaluacionCurva_Plana_Colormap_svg-tex.pdf

pdfTeX warning: pdflatex.exe (file ./svg-inkscape/EvaluacionCurva_Plana_Colorma
p_svg-tex.pdf): PDF inclusion: multiple pdfs with page group included in a sing
le page
> <./svg-inkscape/EvaluacionCurva_Plana_Colormap_svg-tex.pdf

pdfTeX warning: pdflatex.exe (file ./svg-inkscape/EvaluacionCurva_Plana_Colorma
p_svg-tex.pdf): PDF inclusion: multiple pdfs with page group included in a sing
le page
> <./svg-inkscape/EvaluacionCurva_Plana_Colormap_svg-tex.pdf

pdfTeX warning: pdflatex.exe (file ./svg-inkscape/EvaluacionCurva_Plana_Colorma
p_svg-tex.pdf): PDF inclusion: multiple pdfs with page group included in a sing
le page
> <./svg-inkscape/EvaluacionCurva_Plana_Colormap_svg-tex.pdf

pdfTeX warning: pdflatex.exe (file ./svg-inkscape/EvaluacionCurva_Plana_Colorma
p_svg-tex.pdf): PDF inclusion: multiple pdfs with page group included in a sing
le page
> <./svg-inkscape/EvaluacionCurva_Colormap_Plot_svg-tex.pdf

pdfTeX warning: pdflatex.exe (file ./svg-inkscape/EvaluacionCurva_Colormap_Plot
_svg-tex.pdf): PDF inclusion: multiple pdfs with page group included in a singl
e page
> <./svg-inkscape/EvaluacionCurva_Colormap_Plot_svg-tex.pdf

pdfTeX warning: pdflatex.exe (file ./svg-inkscape/EvaluacionCurva_Colormap_Plot
_svg-tex.pdf): PDF inclusion: multiple pdfs with page group included in a singl
e page
> <./svg-inkscape/EvaluacionCurva_Colormap_Plot_svg-tex.pdf

pdfTeX warning: pdflatex.exe (file ./svg-inkscape/EvaluacionCurva_Colormap_Plot
_svg-tex.pdf): PDF inclusion: multiple pdfs with page group included in a singl
e page
> <./svg-inkscape/EvaluacionCurva_Colormap_Plot_svg-tex.pdf

pdfTeX warning: pdflatex.exe (file ./svg-inkscape/EvaluacionCurva_Colormap_Plot
_svg-tex.pdf): PDF inclusion: multiple pdfs with page group included in a singl
e page
> <./svg-inkscape/EvaluacionCurva_Colormap_Plot_svg-tex.pdf

pdfTeX warning: pdflatex.exe (file ./svg-inkscape/EvaluacionCurva_Colormap_Plot
_svg-tex.pdf): PDF inclusion: multiple pdfs with page group included in a singl
e page
> <./svg-inkscape/EvaluacionCurva_Colormap_Plot_svg-tex.pdf

pdfTeX warning: pdflatex.exe (file ./svg-inkscape/EvaluacionCurva_Colormap_Plot
_svg-tex.pdf): PDF inclusion: multiple pdfs with page group included in a singl
e page
> <./svg-inkscape/EvaluacionCurva_Colormap_Plot_svg-tex.pdf

pdfTeX warning: pdflatex.exe (file ./svg-inkscape/EvaluacionCurva_Colormap_Plot
_svg-tex.pdf): PDF inclusion: multiple pdfs with page group included in a singl
e page
> <./svg-inkscape/EvaluacionCurva_Colormap_Plot_svg-tex.pdf

pdfTeX warning: pdflatex.exe (file ./svg-inkscape/EvaluacionCurva_Colormap_Plot
_svg-tex.pdf): PDF inclusion: multiple pdfs with page group included in a singl
e page
> <./svg-inkscape/EvaluacionCurva_Colormap_Plot_svg-tex.pdf

pdfTeX warning: pdflatex.exe (file ./svg-inkscape/EvaluacionCurva_Colormap_Plot
_svg-tex.pdf): PDF inclusion: multiple pdfs with page group included in a singl
e page
> <./svg-inkscape/EvaluacionCurva_Colormap_Plot_svg-tex.pdf

pdfTeX warning: pdflatex.exe (file ./svg-inkscape/EvaluacionCurva_Colormap_Plot
_svg-tex.pdf): PDF inclusion: multiple pdfs with page group included in a singl
e page
> <./svg-inkscape/EvaluacionCurva_Colormap_Plot_svg-tex.pdf

pdfTeX warning: pdflatex.exe (file ./svg-inkscape/EvaluacionCurva_Colormap_Plot
_svg-tex.pdf): PDF inclusion: multiple pdfs with page group included in a singl
e page
>] [47

]
LaTeX Font Info:    Trying to load font information for TS1+opensans-TLF on inp
ut line 1627.

(C:\Users\carlo\AppData\Local\Programs\MiKTeX\tex/latex/opensans\ts1opensans-tl
f.fd
File: TS1opensans-TLF.fd 2019/06/24 Font definitions for TS1/opensans-TLF.
)
LaTeX Font Info:    Font shape `TS1/opensans-TLF/b/n' will be
(Font)              scaled to size 8.0pt on input line 1627.
LaTeX Font Info:    Font shape `OT1/cmss/b/n' in size <8> not available
(Font)              Font shape `OT1/cmss/bx/n' tried instead on input line 1627
.
LaTeX Font Info:    Font shape `T1/phv/b/it' in size <8> not available
(Font)              Font shape `T1/phv/b/sl' tried instead on input line 1627.
 [48

{C:/Users/carlo/AppData/Local/Programs/MiKTeX/fonts/enc/dvips/opensans/a_nvvucy
.enc}] [49

]
Overfull \hbox (7.50438pt too wide) in paragraph at lines 1688--1688
 [] 
 []

[50

]
<surface_hX=256_CROP_HQ1.png, id=7921, 3502.08376pt x 2626.81375pt>
File: surface_hX=256_CROP_HQ1.png Graphic file (type png)
<use surface_hX=256_CROP_HQ1.png>
Package pdftex.def Info: surface_hX=256_CROP_HQ1.png  used on input line 1708.
(pdftex.def)             Requested size: 144.4266pt x 108.30128pt.
<surface_hX=256_CROP_HQ.png, id=7922, 3502.08376pt x 2626.81375pt>
File: surface_hX=256_CROP_HQ.png Graphic file (type png)
<use surface_hX=256_CROP_HQ.png>
Package pdftex.def Info: surface_hX=256_CROP_HQ.png  used on input line 1708.
(pdftex.def)             Requested size: 144.4266pt x 108.30128pt.
 [51

 <./surface_hX=256_CROP_HQ1.png (PNG copy)> <./surface_hX=256_CROP_HQ.png (PNG 
copy)>] [52

] [53

]
LaTeX Font Info:    Font shape `T1/opensans-TLF/m/n' will be
(Font)              scaled to size 24.88pt on input line 1741.
 [54

]
\tf@nav=\write8
\openout8 = `template.nav'.

\tf@toc=\write9
\openout9 = `template.toc'.

\tf@snm=\write10
\openout10 = `template.snm'.

runsystem(latexminted cleantemp  --timestamp 20260607210343 66F6181BCB4CFF4CD38
FBC804A036DB6)...executed.

 (template.aux
LaTeX Info: Redefining \. on input line 14.
LaTeX Info: Redefining \% on input line 14.
)
 ***********
LaTeX2e <2025-11-01>
L3 programming layer <2026-01-19>
 ***********


LaTeX Warning: There were undefined references.

Package rerunfilecheck Info: File `template.out' has not changed.
(rerunfilecheck)             Checksum: 864AC225C4B0E1FD3A497BF37CEE03C9;2747.
 ) 
Here is how much of TeX's memory you used:
 38415 strings out of 467867
 831218 string characters out of 5418334
 1349109 words of memory out of 5000000
 66240 multiletter control sequences out of 15000+600000
 780049 words of font info for 274 fonts, out of 8000000 for 9000
 1141 hyphenation exceptions out of 8191
 128i,20n,123p,482b,977s stack positions out of 10000i,1000n,20000p,200000b,200000s

pdfTeX warning (dest): name{eq:NURBS_Surf_Basis} has been referenced but does n
ot exist, replaced by a fixed one

<C:/Users/carlo/AppData/Local/Programs/MiKTeX/fonts/type1/ascender/opensans/Ope
nSans-Bold.pfb><C:/Users/carlo/AppData/Local/Programs/MiKTeX/fonts/type1/ascend
er/opensans/OpenSans-BoldItalic.pfb><C:/Users/carlo/AppData/Local/Programs/MiKT
eX/fonts/type1/ascender/opensans/OpenSans-Italic.pfb><C:/Users/carlo/AppData/Lo
cal/Programs/MiKTeX/fonts/type1/ascender/opensans/OpenSans-Regular.pfb><C:/User
s/carlo/AppData/Local/Programs/MiKTeX/fonts/type1/public/amsfonts/cm/cmex10.pfb
><C:/Users/carlo/AppData/Local/Programs/MiKTeX/fonts/type1/public/amsfonts/cm/c
mmi10.pfb><C:/Users/carlo/AppData/Local/Programs/MiKTeX/fonts/type1/public/amsf
onts/cm/cmss10.pfb><C:/Users/carlo/AppData/Local/Programs/MiKTeX/fonts/type1/pu
blic/amsfonts/cm/cmss12.pfb><C:/Users/carlo/AppData/Local/Programs/MiKTeX/fonts
/type1/public/amsfonts/cm/cmss8.pfb><C:/Users/carlo/AppData/Local/Programs/MiKT
eX/fonts/type1/public/amsfonts/cm/cmss9.pfb><C:/Users/carlo/AppData/Local/Progr
ams/MiKTeX/fonts/type1/public/amsfonts/cm/cmsy10.pfb><C:/Users/carlo/AppData/Lo
cal/Programs/MiKTeX/fonts/type1/public/amsfonts/symbols/msbm10.pfb><C:/Users/ca
rlo/AppData/Local/Programs/MiKTeX/fonts/type1/public/rsfs/rsfs10.pfb><C:/Users/
carlo/AppData/Local/Programs/MiKTeX/fonts/type1/urw/helvetic/uhvb8a.pfb><C:/Use
rs/carlo/AppData/Local/Programs/MiKTeX/fonts/type1/urw/helvetic/uhvbo8a.pfb><C:
/Users/carlo/AppData/Local/Programs/MiKTeX/fonts/type1/urw/helvetic/uhvr8a.pfb>
<C:/Users/carlo/AppData/Local/Programs/MiKTeX/fonts/type1/urw/helvetic/uhvro8a.
pfb><C:/Users/carlo/AppData/Local/Programs/MiKTeX/fonts/type1/urw/symbol/usyr.p
fb><C:/Users/carlo/AppData/Local/Programs/MiKTeX/fonts/type1/urw/symbol/usyr.pf
b><C:/Users/carlo/AppData/Local/Programs/MiKTeX/fonts/type1/urw/times/utmr8a.pf
b>
Output written on template.pdf (54 pages, 3816682 bytes).
PDF statistics:
 8461 PDF objects out of 8907 (max. 8388607)
 158 named destinations out of 1000 (max. 500000)
 3138 words of extra memory for PDF output out of 10000 (max. 10000000)

